公众号,发布日期,文章标题,文章链接,来源
"北大就业","2026-09-06","招聘 | 中信银行长沙分行2027年校园招聘","https://mp.weixin.qq.com/s/mg5b5P3P44A6tdHSnYHb1g","微信读书"
"北大就业","2026-09-06","招聘 | 中国能建2027届全球校园招聘","https://mp.weixin.qq.com/s/psgVkCCRYHAdYeSGIuJEzg","微信读书"
"北大就业","2026-09-06","招聘 | 赛轮集团2027届全球校园招聘正式启动","https://mp.weixin.qq.com/s/jGzfbffwy24_VeDkADtm1w","微信读书"
"北大就业","2026-09-06","用人单位邀请函丨10月22日 “京彩就业”北京大学2027届毕业生专场双选会（央国企、事业单位专场）","https://mp.weixin.qq.com/s/P1tWBsF8OdbwAOp48Tttwg","微信读书"
"北大就业","2026-09-05","招聘｜中证股转科技有限公司2026年校园招聘公告","https://mp.weixin.qq.com/s/ySxBreLD0Katj07VVa4vUw","微信读书"
"北大就业","2026-09-05","招聘｜中信兴业2027年校园招聘全面启动！","https://mp.weixin.qq.com/s/HSgHgf25mgmZBiBZAXuz9g","微信读书"
"北大就业","2026-09-05","招聘｜中电信量子集团2027校园招聘正式启动！","https://mp.weixin.qq.com/s/YJEhzzeQ_9E6Vk--sIJa5g","微信读书"
"北大就业","2026-09-05","招聘｜游酷盛世2027校园招聘正式启动！","https://mp.weixin.qq.com/s/GyeYYnvE0uO9rqtT2asjkw","微信读书"
"北大就业","2026-09-05","招聘｜平安科技2027全球校园招聘正式启动！","https://mp.weixin.qq.com/s/0pNfOOdKjbuKqTMqFG4tlg","微信读书"
"北大就业","2026-09-05","招聘｜嘉实基金2027届校园招聘全面开启！","https://mp.weixin.qq.com/s/S-IuqrhVMKla4FXtvlEYPQ","微信读书"
"北大就业","2026-09-05","招聘｜2027联通研究院校园招聘正式启动！","https://mp.weixin.qq.com/s/NdLHBhgwM32EYlQnb3jVlw","微信读书"
"北大就业","2026-09-04","招聘｜航天科工二院2027届校园招聘正式启动！","https://mp.weixin.qq.com/s/0XL2ZZYKhktz-JebaXGbRg","微信读书"
"北大就业","2026-09-04","招聘 | 中兴通讯2027届校园招聘正式启动","https://mp.weixin.qq.com/s/9Nu5ULenoVzyj_T8GIxNZg","微信读书"
"北大就业","2026-09-04","招聘 | 中国人民保险集团2027届统筹校园招聘正式启动！","https://mp.weixin.qq.com/s/4cK-XKS4-1rczP3l7obLoQ","微信读书"
"北大就业","2026-09-04","招聘 | 中国兵器工业第二〇三研究所2027届秋季校园招聘","https://mp.weixin.qq.com/s/wzxLFNVFgr8E1h2oW8FRcA","微信读书"
"北大就业","2026-09-04","招聘 | 网安新势力，逐梦赴此期——中国网安/三十所2027届校园招聘正式启动！","https://mp.weixin.qq.com/s/9UWNAMXbsiXzDHlb65JZmw","微信读书"
"北大就业","2026-09-04","招聘 | 宁德时代2027届全球校园招聘正式启动","https://mp.weixin.qq.com/s/YTrhKnXnadwU21i0ehANAA","微信读书"
"北大就业","2026-09-03","招聘｜中际旭创2027届全球校园招聘正式启动","https://mp.weixin.qq.com/s/qQcGdX1Rpcj-qsBS_tOa9Q","微信读书"
"北大就业","2026-09-03","招聘｜中国航发四川燃气涡轮研究院2027届校园招聘正式启动","https://mp.weixin.qq.com/s/KKRmq8ORHCaNijbQazdgKg","微信读书"
"北大就业","2026-09-03","招聘｜中国航发黎明2027届校园招聘正式开始","https://mp.weixin.qq.com/s/UK_9g4TaSCs3TWULgreZ4g","微信读书"
"北大就业","2026-09-03","招聘｜中国电科五十五所2027届校园招聘正式启动","https://mp.weixin.qq.com/s/zkZqP1CVMjGAyBhrvob2uw","微信读书"
"北大就业","2026-09-03","招聘｜万辰集团2027校园招聘正式启动","https://mp.weixin.qq.com/s/tb-nHlnSl4RnLSWfA_5dZg","微信读书"
"北大就业","2026-09-03","招聘｜逻辑比特2027届校园招聘正式启动","https://mp.weixin.qq.com/s/BLkHEyZMTyyDeWAuUyPONw","微信读书"
"北大就业","2026-09-03","招聘｜北方集成电路技术创新中心2027届校园招聘全面启动","https://mp.weixin.qq.com/s/qX7fDvXSOORdwLEmWYydjg","微信读书"
"北大就业","2026-09-03","用人单位邀请函 | 北京大学医学部2027届毕业生就业双选会","https://mp.weixin.qq.com/s/dktKXG8kT2FqoDhdNw1G5Q","微信读书"
"北大就业","2026-09-02","招聘｜雅砻江水电2027届校园招聘正式启动","https://mp.weixin.qq.com/s/pyaZW9R1Fa8yEYtAbdsNlA","微信读书"
"北大就业","2026-09-02","招聘｜微步在线2027届校招开启","https://mp.weixin.qq.com/s/PWjdXdj_UVkKWOI-Dfysxg","微信读书"
"北大就业","2026-09-02","招聘｜太衍基金2027校园招聘","https://mp.weixin.qq.com/s/Si4wSFFRlpaUSvDaz0BU-Q","微信读书"
"北大就业","2026-09-02","招聘｜徽商银行总行管培生（徽星计划）2027年校园招聘公告","https://mp.weixin.qq.com/s/UjEF5dU9psdZ8I6hPzCFFw","微信读书"
"北大就业","2026-09-02","招聘｜博时基金2027届校园招聘全面启动","https://mp.weixin.qq.com/s/FQwhY6tnCq9V_OB-UU1TqQ","微信读书"
"北大就业","2026-09-02","招聘｜2027智洋创新校园招聘","https://mp.weixin.qq.com/s/perlwr2em4pxxgWWOyaLwQ","微信读书"
"北大就业","2026-09-02","招聘 | 禾赛科技2027届校招正式批火力全开","https://mp.weixin.qq.com/s/SqYiYf1Hyis7qQiyzgqUQA","微信读书"
"北大就业","2026-09-01","招聘 | WorldQuant 2027量化金融校园招聘","https://mp.weixin.qq.com/s/ibW2mPYB_rVZpfQfwo9fjA","微信读书"
"北大就业","2026-09-01","招聘 | 中国电科三十三所2027届校园招聘正式启动","https://mp.weixin.qq.com/s/WasPIpCED2CM_JjDYob2yQ","微信读书"
"北大就业","2026-09-01","招聘 | 衍复2027校园招聘全球启动","https://mp.weixin.qq.com/s/MlrXULue05G73GALf0WbNg","微信读书"
"北大就业","2026-09-01","招聘 | 万辰集团2027校园招聘正式启动","https://mp.weixin.qq.com/s/_Pn-xOR8YQwW0ULCyQPMwg","微信读书"
"北大就业","2026-09-01","招聘 | 理想汽车2027校园招聘正式启动","https://mp.weixin.qq.com/s/1Nvo-8_ilYtxpwBP2bVGIg","微信读书"
"北大就业","2026-09-01","招聘 | 海天同创2027届期现管培生校园招聘","https://mp.weixin.qq.com/s/TgzjXQxR3p2hhXfr6_ilOw","微信读书"
"北大就业","2026-09-01","招聘 | 出「招」了！美的集团2027届校园招聘正式启动","https://mp.weixin.qq.com/s/vaSCezRksdUNBt9lG6JyZg","微信读书"
"北大就业","2026-09-01","用人单位邀请函 | 北京大学2027届毕业生“新质生产力”双选会集成电路专场","https://mp.weixin.qq.com/s/p_58cREzST3wy7zcxG9qog","微信读书"
"北大就业","2026-08-31","招新｜学生就业指导服务中心学生助理招募","https://mp.weixin.qq.com/s/hlsZo7uCg_Etg12e9D1MaQ","微信读书"
"北大就业","2026-08-31","招聘 | 兆芯2027校园招聘正式启动","https://mp.weixin.qq.com/s/97mokFX4PQ5IYuwbgu3iEg","微信读书"
"北大就业","2026-08-31","招聘 | 芯海科技2027届校园招聘正式启动","https://mp.weixin.qq.com/s/gnY-1f1v_EGtFnAuqATL5g","微信读书"
"北大就业","2026-08-31","招聘 | 算能AI天才招聘","https://mp.weixin.qq.com/s/7hYIBuC5xWGNovRLLCJF9w","微信读书"
"北大就业","2026-08-31","招聘 | 金钢科技校园招聘","https://mp.weixin.qq.com/s/r7U9hvcyUR-4Jmhe9XaEbA","微信读书"
"北大就业","2026-08-31","招聘 | 度小满2027校园招聘启动","https://mp.weixin.qq.com/s/oDOKWrHWaG_1vzkzSXMnuA","微信读书"
"北大就业","2026-08-31","招聘 | 2027届好未来集团（学而思）全球校园招聘正式启动","https://mp.weixin.qq.com/s/DSGvq6HE7KF7ztAVQeF7DA","微信读书"
"北大就业","2026-08-30","招聘 | 远峰科技2027届校园招聘","https://mp.weixin.qq.com/s/_WfkW7ciqljCvftDqrfbpQ","微信读书"
"北大就业","2026-08-30","招聘 | 新石器2027届全球校园招聘启动","https://mp.weixin.qq.com/s/-pAl3ako7KoUX7sFh2Yp_Q","微信读书"
"北大就业","2026-08-30","招聘 | 新浪微博2027届技术专项校园招聘","https://mp.weixin.qq.com/s/mkGZ5n2a9Q3jbtt5ejkBiQ","微信读书"
"北大就业","2026-08-30","招聘 | 天演资本2027届校园招聘","https://mp.weixin.qq.com/s/rcaUky9D9mFdXehmfwURLQ","微信读书"
"北大就业","2026-08-30","招聘 | 酷睿程2027届校园招聘","https://mp.weixin.qq.com/s/7E1SeyZxUaOlN6uHRvrDhw","微信读书"
"北大就业","2026-08-30","招聘 | 库洛游戏2027届秋季校园招聘","https://mp.weixin.qq.com/s/xH5t0krXEH2jcaJotvxRFQ","微信读书"
"北大就业","2026-08-30","招聘 | 红杉联合2027届校园招聘","https://mp.weixin.qq.com/s/3jffZb2P5A0Wy44rj236sA","微信读书"
"北大就业","2026-08-29","招聘 | BIGO 2027届校园招聘技术专场正式启动！","https://mp.weixin.qq.com/s/gsLNkGpP1UNVCvdb0-fb1Q","微信读书"
"北大就业","2026-08-29","招聘 | 永芯科技2027校园招聘正式启动！","https://mp.weixin.qq.com/s/wGtFSlrBQkmpCsg6MNW8dw","微信读书"
"北大就业","2026-08-29","招聘 | 亚马逊2027校园招聘正式启动！","https://mp.weixin.qq.com/s/JdLBgmnBUfgvnDw-5KnkZQ","微信读书"
"北大就业","2026-08-29","招聘 | 昇维旭2027校园招聘正式启动","https://mp.weixin.qq.com/s/N0hzaxcb-MIeld2RijS3bw","微信读书"
"北大就业","2026-08-29","招聘 | 南方基金2027届校园招聘金融科技专场全球启动","https://mp.weixin.qq.com/s/FO8-6jfHekC3C6HAs5bcSQ","微信读书"
"北大就业","2026-08-29","招聘 | 经纬恒润2027校园招聘正式启航——恒星计划 智启未来","https://mp.weixin.qq.com/s/daXuAQLu0VLAkm3GnWQTPA","微信读书"
"北大就业","2026-08-29","招聘 | 贝壳2027届ADC校园招聘全面启动！","https://mp.weixin.qq.com/s/Gj0WZdPnk07Zwl5oBYf4zg","微信读书"
"北大就业","2026-08-29","招聘 | 安踏集团2027届全球校园招聘正式启动！","https://mp.weixin.qq.com/s/obze-Uuw57j_1eEB1QdfYg","微信读书"
"北大就业","2026-08-28","招聘｜成都华微2027校园招聘正式启动","https://mp.weixin.qq.com/s/BRTiLe9VxHJ-hfRNfF5kRg","微信读书"
"北大就业","2026-08-28","招聘 | TP-Link联洲2027届秋季校园招聘启动！","https://mp.weixin.qq.com/s/bsC6GBWnk_kaPZyRgDEj4A","微信读书"
"北大就业","2026-08-28","招聘 | 卓识基金2027校园招聘","https://mp.weixin.qq.com/s/U2wsdLG06YnSIUSWngjVKA","微信读书"
"北大就业","2026-08-28","招聘 | 中物院软件中心2027届校园招聘火热开启！","https://mp.weixin.qq.com/s/kMLlHvdeSTwms6g4iUtRBg","微信读书"
"北大就业","2026-08-28","招聘 | 携程集团2027届秋季校园招聘正式启动！","https://mp.weixin.qq.com/s/1rjj0pKbBwvnhmAxNLwMmQ","微信读书"
"北大就业","2026-08-28","招聘 | 平安养老险2027校园招聘正式启动！","https://mp.weixin.qq.com/s/j60_s8zxDjVKix3tlmaarQ","微信读书"
"北大就业","2026-08-28","招聘 | 明湖汇校园招聘","https://mp.weixin.qq.com/s/1pxhmacWnQyljSzRsQ1fDw","微信读书"
"北大就业","2026-08-28","招聘 | 2027届纳芯微电子校园招聘正式启动","https://mp.weixin.qq.com/s/1QUq-BP4zNyAJNLnZ0IB_Q","微信读书"
"北大就业","2026-08-27","招聘｜新东方 2027 全球联合校园招聘暨顶尖人才项目启动","https://mp.weixin.qq.com/s/ozIMhAkl4bc0Dx2YmG98ZA","微信读书"
"北大就业","2026-08-27","招聘｜北京大学人事部2026年秋季学期学生助理招聘启事","https://mp.weixin.qq.com/s/SK2armpZlHEHWARa4URV8A","微信读书"
"北大就业","2026-08-27","邀请函丨9月18日 【高层次人才专场】“京彩就业”2027届高校毕业生专场双选会","https://mp.weixin.qq.com/s/J7KEXbJFhMb8au77IEiAUw","微信读书"
"北大就业","2026-08-26","招聘｜ScaleFlux2027 届秋季校园招聘","https://mp.weixin.qq.com/s/gBbCzpefeSEjwd1JT7CDRg","微信读书"
"北大就业","2026-08-26","招聘｜海康威视2027校园招聘正式启动","https://mp.weixin.qq.com/s/btMn2xnRluYH2XBaOD0Pog","微信读书"
"北大就业","2026-08-26","招聘｜北京证券交易所全国股转公司2026年人员招聘公告","https://mp.weixin.qq.com/s/cKaygjHJt5Tqt54unLa2Qg","微信读书"
"北大就业","2026-08-25","招聘 | 智元2027届校园招聘全面启动！","https://mp.weixin.qq.com/s/0uq91eDdP0PbUJiI-g31wg","微信读书"
"北大就业","2026-08-25","招聘 | 学而思网校星耀合伙人计划","https://mp.weixin.qq.com/s/A7CDk8XqdGHcgxG6CNCS0g","微信读书"
"北大就业","2026-08-25","招聘 | 信步科技2027届校园招聘","https://mp.weixin.qq.com/s/mvkqAE4cr6_brIcrGmycUg","微信读书"
"北大就业","2026-08-25","招聘 | 三七互娱2027秋季校园招聘","https://mp.weixin.qq.com/s/YZI0KYh0Y5xp_Hi0alM02g","微信读书"
"北大就业","2026-08-25","双选会 | 【企业邀请函】2026秋季大湾区重点用人单位就业实习双选会","https://mp.weixin.qq.com/s/Lw7mYTHvMGiUaHxkobzw8w","微信读书"
"北大就业","2026-08-25","活动 | 苏交科集团企业开放日师生邀请函","https://mp.weixin.qq.com/s/lEm9BGa4pklEZ_oEJYJAyA","微信读书"
"北大就业","2026-08-25","报名 | 北京大学 “未名职场认知” 系列课程（第三期）报名通知","https://mp.weixin.qq.com/s/I9cT85aWruE_s7mvxjojCQ","微信读书"
"北大就业","2026-08-24","招聘 | Scientech 2027 校招正式启动！加入原点计划，探索无穷可能","https://mp.weixin.qq.com/s/08PzWbgjOvcohIVix3g2ag","微信读书"
"北大就业","2026-08-24","招聘 | 优必选2027届校园招聘正式启动！","https://mp.weixin.qq.com/s/l0WVxEEyJsPBRzPwU1Na0A","微信读书"
"北大就业","2026-08-24","招聘 | 新浪集团2027届管培生项目正式启动！","https://mp.weixin.qq.com/s/HcLt_ncTzZbthMnTZyQ6zg","微信读书"
"北大就业","2026-08-24","招聘 | 唯捷创芯2027届校招正式开启","https://mp.weixin.qq.com/s/-t4l8kgAIh9EMDl-gcBUcw","微信读书"
"北大就业","2026-08-24","招聘 | 平安银行总行2027届秋季校园招聘","https://mp.weixin.qq.com/s/AJTzconjWo_iZX06DCrPtg","微信读书"
"北大就业","2026-08-24","招聘 | 歌尔2027届校园招聘正式启动","https://mp.weixin.qq.com/s/HgfIEHxewiAioDoEJRafsA","微信读书"
"北大就业","2026-08-23","招聘 | 小米2027届全球校园招聘正式启动","https://mp.weixin.qq.com/s/lgxnS_WXrHUObaO62rll-g","微信读书"
"北大就业","2026-08-23","招聘 | 完美世界2027秋季校园招聘正式启动","https://mp.weixin.qq.com/s/eo_5q71cDbFkJsKTIp099Q","微信读书"
"北大就业","2026-08-23","招聘 | 韬润半导体2027届校园招聘正式启动","https://mp.weixin.qq.com/s/eP2NFZ0KyaqMnBaiTZ0c6g","微信读书"
"北大就业","2026-08-23","招聘 | 思特威2027届校园招聘正式启动","https://mp.weixin.qq.com/s/TZw8Ma_EUwwwV-veoJ5Xww","微信读书"
"北大就业","2026-08-23","招聘 | 安克创新2027届全球校园招聘正式启动","https://mp.weixin.qq.com/s/HUX6RIaFUpJb_9oGvHi80g","微信读书"
"北大就业","2026-08-22","招聘 | DEXMAL 原力灵机2027届校园招聘正式启动！","https://mp.weixin.qq.com/s/oqSkbIFE9qq4F483duwSNQ","微信读书"
"北大就业","2026-08-22","招聘 | 远景动力2027届全球校园招聘正式启动！","https://mp.weixin.qq.com/s/0qwidG5OOmF3EPekGRgfwg","微信读书"
"北大就业","2026-08-22","招聘 | 上海光通信有限公司2027届校园招聘正式启动！","https://mp.weixin.qq.com/s/-hSqMT9zbzHFMHrKwgIUGA","微信读书"
"北大就业","2026-08-22","招聘 | 平安产险2027届全球校园招聘正式启动！","https://mp.weixin.qq.com/s/5N_T2vqBzCWWOmCvF-CtVg","微信读书"
"北大就业","2026-08-21","招聘 | 中芯国际2027届校园招聘正式启动","https://mp.weixin.qq.com/s/oOKhamgumv9wymAIa8Tjkw","微信读书"
"北大就业","2026-08-21","招聘 | 中科飞测2027届校园招聘正式启动","https://mp.weixin.qq.com/s/tDiKPsvN-dEtKgUku3T3-Q","微信读书"
"北大就业","2026-08-21","招聘 | 中国东方2027年度校园招聘正式启动","https://mp.weixin.qq.com/s/M1WAXqepJLGlv3iwpUh9Cg","微信读书"
"北大就业","2026-08-21","招聘 | 顺丰科技2027届校园招聘提前批启动！","https://mp.weixin.qq.com/s/8bs6tYsYcblxZhj0lJ6z7A","微信读书"
"北大就业","2026-08-20","招聘｜Shopee虾皮AI Star Program 顶尖技术人才招募正式启动","https://mp.weixin.qq.com/s/JD1UvWbX6D2-tYVgReTVaA","微信读书"
"北大就业","2026-08-20","招聘｜浙江民泰商业银行2027校园招聘","https://mp.weixin.qq.com/s/fiOg7Nv1Yibsb8NGSTNHdA","微信读书"
"北大就业","2026-08-20","招聘｜卡方科技2027届秋季全球校招正式启动","https://mp.weixin.qq.com/s/dzqJgSbMrThBsWam1wLxzg","微信读书"
"北大就业","2026-08-20","招聘｜好课在线2027秋季校园招聘","https://mp.weixin.qq.com/s/meC6HWyOVd1mtmL27UTAJA","微信读书"
"北大就业","2026-08-20","招聘｜高拓迅达2027届校园招聘","https://mp.weixin.qq.com/s/_IBbybSov91ytMFQWsIzUA","微信读书"
"北大就业","2026-08-19","招聘｜远景能源2027届全球校园招聘正式启动","https://mp.weixin.qq.com/s/bRzj3w63qDuhoi23XpdpsA","微信读书"
"北大就业","2026-08-19","招聘｜新紫光集团下属产业公司 2027 届校园招聘启动","https://mp.weixin.qq.com/s/3jzjtGqc6NvKszlbl6Xyhg","微信读书"
"北大就业","2026-08-19","招聘｜新能安2027全球校园招聘正式启动","https://mp.weixin.qq.com/s/zQY0toBz31VwyNAwh6uLMA","微信读书"
"北大就业","2026-08-19","招聘｜合合信息2027届校园招聘正式启动","https://mp.weixin.qq.com/s/AldylidzNaGZffjFkuHNHQ","微信读书"
"北大就业","2026-08-18","招聘 | 荣耀2027届校园招聘全球启动","https://mp.weixin.qq.com/s/oaSIl8EC5Ixb1ZFnccFRKQ","微信读书"
"北大就业","2026-08-18","招聘 | 巨鲨医疗2027届校园招聘","https://mp.weixin.qq.com/s/rio8xCW6c9HxQVUkM6yK6g","微信读书"
"北大就业","2026-08-17","招聘 | 鹰角网络2027秋季校园招聘","https://mp.weixin.qq.com/s/aoEX-U8DPAuiveFtDDLRWw","微信读书"
"北大就业","2026-08-17","招聘 | 宁德新能源(ATL)2027全球校招正式启动！","https://mp.weixin.qq.com/s/JNy1clq8ucKX5VKGkWnYBA","微信读书"
"北大就业","2026-08-17","招聘 | 滴滴2027届校园招聘正式启动！","https://mp.weixin.qq.com/s/7lfMPhVcJY3GFE83q3iyKA","微信读书"
"北大就业","2026-08-16","招聘 | Shopee AI Star Program 产品经理培训生招募正式启动","https://mp.weixin.qq.com/s/3ma3uRjfflWOPvHEcNVIuQ","微信读书"
"北大就业","2026-08-16","招聘 | 电科博微/38所2027届校园招聘正式启动","https://mp.weixin.qq.com/s/97Aqn_Zv2BCQXYYCsQfCLw","微信读书"
"北大就业","2026-08-16","招聘 | 点点互动2027应届生校园招聘正式启动","https://mp.weixin.qq.com/s/iRBQNu3QfCjBdFs9J4hggw","微信读书"
"北大就业","2026-08-15","招聘｜龙湖集团2027届仕官生校园招聘正式启动","https://mp.weixin.qq.com/s/bZWxDhAIGGWN9VDbZEKMyw","微信读书"
"北大就业","2026-08-15","招聘 | 洛阳钼业2027届“矿世奇才”校园招聘正式启动!","https://mp.weixin.qq.com/s/Od3ZasMYpEhJkmekl1a0sw","微信读书"
"北大就业","2026-08-14","招聘｜千寻智能 2027 届全球校园招聘正式启动！","https://mp.weixin.qq.com/s/Q4RuitWOHRB6KihsHVNemQ","微信读书"
"北大就业","2026-08-14","招聘 | 快手2027全球校园招聘正式启动","https://mp.weixin.qq.com/s/2wBVuTppZwS2UXM08dz81A","微信读书"
"北大就业","2026-08-14","活动 | 2027空天院校招提前批暨交流日活动即将开启","https://mp.weixin.qq.com/s/RUG_rJpnBUM_z3zr37iGQw","微信读书"
"北大就业","2026-08-13","招聘｜蚂蚁集团 2027 校园招聘正式启动！","https://mp.weixin.qq.com/s/ItWFJP7Z9C8oAnPNBanMKw","微信读书"
"北大就业","2026-08-13","招聘｜阿里国际2027届应届生招聘正式启动！","https://mp.weixin.qq.com/s/jBOfTM__MXwL8UTj34nQIA","微信读书"
"北大就业","2026-08-13","通知 | 北京大学2026年秋季校园招聘工作安排","https://mp.weixin.qq.com/s/Em_qRlYMIVdYKwyjOqNEUw","微信读书"
"北大就业","2026-08-12","招聘 | 中国平安2027全球校园招聘正式启动","https://mp.weixin.qq.com/s/dTMXsTgqbKxxy9M_AaIwwg","微信读书"
"北大就业","2026-08-11","招聘 | Sharpa 2027届校园招聘正式启动！","https://mp.weixin.qq.com/s/f8XzXQQ0Y5YtEkQYBYiD8A","微信读书"
"北大就业","2026-08-11","招聘 | 京东2027校园招聘全面启动！","https://mp.weixin.qq.com/s/cnyzlz1AWykwceAZtdE3Cg","微信读书"
"北大就业","2026-08-11","招聘 | 阿里巴巴阿里云智能集团2027届应届生招聘","https://mp.weixin.qq.com/s/C4Awbyn-j0iU6_TvVoT6zw","微信读书"
"北大就业","2026-08-10","招聘 | 芯恩2027届校园招聘正式启动！","https://mp.weixin.qq.com/s/eotWm8ebitD1ywm7hUQkrA","微信读书"
"北大就业","2026-08-10","招聘 | 乐鑫科技2027届秋季校园招聘启动！","https://mp.weixin.qq.com/s/idlfAlPbWfGlWOHVRJrffg","微信读书"
"北大就业","2026-08-10","招聘 | 杭州龙旗2027届全球招聘启动","https://mp.weixin.qq.com/s/d3Dp-Gw3ecG_91kYA1ysOw","微信读书"
"北大就业","2026-08-10","招聘 | 德勤2027校园招聘及寒假实习生招聘启动！","https://mp.weixin.qq.com/s/dxcup5q1JVg4_iBQlwxrdw","微信读书"
"北大就业","2026-08-09","招聘 | Shopee研发中心2027届校园招聘","https://mp.weixin.qq.com/s/Tk2NJreminXYkGv2flOm1w","微信读书"
"北大就业","2026-08-09","招聘 | 寒武纪2027届校园招聘","https://mp.weixin.qq.com/s/5wtz6h7kC3QxCE9hLIcajw","微信读书"
"北大就业","2026-08-09","招聘 | 阿里国际2027届校园大使招募开启","https://mp.weixin.qq.com/s/hMXMKwBpYQgXstDnHEa21w","微信读书"
"北大就业","2026-08-09","活动 | 南京841研究所第三届暑期提前批夏令营启动","https://mp.weixin.qq.com/s/6ua4buH-w1bQIBvR7Qv3yA","微信读书"
"北大就业","2026-08-08","招聘 | 字节跳动2027年校园招聘","https://mp.weixin.qq.com/s/-Fu82O7m-tU5vTvgUkZg2g","微信读书"
"北大就业","2026-08-08","招聘 | 米哈游2027校园招聘正式启动！","https://mp.weixin.qq.com/s/lX72OOjoaHJNGyduFhqpIg","微信读书"
"北大就业","2026-08-08","招聘 | 江苏中烟2026年度公开招收博士后研究人员公告","https://mp.weixin.qq.com/s/A-KSMINLBaiFY6vD7TzCNQ","微信读书"
"北大就业","2026-08-08","招聘 | 阿里巴巴2027届应届生招聘","https://mp.weixin.qq.com/s/bvMyh6TlLojLg3ZLpWlK0A","微信读书"
"北大就业","2026-08-07","招聘 | 影石2027届秋季校园招聘启动","https://mp.weixin.qq.com/s/96C4rQusDJ3HP1JCCCt97g","微信读书"
"北大就业","2026-08-07","招聘 | 燕东微2027届校园招聘博士生专场即将开启","https://mp.weixin.qq.com/s/wmyJqkadcOTHJ15fGADxgA","微信读书"
"北大就业","2026-08-07","活动 | 中国船舶集团有限公司第七一五研究所尖峰计划2026夏令营","https://mp.weixin.qq.com/s/OBeTqfSr6FYIO6pDvEL9Bw","微信读书"
"北大就业","2026-08-06","招聘｜新能安AGT全球顶尖人才招募正式启动","https://mp.weixin.qq.com/s/Tdu1CeazbnQo9hZ8VGK3IA","微信读书"
"北大就业","2026-08-06","招聘｜九坤投资 2027 届技术类顶尖人才“梧桐计划”校园招聘正式启动！","https://mp.weixin.qq.com/s/honXCLlCIcBZG2oJYM6png","微信读书"
"北大就业","2026-08-06","招聘｜佳驰科技2027届校园招聘正式启动","https://mp.weixin.qq.com/s/jbakR3BfNJrZtgeqIQbJWA","微信读书"
"北大就业","2026-08-06","招聘｜阿里巴巴淘天集团2027届应届生招聘","https://mp.weixin.qq.com/s/ba8DzmflNLAtH_-2iUpDzQ","微信读书"
"北大就业","2026-08-05","招聘 | 中泰证券2027届秋季校园招聘启动","https://mp.weixin.qq.com/s/vMuXc7drFHRuJP-sPUpkhg","微信读书"
"北大就业","2026-08-04","招聘 | 东风奕派汽车科技公司2027全球校园招聘正式启动","https://mp.weixin.qq.com/s/sx23989jIJrUXILKMFJo3A","微信读书"
"北大就业","2026-08-04","活动 | 中铝科学院暑期开放日邀你来参观！","https://mp.weixin.qq.com/s/eT0fNKdAPrw67VcDgJyQ4A","微信读书"
"北大就业","2026-08-03","招聘 | 中国融通集团2026届夏季校园招聘","https://mp.weixin.qq.com/s/G_IigG7CyJIKb5CObeZbjA","微信读书"
"北大就业","2026-08-03","招聘 | 思勰投资2027校园招聘","https://mp.weixin.qq.com/s/khwS9RHAu50TNa02Bw4zjg","微信读书"
"北大就业","2026-08-02","招聘 | 中国黄金集团财务有限公司2026年度招聘公告","https://mp.weixin.qq.com/s/rjiUNNJSX_q_Nyej6-l10Q","微信读书"
"北大就业","2026-08-01","招聘 | 中国物流2026届夏季校园招聘正式启动","https://mp.weixin.qq.com/s/tYKLTmu_jQEq30HVVcedrw","微信读书"
"北大就业","2026-07-31","招聘 | 群核科技「星核人才计划」顶尖技术人才专项全球启动！","https://mp.weixin.qq.com/s/Ql0WwcdhHemzLc5VmkIeFw","微信读书"
"北大就业","2026-07-31","实习 | 吉利研发实习生专项招聘启动！","https://mp.weixin.qq.com/s/Id9OS9VAZVPPjc-q6RlhcQ","微信读书"
"北大就业","2026-07-31","活动回顾 | “职行中国”北大学子就业行第八站——杭州市","https://mp.weixin.qq.com/s/HIkpm3dwVt0z-McLpxU5jQ","微信读书"
"北大就业","2026-07-30","招聘｜OPPO2027届校园招聘正式开始","https://mp.weixin.qq.com/s/_j_8YN7AhRJKxDZFY0azrg","微信读书"
"北大就业","2026-07-30","活动｜名校师生山东行暨2026海内外博士（后）烟台对接交流大会邀请函","https://mp.weixin.qq.com/s/dj9QWtdXD1slRMa8MR6Rvw","微信读书"
"北大就业","2026-07-29","招聘｜网易游戏（互娱）2027届校园招聘正式启动","https://mp.weixin.qq.com/s/uuRFAM3NED0L0CkQ81-0HQ","微信读书"
"北大就业","2026-07-28","招聘 | 卓驭2027届校招正式启动","https://mp.weixin.qq.com/s/9GVNDobkeEBgJYiubgM4Zg","微信读书"
"北大就业","2026-07-28","招聘 | 中国航天科技集团五院502所2027届校园招聘提前批正式启动","https://mp.weixin.qq.com/s/BjO-a0kKSxlU0Iq-pGmzXw","微信读书"
"北大就业","2026-07-27","招聘 | 芯原股份2027届校园招聘正式启动","https://mp.weixin.qq.com/s/Etcb77h40zJr32oS5NEexA","微信读书"
"北大就业","2026-07-27","招聘 | 网易游戏雷火27届秋季校招全球启动！","https://mp.weixin.qq.com/s/DNgfKlpdJ4DZas_8za2t1A","微信读书"
"北大就业","2026-07-27","招聘 | 兵器工业集团2027届博士招聘提前批正式启动","https://mp.weixin.qq.com/s/28ztjyyMM7KWYtExCHBhfQ","微信读书"
"北大就业","2026-07-27","创新创业学院招聘1名劳动合同制工作人员","https://mp.weixin.qq.com/s/OouycAmPBO1X-u8wjMFtHQ","微信读书"
"北大就业","2026-07-26","招聘 | 思瑞浦2027届校园招聘正式启动","https://mp.weixin.qq.com/s/lrqZ2xOPNKWaSrxyWQ867g","微信读书"
"北大就业","2026-07-26","招聘 | 理想汽车2027届顶尖技术人才专项“理想+”计划全面启动","https://mp.weixin.qq.com/s/7XLheDjf31_exodIpsXqjw","微信读书"
"北大就业","2026-07-25","招聘 | 2027届比亚迪博士校园招聘正式开启！","https://mp.weixin.qq.com/s/umCtfko7KfP0YAs9hME_jg","微信读书"
"北大就业","2026-07-25","活动｜北京航天试验技术研究所2026年所区开放日正式邀约","https://mp.weixin.qq.com/s/ipAgM4A9afb6wOBYAZGk-Q","微信读书"
"北大就业","2026-07-24","招聘｜腾讯青云计划2027校园招聘全球启动","https://mp.weixin.qq.com/s/cBVXu_UsJZI_qu8Oyi6gEw","微信读书"
"北大就业","2026-07-23","招聘｜新易盛2027届秋招提前批&开放日正式启动","https://mp.weixin.qq.com/s/yHHkuVoI_HlNoIhi2FPM3w","微信读书"
"北大就业","2026-07-23","招聘｜科大讯飞2027届校招星火夏令营邀请函","https://mp.weixin.qq.com/s/GUX75WycEOIlNz2gL5-JTg","微信读书"
"北大就业","2026-07-22","招聘｜vivo 产品总经理储备计划全球招聘启动","https://mp.weixin.qq.com/s/xyXzFxkA51r2FrErECYKBw","微信读书"
"北大就业","2026-07-22","活动｜航空工业成飞2026年暑期开放日","https://mp.weixin.qq.com/s/Gzyt_vGUDltVsQkO3leMrA","微信读书"
"北大就业","2026-07-21","招聘 | BrainCo强脑科技人才招募","https://mp.weixin.qq.com/s/q-Z7VU9gSKSosRF5Tk1QeQ","微信读书"
"北大就业","2026-07-21","招聘 | 宇树科技2027届校园招聘正式启动","https://mp.weixin.qq.com/s/2onNF_Iwv8xuznzXUHSRcw","微信读书"
"北大就业","2026-07-21","活动 | GOAI世界人工智能开源大赛","https://mp.weixin.qq.com/s/UwQ7vaAkmH2LMWIpuRR1pg","微信读书"
"北大就业","2026-07-20","招聘 | 鹰角网络2027秋季校园招聘提前批","https://mp.weixin.qq.com/s/0dK9zL1FQ-itCecDEktNqA","微信读书"
"北大就业","2026-07-20","招聘 | 无人区计划 深圳信步科技27届提前批启动","https://mp.weixin.qq.com/s/18G18r363MapWLZ07GMjDA","微信读书"
"北大就业","2026-07-20","招聘 | 科大讯飞2027届「飞凡计划」秋招正式启动！寻觅未来领导者！","https://mp.weixin.qq.com/s/cQJNHGHzvN_XGPK8fYjVlA","微信读书"
"北大就业","2026-07-20","招聘 | 加速物理AI！RoboSense 2027届全球校园招聘提前批启动","https://mp.weixin.qq.com/s/uBwiHmj3eiLH33RUy-Lhyw","微信读书"
"北大就业","2026-07-20","招聘 | 北京大学学生就业指导服务中心招聘1名市场招聘服务专员","https://mp.weixin.qq.com/s/yDXPwF6ajFqLLFG0suwZtA","微信读书"
"北大就业","2026-07-19","活动 | 中国船舶集团有限公司系统工程研究院&中船智海创新研究院2027届校招企业开放日邀请函","https://mp.weixin.qq.com/s/vaqCagspQQF5R21Vj_AEww","微信读书"
"北大就业","2026-07-19","活动 | 第一届“海之子”杯AI智能体挑战计划公告","https://mp.weixin.qq.com/s/PrrR_TrVJ1KnW-Fpb1rtwQ","微信读书"
"北大就业","2026-07-18","招聘 | 兆易创新2027校园招聘提前批正式启动","https://mp.weixin.qq.com/s/EfvUwf2MDXWupdeDXoSQMQ","微信读书"
"北大就业","2026-07-18","招聘 | 两天直通offer！字节跳动2027校园招聘 AI 产品经理早鸟通道正式启动","https://mp.weixin.qq.com/s/IKUoGj0R2poigfFdTh_BVg","微信读书"
"北大就业","2026-07-18","招聘 | 阶跃 StepStar 顶尖人才计划，全球启动！","https://mp.weixin.qq.com/s/7rzSAtAzIZJZ93kw-CB38g","微信读书"
"北大就业","2026-07-18","招聘 | 点点互动Elite Program+校招启动！项目再升级！","https://mp.weixin.qq.com/s/3EDmw9odm2uJSK4ThzfmIw","微信读书"
"北大就业","2026-07-18","活动 | 探索无界 智启未来——超聚变2027届校招OPEN DAY报名开启","https://mp.weixin.qq.com/s/j0vcgWoMmbj6wF0dnVAp9A","微信读书"
"北大就业","2026-07-17","招聘 | 天翼云顶尖青年技术人才校园招聘项目开启","https://mp.weixin.qq.com/s/gJti0W66ijRbdr3nRIdTMw","微信读书"
"北大就业","2026-07-17","实习 | 2027届北方矿业实习生计划正式启动","https://mp.weixin.qq.com/s/rqPG9Kd5EdXoQup4gLpd4w","微信读书"
"北大就业","2026-07-03","招聘 | 中国国际可持续交通创新和知识中心2026年度第四批招聘公告","https://mp.weixin.qq.com/s/yei5HGload559S4Mj0CLWA","微信读书"
"北大就业","2026-07-03","活动｜“有你有招”招银理财第二届校园投资研究大赛","https://mp.weixin.qq.com/s/EsHbd9xTMMtzYu2-VciStw","微信读书"
"北大就业","2026-07-03","活动 | 中国兵器工业第二〇三研究所2026年暑期夏令营","https://mp.weixin.qq.com/s/C2j9Kr-A_ZyeDl0MDdZHOw","微信读书"
"北大就业","2026-07-02","最美毕业季 | 还有2天，你的毕业礼物待领取！","https://mp.weixin.qq.com/s/4r8SpbYdV0GnJnjWni4yWw","微信读书"
"北大就业","2026-07-02","招聘｜中兴通讯2027届未来领军人才招聘正式启动","https://mp.weixin.qq.com/s/HWoxTBL_zxTAGGE-UO2LLg","微信读书"
"北大就业","2026-07-02","招聘｜阿里巴巴顶尖人才计划“阿里星”2027届应届生招聘","https://mp.weixin.qq.com/s/xS2mvXQ9K79On_-KMlwUoQ","微信读书"
"北大就业","2026-07-02","实习｜学而思网校2027届提前批“超级实习生”招募正式启动！","https://mp.weixin.qq.com/s/wwcaukn1nx3Gjl_2h1gaWw","微信读书"
"北大就业","2026-07-02","活动｜米哈游引擎技术城市沙龙线下行程","https://mp.weixin.qq.com/s/KvOp6-JkeRWEaQZzWjILSA","微信读书"
"北大就业","2026-07-01","最美毕业季｜从燕园出发，奔赴山海：用青春铺路，让理想闪光！","https://mp.weixin.qq.com/s/_1xAF5vPMWkF6cXJbbWwjA","微信读书"
"北大就业","2026-07-01","招聘 | 卓驭2027「领航者」顶尖人才招聘启动","https://mp.weixin.qq.com/s/bJHqWPBYG0r33MNCwDrRCg","微信读书"
"北大就业","2026-07-01","招聘 | 智元2027届顶尖人才专项“优才计划”全球启动","https://mp.weixin.qq.com/s/7UXLsKpd8zNb4iQjl8MCFA","微信读书"
"北大就业","2026-07-01","活动｜余杭区“海创未来·青春潮创营”首次招募暑期培训","https://mp.weixin.qq.com/s/fILi3hRbK-TYRo7IfXgG6A","微信读书"
"北大就业","2026-06-30","招聘 | VIVO蓝极星计划2026顶尖人才校园招聘","https://mp.weixin.qq.com/s/WbOJr6C6QEOIqmMBet6RjA","微信读书"
"北大就业","2026-06-30","招聘 | 深圳市人民医院2026年度博士后招聘","https://mp.weixin.qq.com/s/qm8-XWVCBS3M4Hp0UT0r9w","微信读书"
"北大就业","2026-06-30","活动 | AI引擎×游戏引擎：米哈游技术沙龙报名启动","https://mp.weixin.qq.com/s/Pn8UxcR5rSVQ9RGavDoNpw","微信读书"
"北大就业","2026-06-30","北京大学2026届赴基层和重点领域就业毕业生代表座谈会举行","https://mp.weixin.qq.com/s/CxTh7sSvi_RCkTPCx1Ui2w","微信读书"
"北大就业","2026-06-29","招聘 | 牧原提前批招聘","https://mp.weixin.qq.com/s/5KCTRKy2oRMGjb2K8VqA0Q","微信读书"
"北大就业","2026-06-29","招聘 | 禾赛科技2027届校招提前批正式启航","https://mp.weixin.qq.com/s/ae2TywYqJlVbGTA7fIenIg","微信读书"
"北大就业","2026-06-29","活动 | 中国电研2027硕博精英夏令营","https://mp.weixin.qq.com/s/vU3dKhRwZulSB75HBxt5wg","微信读书"
"北大就业","2026-06-29","活动 | 2026 AI 先锋未来人才大赛正式启动报名","https://mp.weixin.qq.com/s/1goptwZLD448j7zYB6TedA","微信读书"
"北大就业","2026-06-28","最美毕业季｜毕业生福利来啦！《青春之歌》音乐剧毕业生专场演出领票通知","https://mp.weixin.qq.com/s/w5JJvrfyKnkewozt0Nm9_w","微信读书"
"北大就业","2026-06-28","最美毕业季 | 快来领取你的毕业礼物！","https://mp.weixin.qq.com/s/9wK9jG_bgH4Avyu5rlbyKw","微信读书"
"北大就业","2026-06-28","活动 | 中国航发涡轮院&中国航发成发2026年暑期开放日正式启动","https://mp.weixin.qq.com/s/LpQXkD5w8VMPM7Ac6_Nw3Q","微信读书"
"北大就业","2026-06-27","实习 | 新华保险30周年暑期实习创造营开放申请","https://mp.weixin.qq.com/s/gHzt_BAa0evGXKSd4Iy9rA","微信读书"
"北大就业","2026-06-27","活动 | “职行中国”北大学子就业行赴杭州市活动报名","https://mp.weixin.qq.com/s/rWdaqS-rkk4-KZlqyul7Pg","微信读书"
"北大就业","2026-06-26","招聘｜中煤建设集团有限公司2026届高校毕业生夏季招聘公告","https://mp.weixin.qq.com/s/qibMK5SBZd3TdlAltPYOxA","微信读书"
"北大就业","2026-06-26","实习｜大连商品交易所2026年度暑期实习生招收简章","https://mp.weixin.qq.com/s/0ozRcdwZIpHMQYq67kREKw","微信读书"
"北大就业","2026-06-25","招聘丨中国储备粮管理集团有限公司2026年度夏季招聘","https://mp.weixin.qq.com/s/7RsKuYqE4FFoSl-R7xA7bw","微信读书"
"北大就业","2026-06-25","招聘丨美团LongCat大模型人才校招全球启动","https://mp.weixin.qq.com/s/fEC59AZ2MsD7kteg2E2PIQ","微信读书"
"北大就业","2026-06-24","招聘 | 中国电信TeleAI Top Talent 2027人才计划启动","https://mp.weixin.qq.com/s/TbiURwnCbt2rA59RN5ARzQ","微信读书"
"北大就业","2026-06-24","招聘 | 北京大学人事部招聘1名劳动合同制工作人员","https://mp.weixin.qq.com/s/FrT0R7gsz5-mfHEI7HQkjA","微信读书"
"北大就业","2026-06-24","活动 | 中国航发北京航空材料研究院2026“青曜苍穹 逐梦航材”暑期开放周活动","https://mp.weixin.qq.com/s/GefbgoIwu4qf277mUYlqWQ","微信读书"
"北大就业","2026-06-24","活动 | 2026小米集团黑客马拉松高校赛区报名正式启动","https://mp.weixin.qq.com/s/4GZ6yJRI80uTjXRmCkHvEQ","微信读书"
"北大就业","2026-06-23","最美毕业季 | “异彩规划”生涯发展工作坊第29期：“大学时光印记”手作工作坊","https://mp.weixin.qq.com/s/k38GQxoJf3Gxs-ABh8TlNw","微信读书"
"北大就业","2026-06-23","招聘 | 中国能建甘肃公司2026届校园招聘启动！","https://mp.weixin.qq.com/s/XOgwpmpjNRMruZNbhPENwg","微信读书"
"北大就业","2026-06-23","活动 | 西安分院（504所）2026年“航天行”暑期实践活动邀请函","https://mp.weixin.qq.com/s/J6jtn-AzNu1ZTS6poaMAAg","微信读书"
"北大就业","2026-06-22","最美毕业季｜出发前再充电：行前教育“师兄师姐说”接力上线！","https://mp.weixin.qq.com/s/dGFnKRTf1K6FoIu_bGDntw","微信读书"
"北大就业","2026-06-22","招聘 | 上海长宁区乐读线上教育培训学校27届提前批招聘正式启动","https://mp.weixin.qq.com/s/vaGya_NBscTAz9k9UKI8uw","微信读书"
"北大就业","2026-06-22","招聘 | 2027届杰瑞集团校园招聘提前批","https://mp.weixin.qq.com/s/yj4TLZH-LZ3qCpr4iWPt2A","微信读书"
"北大就业","2026-06-22","宣讲 | 长江存储2027届提前批校园招聘交流会","https://mp.weixin.qq.com/s/yCe7Ea6q1Bj-mqdoTUTyDQ","微信读书"
"北大就业","2026-06-22","活动 | 华工科技北大武汉光谷行实践招募","https://mp.weixin.qq.com/s/rcVZ8M_O4Zdpsw_bjzpLIw","微信读书"
"北大就业","2026-06-21","招聘 | 北京国望光学科技有限公司2027届校园招聘","https://mp.weixin.qq.com/s/g_A2m8c5GdzvhRNWbFD4qA","微信读书"
"北大就业","2026-06-21","实习 | 中国雄安集团有限公司暑期实习生招聘公告","https://mp.weixin.qq.com/s/DYLqEi1DsPONmDYFW2ph4g","微信读书"
"北大就业","2026-06-20","招聘 | 中国煤炭地质总局2026年校园招聘","https://mp.weixin.qq.com/s/7oVJmDUWpSIh7MadltAJ8w","微信读书"
"北大就业","2026-06-20","招聘 | 航空工业通飞2026及2027届校园招聘正式启动","https://mp.weixin.qq.com/s/4HG4OLqnvNOM5KcS6MM84g","微信读书"
"北大就业","2026-06-19","招聘｜中汽中心2027届提前批校园招聘正式启动","https://mp.weixin.qq.com/s/aR9wFXAvg9SKtLCaycEb2A","微信读书"
"北大就业","2026-06-19","招聘｜中核环保有限公司本部2026年春季校园招聘","https://mp.weixin.qq.com/s/OfXbLDrurdKSpEWeXWRUaA","微信读书"
"北大就业","2026-06-18","招聘 | 重庆水务集团股份有限公司科技创新技术人才校园招聘","https://mp.weixin.qq.com/s/9454hhdwz63bpobjOAmQiw","微信读书"
"北大就业","2026-06-18","活动 | 中国船舶科学研究中心深海技术科学太湖实验室2026年夏令营","https://mp.weixin.qq.com/s/PoOL53TUgRGJ-k8WMbE-bQ","微信读书"
"北大就业","2026-06-18","回顾 | “未名职场认知”行业沙龙快消行业专场举办","https://mp.weixin.qq.com/s/TWBAVc0QAN4JGp3Yjq0jNg","微信读书"
"北大就业","2026-06-17","招聘 | 中国电子科技集团公司第三十三研究所2026年招聘简章","https://mp.weixin.qq.com/s/3nvB7XHfX7EKmZGdQeXdRA","微信读书"
"北大就业","2026-06-17","招聘 | 河北移动雄安公司2026夏季校园招聘","https://mp.weixin.qq.com/s/BcDNe7QQaul5xc8Wzt87rg","微信读书"
"北大就业","2026-06-17","回顾 | “未名职场认知”系列课程（第二期）近日结课","https://mp.weixin.qq.com/s/fb1WVQaB3RTRc_GuadgiDg","微信读书"
"北大就业","2026-06-16","最美毕业季 | “异彩规划”生涯发展工作坊第28期：“由勺而海”手作工作坊","https://mp.weixin.qq.com/s/ydwUhd2Z90kpgXM8Q9IeKw","微信读书"
"北大就业","2026-06-16","招聘 | 住房城乡建设部直属事业单位招人啦","https://mp.weixin.qq.com/s/USsZdxWDcEMeM7DeCaGc6g","微信读书"
"北大就业","2026-06-15","招聘 | 中国电科12所2026届校园招聘开启","https://mp.weixin.qq.com/s/wzIQhDVaM7aCufs4KoZrlQ","微信读书"
"北大就业","2026-06-15","招聘 | 旌泰物产招聘开启","https://mp.weixin.qq.com/s/0qMWOZGTcYjQzvM7YwqxtQ","微信读书"
"北大就业","2026-06-15","北京大学举办2026届毕业生廉洁教育党课","https://mp.weixin.qq.com/s/tCG_guPYGaSs5DZZIYg32w","微信读书"
"北大就业","2026-06-14","实习 | 中国银河证券2027届暑期实习项目正式启动","https://mp.weixin.qq.com/s/oTUVGErh7ulfUZ90Ts2Z_Q","微信读书"
"北大就业","2026-06-14","实习 | 华夏基金2026暑期大学生训练营启动","https://mp.weixin.qq.com/s/mX25tKXnZPN2U47s_U8rPQ","微信读书"
"北大就业","2026-06-14","实习 | 华工科技产业股份有限公司实习招募","https://mp.weixin.qq.com/s/32KwVrI_DtSlsHLeaSeKvg","微信读书"
"北大就业","2026-06-14","活动回顾 | “职行中国”北大学子就业行第七站——上海市","https://mp.weixin.qq.com/s/6NygkRBszJBWiVXWtnuXiw","微信读书"
"北大就业","2026-06-13","知行计划 | 第九期“知行计划”暑期见习实践第二批基地介绍及报名通知","https://mp.weixin.qq.com/s/ow4n_oCadb6WZ5oSk8VMJQ","微信读书"
"北大就业","2026-06-13","夏令营｜北京大学第五届“国际组织青年人才培训暑期项目”报名通知","https://mp.weixin.qq.com/s/3qJFvShxQ26U6QJGAUr0Pg","微信读书"
"北大就业","2026-06-13","实习 | 联影集团2027届实习生专项启动","https://mp.weixin.qq.com/s/GqH4eyOrW2L8Mszofk_fWg","微信读书"
"北大就业","2026-06-12","招聘｜中国传媒大学2026年专职辅导员岗、管理岗公开招聘公告","https://mp.weixin.qq.com/s/Lq12vHW5fGawdeBzzGKG4w","微信读书"
"北大就业","2026-06-12","招聘｜旌安投资2026年校园招聘","https://mp.weixin.qq.com/s/eDDfgEL93Iv4APgP9eQWJw","微信读书"
"北大就业","2026-06-12","实习｜宁波银行2027届暑期实习生招募计划启动","https://mp.weixin.qq.com/s/2bgWjMXYiXG5HEFs4dnDCA","微信读书"
"北大就业","2026-06-12","赛事｜2026中国高校计算机大赛-人工智能创意赛正式启动！","https://mp.weixin.qq.com/s/mjqt3QvEg-rvN7ElcIdC1A","微信读书"
"北大就业","2026-06-12","活动｜阿里星·热爱之旅学术开放日6.29杭州场报名","https://mp.weixin.qq.com/s/hDbBN__ZwR9pJ8otxG3RAQ","微信读书"
"北大就业","2026-06-11","招聘丨中国黄金集团有限公司所属企业2026年度招聘公告","https://mp.weixin.qq.com/s/GqqzYtHquxM-LIQbS3HT7w","微信读书"
"北大就业","2026-06-11","招聘丨北京海关所属事业单位2026年度公开招聘公告","https://mp.weixin.qq.com/s/JDDfJHj3v45_y8yYSdF6OA","微信读书"
"北大就业","2026-06-10","招聘 | Sharpa Robotics 2027校招提前批启动","https://mp.weixin.qq.com/s/scXj9Mzn03dedcgguLeH5A","微信读书"
"北大就业","2026-06-10","招聘 | 民泰银行2027届“民星计划”秋招提前批正式启动","https://mp.weixin.qq.com/s/qSX8jS_KjLtWkkpdkShbAA","微信读书"
"北大就业","2026-06-10","实习 | 中邮理财2027届暑期实习生招聘正式启动","https://mp.weixin.qq.com/s/Jc73bgK71lpxWmTtRI5GWQ","微信读书"
"北大就业","2026-06-09","宣讲 | 中国人民解放军国防大学2026年人才引进宣讲会","https://mp.weixin.qq.com/s/xSCDd6XagOjenTsGTNoGwQ","微信读书"
"北大就业","2026-06-09","宣讲 | 歌尔2027届精英计划校园招聘","https://mp.weixin.qq.com/s/Y-atcqmGrDyXWdF7GUegSg","微信读书"
"北大就业","2026-06-09","宣讲 | 百度2027届AIDU计划正式启动","https://mp.weixin.qq.com/s/ehlmVc9Yex_auu073WLWTw","微信读书"
"北大就业","2026-06-09","实习｜中国工商银行深圳市分行2026年星令营暑期实习正式启动！","https://mp.weixin.qq.com/s/BRmSMmi6wjO7wV6WMB0TzQ","微信读书"
"北大就业","2026-06-09","实习 | 中国联合工程有限公司“薪火计划”实习生招聘公告","https://mp.weixin.qq.com/s/5iKO29_tX9DYZ_QyIdvBVw","微信读书"
"北大就业","2026-06-09","活动 | “雏鹰训练营”2026浦东新区“青年人才直通车”浦东行系列活动开启","https://mp.weixin.qq.com/s/Mdz8EwMklYXpNOrtjZCdbg","微信读书"
"北大就业","2026-06-08","最美毕业季 | “异彩规划”生涯发展工作坊第27期：“大学时光回响”卡牌系列工作坊","https://mp.weixin.qq.com/s/w9IOWhTyhNxypC1OtPdjmQ","微信读书"
"北大就业","2026-06-08","宣讲会预告 | 6月10日-6月12日","https://mp.weixin.qq.com/s/y8wjY7b68g10qLE4RwYO2w","微信读书"
"北大就业","2026-06-08","宣讲 | 家辉教育英才教师计划招聘宣讲会","https://mp.weixin.qq.com/s/BloX__GqfvldaLKCsG4Q1w","微信读书"
"北大就业","2026-06-08","参访报名丨走进航天科工三院，探秘飞航技术重器","https://mp.weixin.qq.com/s/aCBgtCCK0HGKzonhST-7jg","微信读书"
"北大就业","2026-06-07","以青春之我，赴时代之约—— “最美毕业季”，六月与你同行","https://mp.weixin.qq.com/s/R295UwTE3Wpr4tlB-AnfyA","微信读书"
"北大就业","2026-06-07","实习 | 中国信通院2026“星海计划”暑期实习项目正式启动","https://mp.weixin.qq.com/s/EWEU1RyZtc28QkTyT6_tYw","微信读书"
"北大就业","2026-06-06","招聘 | 中国煤炭资产管理集团有限公司所属企业2026年度社会公开招聘公告","https://mp.weixin.qq.com/s/hZaRbhiieAhHw_V8UiDc4A","微信读书"
"北大就业","2026-06-06","实习 | 现代汽车研发中心2026暑期实习火热开启","https://mp.weixin.qq.com/s/1BY0-DjWDP4yZPcOCHEPLg","微信读书"
"北大就业","2026-06-05","“未名职场认知”系列课程(第二期)来了！","https://mp.weixin.qq.com/s/amOW2KjmV5M0Ay0v-nhOxQ","微信读书"
"北大就业","2026-06-04","宣讲｜长鑫存储2027校招提前批正式启动","https://mp.weixin.qq.com/s/wR6qgD0jnW0cbdNlWz7yEw","微信读书"
"北大就业","2026-06-04","宣讲+实习丨崩坏IP数据分析实习生—免笔试","https://mp.weixin.qq.com/s/hMVlF8QQRHbJHFJkoflYvA","微信读书"
"北大就业","2026-06-04","活动丨2026年全国高校学子长沙行活动报名开启","https://mp.weixin.qq.com/s/dxazUd60XjKA-7UdFSwbfQ","微信读书"
"北大就业","2026-06-03","招聘 | 快手2027快Star顶尖技术人才计划全球启动","https://mp.weixin.qq.com/s/54CY4dgEo5C9oZBVMmwZJA","微信读书"
"北大就业","2026-06-03","招聘 | 海马云AI产品经理管培生","https://mp.weixin.qq.com/s/I30oK9DxW2PstNO1Q696dQ","微信读书"
"北大就业","2026-06-02","宣讲 | 营养工厂UndoAge 2026春季校园宣讲会","https://mp.weixin.qq.com/s/fF6W4klAgcR9AVWCLZt-MA","微信读书"
"北大就业","2026-06-02","暑期参访 | 上海市虹口区2026年 “潮涌浦江·虹菁启航”优秀应届毕业生暑期研学营公告","https://mp.weixin.qq.com/s/5H-_JywU8m1kcHIMsprNtQ","微信读书"
"北大就业","2026-06-02","活动 | 小红书REDstar“顶尖人才计划”线下技术沙龙报名","https://mp.weixin.qq.com/s/C0RGuZx-3rfY596vTzmcfQ","微信读书"
"北大就业","2026-06-01","招聘 | 中建三局总承包公司2026春季校园招聘正式启动","https://mp.weixin.qq.com/s/hzQEOzfHvRod7rVYFPgnyw","微信读书"
"北大就业","2026-06-01","实习 | 北京移动2026年“育英计划”实习生招募正式开启","https://mp.weixin.qq.com/s/roZMn7g49GO6ebV5sKZr8A","微信读书"
"北大就业","2026-06-01","参访报名丨走进航天科工二院，探访空天防御前沿","https://mp.weixin.qq.com/s/VonPHDChHXGfysMJKeZ7hA","微信读书"
"北大就业","2026-05-31","知行计划｜北京大学第九期“知行计划”暑期见习实践项目报名开启！","https://mp.weixin.qq.com/s/Ayvn97lm8Dk4Z0hs2b7HeA","微信读书"
"北大就业","2026-05-31","实习 | 浙商银行2027届暑期实习启动","https://mp.weixin.qq.com/s/5UgdMMeTj8y66abgpUNPig","微信读书"
"北大就业","2026-05-30","IO通知｜在国际组织实习任职的北大学子，PKUIO喊你来“报到”！","https://mp.weixin.qq.com/s/vWYu6VCgfqd1zzD8VOHQ0w","微信读书"
"北大就业","2026-05-30","知行计划 | 第九期“知行计划”暑期见习实践基地介绍（五）","https://mp.weixin.qq.com/s/jvF3aeH10MgBo_SEA_vplA","微信读书"
"北大就业","2026-05-29","知行计划 | 第九期“知行计划”暑期见习实践基地介绍（四）","https://mp.weixin.qq.com/s/tCTVo3A-bqrp1v0RwL7cVA","微信读书"
"北大就业","2026-05-29","实习 | 中邮创业基金2026年暑期实习招聘（公募）","https://mp.weixin.qq.com/s/PD0olp3Mjroc4UINYDQwLA","微信读书"
"北大就业","2026-05-29","实习 | 泰康基金2027届校园招聘火热进行中","https://mp.weixin.qq.com/s/YkDqpgJO_RPDbcJRCIc-dA","微信读书"
"北大就业","2026-05-29","实习 | 国泰君安期货2026金衍同盟正式启动！","https://mp.weixin.qq.com/s/ZmaBFIWM8EmB6ApUCfEhFA","微信读书"
"北大就业","2026-05-29","活动 | 学而思未来教师训练营招募中","https://mp.weixin.qq.com/s/y1aOV9W4_bnoBkpyOp9XEA","微信读书"
"北大就业","2026-05-29","报名 | 北京大学 “未名职场认知” 系列课程（第二期）报名通知","https://mp.weixin.qq.com/s/yXGEn8ayqhVbZmbwDngYaA","微信读书"
"北大就业","2026-05-28","知行计划 | 第九期“知行计划”暑期见习实践基地介绍（三）","https://mp.weixin.qq.com/s/8qAgdEWJLdAu7GQOvk382g","微信读书"
"北大就业","2026-05-28","活动丨2026年北大清华学子辽宁行活动周","https://mp.weixin.qq.com/s/g5GgqwwcATa2QduqyDkRDQ","微信读书"
"北大就业","2026-05-14","招聘丨苏交科2026届春季校园招聘正式启动","https://mp.weixin.qq.com/s/rQB0pee_jbfQ5PtnnToqmA","微信读书"
"北大就业","2026-05-14","招聘丨海关总署在京直属事业单位2026年度公开招聘应届毕业生公告","https://mp.weixin.qq.com/s/wDtDQ7cUpTyAbjnX31XqCQ","微信读书"
"北大就业","2026-05-14","宣讲+双选丨航空工业机载第六届“逐梦·云程”重点高校宣讲会暨双选会等你来","https://mp.weixin.qq.com/s/K1zRGDh9msL3v5f5aE_W6g","微信读书"
"北大就业","2026-05-13","招聘 | 中国机械科学研究总院集团2026届春季校园招聘","https://mp.weixin.qq.com/s/S63uGL81Rdfh02Y44ftEnw","微信读书"
"北大就业","2026-05-13","招聘 | “百万英才汇南粤”2026年N城联动春季招聘活动网络招聘会将持续开展","https://mp.weixin.qq.com/s/UYXUHu-xdXTeMVJOmdDxhQ","微信读书"
"北大就业","2026-05-13","实习 | 航空工业信息技术中心（金航数码）2026年度实习生招聘正式启动","https://mp.weixin.qq.com/s/K9FMfl3bSVP6sovUYxmWpA","微信读书"
"北大就业","2026-05-12","招聘 | 北大医学泰州创新中心-北京大学基础医学院联合招收博士后招聘启事","https://mp.weixin.qq.com/s/5zj1Zf__cnCYX6zJICPkTg","微信读书"
"北大就业","2026-05-12","想成为优秀教师？首都卓越教师书院等你来！","https://mp.weixin.qq.com/s/uBzuwSLp-xMJ63DXv8YOcQ","微信读书"
"北大就业","2026-05-12","活动 |「字节校园开放麦-学长学姐聊产品」北大专场邀你即刻报名！","https://mp.weixin.qq.com/s/t2fFczLsFt_ER78lVBh_iQ","微信读书"
"北大就业","2026-05-12","活动 | 职等你来-学而思开放日报名","https://mp.weixin.qq.com/s/-iYkCDBt1Sxox2yMOFS9Ug","微信读书"
"北大就业","2026-05-11","招聘 | 通付盾2026春季校园招聘","https://mp.weixin.qq.com/s/GPH3ow-yb6Lg2rQjso6Lcw","微信读书"
"北大就业","2026-05-11","招聘 | 国家自然科学基金委员会2026年度公开招聘公告","https://mp.weixin.qq.com/s/O3bsF6Y7BOxEfARTIaNxDA","微信读书"
"北大就业","2026-05-11","宣讲 | 永安期货2027届投研提前批实习生招聘宣讲","https://mp.weixin.qq.com/s/8H7CunUoaqIiqZBuwRJ78g","微信读书"
"北大就业","2026-05-11","实习 | 字节跳动 AI 产品经理AI 产品实习岗位招聘","https://mp.weixin.qq.com/s/psRepgUNK3qRzOwOFPT5GA","微信读书"
"北大就业","2026-05-10","招聘 | 迎水投资2026年招聘公告","https://mp.weixin.qq.com/s/JoNcZ4udp2e7rZ4b6el_BA","微信读书"
"北大就业","2026-05-10","实习 | 知乎2027届暑期实习生招聘启动","https://mp.weixin.qq.com/s/pnLiQwSxtwUnS-iF0nUz5w","微信读书"
"北大就业","2026-05-10","实习 | 杭州银行2027届“摘星计划”暑期实习生招聘暨校招提前批","https://mp.weixin.qq.com/s/JgiXcOBhBbB-4eIxZ6VclA","微信读书"
"北大就业","2026-05-09","招聘 | 完美世界2026届春招及2027届实习生招聘正式启动！","https://mp.weixin.qq.com/s/wGmXuuKlN3xQKxhih_YMVA","微信读书"
"北大就业","2026-05-09","招聘 | 河南资产2026年第十二期“金才计划”管培生招聘","https://mp.weixin.qq.com/s/bqJYxsWF-uVAOVMTGo-TjA","微信读书"
"北大就业","2026-05-09","招聘 | 国海证券2026届春季校园招聘正式启动","https://mp.weixin.qq.com/s/5B4AZzc3dfgbr9mb-TxktA","微信读书"
"北大就业","2026-05-08","招聘｜中国航天科工集团第十研究院0612研究所","https://mp.weixin.qq.com/s/9KFC5hOefPkXMUd9sp_mKA","微信读书"
"北大就业","2026-05-08","招聘｜国网北京市电力公司2026年博士后招聘公告","https://mp.weixin.qq.com/s/qYDkkxpuoxbDk5VvQ6BDrw","微信读书"
"北大就业","2026-05-08","报名｜北京大学2027届国防军工领域就业信息交流群开放报名","https://mp.weixin.qq.com/s/IMbJ2e_fnnvyVyuZx4OIow","微信读书"
"北大就业","2026-05-07","政策丨上海浦东“青创15条”全面升级","https://mp.weixin.qq.com/s/zroNCJeeksRPd0X9WaxwDA","微信读书"
"北大就业","2026-05-07","招聘丨国家税务总局部分直属事业单位2026年度公开招聘公告","https://mp.weixin.qq.com/s/0CUv_nIDZyRC-qib_nNrdg","微信读书"
"北大就业","2026-05-07","宣讲 | 重庆巴蜀中学教育集团招聘宣讲会","https://mp.weixin.qq.com/s/XdfPs9Ugyz0rb8VqL0TifQ","微信读书"
"北大就业","2026-05-07","活动 | “职行中国”北大学子就业行赴上海市活动报名","https://mp.weixin.qq.com/s/XjzgMLJWwKjaxM47GsoYWA","微信读书"
"北大就业","2026-05-06","招聘 | “ 新竹待雨 春蕾侯君 ”春蕾培优春招补录","https://mp.weixin.qq.com/s/Vm9edhLV0MlkTQGuvvqqjA","微信读书"
"北大就业","2026-05-06","宣讲 | 麦麦科技集团2026校内专场宣讲会等你来","https://mp.weixin.qq.com/s/mxNbs6YJpMtog5m4_rbl1w","微信读书"
"北大就业","2026-05-06","宣讲 | 重庆巴蜀中学教育集团北京专场招聘宣讲会","https://mp.weixin.qq.com/s/eV6I_-Ag28sHN76Oje5O6A","微信读书"
"北大就业","2026-05-06","实习 | 博华资本投资分析师实习招聘","https://mp.weixin.qq.com/s/ziUNaMzZpawY2ZQiPC6F3g","微信读书"
"北大就业","2026-05-05","招聘 | 中国稀土集团启动2026届春季校园招聘","https://mp.weixin.qq.com/s/Qhw1r06lOjd1xhbZy2pS5w","微信读书"
"北大就业","2026-05-05","北京大学举办第十届学生生涯日暨春季实习双选会","https://mp.weixin.qq.com/s/6l_EtP9yrug9k7q-xAocXQ","微信读书"
"北大就业","2026-05-04","招聘 | 东方电气集团面向全球招聘高层次人才","https://mp.weixin.qq.com/s/0VirTyrb1FT2Sbl0m94Khg","微信读书"
"北大就业","2026-05-03","招聘 | 中国南方航空2026届校园招聘","https://mp.weixin.qq.com/s/CCfxLqMd0pT3Y1BUQzQMPA","微信读书"
"北大就业","2026-05-03","招聘 | 辽宁出版集团2026年人才选聘公告","https://mp.weixin.qq.com/s/PtAs15ot9pLMwL6rt2U-bw","微信读书"
"北大就业","2026-05-02","招聘 | 中国数联2026春季校园招聘","https://mp.weixin.qq.com/s/ALeDLY4BhmfbgXHUcaGUQA","微信读书"
"北大就业","2026-05-02","招聘 | 中国石油启动2026年春季高校毕业生招聘！","https://mp.weixin.qq.com/s/MtYvScEJIbv2V_Z8sfVxCg","微信读书"
"北大就业","2026-05-01","招聘｜中国民生银行青岛分行2026届校园招聘火热开启","https://mp.weixin.qq.com/s/FKZbC_e3wUk4PogDbv9e1A","微信读书"
"北大就业","2026-05-01","邀请函 | 情系北医一校友助力就业系列活动","https://mp.weixin.qq.com/s/HloUoeVbobY-_VAbsrwauQ","微信读书"
"北大就业","2026-04-30","招聘丨中国南水北调集团新能源投资有限公司2026年春季校园招聘","https://mp.weixin.qq.com/s/5gjJt40ha71gx8dsdxGhmg","微信读书"
"北大就业","2026-04-30","招聘丨江苏交通控股有限公司2026年春季人才招聘公告","https://mp.weixin.qq.com/s/OUvbCZ0wvZwjAXg3jLNYGQ","微信读书"
"北大就业","2026-04-30","招聘丨广东能源集团2026年春季校园招聘正式启动","https://mp.weixin.qq.com/s/Ls8mNfsMaKj9iIXecZlkrA","微信读书"
"北大就业","2026-04-30","招聘｜中国长城2026年全球博士人才招聘启动","https://mp.weixin.qq.com/s/r3jIMqckwfxGuYOMWimZ6Q","微信读书"
"北大就业","2026-04-30","北京大学学生就业工作调研团走访调研重点就业区域","https://mp.weixin.qq.com/s/Y0Anz0om3JN-2S6K_mo9fQ","微信读书"
"北大就业","2026-04-29","招聘 | 金航数码2026届春季校园招聘","https://mp.weixin.qq.com/s/88YzIN0GQpLmxG7Er86cbQ","微信读书"
"北大就业","2026-04-29","实习丨华夏久盈2027届应届生暑期实习招募正式开启","https://mp.weixin.qq.com/s/fyimTUZ1X7j6Ik5NlWD7Ug","微信读书"
"北大就业","2026-04-29","实习｜平安证券2027届暑期实习生招聘正式启动","https://mp.weixin.qq.com/s/88Hkvpn5ZeCh150jkjgKfQ","微信读书"
"北大就业","2026-04-29","基层北大人 | 一片桑叶，一盏白茶：他们把“第二故乡”带回燕园","https://mp.weixin.qq.com/s/gMTQwIAzvUaHqytAlnVIxw","微信读书"
"北大就业","2026-04-28","招聘｜中国诚通控股集团有限公司2026届春季校园招聘","https://mp.weixin.qq.com/s/JLJusedCzdL7bLEVPMLmDA","微信读书"
"北大就业","2026-04-28","招聘 | 星展科技2026管培生校园招聘空宣预告，火热来袭！","https://mp.weixin.qq.com/s/EHIoc__pWkWp8-PfXse9Pw","微信读书"
"北大就业","2026-04-28","招聘 | 华泰证券2027届校园招聘全面启动！是时候，一鸣惊人！","https://mp.weixin.qq.com/s/JmLuirGc1ukqk9vgrHwLuA","微信读书"
"北大就业","2026-04-28","生涯有志，逐梦有光：北大学子在第三届全国大学生职业规划大赛中展现卓越风采","https://mp.weixin.qq.com/s/RcrFDRFoHWM0XdT3fgj8jA","微信读书"
"北大就业","2026-04-27","招聘 | 上证信息2026年招聘启事","https://mp.weixin.qq.com/s/4yUcFXTS5BSDZKZYzpRfDA","微信读书"
"北大就业","2026-04-27","招聘 | 旌泰物产有限公司2026招聘启事","https://mp.weixin.qq.com/s/liTAdDPnvdGtM96rXDGIEw","微信读书"
"北大就业","2026-04-27","招聘 | 基础大模型技术分享报名 & 顶尖校招生（含实习）招募","https://mp.weixin.qq.com/s/k-V-BQQUDz7_SLAdZa9Lmw","微信读书"
"北大就业","2026-04-27","学生邀请函 | 北京大学医学部第三届学生生涯实习双选会","https://mp.weixin.qq.com/s/h1GcN6lG6Tbq0HCluJjV8Q","微信读书"
"北大就业","2026-04-27","实习 | 招商基金2026年暑期实习招聘","https://mp.weixin.qq.com/s/dmcypYv5avQ0Q3x8wTWglA","微信读书"
"北大就业","2026-04-27","就在明天｜北京大学第十届学生生涯日暨春季实习双选会邀你赴约","https://mp.weixin.qq.com/s/orOn4i6jjMeMJJtVis_MHQ","微信读书"
"北大就业","2026-04-26","招聘 | 中国南水北调集团中线有限公司2026年春季公开招聘公告","https://mp.weixin.qq.com/s/6HQdmHvSaWMmJO0fBpykgw","微信读书"
"北大就业","2026-04-26","招聘 | 国家自然科学基金委员会直属事业单位2026年度公开招聘应届毕业生公告","https://mp.weixin.qq.com/s/KzscJnuH7ekxrn2BPh8ygA","微信读书"
"北大就业","2026-04-26","招聘 | 国家管网2026届春季高校毕业生招聘启动","https://mp.weixin.qq.com/s/Iigpdzlb54WzwSmdjaSgdQ","微信读书"
"北大就业","2026-04-25","招聘 | 中国邮政储蓄银行江苏省分行2026年社会招聘","https://mp.weixin.qq.com/s/zz10I8i3z8TjvtHcYYyO1w","微信读书"
"北大就业","2026-04-25","招聘 | 海控城市综合运营集团2026届校园招聘","https://mp.weixin.qq.com/s/vDxhOAt3vKHrCNIEmuZZxA","微信读书"
"北大就业","2026-04-25","宣讲+公告 | 喀什地区2026年“才聚喀什·智惠丝路”春季招才引智公告","https://mp.weixin.qq.com/s/DvMKNW4MTFztdn1SVvoGGg","微信读书"
"北大就业","2026-04-25","实习 | 圣湘生物2027届实习生校园招聘全面开启！","https://mp.weixin.qq.com/s/C1MQZDwscb4uOFv9NlMFKQ","微信读书"
"北大就业","2026-04-25","倒计时3天｜北京大学第十届学生生涯日暨春季实习双选会邀你赴约！","https://mp.weixin.qq.com/s/JAm0gqDhMNOxapmCwRC-Yw","微信读书"
"北大就业","2026-04-24","招聘｜中国航空工业集团2026年纪检监察人员校园招聘公告","https://mp.weixin.qq.com/s/a4tZ9BBj1ehfpvPEGSn7qQ","微信读书"
"北大就业","2026-04-24","招聘｜星河电子2026届春季校园招聘正式启动","https://mp.weixin.qq.com/s/uYf9bBuoFkp6yAMRQRDwNA","微信读书"
"北大就业","2026-04-24","招聘｜上海人工智能实验室2026和2027届春季招聘","https://mp.weixin.qq.com/s/CmMn0ZZe8D3TH9gowd__6Q","微信读书"
"北大就业","2026-04-24","招聘｜广东电网公司2026年研究生工作站招录公告","https://mp.weixin.qq.com/s/lgGljqqtcYWSe9Ko2a4eQQ","微信读书"
"北大就业","2026-04-23","招聘丨中国化学工程2026届春季校园招聘正式启动","https://mp.weixin.qq.com/s/wT3BcrKniaKjhs8e9tKx0A","微信读书"
"北大就业","2026-04-23","招聘丨中关村学院AI类岗位招聘","https://mp.weixin.qq.com/s/1uo1n7EOQno-VDJi9gH0Tg","微信读书"
"北大就业","2026-04-23","招聘丨国家广播电视总局直属事业单位2026年度公开招聘","https://mp.weixin.qq.com/s/jUa6un1HbtU1p7Mj1PsZvA","微信读书"
"北大就业","2026-04-23","招聘丨高途2026春招补录","https://mp.weixin.qq.com/s/y01_z8NPs1YoO2apEcPYtA","微信读书"
"北大就业","2026-04-23","招聘丨懂车帝原创内容方向岗位热招","https://mp.weixin.qq.com/s/mVzLannIsP0diPRhOvuoZw","微信读书"
"北大就业","2026-04-22","招聘 | 清华大学出版社校园招聘","https://mp.weixin.qq.com/s/uXHa5YVam2bupbl7RQlhpA","微信读书"
"北大就业","2026-04-22","招聘 | 旌安投资2026校园招聘","https://mp.weixin.qq.com/s/khYVDF2ScMs8A2kBdtvFXQ","微信读书"
"北大就业","2026-04-22","招聘 | 国机重型装备集团股份有限公司2026届春季校园招聘","https://mp.weixin.qq.com/s/FVAWwjC-vPio4E3lcME8Ig","微信读书"
"北大就业","2026-04-22","招聘 | 北京海开控股（集团）股份有限公司2026年校园招聘","https://mp.weixin.qq.com/s/UrNVPFq2SmLrkXOuMkeonA","微信读书"
"北大就业","2026-04-21","招聘 | 中国海油2026届春季校园招聘启动","https://mp.weixin.qq.com/s/jK63ZKmOPnpsCxMxsQBl6A","微信读书"
"北大就业","2026-04-21","招聘 | 德邦证券2026届春季校园招聘","https://mp.weixin.qq.com/s/rQGxbS_y2okJ-iYNv57fdg","微信读书"
"北大就业","2026-04-21","宣讲 | 永赢基金2026届春季招聘·2027届暑期招聘宣讲会","https://mp.weixin.qq.com/s/VUTTfM9hs72uPANKY4R5Rw","微信读书"
"北大就业","2026-04-21","宣讲 | 蓝色光标2026届春季校招北京大学专场宣讲会等你来","https://mp.weixin.qq.com/s/2w3jS4iBYZcOOYVjCGYAgA","微信读书"
"北大就业","2026-04-21","双选 | 倒计时7天！北京大学第十届学生生涯日暨春季实习双选会邀你赴约!","https://mp.weixin.qq.com/s/JBWvhdt54Ahv5NQ8ehDFeQ","微信读书"
"北大就业","2026-04-21","活动 | 崖州湾国家实验室将举办2026年国内外青年学者学术交流会","https://mp.weixin.qq.com/s/rvGNXlMfl7xqUNVtPSTjiA","微信读书"
"北大就业","2026-04-20","招聘 | 字节跳动前沿技术领域人才校招正式启动","https://mp.weixin.qq.com/s/qzd8mGR8hCIUKKLL-Ao6dw","微信读书"
"北大就业","2026-04-20","招聘 | 行云集成电路实习生和校园招聘启动","https://mp.weixin.qq.com/s/FX4SwqSJ0XseQbK8u1aEDQ","微信读书"
"北大就业","2026-04-20","招聘 | 南方科技大学附属中学面向全国招聘优秀教师、2026年应届毕业生","https://mp.weixin.qq.com/s/J5jbJiPEGFtP7iTt7seyfg","微信读书"
"北大就业","2026-04-20","招聘 | 国家民委直属事业单位2026年公开招聘公告","https://mp.weixin.qq.com/s/rzs9p-9L0uHKk5eMPTBT6w","微信读书"
"北大就业","2026-04-20","招聘 | 2026年青芒计划校园招聘启动","https://mp.weixin.qq.com/s/NUdMvkuK6wBD3wWhPNVcEA","微信读书"
"北大就业","2026-04-20","实习 | 小红书Ace顶尖实习生计划","https://mp.weixin.qq.com/s/YiXplCLzlqMIW_Ytdx2yAQ","微信读书"
"北大就业","2026-04-19","招聘 | 中国网安/三十所2026届校园招聘正式启动","https://mp.weixin.qq.com/s/2XuhohRhrLUyptKgJA6P2w","微信读书"
"北大就业","2026-04-19","招聘 | 荣耀机器人问鼎马拉松之巅，广纳全球英才！","https://mp.weixin.qq.com/s/9e5NBFRj_5XKkeQaak_avA","微信读书"
"北大就业","2026-04-19","招聘 | 东山精密集团精密制造事业部招聘启动","https://mp.weixin.qq.com/s/AcW6GzZgFCqOpRAdeUsheg","微信读书"
"北大就业","2026-04-19","宣讲会预告 | 4月20日-4月23日","https://mp.weixin.qq.com/s/YHdxZFb3QOpDnvzS8wO33g","微信读书"
"北大就业","2026-04-19","实习 | 网易互娱2027届实习生招聘全面启动","https://mp.weixin.qq.com/s/xeqy9HlQVYJX7bxCqy8NVw","微信读书"
"北大就业","2026-04-18","招聘会 | 全国巡回博士、博士后高层次人才专场签约洽谈会——北京站","https://mp.weixin.qq.com/s/kGLqrboY3FTwYBQIbJEGCw","微信读书"
"北大就业","2026-04-18","招聘 | 粵聚金融英才 共创产融未来——工控万宝融资租赁2026校园招聘！","https://mp.weixin.qq.com/s/p0LvqXnxOcfrjx4lp0acIA","微信读书"
"北大就业","2026-04-18","招聘 | 应急管理部上海消防研究所2026年度事业编制人员招聘公告","https://mp.weixin.qq.com/s/nfWAGIVXCZE-7_f-ygGHOw","微信读书"
"北大就业","2026-04-18","招聘 | 春启新程！长江产业集团2026届春季校园招聘开启","https://mp.weixin.qq.com/s/8u0Bx3y7JaxI_kZUVebppQ","微信读书"
"北大就业","2026-04-18","招聘 | 2026年度民政部所属单位公开招聘应届毕业生公告","https://mp.weixin.qq.com/s/DuHR1lzTLsTqzYcpCDsj2w","微信读书"
"北大就业","2026-04-18","宣讲+双选 | “志同到合 才聚江淮”2026年春季“合肥千企万岗请您来”——北京大学站","https://mp.weixin.qq.com/s/dHydQu-aM1s_-uL2n_sQyQ","微信读书"
"北大就业","2026-04-17","招聘丨中国一汽2026春季校园招聘","https://mp.weixin.qq.com/s/CPCLElTtwa0x4CmGnckJnQ","微信读书"
"北大就业","2026-04-17","招聘｜中国邮政储蓄银行海南省分行2026年春季校园招聘","https://mp.weixin.qq.com/s/DCLiFXRoYIMXx47zy2VBDg","微信读书"
"北大就业","2026-04-17","招聘｜中国宏观经济研究院联合中国人民大学招收2026年度博士后研究人员简章","https://mp.weixin.qq.com/s/bZxr4YsqND-NH_i4BWIEdQ","微信读书"
"北大就业","2026-04-17","招聘｜西藏大学2026年面向海内外诚聘高层次人才公告","https://mp.weixin.qq.com/s/RfILIK1X_Ndq2_YYwOAEmg","微信读书"
"北大就业","2026-04-17","招聘｜西藏大学2026年急需紧缺人才引进公告","https://mp.weixin.qq.com/s/Im2EBLPpQh03rwSqV7pS0g","微信读书"
"北大就业","2026-04-17","招聘｜财信金控2026春季全球校园招聘","https://mp.weixin.qq.com/s/oP44yjRTmqtm8cG0JhNoDw","微信读书"
"北大就业","2026-04-17","实习｜“梦工场”招商银行总行2027届暑期实习生招聘即将截止！","https://mp.weixin.qq.com/s/pCM8TkQbuC0FjdpXthWnnQ","微信读书"
"北大就业","2026-04-16","招聘丨中石化经纬有限公司博士后招聘","https://mp.weixin.qq.com/s/cmmvDkxzzluiLcbgCEv9NA","微信读书"
"北大就业","2026-04-16","招聘丨搜狐集团2026春季校园招聘火热启动","https://mp.weixin.qq.com/s/Z0G0IfEdXTRKPFmu0kEAEQ","微信读书"
"北大就业","2026-04-16","招聘丨宏珏集团职能岗位招聘—Fashion Branding MT","https://mp.weixin.qq.com/s/JmBJimkZIEVv-v82ZzPtAQ","微信读书"
"北大就业","2026-04-16","活动丨飞书 AI 校园挑战赛报名开启","https://mp.weixin.qq.com/s/Mu57rru9VKvmvtqHL543zw","微信读书"
"北大就业","2026-04-15","招聘 | 中邮消费金融2026春季校园招聘正式启动","https://mp.weixin.qq.com/s/PwOSfssIBgxv0lNwcxvdSg","微信读书"
"北大就业","2026-04-15","招聘 | 中国刑事警察学院招聘公告","https://mp.weixin.qq.com/s/yP4tl8nV9_z1qxYNMjOp8w","微信读书"
"北大就业","2026-04-15","招聘 | 联想2026春季校招AI专项","https://mp.weixin.qq.com/s/d77nBejDlxk7vGtC-sWqqg","微信读书"
"北大就业","2026-04-15","宣讲 | 核桃编程2026届春季校园招聘","https://mp.weixin.qq.com/s/i_HIP9sqFsTZUO51oxniEA","微信读书"
"北大就业","2026-04-14","招聘 | 中国铝业集团有限公司2026年春季招聘（第二批）正式启动","https://mp.weixin.qq.com/s/t54ZPcAA-3afisgFewGiJA","微信读书"
"北大就业","2026-04-14","招聘 | 浙江居正资产管理有限公司春季招聘","https://mp.weixin.qq.com/s/un3vlUHU9D6mVIEA_M78zA","微信读书"
"北大就业","2026-04-14","招聘 | 北京保障房中心2026年校园招聘公告","https://mp.weixin.qq.com/s/CHQMXkZCUBrHHfZPJz0H3Q","微信读书"
"北大就业","2026-04-14","双选 | 博聚未来——北京大学博士博士后专场招聘会邀请函","https://mp.weixin.qq.com/s/y3O0p-leIh37flpl3gF3xg","微信读书"
"北大就业","2026-04-14","活动 | 直通总台《青年科创+》，2026人工智能与智慧治理创新创业大赛报名启动！","https://mp.weixin.qq.com/s/f4Yyu1KMHUkIaL-iJPz-Yg","微信读书"
"北大就业","2026-04-13","招聘丨苏交科集团2026届春季校园招聘正式启动","https://mp.weixin.qq.com/s/I-NeuSFe1cWhlHysbVj8fQ","微信读书"
"北大就业","2026-04-13","招聘 | 中国华腾工业有限公司2026年度春季招聘","https://mp.weixin.qq.com/s/-1xwJ9C7QJHuWsJqVlplsg","微信读书"
"北大就业","2026-04-13","招聘 | 中国光大银行北京分行2026年春季校园招聘正式启动","https://mp.weixin.qq.com/s/469etB9BhHNo5_oTDjZXOA","微信读书"
"北大就业","2026-04-13","招聘 | 因诺资产·破界计划（大模型×量化）招聘正式启动","https://mp.weixin.qq.com/s/fpe1IMRlv4pxU2kKJokUsg","微信读书"
"北大就业","2026-04-13","招聘 | 养生堂·农夫山泉2026春季校园招聘正式启动","https://mp.weixin.qq.com/s/NU_Aq8jdC49itPThwj-hQw","微信读书"
"北大就业","2026-04-13","招聘 | 京东2026TET管培生招聘正式启动","https://mp.weixin.qq.com/s/IfOdSdsnw2ur4kMulPYwyQ","微信读书"
"北大就业","2026-04-13","宣讲| 陕西师范大学2026年春季招聘宣讲会","https://mp.weixin.qq.com/s/KS5I4DrnYKa2rwffcyoF9A","微信读书"
"北大就业","2026-04-13","宣讲 | 之江实验室2026年校园招聘正式启动","https://mp.weixin.qq.com/s/AMUL7_Cylvf58xrLM1sIiw","微信读书"
"北大就业","2026-04-12","招聘 | 阳光保险集团2026校园大使招聘启动","https://mp.weixin.qq.com/s/zApfnmP6nd3KrgCfdL5YeQ","微信读书"
"北大就业","2026-04-12","招聘 | 国防科技大学外国语学院2026人才引进公告","https://mp.weixin.qq.com/s/PuZ5nwArlM20J1dmstPXsw","微信读书"
"北大就业","2026-04-12","招聘 | 大家保险集团2026年度春季校园招聘正式启动","https://mp.weixin.qq.com/s/PF3O6DY8W5_RheuwYXHEcQ","微信读书"
"北大就业","2026-04-12","宣讲会预告 | 4月13日-4月16日","https://mp.weixin.qq.com/s/tjeesS1Q-9mw5lg9B9ispw","微信读书"
"北大就业","2026-04-12","宣讲 | 招商银行第10季数字金融训练营宣讲会","https://mp.weixin.qq.com/s/0J4Q3oVOgoF38ttFN5mA_g","微信读书"
"北大就业","2026-04-11","招聘 | 中国华腾工业有限公司2026年度春季招聘","https://mp.weixin.qq.com/s/vMxeD2tk8XK2qmHno9py7g","微信读书"
"北大就业","2026-04-11","招聘 | 浙商银行2026春季校园招聘正式启动","https://mp.weixin.qq.com/s/wS8nNo2tBGQJSDGBNfDCHQ","微信读书"
"北大就业","2026-04-11","用人单位邀请函 | 北京大学2026年第十届学生生涯日暨春季实习双选会","https://mp.weixin.qq.com/s/b7h4gZNzU_MF0oQ7I0KrGw","微信读书"
"北大就业","2026-04-11","宣讲+双选 | 小米人才日北京大学专场活动来啦！","https://mp.weixin.qq.com/s/MnxW9aFoGt6NqBGXVwI7vA","微信读书"
"北大就业","2026-04-11","宣讲 | 北京中关村学院x中关村人工智能研究院春季校招宣讲等你来","https://mp.weixin.qq.com/s/tmQgVl6QyrMEBJc8gkVUFw","微信读书"
"北大就业","2026-04-10","招聘会｜北京站青海专场招聘会","https://mp.weixin.qq.com/s/C9lL3O1HfG7ExP9fYNBNLw","微信读书"
"北大就业","2026-04-10","招聘｜中国中煤2026春季校园招聘","https://mp.weixin.qq.com/s/NDcSyauUAksOUlKAdjVmhw","微信读书"
"北大就业","2026-04-10","招聘｜中国能建国际集团2026春季校园招聘","https://mp.weixin.qq.com/s/T_61j_mQhxDQ6nrTy-aS3A","微信读书"
"北大就业","2026-04-10","招聘｜逻辑比特科技2026届量子技术管培生招聘","https://mp.weixin.qq.com/s/aWZRienOCGw5oJPdTAkJqw","微信读书"
"北大就业","2026-04-09","政策丨青年发展型城市—青年安居“大礼包”来了","https://mp.weixin.qq.com/s/FIEwL4KXKkOPwlf_E_D9sA","微信读书"
"北大就业","2026-04-09","招聘丨杭州市钱塘区2026年紧缺岗位人才招聘公告","https://mp.weixin.qq.com/s/RZ87__98Tk4j1ZRmP-pJhA","微信读书"
"北大就业","2026-04-09","招聘丨2026中航科创 “百名博士进科创”人才专项","https://mp.weixin.qq.com/s/nS1EOiSlYPpz10clpooZsQ","微信读书"
"北大就业","2026-04-09","宣讲+双选｜潮涌上海北外滩  智启虹口新征程 —— 大展“虹”途高校引才宣讲会","https://mp.weixin.qq.com/s/N5qUpBa74ZTGwU1qQxbLUw","微信读书"
"北大就业","2026-04-09","宣讲+实习丨中兴通讯2026年实习生招聘&捧月大赛宣讲会","https://mp.weixin.qq.com/s/9BWktKGASX6MU5rXaHsA3g","微信读书"
"北大就业","2026-04-09","实习丨阿里国际2027届实习生招聘正式启动","https://mp.weixin.qq.com/s/N8aTrRy7XmDPnEROPX_Jzg","微信读书"
"北大就业","2026-04-08","招聘 | 中国国新2026届春季校园招聘正式启动","https://mp.weixin.qq.com/s/uBnqzuvqO4g-tBNJJrpoaQ","微信读书"
"北大就业","2026-04-08","招聘 | 银联数据2026年校园招聘正式启动","https://mp.weixin.qq.com/s/bmEm-B1xhaDUNCUy95xcDg","微信读书"
"北大就业","2026-04-08","招聘 | 顽岩资产2027校园招聘","https://mp.weixin.qq.com/s/bQKAS75wfIK11IVCq2Kv0w","微信读书"
"北大就业","2026-04-08","招聘 | 通付盾2026校园招聘","https://mp.weixin.qq.com/s/sn-Hl4_e78xUMNc1JcPfdw","微信读书"
"北大就业","2026-04-08","招聘 | 汇添富基金“添”才计划2027校园招聘暑期选拔","https://mp.weixin.qq.com/s/nK_dqtzaQYZ_TVHUXDqptg","微信读书"
"北大就业","2026-04-08","实习 | 2026年荣耀实习生“逐梦计划”全球启动","https://mp.weixin.qq.com/s/iQpH4CSs9HLjQJX19PTyuw","微信读书"
"北大就业","2026-03-25","招聘 | 中建三局2026届“争先之星”春季校园招聘","https://mp.weixin.qq.com/s/YTDlbpQE5nYIxKK9BqBtvQ","微信读书"
"北大就业","2026-03-25","招聘 | 中国移动在线营销服务中心2026春季招聘正式启动","https://mp.weixin.qq.com/s/N7QT6at0bBWKhH6nFnrkTA","微信读书"
"北大就业","2026-03-25","招聘 | 一汽-大众2026春季校园招聘正式启动","https://mp.weixin.qq.com/s/VHdoEEAb0ldhPDzm6d8tag","微信读书"
"北大就业","2026-03-25","招聘 | 新网银行专项培训生招募计划正式启动","https://mp.weixin.qq.com/s/nsZrMkPCTsIvf6f1BGvDfA","微信读书"
"北大就业","2026-03-25","招聘 | 微观博易2026春季校园招聘正式启动","https://mp.weixin.qq.com/s/a3IMTvPaEx1gV_w9IdMKpA","微信读书"
"北大就业","2026-03-25","招聘 | 快手2026春季校园招聘启动","https://mp.weixin.qq.com/s/dm2wFZ-H64ih8Sj39qiHsw","微信读书"
"北大就业","2026-03-25","实习 | 平安银行2027届暑期实习生招聘","https://mp.weixin.qq.com/s/XnOjEv1LFfSbMdOFPpZayQ","微信读书"
"北大就业","2026-03-25","实习 | 2026美少年暑期实习正式启动","https://mp.weixin.qq.com/s/-vjrxRe1ZnvVclhBIJqQjQ","微信读书"
"北大就业","2026-03-24","招聘 | 新疆移动2026春季校园招聘","https://mp.weixin.qq.com/s/03AHeuEyttKZX4kZkRclSQ","微信读书"
"北大就业","2026-03-24","招聘 | 特区建工集团2026届春季校园招聘正式启动！","https://mp.weixin.qq.com/s/wbErrXxNE29ctZOmCixuIQ","微信读书"
"北大就业","2026-03-24","招聘 | 泡泡玛特2026春季校园招聘正式启动！","https://mp.weixin.qq.com/s/ypbpRpdox0Ay7MmpbwB6kg","微信读书"
"北大就业","2026-03-24","招聘 | 龙湖集团2026春季校园招聘正式开启！","https://mp.weixin.qq.com/s/tLkOdzRie660nvK-sgDCgA","微信读书"
"北大就业","2026-03-24","招聘 | 道旅科技2026届校园招聘启动！","https://mp.weixin.qq.com/s/8d-r7gY56Kl1tvUUqtccvQ","微信读书"
"北大就业","2026-03-24","宣讲 | 长光卫星多个岗位持续招聘中！","https://mp.weixin.qq.com/s/cjnf4ZAM9vVsIjYhy3pBvg","微信读书"
"北大就业","2026-03-24","实习 | 卓驭2026年领航者实习生计划全面启动！","https://mp.weixin.qq.com/s/GRiIdZ8lYrJTSnEeR7SYsA","微信读书"
"北大就业","2026-03-24","实习 | 工行总行本部2026年暑期实习生招聘","https://mp.weixin.qq.com/s/-ZCdB_6FAFJNm_-GtHUGnw","微信读书"
"北大就业","2026-03-23","招聘 | 山东能源集团2026年“源动力”高层次人才校园招聘","https://mp.weixin.qq.com/s/wZSk05bgqfNSxCKh4M0BlA","微信读书"
"北大就业","2026-03-23","招聘 | 北京佰师和康医药科技有限公司2026年校园招聘公告","https://mp.weixin.qq.com/s/DQzhSKWwRjXaiHBHDbxR2Q","微信读书"
"北大就业","2026-03-23","宣讲 | 中建五局“青苗计划”2026校园招聘","https://mp.weixin.qq.com/s/lCxzpiIwPtfqdoNp_jUb3Q","微信读书"
"北大就业","2026-03-23","宣讲 | 学而思网校2026届全球联合招聘会","https://mp.weixin.qq.com/s/nZtVK8Xbu5JiL4BTCvmjpw","微信读书"
"北大就业","2026-03-23","宣讲 | 网易游戏雷火北京大学宣讲会","https://mp.weixin.qq.com/s/-YAu3bK0qwWzb00x6_0Z-Q","微信读书"
"北大就业","2026-03-23","宣讲 | 凯盛浩丰2026届管培生春季校园招聘","https://mp.weixin.qq.com/s/BRiOaqQyNjSYnJvF519I6Q","微信读书"
"北大就业","2026-03-23","宣讲 | 倍思奇2026届Best Partners青年合伙人专场宣讲会","https://mp.weixin.qq.com/s/OtdCqxFURkmGjN-9jkgtRg","微信读书"
"北大就业","2026-03-23","活动 | “异彩规划”生涯发展工作坊第25期：解码“无领导小组面试”——沉浸式沟通力提升训练","https://mp.weixin.qq.com/s/A1cTwwdkPvklFM_ukYbpcg","微信读书"
"北大就业","2026-03-22","招聘 | 仙乐健康科技股份有限公司2026校园招聘启动","https://mp.weixin.qq.com/s/hTIGi4vV-wBaDbYJPA-LkQ","微信读书"
"北大就业","2026-03-22","招聘 | 西南证券2026届春季校园招聘启动","https://mp.weixin.qq.com/s/nvPhbAMINuyHMp0qtEw4Tw","微信读书"
"北大就业","2026-03-22","招聘 | 神农集团2026春季全球校园招聘正式启动","https://mp.weixin.qq.com/s/Bgp8QYkdTF8zE3uklQJIDg","微信读书"
"北大就业","2026-03-22","招聘 | 容百集团2026届全球校园招聘","https://mp.weixin.qq.com/s/cT0vuhDxildqwKckwsWmvg","微信读书"
"北大就业","2026-03-22","招聘 | 2026年广州市从化区事业单位赴北京公开招聘高校毕业生","https://mp.weixin.qq.com/s/XLDgOEBIwvhFT9Ag75KEDw","微信读书"
"北大就业","2026-03-22","宣讲会预告 | 3月23日-3月27日宣讲会","https://mp.weixin.qq.com/s/XJArSM6V2JwdWId0Gme3CQ","微信读书"
"北大就业","2026-03-22","宣讲 | 美丽中国支教项目北京大学春招宣讲","https://mp.weixin.qq.com/s/HtyGPrunxrSMsNvo_IgYlQ","微信读书"
"北大就业","2026-03-22","宣讲 | 成都市大邑县2026年上半年“蓉漂人才荟人才引进推介会北京站","https://mp.weixin.qq.com/s/0Hlm2a7I3OftKQ9be77yqQ","微信读书"
"北大就业","2026-03-21","招聘 | TP-Link联洲2026届春季校园招聘启动！","https://mp.weixin.qq.com/s/Acq9DdFCnZ7qvwFZYWXIaQ","微信读书"
"北大就业","2026-03-21","招聘 | 中建三局集团（深圳）有限公司2026届春季校园招聘正式启动！","https://mp.weixin.qq.com/s/PNHq1qgxypD5MqWg9tvjBQ","微信读书"
"北大就业","2026-03-21","招聘 | 浙江大学公开招聘","https://mp.weixin.qq.com/s/s32OFwdEsmk_KLyiPl6uOA","微信读书"
"北大就业","2026-03-21","招聘 | 钛动科技2026天狼星人才招募计划启动","https://mp.weixin.qq.com/s/hR4RMMcW0DxCBRcpV39Yew","微信读书"
"北大就业","2026-03-21","招聘 | 强生2026春季校园招聘正式启动","https://mp.weixin.qq.com/s/dmMH1KAZoHHNRFMXebRrMw","微信读书"
"北大就业","2026-03-21","招聘 | 蚂蚁集团2026春季校园招聘启动！","https://mp.weixin.qq.com/s/MEcTKH7K1t5Rzw8TXwD3RQ","微信读书"
"北大就业","2026-03-21","招聘 | 甘肃民族师范学院2026年公开招聘博士研究生公告","https://mp.weixin.qq.com/s/LVDXWovNfHmBlgd0lqfyUQ","微信读书"
"北大就业","2026-03-21","宣讲+双选 | “才聚天府·筑梦成都”2026“蓉漂人才荟”北京大学专场活动","https://mp.weixin.qq.com/s/Sf99xPEleY1ce-kKPUlllQ","微信读书"
"北大就业","2026-03-20","招聘 | TCL实业2026届春季全球校园招聘","https://mp.weixin.qq.com/s/guZjHMZd4Lrr__rCXJE_5w","微信读书"
"北大就业","2026-03-20","招聘 | 中央社会工作部所属事业单位2026年度公开招聘工作人员公告","https://mp.weixin.qq.com/s/yYMBhDpfdGNm5g41of7p4w","微信读书"
"北大就业","2026-03-20","招聘 | 中国兵器北方夜视科技研究院集团有限公司2026届春季校园招聘","https://mp.weixin.qq.com/s/5v0ptN43UPdTqeC4KX3h4g","微信读书"
"北大就业","2026-03-20","招聘 | 杭州润洲私募基金2026春季校园招聘","https://mp.weixin.qq.com/s/qpg6xNneM88j5xlEGP2I6g","微信读书"
"北大就业","2026-03-20","招聘 | 比亚迪2026届春季校园招聘正式启动！","https://mp.weixin.qq.com/s/afCHmSo5Z4oWtBevMlpsug","微信读书"
"北大就业","2026-03-20","实习 | 衍复暑期实习青衿计划","https://mp.weixin.qq.com/s/BF08g2E5KWTiUMSjy0xNOw","微信读书"
"北大就业","2026-03-20","就在明天：500+单位入校招聘","https://mp.weixin.qq.com/s/AAiwo0fnhRPaTuSORRZUng","微信读书"
"北大就业","2026-03-20","活动 | 『来“斯”启航』SLB Open Day报名启动！","https://mp.weixin.qq.com/s/Ab68ZaPvbBS1taXOrifltg","微信读书"
"北大就业","2026-03-19","招聘 | 中移互联网2026春季校园招聘正式启动！","https://mp.weixin.qq.com/s/lKdPQq1phcxqmun5nHaRWg","微信读书"
"北大就业","2026-03-19","招聘 | 燕东微2026届春季校园招聘正式启动","https://mp.weixin.qq.com/s/bRZleJG1xHP0HTEIXihIYg","微信读书"
"北大就业","2026-03-19","招聘 | 网申启动！叠纸游戏2026春招&「NOVA」训练营等你来投！","https://mp.weixin.qq.com/s/h17vy6AwjYQ8ab4ehoVcMw","微信读书"
"北大就业","2026-03-19","招聘 | 宽德智能学习实验室2026春季招聘","https://mp.weixin.qq.com/s/y6qg-Es9VnsBAB2LSx_xDg","微信读书"
"北大就业","2026-03-19","学生邀请函 | 北京大学医学部2026届毕业生春季双选会","https://mp.weixin.qq.com/s/YUUcmrqR0CW2_pnAdBpFkQ","微信读书"
"北大就业","2026-03-19","学生邀请函 | 北京大学2026届毕业生春季综合双选会","https://mp.weixin.qq.com/s/t3rseoTeKLn-x4WMJm2v6g","微信读书"
"北大就业","2026-03-19","实习 | 淘天集团2027届实习生招聘正式启动","https://mp.weixin.qq.com/s/LWNkmZdpABTEo1p3L5YkAA","微信读书"
"北大就业","2026-03-19","实习 | 安克创新2027届校招储备实习生招聘正式启动！","https://mp.weixin.qq.com/s/lz62iMwFUzXvApe1AcXCAQ","微信读书"
"北大就业","2026-03-18","招聘｜中华保险集团资产管理中心2026年校园招聘","https://mp.weixin.qq.com/s/GEwPHK5I54zpxfYzzPGHMw","微信读书"
"北大就业","2026-03-18","招聘｜中电信量子集团2026春季博士招聘火热进行中","https://mp.weixin.qq.com/s/wX_ZnjxnMi5UoArm4zGWWg","微信读书"
"北大就业","2026-03-18","招聘｜三七互娱2026春招&2027实习生招聘启动","https://mp.weixin.qq.com/s/drQ-RLSE0KbqF0vVAzUjuA","微信读书"
"北大就业","2026-03-18","招聘 | 第八届红杉学者招募正式启动","https://mp.weixin.qq.com/s/fBV7WI9JiJKU3TDu2Qg5Pw","微信读书"
"北大就业","2026-03-18","宣讲｜深中春招启动","https://mp.weixin.qq.com/s/K5R82U-7j58C3Gt8updipg","微信读书"
"北大就业","2026-03-18","宣讲+双选｜广东省“百万英才汇南粤”春季招聘","https://mp.weixin.qq.com/s/4jYCtmVujEY1452z0GoIOw","微信读书"
"北大就业","2026-03-18","宣讲+双选 | 重庆市万州区2026年春季校园招聘北京大学专场宣讲会","https://mp.weixin.qq.com/s/torY8Gx-5QQe8pRyoPDgHA","微信读书"
"北大就业","2026-03-18","双选｜高博人才全国博士、博士后高层次人才专场签约洽谈会","https://mp.weixin.qq.com/s/xSyZKxNj9NDbLlCdFjGWOA","微信读书"
"北大就业","2026-03-17","招聘｜FunPlus2026届春招补录&转正实习招聘启动！","https://mp.weixin.qq.com/s/StlQdTlDHQuYOymdEchWsA","微信读书"
"北大就业","2026-03-17","招聘｜塔斯汀2026届校园招聘","https://mp.weixin.qq.com/s/BYgNqTuvxuUtfgARvZZm9Q","微信读书"
"北大就业","2026-03-17","招聘｜深圳燃气2026届春季校园招聘正式启动","https://mp.weixin.qq.com/s/IDvVe64HaAicaswEXdidVA","微信读书"
"北大就业","2026-03-17","宣讲｜中国电信2026春季校园招聘专场技术讲座","https://mp.weixin.qq.com/s/LVoNj8a63y4R9c3c5rMvTA","微信读书"
"北大就业","2026-03-17","宣讲｜上海市黄浦区2026年储备人才招聘","https://mp.weixin.qq.com/s/9uULl8xrx4wl3KmckmSUog","微信读书"
"北大就业","2026-03-17","宣讲+双选｜鄂尔多斯市2026年度招才引智活动北京站招聘公告","https://mp.weixin.qq.com/s/ZPpRXaG_rbBcIR8h9xkSgw","微信读书"
"北大就业","2026-03-17","双选｜2026年浙江国企春季招聘引才活动北京专场","https://mp.weixin.qq.com/s/33PP66HwFJYX2Udn078lig","微信读书"
"北大就业","2026-03-17","实习｜卡方科技摘星计划2026年暑期实习","https://mp.weixin.qq.com/s/-RErYE9V7V6T_5ipmIK89A","微信读书"
"北大就业","2026-03-16","招聘 | 中建八局总部“铁军·星计划”2026届管培生春季招聘正式启幕","https://mp.weixin.qq.com/s/B3OCQI8iSmXyTLSVXYwcjw","微信读书"
"北大就业","2026-03-16","招聘 | 中国科学院沈阳自动化研究所2026年春季招聘简章","https://mp.weixin.qq.com/s/SHIc5RDk__gJm_wo_PkMow","微信读书"
"北大就业","2026-03-16","招聘 | 云南省向北大学子发出邀请：这场引才活动不容错过！","https://mp.weixin.qq.com/s/abTq5KuIYV1bzQqWMARLkQ","微信读书"
"北大就业","2026-03-16","招聘 | 青岛财通集团有限公司2026届校园招聘","https://mp.weixin.qq.com/s/xy8xkJF8jvKbjca-0YCsmA","微信读书"
"北大就业","2026-03-16","招聘 | 超聚变2026届春季校园招聘","https://mp.weixin.qq.com/s/zuuS5ikoK8ohkVMfRhYa1g","微信读书"
"北大就业","2026-03-16","招聘 | 321到苏州！@青年人才，2026苏州春季招聘大会10万+岗位来了","https://mp.weixin.qq.com/s/kuLyi-DLjef9TgFZL8lrXw","微信读书"
"北大就业","2026-03-16","宣讲 | 字节跳动2026实习生招聘","https://mp.weixin.qq.com/s/ENN0mFq2X97ZrZ1F7gsi7Q","微信读书"
"北大就业","2026-03-16","实习 | 京东2026年JD YOUNG实习生招聘全面启动！","https://mp.weixin.qq.com/s/OdJeU9HI-jnqgy52bkXyRg","微信读书"
"北大就业","2026-03-15","招聘 | 新浪&微博2026届春季校园招聘正式启动","https://mp.weixin.qq.com/s/7M7ouAWdf5q2CIfHwB15Cg","微信读书"
"北大就业","2026-03-15","招聘 | 汉江实验室2026届校园招聘正式启动","https://mp.weixin.qq.com/s/ivkfWQfQdAHz8hHlbctGhg","微信读书"
"北大就业","2026-03-15","招聘 | 广东联通2026春季校园招聘启动","https://mp.weixin.qq.com/s/z0WVVcmpoJLR4NkAQLGurw","微信读书"
"北大就业","2026-03-15","宣讲会预告 | 3月16日-3月22日宣讲会","https://mp.weixin.qq.com/s/IxucTJqHGO-hkwyZynKVMg","微信读书"
"北大就业","2026-03-15","宣讲 | 牧原2026春季校园招聘宣讲会","https://mp.weixin.qq.com/s/edgr_z6GLnWDKTJi1j4v_A","微信读书"
"北大就业","2026-03-15","宣讲 | 广电运通集团2026届校园招聘宣讲会","https://mp.weixin.qq.com/s/ROiNtUkpnPkl0yQl7fB66A","微信读书"
"北大就业","2026-03-15","宣讲 | 百度2027届暑期实习生招聘启动","https://mp.weixin.qq.com/s/3DpKacFwxGAXMg0y_o8ycg","微信读书"
"北大就业","2026-03-15","双选 | 2026年中关村百校联盟校园招聘团北京大学综合双选会","https://mp.weixin.qq.com/s/GJMwijF1ZFKH97Ei_fiP8g","微信读书"
"北大就业","2026-03-14","招聘 | 新华基金2026届春季校园招聘&实习招聘","https://mp.weixin.qq.com/s/Ps3gQvOJodDnWK9y-yXZnQ","微信读书"
"北大就业","2026-03-14","招聘 | 申洲2026春季全球校园招聘正式启动！","https://mp.weixin.qq.com/s/VarnGYexHgLoaCV9nkBYRQ","微信读书"
"北大就业","2026-03-14","招聘 | 民泰银行2026春季校园招聘正式启动！","https://mp.weixin.qq.com/s/V9XK3CvB1QTd-Rxd3zQZHw","微信读书"
"北大就业","2026-03-14","招聘 | 虎牙2026届春季校园招聘正式启动","https://mp.weixin.qq.com/s/eAcVsRpwyA8DHccg_dgBaw","微信读书"
"北大就业","2026-03-14","招聘 | 贝壳找房2026届ADC春招正式启动！","https://mp.weixin.qq.com/s/QE886q6i9kEWYYxq66D4hQ","微信读书"
"北大就业","2026-03-14","招聘 | 2026洋葱学园校园招聘","https://mp.weixin.qq.com/s/59r4_fPF-YOAwR1WLrcaYQ","微信读书"
"北大就业","2026-03-14","招聘 | 2026学而思网校校园大使开始招募啦","https://mp.weixin.qq.com/s/aBt8szZOclolLp3A_cDMjg","微信读书"
"北大就业","2026-03-14","宣讲 | 岚图汽车2026年春季校园招聘-北京大学专场","https://mp.weixin.qq.com/s/bIpmH6Jo6eHHKS8aSLwk_A","微信读书"
"北大就业","2026-03-13","招聘 | 铸软件基石 擎装备重器 中物院软件中心2026届春招来袭！","https://mp.weixin.qq.com/s/15bSEkzpF9ArOw3nj0-SYQ","微信读书"
"北大就业","2026-03-13","招聘 | 中芯国际2026届校招持续进行中","https://mp.weixin.qq.com/s/ehc_p5XKc0FRQo-AWbe9Lg","微信读书"
"北大就业","2026-03-13","招聘 | 浙江广播电视集团向你发出诚挚邀约！","https://mp.weixin.qq.com/s/byiaJHBOyirjyekyVqeZ-g","微信读书"
"北大就业","2026-03-13","招聘 | 苏交科2026届春季校园招聘正式启动！","https://mp.weixin.qq.com/s/JOeTrCeyY96tEui_X57WpA","微信读书"
"北大就业","2026-03-13","招聘 | 顺丰集团2026届管培生春季校园招聘全球启动","https://mp.weixin.qq.com/s/1B2fh2NYO8Obo8ZI-0QWGQ","微信读书"
"北大就业","2026-03-13","招聘 | 超“粤”梦想，精“财”启航——粤财控股2026春季校园招聘！","https://mp.weixin.qq.com/s/6vHZ5wLE8asQaUTVv8sibw","微信读书"
"北大就业","2026-03-13","实习 | 博世实习生专项招聘 【智行学院】正式启动","https://mp.weixin.qq.com/s/xxhPgQrfnJfvW8TguU-hEg","微信读书"
"北大就业","2026-03-13","实习 | 2026—2027年度博古睿实习生招聘","https://mp.weixin.qq.com/s/0RsvokM6qZ0Ah0VuAyGvnw","微信读书"
"北大就业","2026-03-12","招聘丨“天下泉城聚天下英才”中国•济南第五届高层次人才招引大会 大会公告&参会攻略","https://mp.weixin.qq.com/s/cxDK7Fz3Egrshtkvd-w4OA","微信读书"
"北大就业","2026-03-12","招聘｜中建八局四公司2026届春季校园招聘正式启动","https://mp.weixin.qq.com/s/homs2hB5epUgTx685XNQug","微信读书"
"北大就业","2026-03-12","招聘 | 卓识基金2026春季校园招聘","https://mp.weixin.qq.com/s/mCF-6aZfKRu_lL3YdY7x3A","微信读书"
"北大就业","2026-03-12","招聘 | 中国文投2026届春季校园招聘","https://mp.weixin.qq.com/s/HLmt8ESPUYcJEiM8NeHJaw","微信读书"
"北大就业","2026-03-12","招聘 | 华夏久盈2026春季校园招聘正式启动","https://mp.weixin.qq.com/s/jubtx-wVqFSbjRAlOeSQvA","微信读书"
"北大就业","2026-03-12","招聘 | 国泰海通证券上海分公司2026管培生组队ING","https://mp.weixin.qq.com/s/-z5MtOx1vxbJmyPh5vMZ1A","微信读书"
"北大就业","2026-03-12","宣讲 | 迈塔兰斯2026届校招正式启动！","https://mp.weixin.qq.com/s/xGInYpZxbX9lrK7ApfNgxQ","微信读书"
"北大就业","2026-03-11","招聘｜小米集团2026届春季校园招聘正式启动","https://mp.weixin.qq.com/s/r628sIVm8J3Pu_aC697tOA","微信读书"
"北大就业","2026-03-11","招聘｜平安银行2026春季校园招聘全球启动","https://mp.weixin.qq.com/s/81oZAppkjlkVWGIv-TGbPg","微信读书"
"北大就业","2026-03-11","招聘｜平安产险2026春招正式启动","https://mp.weixin.qq.com/s/jFRNUGnTzovOQfSVSUZbCQ","微信读书"
"北大就业","2026-03-11","招聘｜东北证券2026届春季校园招聘进行中","https://mp.weixin.qq.com/s/KZFntL2t_3AYaHchN7zgJg","微信读书"
"北大就业","2026-03-11","宣讲｜米哈游全年实习生招聘项目启动","https://mp.weixin.qq.com/s/cvkSq67ageLx2rcjPtN7bA","微信读书"
"北大就业","2026-03-11","双选｜中国兵器2026届春季校园招聘正式启动","https://mp.weixin.qq.com/s/-DVdHqPXnevgq65iC19UIw","微信读书"
"北大就业","2026-03-11","双选 | 2026春季大湾区重点用人单位就业实习双选会","https://mp.weixin.qq.com/s/R0RwzqBf6sXd4kugXF-mSw","微信读书"
"北大就业","2026-03-11","实习｜字节跳动 ByteIntern 实习生招聘正式启动","https://mp.weixin.qq.com/s/l6AUTPAtILT5udnrw1w4Ww","微信读书"
"北大就业","2026-03-10","招聘｜Shopee研发中心2026春招正式启动","https://mp.weixin.qq.com/s/5dltrbx1Ypla5_uO1b19QQ","微信读书"
"北大就业","2026-03-10","招聘｜兆芯2026春季校园招聘启动","https://mp.weixin.qq.com/s/Upr5bIiz9dioRFmRVp_ERA","微信读书"
"北大就业","2026-03-10","招聘｜新东方2026届春招Open Day-北大专场邀您直通Offer！","https://mp.weixin.qq.com/s/-i25i_JmnbXYWpzu2Si2GA","微信读书"
"北大就业","2026-03-10","招聘｜泰康保险集团2026年全球招聘","https://mp.weixin.qq.com/s/1h3rKgRVi98rSPbA6Of1Zw","微信读书"
"北大就业","2026-03-10","招聘｜德勤2026春季全职招聘+暑期实习","https://mp.weixin.qq.com/s/2joAYKptrpgcZaauv0WUvw","微信读书"
"北大就业","2026-03-10","宣讲｜美团2026年春季校园招聘宣讲会北京大学站","https://mp.weixin.qq.com/s/5DC1aW1cOBz0G9wIPVHieg","微信读书"
"北大就业","2026-03-10","双选｜“百万英才汇南粤”2026年春季大型综合招聘会","https://mp.weixin.qq.com/s/odhm0kYX1Q1igxseg5uFrg","微信读书"
"北大就业","2026-03-10","实习｜腾讯2026实习生招聘全球启动","https://mp.weixin.qq.com/s/hZ7Jw-QNv4qbNMOSGr7W9A","微信读书"
"北大就业","2026-03-09","招聘 | 库洛游戏2026届春季校园招聘正式启动！","https://mp.weixin.qq.com/s/T8qrYiMYOL3u6tN5bvGMiQ","微信读书"
"北大就业","2026-03-09","招聘 | 九坤投资2026年春季校园招聘正式启动","https://mp.weixin.qq.com/s/3ogtZs3EzFFTWWL7HrYQ3A","微信读书"
"北大就业","2026-03-09","招聘 | 国机集团“青蓝计划”2026届管培生春季招聘全面启动","https://mp.weixin.qq.com/s/X3iax2rgEhGNYJ1TW2tCLg","微信读书"
"北大就业","2026-03-09","招聘 | 东风日产2026春季校园招聘正式启动！","https://mp.weixin.qq.com/s/daURYsw6tIuV8nmbWPg7dA","微信读书"
"北大就业","2026-03-09","宣讲会预告 | 3月9日-3月15日宣讲会","https://mp.weixin.qq.com/s/YGzWO_o5e_lhcXxV4LGLUg","微信读书"
"北大就业","2026-03-09","宣讲 | 易方达基金2026年暑期招聘","https://mp.weixin.qq.com/s/SZJuNrQfJPpGit0tw4cHkA","微信读书"
"北大就业","2026-03-09","宣讲 | 好课在线2026北大专项校园宣讲会","https://mp.weixin.qq.com/s/JBtA_y7j7WW2g1AoJXfRgA","微信读书"
"北大就业","2026-03-09","杭州龙旗招聘：春日纳新，邀您共赴量化之约","https://mp.weixin.qq.com/s/zDuH8vxNTbV3878_2w2cmA","微信读书"
"北大就业","2026-03-08","招聘 | 中央宣传部直属单位2026年度公开招聘工作人员公告","https://mp.weixin.qq.com/s/2x_ZQHL1NDCNfk63eha1sA","微信读书"
"北大就业","2026-03-08","招聘 | 壳牌中国2026年春季校园招聘启动","https://mp.weixin.qq.com/s/3IYtyc9zgmCCxV6wfm_DDQ","微信读书"
"北大就业","2026-03-08","招聘 | 汇添富基金2026春季校园招聘","https://mp.weixin.qq.com/s/ykoQUOsH5_lMni0OftPF4w","微信读书"
"北大就业","2026-03-08","招聘 | 寒武纪2026届春季校园招聘及实习生招聘正式启动","https://mp.weixin.qq.com/s/ceBzmz0Rlf3dMic1Bc8v2A","微信读书"
"北大就业","2026-03-07","招聘丨苏交科集团2026届春季校园招聘正式启动","https://mp.weixin.qq.com/s/PMyOIHtL3ztFAevMrbGTuQ","微信读书"
"北大就业","2026-03-07","招聘 | 中信银行2026年春季校园招聘正式启动","https://mp.weixin.qq.com/s/h4Shbea3ZYRluBGSVeubuQ","微信读书"
"北大就业","2026-03-07","招聘 | 携程集团2026年春季校园招聘全球启动","https://mp.weixin.qq.com/s/F9PgWjp3zWZEJYir0_1ZXA","微信读书"
"北大就业","2026-03-07","招聘 | 2026思勰投资春季校园招聘启动","https://mp.weixin.qq.com/s/2-P6t3MjiZV-HeDjXDwnLA","微信读书"
"北大就业","2026-03-06","招聘 | 中国航信2026届春季校园招聘正式启动","https://mp.weixin.qq.com/s/bxQeCKShmKP5VP6jhn2qYg","微信读书"
"北大就业","2026-03-06","招聘 | 鹰角网络2026春季校园招聘","https://mp.weixin.qq.com/s/bo34WKPOpTid7K674olIGg","微信读书"
"北大就业","2026-03-06","招聘 | 杭州银行2026届春季校园招聘正式启动！","https://mp.weixin.qq.com/s/PlO6fZPSttZytbDHeHB-gw","微信读书"
"北大就业","2026-03-06","实习 | 2026雅诗兰黛集团暑期实习生招募启动","https://mp.weixin.qq.com/s/FxuFeBqeksC78oUToWgkDA","微信读书"
"北大就业","2026-03-06","3月17日【北京高校及科研单位高层次人才专场】“京彩就业”2026届毕业生专场双选会","https://mp.weixin.qq.com/s/OjOb8DhHO3tNSaQrvo1hog","微信读书"
"北大就业","2026-03-05","招聘 | 网易有道2026校园招聘","https://mp.weixin.qq.com/s/Qseg8uoMCRe09he4KDYuLg","微信读书"
"北大就业","2026-03-05","招聘 | 点点互动2026春季校园招聘正式启动！","https://mp.weixin.qq.com/s/ADMhdmlVk-4PV-ddQLC_eg","微信读书"
"北大就业","2026-03-05","招聘 | 滴滴2026届春季校园招聘正式启动！","https://mp.weixin.qq.com/s/o-ttio_zw49k23iY7LKIMQ","微信读书"
"北大就业","2026-03-05","招聘 | 北京农商银行2026年春季校园招聘正式启动！","https://mp.weixin.qq.com/s/sf3RIDRO3ELQiHRlouIDKg","微信读书"
"北大就业","2026-03-05","实习 | 连载START！2026欧莱雅（中国）暑期实习网申启动","https://mp.weixin.qq.com/s/38mzWTd4dC8Sy3Ot-taTZw","微信读书"
"北大就业","2026-03-04","招新｜学生就业指导服务中心招新啦！","https://mp.weixin.qq.com/s/vbO12W-xrJ7jFl8C1kC2Bg","微信读书"
"北大就业","2026-03-04","招聘｜中国电子技术标准化研究院2026年春季招聘简章","https://mp.weixin.qq.com/s/mHbm7ZzQVwrk5pucyZndWg","微信读书"
"北大就业","2026-03-04","招聘｜长鑫存储2026春招邀你跨时代","https://mp.weixin.qq.com/s/-8YdJGRwVmGPABQHq2JQiw","微信读书"
"北大就业","2026-03-04","招聘｜学而思网校2026春季校园招聘","https://mp.weixin.qq.com/s/o7rWMKN9hxtbGRh-tzWOpA","微信读书"
"北大就业","2026-03-04","校内招新｜人事部2026年春季学期学生助理招聘","https://mp.weixin.qq.com/s/IHpJI6qlOv1-CZczMHvqiA","微信读书"
"北大就业","2026-03-04","报名｜北京大学 “未名职场认知”系列课程（第一期）报名通知","https://mp.weixin.qq.com/s/u-WGKId7Zb8NU3vG9_DsAQ","微信读书"
"北大就业","2026-03-03","招聘｜招商银行北京分行2026春季校园招聘","https://mp.weixin.qq.com/s/ROxIf9R3VjE6ZKbhjf9UjA","微信读书"
"北大就业","2026-03-03","招聘｜好课在线2026春季校园招聘","https://mp.weixin.qq.com/s/gSzmU8BAyEOyREBUtcDmnA","微信读书"
"北大就业","2026-03-03","招聘｜航天智能院2026届春季校园招聘","https://mp.weixin.qq.com/s/xmNJKLUnW27BD43DbiTWSQ","微信读书"
"北大就业","2026-03-03","招聘｜爱谱雷科技2026年校园招聘","https://mp.weixin.qq.com/s/I6BTRPTXJ7ZwV5j2biJJnw","微信读书"
"北大就业","2026-03-03","信息传输、软件和信息技术招聘信息汇总 | 湖北大数据集团、先临三维等","https://mp.weixin.qq.com/s/8RrKxMImlzmF1N2UlHphZg","微信读书"
"北大就业","2026-03-02","招聘 | 中证数据2026年校园招聘全面启动","https://mp.weixin.qq.com/s/V9UiKR_wwZBSek834y3Scw","微信读书"
"北大就业","2026-03-02","招聘 | 美团2026年春季校园招聘","https://mp.weixin.qq.com/s/BwKTev7olPJAE_YL4Apg5A","微信读书"
"北大就业","2026-03-02","招聘 | 京东2026TET管理培训生春季招聘正式启动！","https://mp.weixin.qq.com/s/mb3v4E0K13hOLiB-AbiGcA","微信读书"
"北大就业","2026-03-02","校内招新 | 党委办公室校长办公室学生助理","https://mp.weixin.qq.com/s/wdV7IA3xjvafchohRNkuCg","微信读书"
"北大就业","2026-03-01","制造业招聘信息汇总 | 紫光同芯微电子有限公司、壳牌（中国）有限公司等","https://mp.weixin.qq.com/s/3XAwDdC023oVoYdsYnE0Ig","微信读书"
"北大就业","2026-03-01","招聘 | 天演资本2027校园招聘正式启动","https://mp.weixin.qq.com/s/LOPjV47Nf82cgVyamJYUYQ","微信读书"
"北大就业","2026-03-01","招聘 | 安克创新2026届春季全球校园招聘正式启动","https://mp.weixin.qq.com/s/J0X-bkaXF7FhyMENkVMbiA","微信读书"
"北大就业","2026-02-28","租赁、商务服务和公共管理行业招聘信息汇总 | 国家博物馆、北京掌上先机网络科技有限公司等","https://mp.weixin.qq.com/s/1ek_rGmMXlN1T8X6GScCRQ","微信读书"
"北大就业","2026-02-28","招聘 | 中国国际工程咨询有限公司2026年校招补招公告","https://mp.weixin.qq.com/s/ULY1BMgJ43nO-SZb8V0yKA","微信读书"
"北大就业","2026-02-28","《大学生职业生涯规划》2026年春季学期课程 欢迎选课！","https://mp.weixin.qq.com/s/HYwoXMw8yia12WCCon8_4w","微信读书"
"北大就业","2026-02-27","招聘 | 跨境清算公司2026年度校园招聘公告","https://mp.weixin.qq.com/s/S27DSRWUmCOoSbP2md1CEA","微信读书"
"北大就业","2026-02-27","招聘 | 2026年上海工程师选调培养生（工培生）选调公告","https://mp.weixin.qq.com/s/X0b1kk78Q-zDyvsILXwAlQ","微信读书"
"北大就业","2026-02-27","实习 | 中金公司2026年暑期实习生招聘正式启动","https://mp.weixin.qq.com/s/MJjbexvHJF6pKZcVvxu7mQ","微信读书"
"北大就业","2026-02-26","招聘 | 银行间市场数据报告库（上海）股份有限公司2026年度公开招聘","https://mp.weixin.qq.com/s/tGiZasA6ltrs8J2t0IPKaQ","微信读书"
"北大就业","2026-02-26","能源、批发零售与文化传媒行业招聘信息汇总 | 中国电影产业集团股份有限公司、维多（中国）能源有限公司等","https://mp.weixin.qq.com/s/RAn5S_jYU3LTpFjaYnjlZA","微信读书"
"北大就业","2026-02-26","【3月2日报名截止】用人单位邀请函 | 北京大学2026届毕业生春季综合双选会","https://mp.weixin.qq.com/s/bmKmDHsfCMEEv_lZNPc6zg","微信读书"
"北大就业","2026-02-25","实习 | 中金公司2026年暑期实习生招聘正式启动","https://mp.weixin.qq.com/s/FeZZKhplC1iuliE3JhSdng","微信读书"
"北大就业","2026-02-25","教育行业实习信息汇总 | 浙江海亮股份有限公司、好未来集团等","https://mp.weixin.qq.com/s/0S-8Mw1Ae5FL81V41Mx8Wg","微信读书"
"北大就业","2026-02-24","招聘 | 中共广州市委党校（广州行政学院）2026年公开招聘专业技术人员公告","https://mp.weixin.qq.com/s/qt40bpboyz828VUXfhfHyA","微信读书"
"北大就业","2026-02-24","招聘 | 四邦实业有限公司招聘","https://mp.weixin.qq.com/s/2JRjiLr6tZhD3vFCzXcbIA","微信读书"
"北大就业","2026-02-24","招聘 | 旌泰物产招聘","https://mp.weixin.qq.com/s/56yKk1Hg1NmFuuG6OP3g-Q","微信读书"
"北大就业","2026-02-21","通知 | 北京大学2026年春季校园招聘工作安排","https://mp.weixin.qq.com/s/4N8zLh6RqitTsNJPw6tCyg","微信读书"
"北大就业","2026-02-20","用人单位邀请函 | 北京大学2026届毕业生春季综合双选会","https://mp.weixin.qq.com/s/iTpwzNjBr8uKMQu6vLMWTw","微信读书"
"北大就业","2026-02-17","燕园春信至，策马赴前程","https://mp.weixin.qq.com/s/Va_N0Y6eW60UG4-Agig59Q","微信读书"
"北大就业","2026-02-16","春启燕园 策马扬鞭 | 北大就业祝您新春大吉","https://mp.weixin.qq.com/s/seLsP1kTf-UJhq0Yn-qHTQ","微信读书"
"北大就业","2026-02-15","招聘 | 2026年南光集团校园招聘正式启动","https://mp.weixin.qq.com/s/Oossy3s0OQ838ODv8geaNQ","微信读书"
"北大就业","2026-02-15","北大就业马年限定红包封面来了！","https://mp.weixin.qq.com/s/GnzYr6J1QTga4inJ9Ui4vQ","微信读书"
"北大就业","2026-02-14","招聘 | 国家文物局考古研究中心2026年公开招聘专业技术人员公告","https://mp.weixin.qq.com/s/vwmiio2LqfIYynevURaaqA","微信读书"
"北大就业","2026-02-14","金融行业实习信息汇总 | 上海合骥私募基金管理有限公司、千衍私募基金管理（上海）有限公司等","https://mp.weixin.qq.com/s/0ZqbuUN4nfbpruVKVe-xCQ","微信读书"
"北大就业","2026-02-13","招聘 | 招商银行2026校园招聘","https://mp.weixin.qq.com/s/ElHm0xSWKKOkT8dh-0dGGQ","微信读书"
"北大就业","2026-02-13","科研与技术服务业实习信息汇总 | 工业和信息化部国际经济技术合作中心工业经济研究所、北京马上赢网络科技有限公司等","https://mp.weixin.qq.com/s/bV7O2zs8ZgW-DX1G2qXojQ","微信读书"
"北大就业","2026-01-30","招聘 | 深圳信步科技2026春招正式启动","https://mp.weixin.qq.com/s/V1CvfqK2adJ2lAChm3Pd-A","微信读书"
"北大就业","2026-01-30","招聘 | 人民邮电出版社2026年校园招聘","https://mp.weixin.qq.com/s/ZZ9la9bLnW2dKWA476zb5A","微信读书"
"北大就业","2026-01-30","能源、批发零售与文化传媒行业实习信息汇总｜经观文化传媒、内蒙古多蒙德实业集团有限公司等","https://mp.weixin.qq.com/s/0BCTGp3cKv6M3C3sLf80Jw","微信读书"
"北大就业","2026-01-29","招聘 | 中债信用增进投资股份有限公司2026年度校园招聘公告","https://mp.weixin.qq.com/s/NTugZbgwv1QSnACRMddWZg","微信读书"
"北大就业","2026-01-29","实习 | 顶级量化交易公司Optiver 2026年技术岗位暑期实习","https://mp.weixin.qq.com/s/M3TyECTDS6Lg9cPIRCKPtA","微信读书"
"北大就业","2026-01-29","科研与技术服务业实习信息汇总 | 博雅闻道（北京）考试与评价技术研究院、以太芯智科技（深圳）有限公司等","https://mp.weixin.qq.com/s/sK-cJ0pPYHHNDbv3OcYWqg","微信读书"
"北大就业","2026-01-28","租赁、商务服务和公共管理业实习信息汇总 | 锦天城律所、广东省数据要素产业协会等","https://mp.weixin.qq.com/s/O-6fpbrBQziESff15me-kw","微信读书"
"北大就业","2026-01-28","招聘 | 中央网信办所属部分在京事业单位2026年度公开招聘公告","https://mp.weixin.qq.com/s/im7OG_VwqkfEr0WtCUV2BA","微信读书"
"北大就业","2026-01-27","招聘丨人民邮电出版社2026年校园招聘","https://mp.weixin.qq.com/s/hxoNqXAtidPfFeeXUe17wA","微信读书"
"北大就业","2026-01-27","招聘 | 深圳信步科技2026春季校园招聘","https://mp.weixin.qq.com/s/DkTfH1hYt0uzMCjfLvVVAA","微信读书"
"北大就业","2026-01-26","招聘 | 中国金币集团有限公司及所属单位2026年度春季校园招聘正式启动！","https://mp.weixin.qq.com/s/Qh_m4zVkvbh9GkO9SPxOZw","微信读书"
"北大就业","2026-01-26","招聘 | 北京大兴精华学校招聘","https://mp.weixin.qq.com/s/int7wDaaQeG_PPijJPbgHg","微信读书"
"北大就业","2026-01-26","建筑运输行业招聘信息汇总 | 中国铁建投资集团有限公司、深圳奥雅设计股份有限公司北京分公司等","https://mp.weixin.qq.com/s/eHQLpiztv5WTYsjPosuNgg","微信读书"
"北大就业","2026-01-25","招聘 | 交通运输部所属事业单位2026年度第四批统一公开招聘公告","https://mp.weixin.qq.com/s/ZFe5Bal89IVsL-0O29_K1w","微信读书"
"北大就业","2026-01-25","教育行业招聘信息汇总 | 青海大学、杭州师范大学附属未来科技城学校等","https://mp.weixin.qq.com/s/fSg6-vqqYm63ObHm_VqCkg","微信读书"
"北大就业","2026-01-24","科研与技术服务业招聘信息汇总 | 北京博锐开放政策研究院、中钞特种防伪科技有限公司等","https://mp.weixin.qq.com/s/FiWy7p0JKY2HJazy5_-RYg","微信读书"
"北大就业","2026-01-24","活动 | 赴北京海淀区、北京经济技术开发区优质单位参访活动报名通知","https://mp.weixin.qq.com/s/uvWXMzLHOh-I8A1eKN4OPA","微信读书"
"北大就业","2026-01-23","招聘 | 全国工商联直属单位2026年度公开招聘工作人员公告","https://mp.weixin.qq.com/s/sP4L5k_2hdM-XVmAW5S-TA","微信读书"
"北大就业","2026-01-23","金融行业招聘信息汇总 | 银行间市场清算所股份有限公司、景顺长城基金等","https://mp.weixin.qq.com/s/jdt_j3JOkh4OaQ35gAWIXw","微信读书"
"北大就业","2026-01-22","招聘 | 正力新能2026校园招聘简章","https://mp.weixin.qq.com/s/xkJQfAEWkidty0cRAl4YIg","微信读书"
"北大就业","2026-01-22","招聘 | 千衍基金招聘计划","https://mp.weixin.qq.com/s/NATelcjDqDgIYeN7PoSFjg","微信读书"
"北大就业","2026-01-22","信息传输、软件和信息技术服务行业招聘信息汇总 | 北京晟世天安科技有限公司、北京掌上先机网络科技有限公司等","https://mp.weixin.qq.com/s/MDTqV2DjQNtkRrw27H3QkA","微信读书"
"北大就业","2026-01-21","招聘｜国家国防科技工业局所属事业单位2026年度第一批公开招聘公告","https://mp.weixin.qq.com/s/hS1lt4fJBoV7srBlOLmIFQ","微信读书"
"北大就业","2026-01-21","通知 | 北京大学2026年春季校园招聘工作安排","https://mp.weixin.qq.com/s/9FyhCN9aM19ekAtKUDJoyQ","微信读书"
"北大就业","2026-01-21","能源、批发零售与文化传媒行业招聘信息汇总 | 北京控股集团有限公司、山东能源集团等","https://mp.weixin.qq.com/s/yO08KNKm_0dPXM4BX0_5Nw","微信读书"
"北大就业","2026-01-20","招聘｜中国新闻社2026年度公开招聘应届高校毕业生公告","https://mp.weixin.qq.com/s/h8vbcQm_Z7-p77eQndk_JQ","微信读书"
"北大就业","2026-01-20","医疗卫生行业招聘信息汇总 | 诺唯赞、朔州市大医院等","https://mp.weixin.qq.com/s/kXmLfWQTyRboGRqmeKoL-A","微信读书"
"北大就业","2026-01-19","租赁、商务服务和公共管理行业招聘信息汇总 | 北京鼎帷管理顾问有限公司、国网湖南省电力有限公司防灾减灾中心等","https://mp.weixin.qq.com/s/cyq9W64VafbteaE9csyYgg","微信读书"
"北大就业","2026-01-19","招聘 | 中钞特种防伪科技有限公司2026年度招聘公告","https://mp.weixin.qq.com/s/v0FiMWvVfMs300srSmVLtw","微信读书"
"北大就业","2026-01-19","用人单位邀请函 | 北京大学医学部2026届毕业生春季就业双选会","https://mp.weixin.qq.com/s/YGAAv0oqfwsR5ZdXOBKTiw","微信读书"
"北大就业","2026-01-18","制造业招聘信息汇总 | 银亿股份有限公司、英特尔中国等","https://mp.weixin.qq.com/s/WAg5Eh4U2Eug0vabX3IHYw","微信读书"
"北大就业","2026-01-18","招聘 | 全国妇联所属在京事业单位2026年度公开招聘公告","https://mp.weixin.qq.com/s/K6XymITX3eFwjdEXW8-Xhg","微信读书"
"北大就业","2026-01-18","招聘 | 航天科工二院2026年博士后招聘正式启动","https://mp.weixin.qq.com/s/QuqRTAWvQg--VUFB3tt1Lw","微信读书"
"北大就业","2026-01-17","招聘｜中共中央直属机关事务管理局所属事业单位2026年度公开招聘工作人员公告","https://mp.weixin.qq.com/s/mcHcmqAok5mMWZVgIvFs0A","微信读书"
"北大就业","2026-01-17","招聘 | 北京大学2026年度应届毕业生公开招聘公告（三）","https://mp.weixin.qq.com/s/rixCHhdVI6tICP985thcPg","微信读书"
"北大就业","2026-01-17","医疗卫生行业实习信息汇总 | 精锋医疗、南华大学附属第一医院等","https://mp.weixin.qq.com/s/MvFThfe-SOM41qBdZvM3dw","微信读书"
"北大就业","2026-01-16","招聘｜北京工业发展投资管理有限公司2026届校招公告","https://mp.weixin.qq.com/s/U8J4VfWF9MPexRXuEJdkcQ","微信读书"
"北大就业","2026-01-16","招聘 | 北京大学2026年度应届毕业生公开招聘公告（二）","https://mp.weixin.qq.com/s/FYuqEZ21J0iQZejxpyT6LA","微信读书"
"北大就业","2026-01-16","信息传输、软件和信息技术服务业实习信息汇总 | 苏州苏映视图像软件科技有限公司、武汉研锶信息科技有限公司等","https://mp.weixin.qq.com/s/A0d0Kij58EB6tr_UJoKaMQ","微信读书"
"北大就业","2026-01-16","通知 | 学生就业指导服务中心2026年寒假对外工作安排","https://mp.weixin.qq.com/s/4-BiHoJrz0aMJGmeWXl0rA","微信读书"
"北大就业","2026-01-15","制造业实习信息汇总 | 成都华微电子科技股份有限公司、潍柴动力股份有限公司等","https://mp.weixin.qq.com/s/miYhq29VgsTzbhsu1f-_Ww","微信读书"
"北大就业","2026-01-15","招聘丨三棵树2026届校园招聘","https://mp.weixin.qq.com/s/JuwSQF21X6EUR2w7ey7TAg","微信读书"
"北大就业","2026-01-15","招聘 | 苏交科集团2026年校园招聘启动","https://mp.weixin.qq.com/s/IN9vv_oFdw0DR7YMBMQEwA","微信读书"
"北大就业","2026-01-14","招聘｜广州期货交易所2026年招聘及博士后招收","https://mp.weixin.qq.com/s/k_NO494J4m1C_vRo9o-vnQ","微信读书"
"北大就业","2026-01-14","招聘 | 中国科学院机关2026年度公开招聘应届毕业生公告","https://mp.weixin.qq.com/s/HIpq3epZRGDPoYjQW7GLVA","微信读书"
"北大就业","2026-01-14","教育行业实习信息汇总 | 爱学习（高思）教育集团、海亮教育科技服务集团有限公司等","https://mp.weixin.qq.com/s/ofXg5mY1pKQG4M6O8eDMoA","微信读书"
"北大就业","2026-01-14","高校在校生看过来：还没毕业，先领房票！南通人才安居补贴最高150万元","https://mp.weixin.qq.com/s/dx-bfg-xVOxgBmUEI2IlpA","微信读书"
"北大就业","2026-01-13","招聘 | 山东省烟草专卖局（公司）2026年高校毕业生招聘","https://mp.weixin.qq.com/s/W5tpTHehNORcl_HliBb8xg","微信读书"
"北大就业","2026-01-13","招聘 | 康龙化成2026全球博士招聘","https://mp.weixin.qq.com/s/Y52rX8IlQS20r7Q0Qb3mvA","微信读书"
"北大就业","2026-01-13","金融行业实习信息汇总 | 顽岩私募资产、国新国际等","https://mp.weixin.qq.com/s/5FFIx709qTlFQtEAo3R9uQ","微信读书"
"北大就业","2026-01-12","招聘 | 中央广播电视总台2026年度公开招聘工作人员公告","https://mp.weixin.qq.com/s/63DpmCizfUcFZ1HmRLX8Vg","微信读书"
"北大就业","2026-01-12","招聘 | 中钞特种防伪科技有限公司2026年度招聘公告","https://mp.weixin.qq.com/s/NbfUFdT7P1kIAXAjR1-0WA","微信读书"
"北大就业","2026-01-12","能源、批发零售与文化传媒行业实习信息汇总 | 经观文化传媒、内蒙古多蒙德实业集团有限公司等","https://mp.weixin.qq.com/s/GQ28Fd7v8CCWwyYT2opUXw","微信读书"
"北大就业","2026-01-11","招聘 | 中兵无人机研究院有限公司2026校园招聘开启","https://mp.weixin.qq.com/s/lUjR1-t87OYzQPQfivCrag","微信读书"
"北大就业","2026-01-11","招募 | 深势科技寒假实习生计划开启","https://mp.weixin.qq.com/s/dwH6CnUwMubMjTYFFCb4Dg","微信读书"
"北大就业","2026-01-11","科研与技术服务业实习信息汇总 | 博雅闻道（北京）考试与评价技术研究院、以太芯智科技（深圳）有限公司等","https://mp.weixin.qq.com/s/RXPraNolFtIfGCGF3dsCiQ","微信读书"
"北大就业","2026-01-10","租赁、商务服务和公共管理业实习信息汇总 | 锦天城律所、广东省数据要素产业协会等","https://mp.weixin.qq.com/s/tg0lRW3kJI7leQUhFx1anQ","微信读书"
"北大就业","2026-01-10","招聘｜中国联通上海市分公司2026校园招聘","https://mp.weixin.qq.com/s/m8XKtclYXnpaml3r2auGzg","微信读书"
"北大就业","2026-01-10","招聘｜优酷2026届秋招补录通道正式开启","https://mp.weixin.qq.com/s/mCaPD5x8uPEBEAggwtN1Zg","微信读书"
"北大就业","2026-01-09","招聘｜中国烟草总公司合肥设计院2026年公开招聘","https://mp.weixin.qq.com/s/yKXxcvi-IBiPu_MizTP7fg","微信读书"
"北大就业","2026-01-09","实习｜中粮资本控股股份有限公司","https://mp.weixin.qq.com/s/dMFTot1lDJppCf6cOU0RkA","微信读书"
"北大就业","2026-01-09","建筑运输行业招聘信息汇总 | 中国铁建投资集团有限公司、深圳奥雅设计股份有限公司北京分公司等","https://mp.weixin.qq.com/s/gJjC1jhv7wNt7yAC3RBNLA","微信读书"
"北大就业","2026-01-08","招聘 | 中国一汽2026全球校园招聘","https://mp.weixin.qq.com/s/9fLikch9FhrPu_NZ5zOq8g","微信读书"
"北大就业","2026-01-08","招聘 | 人民网2026校园招聘启动","https://mp.weixin.qq.com/s/7BhIFyq2vVd9k_3BjnY24g","微信读书"
"北大就业","2026-01-08","教育行业招聘信息汇总 | 青海大学、杭州师范大学附属未来科技城学校等","https://mp.weixin.qq.com/s/gkcYUZ0hqTFY4s0t_mKcPg","微信读书"
"北大就业","2026-01-07","招聘｜存款保险基金管理有限责任公司2026年度校园招聘","https://mp.weixin.qq.com/s/KFIwl2dlYh7aehuv_al54Q","微信读书"
"北大就业","2026-01-07","招聘 | 深圳市光明区公开选聘博士","https://mp.weixin.qq.com/s/lv0auDXOsb9lid7KbcOEwg","微信读书"
"北大就业","2026-01-07","科研与技术服务业招聘信息汇总 | 北京博锐开放政策研究院、中钞特种防伪科技有限公司等","https://mp.weixin.qq.com/s/ifrniGD23jcIrvMgq0UFCw","微信读书"
"北大就业","2026-01-07","活动回顾｜“职行中国”北大学子就业行第四站——武汉市","https://mp.weixin.qq.com/s/rXTdGBAM41BRJbdR7efWlg","微信读书"
"北大就业","2026-01-06","招聘 | 中央党校（国家行政学院）2026年度其他专业技术岗位公开招聘公告","https://mp.weixin.qq.com/s/CzbaRZzHYLOpyUa-bPdh6w","微信读书"
"北大就业","2026-01-06","招聘 | 中央党校（国家行政学院）2026年度教师岗位公开招聘公告","https://mp.weixin.qq.com/s/LE6pYmk1yZgS5JOp5oifrQ","微信读书"
"北大就业","2026-01-06","招聘 | 中建智地&中建智城2026届校园招聘","https://mp.weixin.qq.com/s/Sx8mPfi-4kyqeETr-1oiRA","微信读书"
"北大就业","2026-01-06","金融行业招聘信息汇总｜银行间市场清算所股份有限公司、景顺长城基金等","https://mp.weixin.qq.com/s/UvymWS7GlivYR0TtlVO5Ew","微信读书"
"北大就业","2026-01-05","招聘 | 苏交科集团2026届校园招聘","https://mp.weixin.qq.com/s/2Aq1uIyvjgJPYVFHvY4Pew","微信读书"
"北大就业","2026-01-05","招聘 | 存款保险基金管理有限责任公司2026年度校园招聘正式启动！","https://mp.weixin.qq.com/s/-IqRbShty7UebJ3KWMF1cw","微信读书"
"北大就业","2026-01-05","信息传输、软件和信息技术服务行业招聘信息汇总 | 北京晟世天安科技有限公司、北京掌上先机网络科技有限公司等","https://mp.weixin.qq.com/s/QDVhc8Kf6sM3qbALRKQKTg","微信读书"
"北大就业","2026-01-04","招聘丨深圳南山招聘教师123人！","https://mp.weixin.qq.com/s/d7c_SjGwE_4tny1ZfDaOSw","微信读书"
"北大就业","2026-01-04","招聘 | 浙江省湖州市2026年事业单位招聘紧缺人才公告","https://mp.weixin.qq.com/s/c7vyJMzc6nNU-4PK0gkhUQ","微信读书"
"北大就业","2026-01-04","招聘 | 北京大学2026年度应届毕业生公开招聘公告（一）","https://mp.weixin.qq.com/s/fRFQLFE27iudlyhAL7Slfw","微信读书"
"北大就业","2026-01-04","能源、批发零售与文化传媒行业招聘信息汇总 | 北京控股集团有限公司、山东能源集团等","https://mp.weixin.qq.com/s/bibduLtMohp9zvifIag6rw","微信读书"
"北大就业","2026-01-03","招聘｜自然资源部所属单位2026年度公开招聘工作人员公告（第一批）","https://mp.weixin.qq.com/s/35WirPn8MA0B6ZKZmrPU4Q","微信读书"
"北大就业","2026-01-03","招聘 | 中国金融电子化集团有限公司2026年度校园招聘","https://mp.weixin.qq.com/s/IqZYR7YOYwX14nHUGDLmXg","微信读书"
"北大就业","2026-01-03","医疗卫生行业招聘信息汇总 | 诺唯赞、朔州市大医院等","https://mp.weixin.qq.com/s/TF1yzOsbmtRVVmxC4ssrFg","微信读书"
"北大就业","2026-01-02","租赁、商务服务和公共管理行业招聘信息汇总 | 北京鼎帷管理顾问有限公司、国网湖南省电力有限公司防灾减灾中心等","https://mp.weixin.qq.com/s/hdW5TAG8BOVpgzpSV1QgjQ","微信读书"
"北大就业","2026-01-02","招聘｜中石大2026年非教师岗位人员、校医院招聘","https://mp.weixin.qq.com/s/lKjKNo6r_kV6dHMnT-fldw","微信读书"
"北大就业","2026-01-02","光明人才开门红！博士专场：20个编制！500+岗位！求职逛吃一键解锁","https://mp.weixin.qq.com/s/SYuZ7VKpj__X9OmNsKxsqg","微信读书"
"北大就业","2026-01-01","元旦启新 马踏新程 | 北大就业祝您元旦快乐","https://mp.weixin.qq.com/s/dKMBfHoX9faooeoZG5tD2g","微信读书"
"北大就业","2025-12-31","制造业招聘信息汇总 | 银亿股份有限公司、英特尔中国等","https://mp.weixin.qq.com/s/1REM7UqMdGU4QEQ9RDMgFA","微信读书"
"北大就业","2025-12-31","招聘｜中共中央对外联络部事业单位2026年度公开招聘工作人员公告","https://mp.weixin.qq.com/s/lMFUxelMYMlNySb3Y29rKQ","微信读书"
"北大就业","2025-12-31","招聘 | 中国电子科技集团公司第十一研究所招聘","https://mp.weixin.qq.com/s/T5m7hkxOGHQdEND-or_cvQ","微信读书"
"北大就业","2025-12-30","招聘 | 中国航天科工集团第六研究院41研究所2026校园招聘","https://mp.weixin.qq.com/s/SCxbs2w3XOBPZ-fbGMJjog","微信读书"
"北大就业","2025-12-30","招聘 | 广东省联社2026年度校园招聘","https://mp.weixin.qq.com/s/OzJgBb-mXEGcUDQ66jBE8Q","微信读书"
"北大就业","2025-12-30","教育行业实习信息汇总 | 爱学习（高思）教育集团、海亮教育科技服务集团有限公司等","https://mp.weixin.qq.com/s/355oIrrUKXRP-W6nK3q_aA","微信读书"
"北大就业","2025-12-29","招聘 | 长光卫星2026冰雪星途冬令营招募","https://mp.weixin.qq.com/s/tazZd50m5RvMusycwzh4WA","微信读书"
"北大就业","2025-12-29","招聘 | 海淀教育寻找优秀的你~","https://mp.weixin.qq.com/s/FZSoY7iTBZqt9KWMF-d98A","微信读书"
"北大就业","2025-12-29","金融行业实习信息汇总 | 顽岩私募资产、国新国际等","https://mp.weixin.qq.com/s/_85QZ2RBlbQ43L5azGkVUg","微信读书"
"北大就业","2025-12-28","招聘 | 中国农业科学院2026年度第一批统一公开招聘公告","https://mp.weixin.qq.com/s/fW_dAfIqVEGq6G0T2JsNNw","微信读书"
"北大就业","2025-12-28","招聘 | 晟通集团2026届接班人计划正式启动","https://mp.weixin.qq.com/s/K1SsBnhER87XoAFmpjaByw","微信读书"
"北大就业","2025-12-28","宣讲 | 西安公路研究院2026届校园招聘启动","https://mp.weixin.qq.com/s/-N9VPRI_0zG9rTFptN_EjA","微信读书"
"北大就业","2025-12-28","能源、批发零售与文化传媒行业实习信息汇总 | 经观文化传媒、内蒙古多蒙德实业集团有限公司等","https://mp.weixin.qq.com/s/zsnzR-M97RDt_dBRDHdTIA","微信读书"
"北大就业","2025-12-27","招聘｜中国支付清算协会2026年度公开招聘公告","https://mp.weixin.qq.com/s/JozVXbpaqRTheV5oBdovzA","微信读书"
"北大就业","2025-12-27","招聘｜中广核环保产业有限公司2026届秋季校园招聘","https://mp.weixin.qq.com/s/XRkYm5kMpPYJogCQFY1GnA","微信读书"
"北大就业","2025-12-27","招聘｜苏州工业园区教育系统公开招聘2026年高层次优秀毕业生公告","https://mp.weixin.qq.com/s/LjI5c8Z_2GmnoGE-_ZnceA","微信读书"
"北大就业","2025-12-27","科研与技术服务业实习信息汇总 | 博雅闻道（北京）考试与评价技术研究院、以太芯智科技（深圳）有限公司等","https://mp.weixin.qq.com/s/cyL1kP-c7uEmqchx2teahQ","微信读书"
"北大就业","2025-12-26","租赁、商务服务和公共管理业实习信息汇总 | 锦天城律所、广东省数据要素产业协会等","https://mp.weixin.qq.com/s/6IR98y6p1QlUv8uTTL5KOQ","微信读书"
"北大就业","2025-12-26","招聘｜中投公司博士后科研工作站2026年博士后招聘","https://mp.weixin.qq.com/s/z0NA_hYM6hU1rGBxWecARg","微信读书"
"北大就业","2025-12-26","招聘｜中建智地&中建智城2026届校园招聘","https://mp.weixin.qq.com/s/NKGkqEgoIO181EwZ4c_W4g","微信读书"
"北大就业","2025-12-26","招聘｜嘉兴平湖市教育局2026学年公开招聘高层次人才（博士研究生）公告","https://mp.weixin.qq.com/s/myuZvVsk2yE2v5IfArxXOw","微信读书"
"北大就业","2025-12-25","招聘 | 中国雄安集团有限公司2026年度校园招聘公告","https://mp.weixin.qq.com/s/wqa_t-epQugvXNNmXSIBeA","微信读书"
"北大就业","2025-12-25","招聘 | 中国科协所属单位2026年度公开招聘应届高校毕业生公告","https://mp.weixin.qq.com/s/5OMhapKds95XW2SsQXU1wQ","微信读书"
"北大就业","2025-12-25","招聘 | 北汽新能源2026年“北极星”全球管培生计划正式启航","https://mp.weixin.qq.com/s/EZSyS2xsXRJIEsvewjN_hQ","微信读书"
"北大就业","2025-12-25","金融行业招聘信息汇总 | 世纪证券有限责任公司、海南岚湖私募基金管理有限公司等","https://mp.weixin.qq.com/s/SDBa2gPDRgmDb-DgOCgQMg","微信读书"
"北大就业","2025-12-11","招聘 | 中建八局总部“铁军·星计划”2026届管培生招聘正式启动","https://mp.weixin.qq.com/s/u9fuVq80fKpC9mU0YsOUQQ","微信读书"
"北大就业","2025-12-11","招聘 | 邓白氏中国2026校园招聘正式启动","https://mp.weixin.qq.com/s/SYj199NsrvvYzVh5xYtzqg","微信读书"
"北大就业","2025-12-11","医疗卫生行业实习信息汇总 | 深圳市原力生命科学、康思葆（北京）生物技术有限公司等","https://mp.weixin.qq.com/s/rMI6kmykFKBhs3goBL4R4Q","微信读书"
"北大就业","2025-12-11","宣讲+双选 | 西北大学招聘宣讲会","https://mp.weixin.qq.com/s/NNY_77WOYUj4RFb5Ndhcog","微信读书"
"北大就业","2025-12-11","宣讲 | 翼鸥教育ClassIn2026校园招聘","https://mp.weixin.qq.com/s/ty2-T2FIUbVT61zPEIWPhg","微信读书"
"北大就业","2025-12-10","招聘 | 中国电子科技集团公司第十二研究所2026届校园招聘正式开启","https://mp.weixin.qq.com/s/rG8gkV2TKt5D29zOYr8WYA","微信读书"
"北大就业","2025-12-10","招聘 | 长安科技智驾领域校招招聘","https://mp.weixin.qq.com/s/e-0nBScnr9c1Q9WxiRyJrw","微信读书"
"北大就业","2025-12-10","宣讲 | 中欧基金2027届超级实习生计划宣讲专场","https://mp.weixin.qq.com/s/COAbH5bdi2_P9BKN4WRAqQ","微信读书"
"北大就业","2025-12-10","信息传输、软件和信息技术服务业实习信息汇总 | 上海众言网络科技有限公司等","https://mp.weixin.qq.com/s/Omt3w90kPFz5WlaM5oaRoQ","微信读书"
"北大就业","2025-12-10","活动 | “职行中国”北大学子就业行赴武汉市活动报名","https://mp.weixin.qq.com/s/LQVRCtCaVWQRrDFQp92aHg","微信读书"
"北大就业","2025-12-09","租赁、商务服务和公共管理业实习信息汇总 | 美国美富律师事务所、北京鼎帷管理顾问有限公司等","https://mp.weixin.qq.com/s/s1hWeNHWPLxIIElT_3WX6g","微信读书"
"北大就业","2025-12-09","招聘 | 西北大学“紫藤学者”博士后科研流动站招聘","https://mp.weixin.qq.com/s/lo9K7x0wuuue7Vw7E7zoPQ","微信读书"
"北大就业","2025-12-09","招聘 | 人民日报社2026年度校园招聘启动","https://mp.weixin.qq.com/s/fplvgSu8sKC-BG0HfCfAKg","微信读书"
"北大就业","2025-12-09","招聘 | 平高电气2026届博士研究生招聘","https://mp.weixin.qq.com/s/EwL2kXAE-KD24pGEFXKpEQ","微信读书"
"北大就业","2025-12-09","招聘 | 航空工业未来飞行训练装备技术协同创新中心（北京）2025年博士招聘","https://mp.weixin.qq.com/s/1qjcKMeN9W7ZTBl7bQ7fzQ","微信读书"
"北大就业","2025-12-09","双选 | 中国百所经院人才招聘会信息（含用人单位名录）","https://mp.weixin.qq.com/s/0fJLSNAQy6RZp0kKSXBevA","微信读书"
"北大就业","2025-12-09","北京大学举办博聚未来——博士博士后专场招聘会","https://mp.weixin.qq.com/s/YqJ4zkBuvREweUzSTepAcg","微信读书"
"北大就业","2025-12-08","招聘 | 全网搜寻“创新势力”！深国创中心2026届校园招聘正式启动","https://mp.weixin.qq.com/s/jj154_PhfJvLA4ocpIbqGA","微信读书"
"北大就业","2025-12-08","招聘 | 江苏中烟工业有限责任公司2026年度高校毕业生招聘","https://mp.weixin.qq.com/s/vushUVjt3GH4nWcQLDVLiw","微信读书"
"北大就业","2025-12-08","招聘 | 成方金融科技有限公司2026届校园招聘","https://mp.weixin.qq.com/s/10deRvPXOi5PQwxTKp_s3Q","微信读书"
"北大就业","2025-12-08","宣讲 | 歌尔丹拿-2026届校园招聘-北京大学专场","https://mp.weixin.qq.com/s/wt8hiuMQ_yXn5cZy6gKc_g","微信读书"
"北大就业","2025-12-08","建筑运输行业招聘信息汇总 | 河北建投交通投资有限责任公司、中铁建工集团等","https://mp.weixin.qq.com/s/PjEr_iFtHgkrr3PsF1TKDw","微信读书"
"北大就业","2025-12-07","招聘 | 中国水务2026届校园招聘","https://mp.weixin.qq.com/s/fL5M6IB_kD-LKQUCcUDrVQ","微信读书"
"北大就业","2025-12-07","招聘 | 苏商银行2026年校园招聘","https://mp.weixin.qq.com/s/rR-Rs5fo7UMT2STB6tfg8Q","微信读书"
"北大就业","2025-12-07","招聘 | 怀柔区教育委员会所属事业单位面向应届毕业生公开招聘教师公告","https://mp.weixin.qq.com/s/Ibr3R-jR1boWZ8chANGJ8Q","微信读书"
"北大就业","2025-12-07","教育行业招聘信息汇总 | 浙江荣怀教育集团、晓禾教育科技（武汉）有限公司等","https://mp.weixin.qq.com/s/Y56p0aJmQQqnKvYaTVTVlg","微信读书"
"北大就业","2025-12-06","招聘｜中国建研院所属建筑科学研究院人才招聘公告","https://mp.weixin.qq.com/s/JzX4sGooZQ1Eb9OygvNTVQ","微信读书"
"北大就业","2025-12-06","招聘｜辽宁核电2026届校园招聘全面启动","https://mp.weixin.qq.com/s/bbhP0WUp33OM8g6rLX3XbQ","微信读书"
"北大就业","2025-12-06","招聘｜鞍钢集团2026届校园招聘正式开启","https://mp.weixin.qq.com/s/BEthCgtyDIlm_gOLxA3rBg","微信读书"
"北大就业","2025-12-06","金融行业招聘信息汇总 | 上海金山资本管理集团有限公司、天津畅和股权投资基金管理有限公司北京分公司等","https://mp.weixin.qq.com/s/HWxtSBj_rv_nBwgKHVLEOw","微信读书"
"北大就业","2025-12-05","招聘｜银行间市场清算所股份有限公司2026年度校园招聘、博士后研究人员招收","https://mp.weixin.qq.com/s/rKIKL0Dh-qzl6oqJmfsAng","微信读书"
"北大就业","2025-12-05","招聘｜清华大学出版社2026校园招聘","https://mp.weixin.qq.com/s/aY2ffo9hxN0x1qSC7PYXCQ","微信读书"
"北大就业","2025-12-05","招聘 | 全国人大机关直属事业单位2026年度公开招聘工作人员公告","https://mp.weixin.qq.com/s/2oODs48P2H4QsaC7b6DmXg","微信读书"
"北大就业","2025-12-05","能源、批发零售与文化传媒行业招聘信息汇总 | 物产中大金属集团有限公司、北京康比特体育科技股份有限公司等","https://mp.weixin.qq.com/s/osShNx61p90cJr46xizbrw","微信读书"
"北大就业","2025-12-04","招聘 | 浙大公开招聘开启报名","https://mp.weixin.qq.com/s/fCvSaN7AiyJZNoQig4nbUA","微信读书"
"北大就业","2025-12-04","邀请函 | 博聚未来——北京大学博士博士后专场招聘会","https://mp.weixin.qq.com/s/GxgspyoWDT0SQ8zolxOScg","微信读书"
"北大就业","2025-12-04","宣讲 | 文远知行2025年校园宣讲会","https://mp.weixin.qq.com/s/aePoOPqGbLQDVjizoGgmXw","微信读书"
"北大就业","2025-12-04","实习 | 佳期投资2026年暑期实习火热开启","https://mp.weixin.qq.com/s/UoLFROys0DUfKz_DOfCX2w","微信读书"
"北大就业","2025-12-04","科研与技术服务业招聘信息汇总 | 杭州极弱磁场国家重大科技基础设施研究院、中国石油勘探开发研究院西北分院等","https://mp.weixin.qq.com/s/4ZZF-Pxcb1JomQD8ge6TAg","微信读书"
"北大就业","2025-12-03","招聘 | 中国数联物流2026届校园招聘启动","https://mp.weixin.qq.com/s/06y__LB9_3MU_td2WZtnlQ","微信读书"
"北大就业","2025-12-03","招聘 | 睿远基金权益研究部2027届校园招聘","https://mp.weixin.qq.com/s/N47qzGXRY_4NeToElw9iSg","微信读书"
"北大就业","2025-12-03","招聘 | 国家移民管理局出入境管理信息技术研究所2026年公开招聘","https://mp.weixin.qq.com/s/8SxRNx829kRg4RlmGsdYnQ","微信读书"
"北大就业","2025-12-03","招聘 | 重庆大学诚聘优秀青年人才","https://mp.weixin.qq.com/s/VrjmpsCtIYx6I1cs5Kn9Vg","微信读书"
"北大就业","2025-12-03","宣讲 | 浙江大学2026年招聘宣讲会","https://mp.weixin.qq.com/s/HAPPI07Mdm5PpVl_jZLX4w","微信读书"
"北大就业","2025-12-03","宣讲 | 碳云智能校园招聘宣讲会","https://mp.weixin.qq.com/s/CSdrsZdGBE0DlpI-Ml0E1w","微信读书"
"北大就业","2025-12-02","招聘 | 紫荆学院（中央政府驻港联络办深圳联络部）2026年度公开招聘事业编制教研岗位人员公告","https://mp.weixin.qq.com/s/WaByfOv7vh8bnAM2ci6hSg","微信读书"
"北大就业","2025-12-02","招聘 | 中国供销集团有限公司2026年度应届高校毕业生招聘公告","https://mp.weixin.qq.com/s/SkjO_gjEpFi9QnxkmZlGIg","微信读书"
"北大就业","2025-12-02","医疗卫生行业招聘信息汇总 | 深圳市龙岗中心医院、中国医学科学院阜外医院深圳医院等","https://mp.weixin.qq.com/s/DdUqNFsd0MzJqC_nF4Zgcw","微信读书"
"北大就业","2025-12-02","宣讲 | 中国国际问题研究院2026年度高校应届毕业生招聘宣讲会","https://mp.weixin.qq.com/s/dwz63VHLJlXgzwzKvXGbpg","微信读书"
"北大就业","2025-12-02","宣讲 | 华中科技大学公开招聘专职辅导员启事","https://mp.weixin.qq.com/s/dysoZwk82LfQqjoOVyuw1w","微信读书"
"北大就业","2025-12-01","招聘 | 中再资产2026年度校园招聘","https://mp.weixin.qq.com/s/FgSjj_-_5NzUUtToveCkAA","微信读书"
"北大就业","2025-12-01","招聘 | 中国长城资产校园招聘正式启动","https://mp.weixin.qq.com/s/ZPumvyCRSXusc8pUtMrFEw","微信读书"
"北大就业","2025-12-01","招聘 | 中国航天科工集团第六研究院41所招聘简章","https://mp.weixin.qq.com/s/nxJJsSAurYgweiwU8kk-OA","微信读书"
"北大就业","2025-12-01","招聘 | 中国航空工业集团党校/培训中心/人力资源中心招聘","https://mp.weixin.qq.com/s/8ht13YpeWZ47ENKMMxynXw","微信读书"
"北大就业","2025-12-01","信息传输、软件和信息技术服务行业招聘信息汇总 | 新华三技术有限公司、中国航信等","https://mp.weixin.qq.com/s/Jfs9V-ZmaR6ebMzv15QK5w","微信读书"
"北大就业","2025-12-01","双选 | 博聚未来——2025年北京大学博士博士后专场招聘会预告","https://mp.weixin.qq.com/s/szSD3MSMw7ECSN245mmUpQ","微信读书"
"北大就业","2025-11-30","制造行业招聘信息汇总 | 深圳市恒运昌真空技术股份有限公司、氦星光联科技（深圳）有限公司等","https://mp.weixin.qq.com/s/UZPDcYm6bIer06OPriwiww","微信读书"
"北大就业","2025-11-30","招聘丨中国人民解放军第五三一一厂2026届校园招聘","https://mp.weixin.qq.com/s/9xBEWXPCf_7xQO1XZn8W2w","微信读书"
"北大就业","2025-11-30","招聘 | 中国中车所属在京企业2026年高校毕业生招聘公告","https://mp.weixin.qq.com/s/_QBgqSas-FK2b7A-smgGVA","微信读书"
"北大就业","2025-11-30","招聘 | 顺丰集团2026届管培生全球招募","https://mp.weixin.qq.com/s/EcNyC2-IVr6YoYKBkidERA","微信读书"
"北大就业","2025-11-29","招聘｜中国再保2026届校园招聘","https://mp.weixin.qq.com/s/-h7HcuWS0cTA1VW4D5jLOg","微信读书"
"北大就业","2025-11-29","招聘｜华泰资产管理有限公司2026校园招聘","https://mp.weixin.qq.com/s/fJNr61bnQUpfXTwq6RftDw","微信读书"
"北大就业","2025-11-29","招聘｜北京证券交易所全国股转公司2025年校园招聘公告","https://mp.weixin.qq.com/s/8kwqZBjztOYpmwev3OSKOA","微信读书"
"北大就业","2025-11-29","实习｜中欧基金2027届超级实习生计划启动！","https://mp.weixin.qq.com/s/emsOardU5n1ULttYV6Br6g","微信读书"
"北大就业","2025-11-28","租赁、商务服务和公共管理行业招聘信息汇总 | 赛迪顾问股份有限公司、中国司法大数据研究院有限公司等","https://mp.weixin.qq.com/s/hfppliPYgC_JhS1upUaCCA","微信读书"
"北大就业","2025-11-28","招聘｜中国长城资产校园招聘正式启动","https://mp.weixin.qq.com/s/nBX4LcbfEzMBjfhP8Rq27w","微信读书"
"北大就业","2025-11-28","招聘｜中国煤炭地质总局2026年校园招聘","https://mp.weixin.qq.com/s/h2d8o2-LPxCOHNDALmUV7Q","微信读书"
"北大就业","2025-11-28","招聘｜海淀区2026年度“企航计划”招聘优秀应届毕业生公告","https://mp.weixin.qq.com/s/taQYWrbGmmCQKzPSBszWBQ","微信读书"
"北大就业","2025-11-28","招聘 | 中国气象局在京单位2026年度招聘岗位公告","https://mp.weixin.qq.com/s/ZGiYpD7rqJ70gDP60j50Iw","微信读书"
"北大就业","2025-11-27","招聘 | 中汽新能2026届校园招聘","https://mp.weixin.qq.com/s/QvytTfZgJvGZgtPFyHh1uQ","微信读书"
"北大就业","2025-11-27","招聘 | 中国人民银行金融基础数据中心2026年度招聘公告","https://mp.weixin.qq.com/s/kxjQkjfC26OLyFeaOUJGuw","微信读书"
"北大就业","2025-11-27","招聘 | 海南省财金集团有限公司2025年秋季校园招聘公告","https://mp.weixin.qq.com/s/nbWLr-xsCJWzwMXZJ1Tn_g","微信读书"
"北大就业","2025-11-27","金融行业实习信息汇总 | 广州以谦私募证券投资基金管理有限公司、通力律师事务所等","https://mp.weixin.qq.com/s/YwbMRIYyGfP2igCouKzI3w","微信读书"
"北大就业","2025-11-26","招聘｜海淀区2026年度“企航计划”招聘优秀应届毕业生公告","https://mp.weixin.qq.com/s/TYxMd2PGHJSREKt0QAbtkw","微信读书"
"北大就业","2025-11-26","招聘 | 中国航油2026届校园招聘全面启动","https://mp.weixin.qq.com/s/4GR2-ho1S2t8PPjNanGHUQ","微信读书"
"北大就业","2025-11-26","招聘 | 中国储备粮管理集团有限公司贵州分公司2026年度招聘公告","https://mp.weixin.qq.com/s/gkoFW8drDDuPJs9Z2Ve4zg","微信读书"
"北大就业","2025-11-26","招聘 | 海淀教育校园招聘","https://mp.weixin.qq.com/s/bz9H79rW62wuZ8ru9DAFYw","微信读书"
"北大就业","2025-11-25","招聘 | 新兴际华集团有限公司2026年度校园招聘公告","https://mp.weixin.qq.com/s/L-AgHvYZ32hzefEbh9efVA","微信读书"
"北大就业","2025-11-25","招聘 | 浩吉铁路股份有限公司高校毕业生招聘公告","https://mp.weixin.qq.com/s/RWB_edTF_7NG56Y4Du77Hw","微信读书"
"北大就业","2025-11-25","宣讲 | 2026希望学北京大学宣讲会","https://mp.weixin.qq.com/s/O2dpK79M71v-vwAA901DqQ","微信读书"
"北大就业","2025-11-25","教育行业实习信息汇总｜浙江开课啦教育培训学校、北京师范大学朝阳附属学校等","https://mp.weixin.qq.com/s/D3hjPxFar5R4SEibiTuYGw","微信读书"
"北大就业","2025-11-25","活动｜在国际组织实习任职的北大学子， PKUIO喊你来“报到”！","https://mp.weixin.qq.com/s/6pHMl_sJBmVcZT8OskTLFQ","微信读书"
"北大就业","2025-11-24","招聘 | 中国人民银行清算总中心2026年度公开招聘公告","https://mp.weixin.qq.com/s/2-AiTHzYJf1HLnnEY6-Clw","微信读书"
"北大就业","2025-11-24","招聘 | 省广集团2026届校园招聘正式启航！","https://mp.weixin.qq.com/s/EOgpecex4ltKLFRlVyADWQ","微信读书"
"北大就业","2025-11-24","招聘 | 好课在线2026校园招聘","https://mp.weixin.qq.com/s/WTdVfxi8I3Gjv2yHEWRSJA","微信读书"
"北大就业","2025-11-24","招聘 | 北京证券交易所 全国股转公司 中证股转科技有限公司2025年校园招聘","https://mp.weixin.qq.com/s/1-1jFM1POWYYswcJDuQxUA","微信读书"
"北大就业","2025-11-24","科研与技术服务业实习信息汇总 | 浙江开课啦教育培训学校、北京师范大学朝阳附属学校等","https://mp.weixin.qq.com/s/PZL6sqgrpTQ5lY7VfaSW8A","微信读书"
"北大就业","2025-11-23","租赁、商务服务和公共管理业实习信息汇总 | 神州数码信息服务股份有限公司北京分公司、 珠海金山数字网络科技有限公司","https://mp.weixin.qq.com/s/yusKLd3OWfZXi-R7mNdAQQ","微信读书"
"北大就业","2025-11-23","招聘丨南京中医药大学公开招聘青年特聘教授","https://mp.weixin.qq.com/s/VxNTzox_wS0St6XAzkju7w","微信读书"
"北大就业","2025-11-23","招聘 | 中国冶金地质总局2026年校园招聘","https://mp.weixin.qq.com/s/PfcdoovsuUXYV_gfLkdTpQ","微信读书"
"北大就业","2025-11-23","招聘 | 中国航天科工集团第六研究院41所招聘简章","https://mp.weixin.qq.com/s/8AkXvVdgaRxlva81-bGkFw","微信读书"
"北大就业","2025-11-23","招聘 | 上海期货交易所上海国际能源交易中心2026年招聘公告","https://mp.weixin.qq.com/s/bnuZfUo9BbK_-Mck3pl3rw","微信读书"
"北大就业","2025-11-22","招聘｜中企联合粮食储备有限公司2026年度招聘公告","https://mp.weixin.qq.com/s/XrMOs7sUilxj6DaUN_Av_g","微信读书"
"北大就业","2025-11-22","招聘｜中国电子工程设计院股份有限公司2026届校园招聘","https://mp.weixin.qq.com/s/VmQJgsObvPTC4Pgd_BrAAg","微信读书"
"北大就业","2025-11-22","招聘｜陆军研究院某研究所2026年度招聘公告","https://mp.weixin.qq.com/s/MRfzM0IedI9CqFdnMr4kJQ","微信读书"
"北大就业","2025-11-22","信息传输、软件和信息技术服务业实习信息汇总 | 神州数码信息服务股份有限公司北京分公司、珠海金山数字网络科技有限公司等","https://mp.weixin.qq.com/s/fO1Ku0ajReJQuMDToZLz3g","微信读书"
"北大就业","2025-11-21","招聘｜中国（教育部）留学服务中心 2025年度下半年公开招聘公告（非事业编制）","https://mp.weixin.qq.com/s/EcxNJlckpZEBxe91n3igtg","微信读书"
"北大就业","2025-11-21","招聘｜首创证券2026年度校园招聘正式启动","https://mp.weixin.qq.com/s/aD62k21sO082LoyegreBUg","微信读书"
"北大就业","2025-11-21","招聘｜人大附中亦庄新城学校2026年教师招聘公告","https://mp.weixin.qq.com/s/_K9v0gc4PJtHHVbM4DDK3w","微信读书"
"北大就业","2025-11-21","招聘｜德邦证券2026届秋季校园招聘正式启动！","https://mp.weixin.qq.com/s/bhoZXCfch7-1Zxa7i2eOXA","微信读书"
"北大就业","2025-11-21","双选｜AI赛道名企集结，厚礼已备，第一届PINNIX智能科技文化节“职”等你来","https://mp.weixin.qq.com/s/6LLUtmVqyYAVVKrlGOQ7xg","微信读书"
"北大就业","2025-11-21","建筑运输行业招聘信息汇总 | 常州嘉宏房地产开发有限公司、苏州苏高新集团有限公司等","https://mp.weixin.qq.com/s/SCEJRMtqTxcLS32S15Hm3w","微信读书"
"北大就业","2025-11-20","招聘 | TAL好未来2026校园招聘全面开启","https://mp.weixin.qq.com/s/KQB4iXITK3VVU2BaCmHq2Q","微信读书"
"北大就业","2025-11-20","招聘 | 中国银联2026年度校园招聘正式启动","https://mp.weixin.qq.com/s/rmtavl759Gcay9tFtKAOCA","微信读书"
"北大就业","2025-11-20","招聘 | 交易商协会2026年度校园招聘","https://mp.weixin.qq.com/s/dE2e62I29XeWw-bJNMex0g","微信读书"
"北大就业","2025-11-20","招聘 | 大家保险集团2026校园招聘正式启动","https://mp.weixin.qq.com/s/v0-sLjptSXd9dlHub5lbng","微信读书"
"北大就业","2025-11-20","教育行业招聘信息汇总 | 河北农业大学、大同师范高等专科学校等","https://mp.weixin.qq.com/s/GiorjCKY3uKN2_J8IfyoaQ","微信读书"
"北大就业","2025-11-19","招聘 | 中国航油2026届校园招聘全面启动","https://mp.weixin.qq.com/s/nWiQ5H0rR-Hnyl_vTJcuTw","微信读书"
"北大就业","2025-11-19","招聘 | 新华通讯社公开招聘2026年应届高校毕业生公告","https://mp.weixin.qq.com/s/qg00d5kkzjCWTvUWBZxfUQ","微信读书"
"北大就业","2025-11-19","学生邀请函 | 北京大学2026届毕业生“智汇人文”专场双选会","https://mp.weixin.qq.com/s/cDfLffjFkYTO-a1E0gqFaw","微信读书"
"北大就业","2025-11-19","宣讲会预告 | 11月21日","https://mp.weixin.qq.com/s/ABmlpSqbKBnLmIfpoZXG8g","微信读书"
"北大就业","2025-11-19","宣讲+双选 | 宜昌市2026年“招才兴业”暨“千企百校行”北京大学专场招聘活动","https://mp.weixin.qq.com/s/EkcYDbstx2-YiJzbQFdxTQ","微信读书"
"北大就业","2025-11-19","双选 | 黑龙江文旅人才招募季·北大专场","https://mp.weixin.qq.com/s/uuML3TrbIrWr0HeVbgfeIQ","微信读书"
"北大就业","2025-11-18","招聘 | 江苏省国金投资集团2026届校园招聘","https://mp.weixin.qq.com/s/-c3LD1ZbvNDFzj_gyPI2Ww","微信读书"
"北大就业","2025-11-18","用人单位邀请函 | 博聚未来——2025年北京大学博士博士后专场招聘会","https://mp.weixin.qq.com/s/HERkdEW1TXbXidE6QB8E1w","微信读书"
"北大就业","2025-11-18","宣讲+双选 | 庆蓝优引校园行（北京专场）——大庆市高校引才活动邀请函","https://mp.weixin.qq.com/s/OpFYqVhnnpHms4AUgU62Xg","微信读书"
"北大就业","2025-11-18","宣讲+双选 | 2026年武汉市选调选聘管培生暨重点企事业单位招聘宣讲会","https://mp.weixin.qq.com/s/yJMM2nUOHzCKrnIhqicjMw","微信读书"
"北大就业","2025-11-18","宣讲 | 联汇科技2026校园招聘","https://mp.weixin.qq.com/s/diGK9fmKwn-CdRquMKjQiQ","微信读书"
"北大就业","2025-11-18","宣讲 | 江西省2026年度选调政策宣讲会","https://mp.weixin.qq.com/s/_RKpPPdnlV2svhAicnmr3g","微信读书"
"北大就业","2025-11-18","能源、批发零售与文化传媒行业招聘信息汇总 |  中信出版集团股份有限公司、深圳市研一新材料有限责任公司等","https://mp.weixin.qq.com/s/rMiIO7GAwpiM5YmkOB-sqA","微信读书"
"北大就业","2025-11-17","招聘 | 中智集团2026届校园招聘全面启动","https://mp.weixin.qq.com/s/KEtdC8nzDWTcQVgyn8t6YQ","微信读书"
"北大就业","2025-11-17","招聘 | 教育部直属事业单位2026年度公开招聘应届生公告","https://mp.weixin.qq.com/s/sU5U4H-Ro-Rp-_orPGDHEA","微信读书"
"北大就业","2025-11-17","招聘 | 国家电网有限公司2026年招聘高校毕业生公告","https://mp.weixin.qq.com/s/MXpwAZBBw9ejGxlAe12tAw","微信读书"
"北大就业","2025-11-17","招聘 | 才聚浙江—2025年北京高层次人才洽谈会","https://mp.weixin.qq.com/s/ggSoJI0uVzSO_QdYIIYx3g","微信读书"
"北大就业","2025-11-17","宣讲会预告 | 11月19日","https://mp.weixin.qq.com/s/AiEq9gpZ_Ao7rO1Rz4NFew","微信读书"
"北大就业","2025-11-17","科研与技术服务业招聘信息汇总 | 深圳市路特创新科技有限公司、山东泰开环保科技有限公司等","https://mp.weixin.qq.com/s/5HsMDdYTvIOx8SPHoKs-Zw","微信读书"
"北大就业","2025-11-16","招聘 | 中铁重工有限公司管理岗位公开招聘公告","https://mp.weixin.qq.com/s/Za4WpbvWv6HP0E5SP2OkHg","微信读书"
"北大就业","2025-11-16","招聘 | 湖北交投集团2026届秋季校园招聘火热开启","https://mp.weixin.qq.com/s/VjkK5zMp9mc6wdKTNbczwQ","微信读书"
"北大就业","2025-11-16","宣讲会预告 | 11月18日","https://mp.weixin.qq.com/s/xI2plR9jh-ILs4-Bg0IiPg","微信读书"
"北大就业","2025-11-16","宣讲 | 国家外汇管理局中央外汇业务中心2026校园招聘","https://mp.weixin.qq.com/s/jmSsvBfA_oJum9bPfWwQgg","微信读书"
"北大就业","2025-11-15","招聘｜中国南水北调集团新能源投资有限公司2025年秋季校园招聘公告","https://mp.weixin.qq.com/s/SCpOBHrvrXWHziC0yrJIDA","微信读书"
"北大就业","2025-11-15","招聘｜国家开发投资集团有限公司2026届校园招聘空中宣讲会","https://mp.weixin.qq.com/s/dPJEvDHo5bk194XfUJvzKQ","微信读书"
"北大就业","2025-11-15","招聘｜国防科技大学外国语学院2025年校园招聘","https://mp.weixin.qq.com/s/4AdeJLkgCuBV1k9APKSAQQ","微信读书"
"北大就业","2025-11-15","宣讲会预告 | 11月17日","https://mp.weixin.qq.com/s/VmbrAAlap1mWf82MRP4JzQ","微信读书"
"北大就业","2025-11-15","信息传输、软件和信息技术服务行业招聘信息汇总 | 中国移动广东公司、360集团​等","https://mp.weixin.qq.com/s/OCJytZR1t4WOSWrilvtEaA","微信读书"
"北大就业","2025-11-14","招聘｜中国煤炭地质总局2026年校园招聘","https://mp.weixin.qq.com/s/xBnjyxIFDPhWzHsoTm_41w","微信读书"
"北大就业","2025-11-14","招聘｜中国建筑材料科学研究总院有限公司2026校园招聘公告","https://mp.weixin.qq.com/s/51VNvOZMx9eGX1vy6Zop-g","微信读书"
"北大就业","2025-11-14","招聘｜国务院发展研究中心有关直属事业单位2026年度公开招聘工作人员公告","https://mp.weixin.qq.com/s/W7btNZ5Onbn4Vmk4DI4ikw","微信读书"
"北大就业","2025-11-14","招聘｜北京宝兰德软件股份有限公司2026年校园招聘全面启动","https://mp.weixin.qq.com/s/gZb8_zYxMKTQ0E6MV2cBdg","微信读书"
"北大就业","2025-11-14","医疗卫生行业招聘信息汇总｜南京圣和药业股份有限公司、中国医药集团有限公司等","https://mp.weixin.qq.com/s/3gNyje5G8tz5MyL43ynzow","微信读书"
"北大就业","2025-11-13","租赁、商务服务和公共管理行业招聘信息汇总 | 吉客印、深圳千里马国际猎头有限公司等","https://mp.weixin.qq.com/s/8Qdsloi3KssE4g5RuTp4tA","微信读书"
"北大就业","2025-11-13","招聘 | 中央国债登记结算有限责任公司2026年度校园招聘正式启动","https://mp.weixin.qq.com/s/LAh1XIDFW2Vjqbv6TXSd9A","微信读书"
"北大就业","2025-11-13","招聘 | 山东能源集团2026年“源动力”高层次人才校园招聘","https://mp.weixin.qq.com/s/X3vpldPtLJobPEz4Eizgsg","微信读书"
"北大就业","2025-11-13","招聘 | 美年健康集团2026届美年星校园招聘活力启航","https://mp.weixin.qq.com/s/qkfxDGwOhb2E9-787B5BKQ","微信读书"
"北大就业","2025-11-13","宣讲 | 2025北京市台生台青就业实习专场推介会来啦","https://mp.weixin.qq.com/s/SIGMseduVYtxMbPUMbzzOA","微信读书"
"北大就业","2025-11-13","双选 | “金秋启航”京津冀地区2026届高校毕业生大型双选会","https://mp.weixin.qq.com/s/hHvURTE4Z9iiQ7XNW3TBAQ","微信读书"
"北大就业","2025-11-12","招聘 | 亿纬锂能2026届全球校园招聘正式启动","https://mp.weixin.qq.com/s/423ZkmRL9nBfrdSyeAbdIw","微信读书"
"北大就业","2025-11-12","招聘 | 苏交科集团2026届校园招聘正式启动","https://mp.weixin.qq.com/s/SjpC1s0gcayR0KS7RLfiYA","微信读书"
"北大就业","2025-11-12","宣讲会预告 | 11月14日","https://mp.weixin.qq.com/s/cWgVYiJLryY2Oyk-_AcmDw","微信读书"
"北大就业","2025-11-12","宣讲+双选 | @北大同学，丰台为你量身打造的就业岗位『来了』！","https://mp.weixin.qq.com/s/ees7v6rznD4eHnH_I0np8A","微信读书"
"北大就业","2025-11-12","宣讲 |  武汉东湖新技术开发区管委会定向北京大学引进储备干部宣讲会","https://mp.weixin.qq.com/s/W5OK_rjVde0v1Svx4CZ8yw","微信读书"
"北大就业","2025-11-12","双选 | 大庆市高校引才活动","https://mp.weixin.qq.com/s/4_cDGltVFPaFXIQeqqfP0g","微信读书"
"北大就业","2025-11-12","活动 | 北大选调咨询开放日来啦！","https://mp.weixin.qq.com/s/6El57gTN2nzwaz9zeCW0Yg","微信读书"
"北大就业","2025-11-11","招聘 | 太平洋保险集团2026届秋季校园招聘","https://mp.weixin.qq.com/s/bm6qXRH4-gXdEZ0C-jvntg","微信读书"
"北大就业","2025-11-11","招聘 | 国网智慧车联网技术有限公司2026年校园招聘正式启动","https://mp.weixin.qq.com/s/P7oVejd4CLaN5kq0eDazkQ","微信读书"
"北大就业","2025-11-11","招聘 | 广东能源集团2026届校园招聘正式启动","https://mp.weixin.qq.com/s/dsQdAXI2ZaJetTCxuea9jA","微信读书"
"北大就业","2025-11-11","招聘 | 关于公开选聘2026年度珠海市干部队伍储备人才的公告","https://mp.weixin.qq.com/s/0pA37pkp2cdMtJifsUqj_A","微信读书"
"北大就业","2025-11-11","宣讲会预告 | 11月13日","https://mp.weixin.qq.com/s/nP56jPHNukoJmKNogXO-2g","微信读书"
"北大就业","2025-11-11","宣讲 | 武汉光谷金融控股集团有限公司2025年度秋季校园招聘正式启动","https://mp.weixin.qq.com/s/jI0fGXEVi4PbcuXWnJ5e2g","微信读书"
"北大就业","2025-11-11","宣讲 | 河南省2026年定向北京大学招录选调生宣讲会","https://mp.weixin.qq.com/s/POmqhIlqYrFuU0hWVALg9w","微信读书"
"北大就业","2025-11-10","制造业招聘信息汇总 | 中山大洋电机股份有限公司、爱德万测试中国等","https://mp.weixin.qq.com/s/o4IrcInLDj956npdCzMiFg","微信读书"
"北大就业","2025-11-10","招聘 | 中国航空工业集团计量所2025年招聘简章","https://mp.weixin.qq.com/s/P9H2YCQsoj-crFe5r3fs6A","微信读书"
"北大就业","2025-11-10","招聘 | 诺唯赞2026秋季校园招聘正式启动啦~","https://mp.weixin.qq.com/s/rv5UV8hBqhMRyp-ZIzzjNA","微信读书"
"北大就业","2025-11-10","招聘 | 华大集团2026校园招聘火热进行中！","https://mp.weixin.qq.com/s/WYAKjjdegO_VhG-HHNMVEw","微信读书"
"北大就业","2025-11-10","招聘 | 北京大学附属小学2026年招聘需求","https://mp.weixin.qq.com/s/eTW20dxuzmSI_JY3mSVrfg","微信读书"
"北大就业","2025-11-10","宣讲会预告 | 11月12日","https://mp.weixin.qq.com/s/lznlLQ28TuzDfJ-dVYjfNw","微信读书"
"北大就业","2025-11-09","招聘 | 招商银行长沙分行2026冬季校园招聘","https://mp.weixin.qq.com/s/hsUbXjwtBTeNSMlqfvkGSg","微信读书"
"北大就业","2025-11-09","招聘 | 上海核工院2026届校园招聘","https://mp.weixin.qq.com/s/1J7mGzc4Pe7_2-rEP79SwA","微信读书"
"北大就业","2025-11-09","宣讲会预告 | 11月11日","https://mp.weixin.qq.com/s/oyvE_K7o3QjtWvSjvA2Ojw","微信读书"
"北大就业","2025-11-09","宣讲+双选 | 北京市顺义区2025年“国门英才荟”宣讲招聘会-北京大学站","https://mp.weixin.qq.com/s/WNVfQvm31gIHV4RqQk5mng","微信读书"
"北大就业","2025-11-09","宣讲 | 雄安新区2026届校园引才雄安季","https://mp.weixin.qq.com/s/p186_UHbF_27KDhzMPt_bw","微信读书"
"北大就业","2025-11-08","招聘｜中国稀土集团启动2026届秋季校园招聘","https://mp.weixin.qq.com/s/67EsGZVhafD6BuyBl8PIcA","微信读书"
"北大就业","2025-11-08","招聘｜中国电科27所2026届校园招聘开启","https://mp.weixin.qq.com/s/uiXB78iAz56CYJakhyJQkQ","微信读书"
"北大就业","2025-11-08","招聘｜新石器慧通2026校园招聘","https://mp.weixin.qq.com/s/3SmfKA4jp7vV6H4nZILMcA","微信读书"
"北大就业","2025-11-08","招聘｜辽宁港口集团有限公司2026校园招聘正式启动","https://mp.weixin.qq.com/s/oHAkqo8_Ngho5yscR0temA","微信读书"
"北大就业","2025-11-08","宣讲｜中泰证券2026届秋季校园招聘—北京大学专场宣讲会","https://mp.weixin.qq.com/s/MHGZyguruilEI1hSTXcEmw","微信读书"
"北大就业","2025-11-08","宣讲 | “才聚八闽”福建省人才政策综合宣讲会","https://mp.weixin.qq.com/s/qHdfznfIoeUv5yc_A0n1QA","微信读书"
"北大就业","2025-11-07","招聘｜中国人民解放军信息支援部队2025年文职人员招聘","https://mp.weixin.qq.com/s/CRXc9MQ0V24IB-8F0SfMBQ","微信读书"
"北大就业","2025-11-07","招聘｜中国进出口银行2026年校园招聘正式启动","https://mp.weixin.qq.com/s/rwJVDI0NGrC3H7SGeVPCvg","微信读书"
"北大就业","2025-11-07","招聘｜迎水投资 基金经理、研究员交易员、量化研究员招聘","https://mp.weixin.qq.com/s/j0igyjvRJV7uksI68tqaUA","微信读书"
"北大就业","2025-11-07","招聘｜人大附中苏州学校2026年第一次高层次优秀毕业生招聘公告","https://mp.weixin.qq.com/s/WYJnSbifpgog33Oj6Ou0aQ","微信读书"
"北大就业","2025-11-07","招聘｜莫干山地信实验室2026年校园招聘","https://mp.weixin.qq.com/s/IphwJcWICBe31vmxJ3EAHA","微信读书"
"北大就业","2025-11-06","招聘 | 青岛国信集团2026届校园招聘正式启动","https://mp.weixin.qq.com/s/NQHl8Gu8PW2MtnHFoX7U7Q","微信读书"
"北大就业","2025-11-06","招聘 | 河北金租2026届校园招聘启动","https://mp.weixin.qq.com/s/x4q5sfHH98WQSCUbpa6HXw","微信读书"
"北大就业","2025-11-06","招聘 | 广晟控股2026校园招聘正式启动","https://mp.weixin.qq.com/s/DiGcpoPSHKmXnFi0MkP4mw","微信读书"
"北大就业","2025-11-06","招聘 | 成都市规划设计研究院2025年度公开招聘编外人员","https://mp.weixin.qq.com/s/Tin9CZsKJswtVm_Jya1LLg","微信读书"
"北大就业","2025-11-06","宣讲会预告 | 11月8日","https://mp.weixin.qq.com/s/HgM2OypU9WCQapzFPwLrbw","微信读书"
"北大就业","2025-11-06","宣讲 | 羊城晚报2026年校园招聘开始网申","https://mp.weixin.qq.com/s/e8STHJy_4GtCkxlrCxAt2g","微信读书"
"北大就业","2025-11-05","招聘 | 中国农业科学院2025年度第三批统一公开招聘公告","https://mp.weixin.qq.com/s/qjN5qh5btvmYCuw2u1MrJw","微信读书"
"北大就业","2025-11-05","招聘 | 新华报业传媒集团校园招聘开始","https://mp.weixin.qq.com/s/1u0ZZi6Upef_Qg4t_TdSAA","微信读书"
"北大就业","2025-11-05","招聘 | 铁科院机辆所2026届校园招聘即将开启","https://mp.weixin.qq.com/s/bM0pKSHNjGM7uJSzmr5FYQ","微信读书"
"北大就业","2025-11-05","招聘 | 金山办公26届人才专项招聘启动","https://mp.weixin.qq.com/s/Yruw7j69JegIbGk4wFEQ0w","微信读书"
"北大就业","2025-11-05","招聘 | 华住集团2026届管理培训生招聘正式启动","https://mp.weixin.qq.com/s/Yi9eJZhR-4B7obL_o3EFuQ","微信读书"
"北大就业","2025-11-05","招聘 | 叠纸游戏2026校招返场开启！","https://mp.weixin.qq.com/s/Gkhd5bUHxOnlMX8nDikF4A","微信读书"
"北大就业","2025-11-05","报名 | IO Talk 从经贸视角看全球南方和全球治理","https://mp.weixin.qq.com/s/ZdAUaHUPsD7ccFUmn8m34A","微信读书"
"北大就业","2025-10-22","宣讲会预告 | 10月23日-24日","https://mp.weixin.qq.com/s/GC4607Xftc-SlBsjhAXIvA","微信读书"
"北大就业","2025-10-22","宣讲+双选 | 厦一站 职等你——厦门市属国有企业北京专场招聘会","https://mp.weixin.qq.com/s/RtZqVWxLGw-_uDp54C-KtQ","微信读书"
"北大就业","2025-10-22","宣讲+双选 | 江苏专场招聘会公告","https://mp.weixin.qq.com/s/xaQaDQQWNyX-nTxECTVyWQ","微信读书"
"北大就业","2025-10-22","宣讲+双选 | 横琴粤澳深度合作区”百万英才汇南粤”2025年N城联动秋季招聘会（北京站）即将开启","https://mp.weixin.qq.com/s/-1HoOhwJB22wwdLBpNKJ9w","微信读书"
"北大就业","2025-10-22","宣讲 | 周大福2026届管培生项目正式启动","https://mp.weixin.qq.com/s/IaCv4EQ__bVkBOrNgVHRsQ","微信读书"
"北大就业","2025-10-22","宣讲 | 中国海洋石油国际有限公司2026年校园招聘正式启动","https://mp.weixin.qq.com/s/PZ0SbzKrqWVwC1XjV9pKcQ","微信读书"
"北大就业","2025-10-22","宣讲 | 恒瑞医药2026全球校园招聘宣讲","https://mp.weixin.qq.com/s/euPgOW4eqALKdYndVZzChQ","微信读书"
"北大就业","2025-10-22","宣讲 | 核桃编程2026届校园招聘正式启动","https://mp.weixin.qq.com/s/-Gr9m34MEkerXu_c2afEuw","微信读书"
"北大就业","2025-10-21","招聘 | 以青春之名 守护大国粮安——中粮集团2026届校园招聘正式启动","https://mp.weixin.qq.com/s/4X8eKoA-tT9bWrhy5sw4Kw","微信读书"
"北大就业","2025-10-21","招聘 | 苏交科2026届校园招聘","https://mp.weixin.qq.com/s/WJwxAPS29uYqsR4dfTkQWg","微信读书"
"北大就业","2025-10-21","宣讲+双选 | “百万英才汇南粤”2025年N城联动秋季招聘暨2025年珠海引才高校行活动","https://mp.weixin.qq.com/s/x7u9TFEpMTcOLtIFryKZCw","微信读书"
"北大就业","2025-10-21","宣讲 | 中国华电集团2026年“青年骏才”暨校园招聘","https://mp.weixin.qq.com/s/C1cmQ2Fe-dZSTmk70Z_Izg","微信读书"
"北大就业","2025-10-21","宣讲 | 特斯拉2026校园招聘","https://mp.weixin.qq.com/s/1LfsjPUGQRoFa4UkQGUkbA","微信读书"
"北大就业","2025-10-21","宣讲 | 苏州银行2026校园招聘北京大学专场","https://mp.weixin.qq.com/s/eIZ8o-bjheCiqr6voJdCXw","微信读书"
"北大就业","2025-10-21","宣讲 | 广州农商银行2026届校园招聘北京大学专场宣讲会","https://mp.weixin.qq.com/s/zYr4nUvUZayZ2uGYljMPPA","微信读书"
"北大就业","2025-10-21","宣讲 | 北京智芯微电子科技有限公司2026年校园招聘正式启动","https://mp.weixin.qq.com/s/bebcEbD1Bv19FpaCnxhFlA","微信读书"
"北大就业","2025-10-20","招聘 | 中国人民大学2026年度公开选拔应届优秀大学毕业生到学校党团学一线工作公告","https://mp.weixin.qq.com/s/pd-m2WUtsXkPKoU8qk-TcQ","微信读书"
"北大就业","2025-10-20","招聘 | 江南农村商业银行博士后创新实践基地招聘","https://mp.weixin.qq.com/s/xOA9Q_IC-RwdhpeNyzjKFw","微信读书"
"北大就业","2025-10-20","宣讲会预告 | 10月22日","https://mp.weixin.qq.com/s/UaWe0LByK4FqH8YSEAxzoQ","微信读书"
"北大就业","2025-10-20","宣讲 | 讯兔科技2025年秋季校园招聘","https://mp.weixin.qq.com/s/18kfBRa6mLFJ8mtGrLnu4g","微信读书"
"北大就业","2025-10-20","宣讲 | 科大讯飞2026届校招宣讲会","https://mp.weixin.qq.com/s/8VfjXnkewS1sLWnIGOadOQ","微信读书"
"北大就业","2025-10-20","宣讲 | 华安基金2026届秋季校园招聘宣讲会","https://mp.weixin.qq.com/s/VA60MalRNh9pBP9qCE-BUg","微信读书"
"北大就业","2025-10-20","宣讲 | 比亚迪2026届全球校园招聘正式启动！","https://mp.weixin.qq.com/s/vB5MNDBi3WuC0c9qwhctwQ","微信读书"
"北大就业","2025-10-20","宣讲 | 北京一高科技控股集团2026校园招聘暨AI鲤跃创想大赛发布","https://mp.weixin.qq.com/s/CY5rulG-7Lwi409DE6ct6w","微信读书"
"北大就业","2025-10-19","招聘 | 晓培优2026校园招聘正式启动","https://mp.weixin.qq.com/s/wHxtsKePcP98NR1ukIz08A","微信读书"
"北大就业","2025-10-19","招聘 | 四邦实业有限公司招聘","https://mp.weixin.qq.com/s/gmnsbsXgAa4PUDTuRjkt_w","微信读书"
"北大就业","2025-10-19","招聘 | 华夏基金2026届校园招聘全面开启","https://mp.weixin.qq.com/s/pQUrnyA5bWCDOM-ACzhArw","微信读书"
"北大就业","2025-10-19","招聘 | 北京市基础设施投资有限公司2026年度校园招聘正式启动","https://mp.weixin.qq.com/s/mppTjkl1ferS3V8Vt1ouOw","微信读书"
"北大就业","2025-10-19","宣讲会预告 | 10月21日","https://mp.weixin.qq.com/s/KBAt7XjJXO8lnAdTT0W-kA","微信读书"
"北大就业","2025-10-19","宣讲 | 中国远洋海运集团2026全球校园招聘","https://mp.weixin.qq.com/s/LE_uhsu9UnDk-rFsQw8BlQ","微信读书"
"北大就业","2025-10-19","宣讲 | 喀什地区2025年“才聚喀什·智惠丝路”秋季招才引智公告","https://mp.weixin.qq.com/s/Kp5Bf37Xe_Mok9vD8MhEew","微信读书"
"北大就业","2025-10-19","宣讲 | 杭州税务2026年度公务员招录","https://mp.weixin.qq.com/s/Jq5d_xI21lPb62Yw3UdWxQ","微信读书"
"北大就业","2025-10-18","招聘｜中哲物产集团2026秋季校园招聘正式启动","https://mp.weixin.qq.com/s/bXYFQBHALRV9zwn6UsYPEQ","微信读书"
"北大就业","2025-10-18","招聘｜中国石油集团经济技术研究院2025年高校毕业生秋季招聘","https://mp.weixin.qq.com/s/UfyL_PbFumH9L6FedLEsWQ","微信读书"
"北大就业","2025-10-18","招聘｜中国电建西北院2026届校园招聘正式启动","https://mp.weixin.qq.com/s/X3hoG1qAuF_wNw4jAqXpdQ","微信读书"
"北大就业","2025-10-18","招聘｜深圳能源2026届校园招聘正式启动","https://mp.weixin.qq.com/s/2yBCeUATVpITpHD6OVQFsQ","微信读书"
"北大就业","2025-10-18","招聘｜国网数科控股公司2026年校园招聘正式启动","https://mp.weixin.qq.com/s/mtNfo_ZcWbKbCMrz3B2MDw","微信读书"
"北大就业","2025-10-18","宣讲会预告｜10月20日","https://mp.weixin.qq.com/s/OeXY8-FhJE7PC2F-hbG5cg","微信读书"
"北大就业","2025-10-18","宣讲｜好课在线2026校园招聘","https://mp.weixin.qq.com/s/W2GqhWajhogbvhChxmqQrg","微信读书"
"北大就业","2025-10-18","宣讲｜波司登2026届全球校园招聘","https://mp.weixin.qq.com/s/Km4NWr34HwW5faNwG-MGKw","微信读书"
"北大就业","2025-10-17","招聘｜中国移动物联网公司2026校园招聘正式启动！","https://mp.weixin.qq.com/s/1C4XbFePjB5EJWzwoGc3Lw","微信读书"
"北大就业","2025-10-17","招聘｜睿智科技2026届校园招聘","https://mp.weixin.qq.com/s/TP3DVSy_XSGsNrHH2KyLoA","微信读书"
"北大就业","2025-10-17","招聘｜华泰证券2026届校园招聘正式启动","https://mp.weixin.qq.com/s/rwUHmNQXIKkc5LdCp4SkXw","微信读书"
"北大就业","2025-10-17","招聘｜广开控股“金粤计划”2026校园招聘全面启动","https://mp.weixin.qq.com/s/BOGVEHkAHK4k2juJnpYlQA","微信读书"
"北大就业","2025-10-17","招聘｜“海”好有你！首届中关村校招季重磅启动，邀你加入“海淀大职场”~","https://mp.weixin.qq.com/s/YiwRSJpbS8vEROdoQ7g13g","微信读书"
"北大就业","2025-10-17","招聘 | 中国移动总部2026校园招聘","https://mp.weixin.qq.com/s/h9s4Mex9abBOF8gy9QHOPg","微信读书"
"北大就业","2025-10-17","学生邀请函｜2025年北京大学“同行者”专场招聘会","https://mp.weixin.qq.com/s/iQD0zl5Sncrja1Ave-s2vg","微信读书"
"北大就业","2025-10-17","宣讲会预告｜10月18日","https://mp.weixin.qq.com/s/JEDD-Ol3SeiQxqGUrb3wCQ","微信读书"
"北大就业","2025-10-16","学生邀请函 | 北京大学2026届毕业生综合双选会","https://mp.weixin.qq.com/s/yNtrbbZqxAxwIDANQPAeFw","微信读书"
"北大就业","2025-10-16","宣讲+双选 | “百万英才汇南粤”—深圳·北京大学专场招聘","https://mp.weixin.qq.com/s/YUzEjdpGMmQ5TDnpFmVpTA","微信读书"
"北大就业","2025-10-16","宣讲 | 中信银行信用卡中心2026年秋季校园招聘北京大学宣讲会","https://mp.weixin.qq.com/s/h6sdyeKu4QiCf8MDG5rdGQ","微信读书"
"北大就业","2025-10-16","宣讲 | 同济大学科技中学2026届校园招聘","https://mp.weixin.qq.com/s/oOrOBZDRm6uAcjhsoInjSg","微信读书"
"北大就业","2025-10-16","宣讲 | 上实集团&上海医药2026校园招聘北京大学线下宣讲会","https://mp.weixin.qq.com/s/Ksu2fp9aY6k2-1igFpn5tQ","微信读书"
"北大就业","2025-10-16","宣讲 |  深圳市福田区事业单位和国有企业校园招聘宣讲会","https://mp.weixin.qq.com/s/1kUxXADPHkWdb0jO5XBcKg","微信读书"
"北大就业","2025-10-16","双选 | 北京大学异地科研机构招聘启事（北京大学2026届毕业生综合双选会组团）","https://mp.weixin.qq.com/s/2kUp4nOzhf7vDFM-e-iJnQ","微信读书"
"北大就业","2025-10-16","双选 | 百万人才兴重庆2025年北京大学专场活动","https://mp.weixin.qq.com/s/mwuPrUnXidG8vj7XWusumw","微信读书"
"北大就业","2025-10-15","学生邀请函 | “京彩就业”北京大学2026届毕业生专场双选会（事业单位、央国企专场）","https://mp.weixin.qq.com/s/3Rj9kIIRF2P5xIGAnLiMeQ","微信读书"
"北大就业","2025-10-15","宣讲+双选 | 中国海油2026届秋季校园招聘启动","https://mp.weixin.qq.com/s/EXIr6n2T5tYtKCB3VRbXxA","微信读书"
"北大就业","2025-10-15","宣讲 | 中建三局2026届校园招聘正式启动","https://mp.weixin.qq.com/s/cRCxiOVXkxiKKqRSvvyfDg","微信读书"
"北大就业","2025-10-15","宣讲 | 中建港航局2026校园招聘正式启动","https://mp.weixin.qq.com/s/ot_wyAnpOOxR9siEiU3utA","微信读书"
"北大就业","2025-10-15","宣讲 | 中建八局2026届校园招聘全面开启","https://mp.weixin.qq.com/s/AUXLBN7WOQOX2m6DcZEtUA","微信读书"
"北大就业","2025-10-15","宣讲 | 学而思网校2026校园招聘全面启动","https://mp.weixin.qq.com/s/fkjCgodlvLFwuYJLKAahlg","微信读书"
"北大就业","2025-10-15","宣讲 | 思朗科技2026校园招聘正式启动","https://mp.weixin.qq.com/s/Nld9goYUKoOduzlMJhUSWg","微信读书"
"北大就业","2025-10-15","宣讲 | 阿斯利康中国2026校园招聘正式启动","https://mp.weixin.qq.com/s/LRGIH3-hMzUwkFlUaXjyLw","微信读书"
"北大就业","2025-10-14","宣讲+双选 | “一路向南 通向未来”2025北京大学“南通日”","https://mp.weixin.qq.com/s/ZBt_0WdC7OgB7wptLYF1MA","微信读书"
"北大就业","2025-10-14","宣讲+双选 | “聚临港 筑未来”临港新片区2025年秋季组团招聘·北京大学专场","https://mp.weixin.qq.com/s/-ReDUXx5gbx14yw3cyRtEQ","微信读书"
"北大就业","2025-10-14","宣讲+双选 | “百万英才汇南粤”暨2025年惠州市第四届人才周进校园（北京）专场活动","https://mp.weixin.qq.com/s/3qSiM3hkhr_f16il37LX2Q","微信读书"
"北大就业","2025-10-14","宣讲 | 鹰角网络2026校园招聘","https://mp.weixin.qq.com/s/NdR6bHWwJ9C83YuoC8yITw","微信读书"
"北大就业","2025-10-14","宣讲 | 燕东微2026届全球校园招聘启动","https://mp.weixin.qq.com/s/ur6LoT_v8lS39k8t2Zwupw","微信读书"
"北大就业","2025-10-14","宣讲 | 上海光通信有限公司2026届校园招聘","https://mp.weixin.qq.com/s/wjBTz8DzdLlfzfjbq5Pbyg","微信读书"
"北大就业","2025-10-14","宣讲 | 2025广州市教育系统“优才计划”校园招聘","https://mp.weixin.qq.com/s/AR5CtpnT3HYyDO44nU5ZYA","微信读书"
"北大就业","2025-10-14","宣讲 | “乐跑追梦 才聚浙里”财通证券2026校园招聘正式启动","https://mp.weixin.qq.com/s/m44pZZnRXBbQ8bq-Z_xkIA","微信读书"
"北大就业","2025-10-13","宣讲会预告 | 10月15日","https://mp.weixin.qq.com/s/ZZH_q0In8QEZrAwP55kCGg","微信读书"
"北大就业","2025-10-13","宣讲+双选 | 中国石油2025秋季高校毕业生校招宣讲咨询会","https://mp.weixin.qq.com/s/T3Nqc6YNyd6aOTUilVwlxA","微信读书"
"北大就业","2025-10-13","宣讲 | 中国航信2026届校园招聘","https://mp.weixin.qq.com/s/hFq9f-rh0LXgUOumqrqtsA","微信读书"
"北大就业","2025-10-13","宣讲 | 新东方2026届顶尖人才校园招聘北大专场","https://mp.weixin.qq.com/s/LepvhZ0UbajHI9PM8XjCBw","微信读书"
"北大就业","2025-10-13","宣讲 | 香港人才服务办公室《全球机遇・汇聚香港》宣讲会","https://mp.weixin.qq.com/s/cVpo-ZG_GT50oplED_Ka3g","微信读书"
"北大就业","2025-10-13","宣讲 | 华为2026届应届生招聘北京大学专场宣讲会","https://mp.weixin.qq.com/s/Hu8AvSI5pExPYGGOKUmtKQ","微信读书"
"北大就业","2025-10-13","宣讲 | 华润置地2026届校园招聘正式启动！","https://mp.weixin.qq.com/s/4-r8R_U9CrlepoIPLixOFw","微信读书"
"北大就业","2025-10-13","宣讲 | 海信集团控股股份有限公司2026年信动力校园招聘","https://mp.weixin.qq.com/s/at_hBJYtLIASvj69wJNL4Q","微信读书"
"北大就业","2025-10-12","招聘 | 中海地产2026届校园招聘全球启动","https://mp.weixin.qq.com/s/OYTPvCNXNxQdvOwHbTOBYQ","微信读书"
"北大就业","2025-10-12","招聘 | 联通数据智能有限公司2026届校园招聘","https://mp.weixin.qq.com/s/Ge4Aq2GcwQhFHIu0G9A5NQ","微信读书"
"北大就业","2025-10-12","招聘 | 辉瑞中国2026届管理培训生项目正式启动","https://mp.weixin.qq.com/s/RClnH64lpjK8r-MZaIF7mQ","微信读书"
"北大就业","2025-10-12","招聘 | 海大集团2026届鲸英计划正式启动","https://mp.weixin.qq.com/s/02Ix4AIdzIpSzva96K5Sjw","微信读书"
"北大就业","2025-10-12","招聘 | 北汽集团2026届全球校园招聘启动","https://mp.weixin.qq.com/s/kxQQN9KlEcEn3XUXr1xB5g","微信读书"
"北大就业","2025-10-12","宣讲会预告 | 10月14号","https://mp.weixin.qq.com/s/wm3u_pqtmZqcrPfTkXBlAw","微信读书"
"北大就业","2025-10-12","宣讲+双选丨国药集团2026届校园招聘全面启动","https://mp.weixin.qq.com/s/i3qLAlI48DCdhjWPH8CzcQ","微信读书"
"北大就业","2025-10-12","宣讲+双选 | 国家能源集团 2026年毕业生暨总部“菁英”管培生招聘北京大学专场","https://mp.weixin.qq.com/s/byFoaGF8m5FXssXk-RHzdQ","微信读书"
"北大就业","2025-10-11","招聘｜山东中建城市发展有限公司2026届校园招聘正式启动","https://mp.weixin.qq.com/s/2Wf-YHMkLjiARznHM1bMyQ","微信读书"
"北大就业","2025-10-11","招聘｜启瑞集团2026届校园招聘全面启动","https://mp.weixin.qq.com/s/hD-5a8dbGe0IT7UU1hy1bA","微信读书"
"北大就业","2025-10-11","招聘｜湖南省农村信用社联合社2026年校园招聘","https://mp.weixin.qq.com/s/MenvdZ89WZDEiW1tA-ow9w","微信读书"
"北大就业","2025-10-11","招聘｜广东移动2026年秋季校园招聘全面启动","https://mp.weixin.qq.com/s/2Vtx3lse-7egF0fotVBugg","微信读书"
"北大就业","2025-10-11","宣讲会预告｜10月13日","https://mp.weixin.qq.com/s/mrFUqx5gk0F6BhjoksVLJQ","微信读书"
"北大就业","2025-10-11","宣讲丨中微公司2026校园招聘","https://mp.weixin.qq.com/s/U_AvLS0wPA7xv0jMDKCCWg","微信读书"
"北大就业","2025-10-11","宣讲｜西安经济技术开发区管委会及直属企业2026校园招聘-北京大学专场宣讲会","https://mp.weixin.qq.com/s/1ECFxabQNSIoJiALpMO2NQ","微信读书"
"北大就业","2025-10-11","宣讲+双选｜中国机械工业集团2026届校园招聘北京大学专场","https://mp.weixin.qq.com/s/jgyhPMWiIO4Dy_xIRyCe8A","微信读书"
"北大就业","2025-10-10","招聘｜卓识基金2026届秋季校园招聘","https://mp.weixin.qq.com/s/OrHat02IxWZa11D_uTmRFA","微信读书"
"北大就业","2025-10-10","招聘｜深圳燃气2026届校园招聘正式启动","https://mp.weixin.qq.com/s/H0q3u4PYFOBJ1q6M_rpHTA","微信读书"
"北大就业","2025-10-10","招聘｜娇韵诗2026届管培生项目正式启动","https://mp.weixin.qq.com/s/rkyAGvaD2Lq04AcBzSflRA","微信读书"
"北大就业","2025-10-10","宣讲｜深圳中学2026年校园招聘","https://mp.weixin.qq.com/s/ZLXGc1UK3oL7ycwJi6AzsA","微信读书"
"北大就业","2025-10-10","宣讲｜深圳桃李未来2026届校园招聘","https://mp.weixin.qq.com/s/9q4Oo33u03Qd3MbXTQ636Q","微信读书"
"北大就业","2025-10-10","宣讲｜美丽中国支教项目2026级项目老师招募","https://mp.weixin.qq.com/s/lY2Pf49BOJCht7YEftLZJA","微信读书"
"北大就业","2025-10-10","双选＋宣讲｜“智汇潇湘 才聚湖南”2025年湖南省促进高校毕业生就业创业北京站专场招聘活动","https://mp.weixin.qq.com/s/H1lSsRgCwV21AfTF-Fn8fw","微信读书"
"北大就业","2025-10-09","招聘 | 中国民生银行北京2026届全球校园招聘&实习直航计划同步启动","https://mp.weixin.qq.com/s/Q1vtDU-FysDkjmv-vaHZew","微信读书"
"北大就业","2025-10-09","招聘 | 久尺网络2026届校园招聘","https://mp.weixin.qq.com/s/VL_sG2f3hq_ee4T8nmnM1w","微信读书"
"北大就业","2025-10-09","宣讲会预告 | 10月11日","https://mp.weixin.qq.com/s/-S0u5MVU0GxZAeyH0-n9-w","微信读书"
"北大就业","2025-10-09","宣讲｜山东省青岛市2026年选调引才政策北京大学专场交流会","https://mp.weixin.qq.com/s/0hYmzoyvvZnDBjED6M3Qhw","微信读书"
"北大就业","2025-10-09","宣讲｜2025年外交部考录宣讲会","https://mp.weixin.qq.com/s/59b9NI6RD_W8H9LhlXYvIg","微信读书"
"北大就业","2025-10-09","宣讲+双选 | 中国五矿2026校园招聘宣讲会火热进行中","https://mp.weixin.qq.com/s/RLPF6376fF1qvemW_mw-1w","微信读书"
"北大就业","2025-10-09","宣讲+双选 | “山东—名校人才直通车”北京站活动","https://mp.weixin.qq.com/s/6oboYNg_yIIZo_sqtl1slw","微信读书"
"北大就业","2025-10-09","宣讲 | 芯恩2026届校招北京大学专场","https://mp.weixin.qq.com/s/ThTWU_9gf565I9-eJM8lOA","微信读书"
"北大就业","2025-10-08","招聘 | TP-Link联洲2026届秋季校园招聘正式启动","https://mp.weixin.qq.com/s/oaBDMeuZqz7BzmfFLhraKw","微信读书"
"北大就业","2025-10-08","招聘 | AlphaGrep 2026校园招聘正式启动","https://mp.weixin.qq.com/s/3A2ij2mCYeeLrp-zPpyORA","微信读书"
"北大就业","2025-10-08","招聘 | 兴业银行2026校园招聘全面启动","https://mp.weixin.qq.com/s/04BqTeAVQ44zcjZpDwkqzw","微信读书"
"北大就业","2025-10-08","招聘 | 苏银金融租赁2026届校园招聘正式启动","https://mp.weixin.qq.com/s/bcjMMUnyHVJlBQr441gVIg","微信读书"
"北大就业","2025-10-08","招聘 | 上海期货信息技术有限公司2026届“期航生”校园招聘正式启动","https://mp.weixin.qq.com/s/0rah4EjD5jHWD7K1GmDDug","微信读书"
"北大就业","2025-10-08","宣讲会预告 | 10月10日","https://mp.weixin.qq.com/s/wFHABa-fGWs34vM9kR8c6Q","微信读书"
"北大就业","2025-10-08","宣讲 | 浙江交通集团2026届校园招聘正式启动","https://mp.weixin.qq.com/s/apejrD-xqdwWWIk6gRgafg","微信读书"
"北大就业","2025-10-08","宣讲 | 红松集团2026校园招聘正式启动","https://mp.weixin.qq.com/s/V0jKh-NnVtgeYqaGYEfWnw","微信读书"
"北大就业","2025-10-07","招聘 | 中国移动云南公司2026校园招聘火热启动","https://mp.weixin.qq.com/s/EWBwxwQ2dxCaa0fzNTd7AA","微信读书"
"北大就业","2025-10-07","招聘 | 药明生物2026校园招聘正式启动","https://mp.weixin.qq.com/s/QsrxA10-a9gHej7BRTmULg","微信读书"
"北大就业","2025-10-07","宣讲会预告 | 10月9日","https://mp.weixin.qq.com/s/GHX7mJLQTIiDGoZpFZan2w","微信读书"
"北大就业","2025-10-07","宣讲+双选 | 百万英才汇南粤 “菁英聚鹏城”深圳国企校园招聘北京大学站将开启","https://mp.weixin.qq.com/s/g3bWqDZGzQTkh5IEdJSwiw","微信读书"
"北大就业","2025-10-07","宣讲 | AI星世代 冉动新未来 复星2026届校园招聘线下宣讲会热烈开启","https://mp.weixin.qq.com/s/RPCiN9gzDAT3mioe0fgxAw","微信读书"
"北大就业","2025-10-07","宣讲 | 中芯国际2026届校园招聘正式启动","https://mp.weixin.qq.com/s/-WttFRuR4UVLg9uVerB7ZQ","微信读书"
"北大就业","2025-10-07","宣讲 | 中国人民解放军第五三一一工厂2026届校园招聘宣讲会","https://mp.weixin.qq.com/s/_gljDLIrAreBddD8PyabJg","微信读书"
"北大就业","2025-10-07","宣讲 | 特区建工集团 2026 届领峰计划顶尖人才招聘项目-北京大学站","https://mp.weixin.qq.com/s/eReoN1Uhum15mH5qncJ4qw","微信读书"
"北大就业","2025-10-06","招聘 | 中国中信金融资产2026年校园招聘全面启动","https://mp.weixin.qq.com/s/2sAF1UAPR1hLimyyyb4EaQ","微信读书"
"北大就业","2025-10-06","招聘 | 微观博易2026校园招聘正式启动！","https://mp.weixin.qq.com/s/e911MlGAwZFyEUA8dEaIaw","微信读书"
"北大就业","2025-10-06","招聘 | 上海地产集团2026管培生校园招聘公告","https://mp.weixin.qq.com/s/r9I_-17r_5yfEwqvFy8VRA","微信读书"
"北大就业","2025-10-06","招聘 | 陕西投资集团2026应届高校毕业生秋季校园招聘","https://mp.weixin.qq.com/s/hVRvxN-aO5fPBoFzJStwiw","微信读书"
"北大就业","2025-10-06","招聘 | 国轩高科2026校招宣讲会-北京博士专场","https://mp.weixin.qq.com/s/MqmbHAFtkUABtS4E_UQ8QQ","微信读书"
"北大就业","2025-10-06","宣讲 | TCL不凡成长沙龙，秋招专场重磅来袭！","https://mp.weixin.qq.com/s/nbWeQE2IBQJbkiJ6GIB3ng","微信读书"
"北大就业","2025-10-06","宣讲 | 常熟农商银行2026校园招聘正式开启","https://mp.weixin.qq.com/s/HJ4DL_k-1qmwidF5wDWIrg","微信读书"
"北大就业","2025-10-06","双选 | 2025年济南市“才聚泉城高校行”北京大学专场引才活动预告","https://mp.weixin.qq.com/s/KDmwA5hIWP_0zfarg2lv2Q","微信读书"
"北大就业","2025-10-05","招聘 | 粤规科技2026校园招聘正式启动","https://mp.weixin.qq.com/s/DHz3dzRFbOb71M6OoOCcTA","微信读书"
"北大就业","2025-10-05","招聘 | 永赢基金2026届秋季校园招聘启动","https://mp.weixin.qq.com/s/42PLEf0AjaKloWPmpIcm6Q","微信读书"
"北大就业","2025-10-05","招聘 | 信达生物2026届秋季校园招聘正式启动","https://mp.weixin.qq.com/s/DycjmsC_i5MiTM5T8xm9zA","微信读书"
"北大就业","2025-10-05","招聘 | 苏州银行2026校园招聘全面启动","https://mp.weixin.qq.com/s/JcatykcX1xZED4NMi-gBww","微信读书"
"北大就业","2025-10-05","招聘 | 酷睿程2026届秋季校园招聘正式启动","https://mp.weixin.qq.com/s/vxV1_YRdzD9_G-8rmfQR1A","微信读书"
"北大就业","2025-10-05","招聘 | 汇添富基金2026秋季校园招聘启动","https://mp.weixin.qq.com/s/u726T-y8jjCeEEDsuDiBSQ","微信读书"
"北大就业","2025-10-05","招聘 | 东莞新兴产投2026校园招聘正式启动","https://mp.weixin.qq.com/s/eBjkm5MbZrDe98L5dOMTaA","微信读书"
"北大就业","2025-10-05","招聘 | 2026欧莱雅（中国）管理培训生招聘网申正式开启","https://mp.weixin.qq.com/s/mUPKj9rAJAH50ZxQMOcAbw","微信读书"
"北大就业","2025-10-04","招聘｜中国银河金控2026年“新苗计划”校园招聘公告","https://mp.weixin.qq.com/s/2vJb1IdQygmVy3aByRNKwA","微信读书"
"北大就业","2025-10-04","招聘｜南京841研究所2026年秋季校园招聘正式启动！","https://mp.weixin.qq.com/s/IYh5Nn8NeHj_f52RGXtb1A","微信读书"
"北大就业","2025-10-04","招聘｜联通数字科技有限公司2026校园招聘正式启动","https://mp.weixin.qq.com/s/176eMjBAdxRw3cYYJof9MA","微信读书"
"北大就业","2025-10-04","招聘｜建信融通2026校园招聘正式开启","https://mp.weixin.qq.com/s/Q8zTgI_MS7Bp7ff1ccjh6w","微信读书"
"北大就业","2025-10-04","招聘｜杭州银行2026届校园招聘正式启动","https://mp.weixin.qq.com/s/18UJtTgMbhOrRc62q13-KA","微信读书"
"北大就业","2025-10-04","招聘｜国家开发银行大连分行2026年校园招聘","https://mp.weixin.qq.com/s/XB_rFFufMd5i4F7qQrVkyA","微信读书"
"北大就业","2025-10-04","招聘｜国家开发银行2026年校园招聘正式启动","https://mp.weixin.qq.com/s/-_-Em2qG_f3N9edvO24TWA","微信读书"
"北大就业","2025-10-04","招聘｜国海证券2026届秋季校园招聘正式启动","https://mp.weixin.qq.com/s/ApFzUKgKfOcXm4txEnrXbA","微信读书"
"北大就业","2025-10-03","招聘｜中移九天人工智能科技（北京）有限公司（九天人工智能研究院）2026校园招聘正式启动！","https://mp.weixin.qq.com/s/41U9BcCu6rf1AIvrX7KWBQ","微信读书"
"北大就业","2025-10-03","招聘｜中国移动在线营销服务中心2026校园招聘","https://mp.weixin.qq.com/s/GpJp19AFd_Q2X7vSQFsb1w","微信读书"
"北大就业","2025-10-03","招聘｜中国文化产业投资母基金管理有限公司2026届校园招聘","https://mp.weixin.qq.com/s/64hO_3chFb9r7Jo0Xyv66g","微信读书"
"北大就业","2025-10-03","招聘｜中国农业银行深圳市分行2026年度校园招聘","https://mp.weixin.qq.com/s/17fA8toc-NKgKARypRCu1Q","微信读书"
"北大就业","2025-10-03","招聘｜人保信息科技有限公司2026年校园招聘","https://mp.weixin.qq.com/s/RntZ3vQQ2kOpu_f66sZ-CQ","微信读书"
"北大就业","2025-10-03","招聘｜华润万象生活商业航道2026届校园招聘","https://mp.weixin.qq.com/s/Lwh7Dl0DS7r6xeYULu_5eg","微信读书"
"北大就业","2025-10-03","招聘｜国机精工集团股份有限公司2026校园招聘","https://mp.weixin.qq.com/s/B_3b87B028sxN0cAhv-m6w","微信读书"
"北大就业","2025-10-03","招聘｜“源”梦启航苏银理财2026届校园招聘","https://mp.weixin.qq.com/s/ecQEO9BxpoP23slfItmqsw","微信读书"
"北大就业","2025-10-02","招聘 | Trexquant2026年校园招聘正式启动","https://mp.weixin.qq.com/s/E9Mz5RsR8NmmNPOaG7vPdQ","微信读书"
"北大就业","2025-10-02","招聘 | 中信银行石家庄分行2026年校园招聘","https://mp.weixin.qq.com/s/FpLv_D94CSDfC6OzJC5s4g","微信读书"
"北大就业","2025-10-02","招聘 | 中物院软件中心2026届校招全面启动","https://mp.weixin.qq.com/s/YOAhu4l5l1HgHEa6SgqmjQ","微信读书"
"北大就业","2025-10-02","招聘 | 中国移动数智化部2026届秋季校园招聘正式启动","https://mp.weixin.qq.com/s/yTpoHuUm0gig0Pp81u07CQ","微信读书"
"北大就业","2025-10-02","招聘 | 广发证券Quant&AI挑战赛暨2026届Fintech校园招聘正式启动","https://mp.weixin.qq.com/s/KjRhI2Si_lJ739F-J5e-gQ","微信读书"
"北大就业","2025-10-02","招聘 | 工银金租2026年度校园招聘火热进行中","https://mp.weixin.qq.com/s/k9rzERxbBzXVNgFXfdG4mw","微信读书"
"北大就业","2025-10-02","招聘 | 百威中国2026管理培训生项目招聘开启","https://mp.weixin.qq.com/s/CF47TjrR_X939Ol4ldQUZA","微信读书"
"北大就业","2025-10-02","招聘 | 2025烟台市“名企名校行”（北京站）暨博士专场招聘洽谈会","https://mp.weixin.qq.com/s/tYjCjBSMrCyFZx_uffLCaw","微信读书"
"北大就业","2025-10-01","招聘 | 中金公司2026届校园招聘正式启动","https://mp.weixin.qq.com/s/OFkR9HESmNjJUEaVMUrClA","微信读书"
"北大就业","2025-10-01","招聘 | 网易有道2026年度校园招聘正式开启","https://mp.weixin.qq.com/s/EksoovFjz-iBi9_BnzwGtg","微信读书"
"北大就业","2025-10-01","招聘 | 蘑菇车联2026校园招聘正式启动","https://mp.weixin.qq.com/s/hrejvlxerQmfbwLLxfwuaQ","微信读书"
"北大就业","2025-10-01","招聘 | 海格通信2026秋季校园招聘正式启动","https://mp.weixin.qq.com/s/4DqJLKhTHuxjSuWM2QAQwA","微信读书"
"北大就业","2025-10-01","招聘 | 国寿投资系统2026年度校园招聘火热进行中","https://mp.weixin.qq.com/s/lCf4h-OwQ_iZPSFbO2uDJQ","微信读书"
"北大就业","2025-10-01","招聘 | 北京大兴精华学校2026年度校园招聘正式启动","https://mp.weixin.qq.com/s/3pYI7EJti97SbYsg6VeG-g","微信读书"
"北大就业","2025-10-01","招聘 | 2026年度百事公司综合管理培训生校招正式启动","https://mp.weixin.qq.com/s/G6ajW0JmiWR86D9aNJGFaw","微信读书"
"北大就业","2025-10-01","喜迎国庆 | 热烈庆祝中华人民共和国成立76周年","https://mp.weixin.qq.com/s/gH_ikWXSAbh10YKGCpOSsw","微信读书"
"北大就业","2025-09-30","招聘丨建信信托2026届管理培训生计划正式启动","https://mp.weixin.qq.com/s/ne9dE-C-UGRRIwk-rjdaOg","微信读书"
"北大就业","2025-09-30","招聘 | TCL实业全球校园招聘——雷鸟科技未来领袖计划正式启动","https://mp.weixin.qq.com/s/CK3b5y08WDa3DcSUO3hmHA","微信读书"
"北大就业","2025-09-30","招聘 | 中移互联网2026校园招聘正式启动","https://mp.weixin.qq.com/s/d1EdvUuM37vdXMk8d8DxBQ","微信读书"
"北大就业","2025-09-30","招聘 | 中科信公司2026届秋季校园招聘正式启动","https://mp.weixin.qq.com/s/HOA8_sgg_R5wjMtQnGTOig","微信读书"
"北大就业","2025-09-30","招聘 | 药明合联2026校园招聘逐梦开启","https://mp.weixin.qq.com/s/S5aFRDsUbmTnvTwJGXjX0g","微信读书"
"北大就业","2025-09-30","招聘 | 美亚光电2026届校园招聘正式启动","https://mp.weixin.qq.com/s/d1eQIVjhI54azX9hRJWT3g","微信读书"
"北大就业","2025-09-30","招聘 | 北京移动2026秋季校园招聘高能开启","https://mp.weixin.qq.com/s/ljBydJxHsazlFubwXUR6GQ","微信读书"
"北大就业","2025-09-30","用人单位邀请函 | “京彩就业”北京大学2026届毕业生专场双选会（事业单位、央国企专场）","https://mp.weixin.qq.com/s/PRN9GdmQgc2BOTXy3T01lw","微信读书"
"北大就业","2025-09-29","招聘 | 中信建投证券2026届秋季校园招聘正式启动！","https://mp.weixin.qq.com/s/QsZu6zCNNEO8BHC2jFG62w","微信读书"
"北大就业","2025-09-29","招聘 | 中国工商银行业务研发中心2026年度校园招聘正式启动","https://mp.weixin.qq.com/s/cUNjLCRT8W5InItldPSpzw","微信读书"
"北大就业","2025-09-29","招聘 | 中国工商银行北京市分行2026年度校园招聘全面启动！","https://mp.weixin.qq.com/s/qR4dfEMzdDgmT1ltDSdvBw","微信读书"
"北大就业","2025-09-29","招聘 | 浙江海港2026校园招聘启动啦！","https://mp.weixin.qq.com/s/B567mp-wGJFSUu5liepHUg","微信读书"
"北大就业","2025-09-29","招聘 | 因诺资产2026届校园招聘正式启动","https://mp.weixin.qq.com/s/YOeGWi_Gi1O6MuBcniS9Jw","微信读书"
"北大就业","2025-09-29","招聘 | 未岚大陆2026届校园招聘全面启动","https://mp.weixin.qq.com/s/eFSNm1NyIFiXa9wK3Hu5-g","微信读书"
"北大就业","2025-09-29","招聘 | 江淮汽车2026届校园招聘正式启动！","https://mp.weixin.qq.com/s/FSnuW9e5Ym_mhbTus-3JZQ","微信读书"
"北大就业","2025-09-29","招聘 | 甘李药业2026届秋季全球校园招聘正式启航！","https://mp.weixin.qq.com/s/okBxqVhOvRusjmwq8AQ-YA","微信读书"
"北大就业","2025-09-28","招聘 | 中国工商银行远程银行中心2026年度秋季校园招聘正式启动","https://mp.weixin.qq.com/s/zLuVvGrjl3zhDVX0uIwDhQ","微信读书"
"北大就业","2025-09-28","招聘 | 中国兵器夜视院集团2026届校园招聘","https://mp.weixin.qq.com/s/LyCcZrX2R-wZHOIMWUPHNA","微信读书"
"北大就业","2025-09-28","招聘 | 唯捷创芯2026届校园招聘正式启动","https://mp.weixin.qq.com/s/S5k9CQzCBNP0jYaNdteouQ","微信读书"
"北大就业","2025-09-28","招聘 | 斯伦贝谢2026秋季校园招聘全面启动","https://mp.weixin.qq.com/s/azUAoibxfaiUhmW7DOcF-A","微信读书"
"北大就业","2025-09-28","招聘 | 厦门建行2026年度校园招聘正式启动","https://mp.weixin.qq.com/s/L1PkHfJaOVH4eDAUj99L8Q","微信读书"
"北大就业","2025-09-28","招聘 | 起航湾区，遇建未来！中建三局华南公司2026届校园招聘正式启动！","https://mp.weixin.qq.com/s/UBI9SsmnWHArXr0ZJCkfhw","微信读书"
"北大就业","2025-09-28","招聘 | 百融云创2026届校园招聘正式启动","https://mp.weixin.qq.com/s/EfklcFcxc0iRWn7-kJll5A","微信读书"
"北大就业","2025-09-28","招聘 | 昂科技术2026校园招聘正式启动","https://mp.weixin.qq.com/s/sk3J6cDzV4D6jrYvhSuDxA","微信读书"
"北大就业","2025-09-27","招聘｜中信银行2026年校园招聘正式启动","https://mp.weixin.qq.com/s/rEt9vTgvE1Nm877tARdozQ","微信读书"
"北大就业","2025-09-27","招聘｜中国邮政储蓄银行江苏省分行2026校园招聘","https://mp.weixin.qq.com/s/nEHqJNVWN984N8dcO4a2fA","微信读书"
"北大就业","2025-09-27","招聘｜中国邮政储蓄银行北京分行2026校园招聘","https://mp.weixin.qq.com/s/uiHG1qrjABmtpJkpVjckFQ","微信读书"
"北大就业","2025-09-27","招聘｜晟通集团2026届校园招聘正式启动","https://mp.weixin.qq.com/s/YtmBs-ax-SWoE5C8DR_vEQ","微信读书"
"北大就业","2025-09-27","招聘｜北方集成电路技术创新中心（北京）有限公司2026届校园招聘全面启动！","https://mp.weixin.qq.com/s/JPYvA9YKdffZ555BRlxH-w","微信读书"
"北大就业","2025-09-27","招聘 | 中国网安/三十所2026届校园招聘正式启动","https://mp.weixin.qq.com/s/_1hIjMegbMbmo56hAszjKg","微信读书"
"北大就业","2025-09-27","宣讲会预告｜9月29日","https://mp.weixin.qq.com/s/NHoz0_82LMdoxH7_cElhwA","微信读书"
"北大就业","2025-09-27","宣讲｜国家开发银行-国银金租2026年高校毕业生招聘公告","https://mp.weixin.qq.com/s/Bvgdke2zAYNhvlCPuuJr4w","微信读书"
"北大就业","2025-09-26","招聘｜Sea全球管理培训生计划正式启动！","https://mp.weixin.qq.com/s/tMsaPjusojcJoAVyH4IIBA","微信读书"
"北大就业","2025-09-26","招聘｜兴业银行北京分行2026校园招聘","https://mp.weixin.qq.com/s/KIYrRwsfXfUcxZL9_BCDWA","微信读书"
"北大就业","2025-09-26","招聘｜强生2026秋季校园招聘正式启动！","https://mp.weixin.qq.com/s/tjsrUEDFiM0uR9rZhyrfbw","微信读书"
"北大就业","2025-09-26","招聘｜航天科技集团九院九部2026校园招聘","https://mp.weixin.qq.com/s/-gsm_3ziC8ZE4mjaZStt_w","微信读书"
"北大就业","2025-09-26","宣讲会预告｜9月28日","https://mp.weixin.qq.com/s/6aHjWrmxGXejocYuKbAlew","微信读书"
"北大就业","2025-09-26","宣讲｜荣耀2026届校园招聘高管宣讲会","https://mp.weixin.qq.com/s/RA-bqslxMmCDDmlYToJjsQ","微信读书"
"北大就业","2025-09-26","宣讲｜国家管网集团北京智网数科公司2026届秋季校园招聘","https://mp.weixin.qq.com/s/_dhWVqQc7FP-gGpTUnU3FA","微信读书"
"北大就业","2025-09-26","宣讲+双选｜北京市昌平区第七届“英才聚昌”北京大学双选会","https://mp.weixin.qq.com/s/6te8LAimJwKIGOVpH2mqFw","微信读书"
"北大就业","2025-09-25","宣讲会预告 | 9月27日","https://mp.weixin.qq.com/s/EbKyRz3OQ43-NuBvGDW0eQ","微信读书"
"北大就业","2025-09-25","宣讲+双选 | 中国航空工业集团2026届校园招聘正式启动","https://mp.weixin.qq.com/s/jYuK6osWQFMRYR7OCXMc-w","微信读书"
"北大就业","2025-09-25","宣讲+双选 | 第五届私募联盟高校双选会北京大学专场","https://mp.weixin.qq.com/s/eZaC9PeuekQOj7X3cpz86w","微信读书"
"北大就业","2025-09-25","宣讲+双选 | 2025“锦绣天府 安逸四川”知名高校四川人才活动季暨“蓉漂人才荟”北京大学专场活动公告","https://mp.weixin.qq.com/s/VelNCstoReKfUXPZOTdAuw","微信读书"
"北大就业","2025-09-25","宣讲 | DRW2026年校园宣讲会","https://mp.weixin.qq.com/s/hjdOrngLzXtbc0WyDt_qYg","微信读书"
"北大就业","2025-09-25","宣讲 | 四川省2026届急需紧缺专业选调生招录宣传推介会","https://mp.weixin.qq.com/s/RktHCOxAzU8S-5OjYOf3Og","微信读书"
"北大就业","2025-09-25","宣讲 | 国家管网2026届秋季高校毕业生招聘正式启航","https://mp.weixin.qq.com/s/fo2J0Ph2lgnAwBvYAr2vPQ","微信读书"
"北大就业","2025-09-25","宣讲 | 成都市大邑县2025年下半年事业单位高层次人才引进推介会北京站即将启幕","https://mp.weixin.qq.com/s/4NupxV-z8iIUYdY5Q8kIYQ","微信读书"
"北大就业","2025-09-24","宣讲会预告 | 9月26日","https://mp.weixin.qq.com/s/MC5UXG_nnVWvLKj-yCw3Hg","微信读书"
"北大就业","2025-09-24","宣讲 | 中国邮政储蓄银行2026校园招聘正式启动","https://mp.weixin.qq.com/s/0QxbZGQMJE0SsMZU63BwOw","微信读书"
"北大就业","2025-09-24","宣讲 | 中国农业发展银行2026年度校园招聘正式启动","https://mp.weixin.qq.com/s/fSKrOde3qSluuWsh9WOIHA","微信读书"
"北大就业","2025-09-24","宣讲 | 中国空空导弹研究院2026校园招聘","https://mp.weixin.qq.com/s/9Mm-3yVMWSb7DARPtAs-_A","微信读书"
"北大就业","2025-09-24","宣讲 | 长江存储2026届全球校园招聘启动","https://mp.weixin.qq.com/s/hULAVuXNfX5a7l2yK3xC5w","微信读书"
"北大就业","2025-09-24","宣讲 | 长光卫星2026届校园招聘正式启动","https://mp.weixin.qq.com/s/8DHkJra7H4TByZxV-IEj4g","微信读书"
"北大就业","2025-09-24","宣讲 | 重庆芯联微电子有限公司2026届校园招聘北京大学专场","https://mp.weixin.qq.com/s/F1nd1Jpr-U_dsxVL8QCuKQ","微信读书"
"北大就业","2025-09-24","宣讲 | 北大附中及分校2026年招聘正式启动","https://mp.weixin.qq.com/s/DKJGEPVYG64DqpOpcR1NkQ","微信读书"
"北大就业","2025-09-23","招聘 | 追觅科技2026届校园招聘正式启动","https://mp.weixin.qq.com/s/SUdQ_snTsNoIDwohq7nC-A","微信读书"
"北大就业","2025-09-23","宣讲会预告 | 9月25日","https://mp.weixin.qq.com/s/ldiLrHOQq3PdZh5g6CbyKw","微信读书"
"北大就业","2025-09-23","宣讲+双选 | 新苗计划中国联通2026校园招聘","https://mp.weixin.qq.com/s/a0QY-A7Lu3rh3Bvu2CNvjw","微信读书"
"北大就业","2025-09-23","宣讲+双选 | 南方电网公司2026校园招聘北京大学专场宣讲会","https://mp.weixin.qq.com/s/ofahYooi392hLrTAPjPXSA","微信读书"
"北大就业","2025-09-23","宣讲+双选 | 军事科学院招才引智","https://mp.weixin.qq.com/s/4IJU9QI6miPW6OG0_5zIKw","微信读书"
"北大就业","2025-09-23","宣讲 | 鹏新旭2026届校园招聘正式启动","https://mp.weixin.qq.com/s/ttCAfb1I2vlq6lBqlB3TWg","微信读书"
"北大就业","2025-09-23","宣讲 | 九坤投资北京大学校园专场宣讲会","https://mp.weixin.qq.com/s/nzOoPCWJYpES1I3jXXnOtw","微信读书"
"北大就业","2025-09-23","宣讲 | 国家电投集团2026届校园招聘","https://mp.weixin.qq.com/s/ZQTyZgxzAK_9mgB9d81GPQ","微信读书"
"北大就业","2025-09-22","招聘 | 长沙市国有企业事业单位硕博人才引进","https://mp.weixin.qq.com/s/a_r4duRG6kLBdNgTJDpZKQ","微信读书"
"北大就业","2025-09-22","宣讲会预告 | 9月24日","https://mp.weixin.qq.com/s/vRTFzXX0hRkMOGfX_Hrtow","微信读书"
"北大就业","2025-09-22","宣讲+双选 | 中国航天科工2026届校园招聘北京大学专场","https://mp.weixin.qq.com/s/ccvCbFPZAgOYfeUUBY5Zrg","微信读书"
"北大就业","2025-09-22","宣讲+双选 | “百万英才汇南粤”2025年N城联动秋季招聘活动","https://mp.weixin.qq.com/s/wHld1oVPwZe_fzyAJlvjbA","微信读书"
"北大就业","2025-09-22","宣讲 | 字节跳动2026届校园招聘宣讲会","https://mp.weixin.qq.com/s/ZuqOisqLEl_daJp-vNqHaA","微信读书"
"北大就业","2025-09-22","宣讲 | 中国融通集团2026届秋季校园招聘正式启动","https://mp.weixin.qq.com/s/__R3WpW48gkpHidYUgJAEg","微信读书"
"北大就业","2025-09-22","宣讲 | 牧原2026全球校园招聘-北京大学站","https://mp.weixin.qq.com/s/NxMgZrqo0gHKB1eWhE7ncw","微信读书"
"北大就业","2025-09-22","宣讲 | 广电运通集团2026校园招聘宣讲会-北京大学站","https://mp.weixin.qq.com/s/3SBD9Lk6fx-W76Iiu-dnlg","微信读书"
"北大就业","2025-09-21","宣讲会预告｜9月23日","https://mp.weixin.qq.com/s/9-4rYgxfe5pAKWbDPF8Q8g","微信读书"
"北大就业","2025-09-21","宣讲+双选 | 中国人寿2026年校园招聘宣讲会","https://mp.weixin.qq.com/s/aAGHtY04j6xp6dTprv5bKg","微信读书"
"北大就业","2025-09-21","宣讲+双选 | “人到山西好风光”人才宣介北京大学专场活动即将启幕","https://mp.weixin.qq.com/s/C8-sTDQEiP2G_S7kybqe1g","微信读书"
"北大就业","2025-09-21","宣讲 | 粤港澳大湾区四大重点合作平台（横琴、前海、南沙、河套）专场宣讲会","https://mp.weixin.qq.com/s/Sai_bX9GcgQC9ls2j6lwLQ","微信读书"
"北大就业","2025-09-21","宣讲 | 一汽-大众汽车有限公司北京大学专场宣讲会","https://mp.weixin.qq.com/s/zggjYsnUlGRb0L67Tf4I3w","微信读书"
"北大就业","2025-09-21","宣讲 | 泰达建设集团2026校园招聘北京大学专场宣讲会","https://mp.weixin.qq.com/s/A9548ezN2BIHfPHteaxDQw","微信读书"
"北大就业","2025-09-21","宣讲 | 快手2026秋季校园招聘宣讲会—北京大学站","https://mp.weixin.qq.com/s/f2bvmicRtgEpB9Z5T_Z2FA","微信读书"
"北大就业","2025-09-21","宣讲 | 滴滴2026届秋季校招正式启动！","https://mp.weixin.qq.com/s/QnTEMA0UlXas54VbqP1zVw","微信读书"
"北大就业","2025-09-20","招聘｜天赐材料2026届校园招聘","https://mp.weixin.qq.com/s/DpnyyZmrvTTr79cqMp_cYA","微信读书"
"北大就业","2025-09-20","招聘｜欢迎报考长宁！上海市2026年度选调应届优秀大学毕业生工作启动！","https://mp.weixin.qq.com/s/Xa2vlDnhZWH3zzqsKPlOGA","微信读书"
"北大就业","2025-09-20","宣讲会预告｜9月22日","https://mp.weixin.qq.com/s/mtLtazWXY2WxsFZD4XVTug","微信读书"
"北大就业","2025-09-20","宣讲｜易方达基金2026校园招聘正式启动！","https://mp.weixin.qq.com/s/Il-VooOKEiXii4iX9rjA0g","微信读书"
"北大就业","2025-09-20","宣讲｜2025年广州市海珠区事业单位北京校园招聘公告","https://mp.weixin.qq.com/s/R-RYFkb9VlYLA96y1rFW7A","微信读书"
"北大就业","2025-09-20","宣讲｜“后浪潮起”2026浪潮集团校园招聘北京大学宣讲会","https://mp.weixin.qq.com/s/OeuI-7_GJ7goQ09iTX8s1Q","微信读书"
"北大就业","2025-09-20","宣讲+双选｜2026年航天科技集团数智领域博士专场宣讲及双选会北京大学专场","https://mp.weixin.qq.com/s/A_ZcbEtGbcI7Pv7Xu2fPzw","微信读书"
"北大就业","2025-09-20","宣讲+双选｜2025浦东新区青年人才直通车北京大学秋季专场","https://mp.weixin.qq.com/s/p1-VwXYpJqmo1Pshgwn_Xw","微信读书"
"北大就业","2025-09-19","招聘 | RoboSense 2026届校园招聘全球启动","https://mp.weixin.qq.com/s/7-6R3kXw33OnUhtETx2IVg","微信读书"
"北大就业","2025-09-19","宣讲会预告 | 9月21日","https://mp.weixin.qq.com/s/rq_QYT7lOw0JRWRlq9cHvA","微信读书"
"北大就业","2025-09-19","宣讲 | OPPO2026届全球校园招聘","https://mp.weixin.qq.com/s/UMb4XA9RX6E7ux_VmnzLkw","微信读书"
"北大就业","2025-09-19","宣讲 | 蒙玺投资2026届校园招聘正式启动","https://mp.weixin.qq.com/s/gCj-nfkQ3jOd0JGOxpsAdA","微信读书"
"北大就业","2025-09-19","宣讲 | 怀柔实验室2026年校园招聘北京大学专场","https://mp.weixin.qq.com/s/zQsJniJV3pm3jWw0mM2NUw","微信读书"
"北大就业","2025-09-19","宣讲 | 华虹集团2026届校园招聘—北京大学站","https://mp.weixin.qq.com/s/kdvWd-5land01_Oy4UxANw","微信读书"
"北大就业","2025-09-19","宣讲 | 宝洁2026秋季校园招聘正式启动","https://mp.weixin.qq.com/s/379TmEFf00nZFPck1po72g","微信读书"
"北大就业","2025-09-18","招聘 | 中国移动四川公司2026秋季校园招聘正式启动","https://mp.weixin.qq.com/s/zHY1hI-AX8RMkbLrNA1rbw","微信读书"
"北大就业","2025-09-18","用人单位邀请函 | 北京大学医学部2026届毕业生就业双选会","https://mp.weixin.qq.com/s/MSyIln-SUkqMqVRPW_08SA","微信读书"
"北大就业","2025-09-18","宣讲会预告 | 9月20日","https://mp.weixin.qq.com/s/X13yh67nvwnHRlLRdfPsqQ","微信读书"
"北大就业","2025-09-18","宣讲 | 中信集团联合宣讲会-北京大学专场","https://mp.weixin.qq.com/s/STh-5E1CJUjacQjXfsBzBA","微信读书"
"北大就业","2025-09-18","宣讲 | 中核集团2026届校园招聘宣讲会","https://mp.weixin.qq.com/s/fbHO4X_IWE9OKMmhZX4Rhw","微信读书"
"北大就业","2025-09-18","宣讲 | 中国农业银行总行2026年度校园招聘北京大学专场宣讲","https://mp.weixin.qq.com/s/lIw1QdupQ59EmS7hCKNsug","微信读书"
"北大就业","2025-09-18","宣讲 | 中国航发航材院2026届校园招聘正式启动！","https://mp.weixin.qq.com/s/Gt77HjkaqRUSaFNPcn686g","微信读书"
"北大就业","2025-09-18","宣讲 | 华友钴业2026全球校园招聘正式启动！","https://mp.weixin.qq.com/s/wT4Y-yhrefd3eQq83t9-RA","微信读书"
"北大就业","2025-09-17","招聘 | 招商蛇口2026届校园招聘正式启动","https://mp.weixin.qq.com/s/D3VZqiAvGcj9qIy-1Ju7sA","微信读书"
"北大就业","2025-09-17","宣讲会预告 | 9月19日","https://mp.weixin.qq.com/s/axnN3Wl8EQpzT5n0bOuBnw","微信读书"
"北大就业","2025-09-17","宣讲+双选 | 网络空间部队2025年秋季直招、定向选拔宣讲双选会","https://mp.weixin.qq.com/s/zQAJgWfjmx3W_te9RaFj5Q","微信读书"
"北大就业","2025-09-17","宣讲 | 中建四局建设发展公司2026届校园招聘北京大学宣讲会","https://mp.weixin.qq.com/s/ts4KgHODcVwh1F9R44iLew","微信读书"
"北大就业","2025-09-17","宣讲 | 中国航空工业集团成飞2026届校园招聘宣讲会","https://mp.weixin.qq.com/s/S6RSS6PY_J5KpOtMQ81eVQ","微信读书"
"北大就业","2025-09-17","宣讲 | 中国兵器工业第二〇三研究所2025年校园宣讲会","https://mp.weixin.qq.com/s/d6vetdR4WSCslz0tiVtCRw","微信读书"
"北大就业","2025-09-17","宣讲 | 深圳信步科技2026校招正式启动","https://mp.weixin.qq.com/s/1r78ZRIkG40rSgiMZitm9Q","微信读书"
"北大就业","2025-09-17","实习 | 教育部学生发展中心招募实习生","https://mp.weixin.qq.com/s/uspHfKbUQtJjOxOBHk6nkw","微信读书"
"北大就业","2025-09-16","招聘 | 第十七届中国留学人员南京国际交流与合作大会暨青年人才交流（招聘）会","https://mp.weixin.qq.com/s/6rEC4BTuKUexbXu64F6_Sw","微信读书"
"北大就业","2025-09-16","学生邀请函 | 北京大学集成电路专场招聘会——“新质生产力”系列","https://mp.weixin.qq.com/s/CiBvz6WSGgaFrdpUIW9d2A","微信读书"
"北大就业","2025-09-16","宣讲会预告 | 9月18日","https://mp.weixin.qq.com/s/FonsdafWZJmgQkdxjgn5iw","微信读书"
"北大就业","2025-09-16","宣讲+双选 | 中国电子2026届秋季校园招聘","https://mp.weixin.qq.com/s/VdniTNChTwjfpSH0U00gIQ","微信读书"
"北大就业","2025-09-16","宣讲 | 西南交通大学2025年秋季全球校园招聘启动","https://mp.weixin.qq.com/s/6-QpvG027nkNvwR9Zm5QDw","微信读书"
"北大就业","2025-09-16","宣讲 | 无锡市创新投资集团有限公司2026届校园招聘—北京大学宣讲会","https://mp.weixin.qq.com/s/9SxflXZK5PKdhdkV8c5Llg","微信读书"
"北大就业","2025-09-16","宣讲 | 军事航天部队2025年校园招聘宣讲会","https://mp.weixin.qq.com/s/UuYiJMs6siAmGYEoylJVcg","微信读书"
"北大就业","2025-09-16","宣讲 | 歌尔股份2026届精英计划校园招聘","https://mp.weixin.qq.com/s/7SB-aI8tWahU2oJR7wnFIg","微信读书"
"北大就业","2025-09-02","招新 | 学生就业指导服务中心招新啦！","https://mp.weixin.qq.com/s/4fgU8VkICZJ-VSuam2MVtA","微信读书"
"北大就业","2025-09-02","招聘 | TCL 2026届全球校园招聘正式启动","https://mp.weixin.qq.com/s/guHI8_kz_FvaQFhK06JUGw","微信读书"
"北大就业","2025-09-02","招聘 | 新能安2026全球校园招聘A+Star顶尖人才计划正式启动！","https://mp.weixin.qq.com/s/KqW61LRJ_YXIkBmOE6e3zg","微信读书"
"北大就业","2025-09-02","招聘 | 党委办公室校长办公室招聘学生助理","https://mp.weixin.qq.com/s/zv-FMdWReMrn6NTTAhLw2A","微信读书"
"北大就业","2025-09-02","招聘 | 2026届58A计划正式启动！","https://mp.weixin.qq.com/s/ijo8-wqJn5RJ8IbDkaRV8g","微信读书"
"北大就业","2025-09-01","招聘 | 中国电科三十三所2026届校园招聘正式启动","https://mp.weixin.qq.com/s/ij-wqpI8sje3DhHRYIAVRw","微信读书"
"北大就业","2025-09-01","招聘 | 裕太微电子2026届校园招聘","https://mp.weixin.qq.com/s/kxifAuLshK0qpFBTWe3I0g","微信读书"
"北大就业","2025-09-01","招聘 | 学而思网校2026届全球校招全面启动","https://mp.weixin.qq.com/s/zDEouMoKa59G1H9yfwn9hw","微信读书"
"北大就业","2025-09-01","招聘 | 平安银行2026届校园招聘全球启动！","https://mp.weixin.qq.com/s/lrigDnS0Kww2l_aotDZN2Q","微信读书"
"北大就业","2025-09-01","招聘 | 高途2026全球校招空中宣讲会","https://mp.weixin.qq.com/s/7ode41wFMmuCo12-rS62kA","微信读书"
"北大就业","2025-09-01","招聘 | 东软医疗2026届校园招聘正式启动","https://mp.weixin.qq.com/s/66nWWszcvf-Nq9c4Q67m_g","微信读书"
"北大就业","2025-08-31","招聘 | FunPlus2026届校园招聘正式开启！","https://mp.weixin.qq.com/s/nuZk0il6aVRR7-m-DCzlgQ","微信读书"
"北大就业","2025-08-31","招聘 | 中国电信天翼视联2026届校园招聘","https://mp.weixin.qq.com/s/d2ERDgot8YS4O9CcCT3VHw","微信读书"
"北大就业","2025-08-31","招聘 | 欣旺达2026届全球校园招聘","https://mp.weixin.qq.com/s/ujVb8mJ9AKEaWTYgIN7fkA","微信读书"
"北大就业","2025-08-31","招聘 | 万事达卡2026校园招聘正式启动！","https://mp.weixin.qq.com/s/35oPB3YkrXqdFcmjzvIo9g","微信读书"
"北大就业","2025-08-31","招聘 | 炬芯科技2026届校园招聘正式启动！","https://mp.weixin.qq.com/s/s39EYWkcFXhsakOizjYivQ","微信读书"
"北大就业","2025-08-30","招聘 | 远景动力2026届校招正式启动","https://mp.weixin.qq.com/s/NAjy1f1ixi97hYqJPjj7bg","微信读书"
"北大就业","2025-08-30","招聘 | 南方基金2026届校园招聘","https://mp.weixin.qq.com/s/s9jc4-97EAXOy0OnOtd2GQ","微信读书"
"北大就业","2025-08-30","招聘 | 春秋航空2026届校园招聘","https://mp.weixin.qq.com/s/ZBarUwlsQ6gCv8R2ezCOCQ","微信读书"
"北大就业","2025-08-30","招聘 | 2026红杉联合校园招聘","https://mp.weixin.qq.com/s/gbPZvQNP3VfYtldMkRlMzQ","微信读书"
"北大就业","2025-08-29","招聘 | 中国地质科学院地质研究所2025年度公开招聘应届毕业生公告（第三批）","https://mp.weixin.qq.com/s/m72yvAvXZ5WMm-4J8hbjbw","微信读书"
"北大就业","2025-08-29","招聘 | 游酷盛世2026校园招聘正式启动","https://mp.weixin.qq.com/s/sUP6KrjlejjAn6Pg8bxo8Q","微信读书"
"北大就业","2025-08-29","招聘 | 诺瓦星云2026届校园招聘全面开启","https://mp.weixin.qq.com/s/4KBe90e0BWgBuK09_obUpA","微信读书"
"北大就业","2025-08-29","招聘 | 虎牙2026届校园招聘启动","https://mp.weixin.qq.com/s/Cauh1AwGjXTgeeHyKJYZWQ","微信读书"
"北大就业","2025-08-28","招聘 | 携程集团2026届秋季校园招聘全球启动","https://mp.weixin.qq.com/s/EXtmReuAoMzT91zyAFl3_w","微信读书"
"北大就业","2025-08-28","招聘 | 昇维旭2026校园招聘正式启动","https://mp.weixin.qq.com/s/sQDrxIzDq5iSy4ATs-UpQg","微信读书"
"北大就业","2025-08-28","招聘 | 库洛游戏2026届秋季校园招聘正式启动","https://mp.weixin.qq.com/s/5tcuBeLAsVp-l3XazdimjA","微信读书"
"北大就业","2025-08-28","用人单位邀请函 | 北京大学集成电路专场招聘会——“新质生产力”系列","https://mp.weixin.qq.com/s/FiTUcQqZWXfs_6jLnHB11A","微信读书"
"北大就业","2025-08-27","招聘 | 有道领世2026校园招聘","https://mp.weixin.qq.com/s/CE6HG0MErabK6jCMc7y8ig","微信读书"
"北大就业","2025-08-27","招聘 | 睿联2026校园招聘","https://mp.weixin.qq.com/s/4z28gtzt-Pp-K-2ZIKUFJw","微信读书"
"北大就业","2025-08-27","招聘 | 传音控股TAIG-AI顶尖人才招聘计划启动","https://mp.weixin.qq.com/s/yiKnQT8BZ5GUrJvSTba73w","微信读书"
"北大就业","2025-08-27","招聘 | 2026年国防科技大学试验训练基地（西安）人才引进公告","https://mp.weixin.qq.com/s/lgcJ7_xb5qcWozQ4z76CTg","微信读书"
"北大就业","2025-08-26","招聘 | WorldQuant2026量化金融校园招聘","https://mp.weixin.qq.com/s/7BIXX0SgzV7KS7DRLXrTRA","微信读书"
"北大就业","2025-08-26","招聘 | 中国科学院新疆理化技术研究所","https://mp.weixin.qq.com/s/JTUCOwWSJocmfbxM2Ia0Sg","微信读书"
"北大就业","2025-08-26","招聘 | 虎牙2026届校园招聘启动","https://mp.weixin.qq.com/s/b1jcx9ZSumvUlBBJWaqA3g","微信读书"
"北大就业","2025-08-26","招聘 | 阿里国际2026届秋季校园招聘正式启动！","https://mp.weixin.qq.com/s/N3MnS-Jjemr9PzUCourKcg","微信读书"
"北大就业","2025-08-26","《大学生职业生涯规划》 2025年秋季学期课程来啦！ 欢迎选课！","https://mp.weixin.qq.com/s/Thp2bC8Q7Pvs3dkaiBiqPQ","微信读书"
"北大就业","2025-08-25","招聘 | 中国华腾2026年度招聘全面开启","https://mp.weixin.qq.com/s/bbhxiAszsI3v_y0Avh_j3g","微信读书"
"北大就业","2025-08-25","招聘 | 天演资本2026校园招聘正式启动","https://mp.weixin.qq.com/s/1vXT78rxTfytr5H_sYiIqA","微信读书"
"北大就业","2025-08-25","招聘 | 睿创微纳2026校园招聘全面启动","https://mp.weixin.qq.com/s/6Jxt626DCo2TuJtNPo5BXA","微信读书"
"北大就业","2025-08-25","招聘 | 理想汽车2026校园招聘正式启动","https://mp.weixin.qq.com/s/nfvDlhyGCwWmzYrUBfyuGw","微信读书"
"北大就业","2025-08-25","通知 | 用人单位就业系统操作全流程","https://mp.weixin.qq.com/s/TPB39anAFv19TFjdTehBWQ","微信读书"
"北大就业","2025-08-25","通知 | 北京大学2025年秋季校园招聘工作安排","https://mp.weixin.qq.com/s/scFfsgklUKhd8a0Ck4_OHA","微信读书"
"北大就业","2025-08-24","租赁、商务服务和公共管理行业招聘信息汇总 | 广东国鼎律师事务所、北京华税律师事务所等","https://mp.weixin.qq.com/s/y-Jy8Ynx5PINPbEKTpQO2g","微信读书"
"北大就业","2025-08-24","招聘 | 中国航天科工六院2026届校园招聘正式启动","https://mp.weixin.qq.com/s/_28XSlDtWUh16eMYGW8k3A","微信读书"
"北大就业","2025-08-24","招聘 | 上海人工智能实验室2026届全球校招开启","https://mp.weixin.qq.com/s/8lMs7PEx7g39sQcnfQkaww","微信读书"
"北大就业","2025-08-24","招聘 | 杭州龙旗科技2026秋招启动","https://mp.weixin.qq.com/s/N3LuWky7lyrMVBzW9rklEg","微信读书"
"北大就业","2025-08-23","制造业招聘信息汇总 | 河南摩膳食品有限公司、上海精传电子科技有限公司等","https://mp.weixin.qq.com/s/9vkpdyzPPxWd4RN4oZjGnQ","微信读书"
"北大就业","2025-08-23","招聘 | 龙湖集团2026届仕官生校园招聘启动！","https://mp.weixin.qq.com/s/-RJ7KkT9zWt5EZNnIvUP8Q","微信读书"
"北大就业","2025-08-23","招聘 | 德勤2026校园招聘启动","https://mp.weixin.qq.com/s/uuPoMT6cdVNLl3xS4gXTGA","微信读书"
"北大就业","2025-08-23","招聘 | 大参林2026届校园招聘","https://mp.weixin.qq.com/s/D5FXc4EOJAS_bbXmhIZmhg","微信读书"
"北大就业","2025-08-22","招聘 | 中国人保2026届全系统校园招聘火热进行中","https://mp.weixin.qq.com/s/wVeL6wvIQBiva6xyGW3pYg","微信读书"
"北大就业","2025-08-22","招聘 | 蚂蚁集团2026届秋季校园招聘开启！","https://mp.weixin.qq.com/s/JOqjPBjMqjifoig-va3l3g","微信读书"
"北大就业","2025-08-22","建筑运输行业实习信息汇总 | 上海启林投资管理有限公司、中国电建集团贵阳勘测设计研究院有限公司等","https://mp.weixin.qq.com/s/Sp6iwZ183Kk01LMHPdcCsA","微信读书"
"北大就业","2025-08-22","活动 | 【企业邀请函】湾区职缘，智汇未来——2025年秋季大湾区重点用人单位就业实习双选会","https://mp.weixin.qq.com/s/L6bngyrMI578TmEgLkHG8w","微信读书"
"北大就业","2025-08-21","招聘 | 滴滴2026届秋季校招正式启动","https://mp.weixin.qq.com/s/lr5HgSQm4TGslR5vv0WOyg","微信读书"
"北大就业","2025-08-21","招聘 | 大道投资2026校园招聘正式启动","https://mp.weixin.qq.com/s/PlYFhkDNjgW8jzBwkmuGyQ","微信读书"
"北大就业","2025-08-21","招聘 | 安克创新2026届全球校园招聘正式启动","https://mp.weixin.qq.com/s/LYAClgQ4o8v8x-V8Ptz4RA","微信读书"
"北大就业","2025-08-21","科研与技术服务业实习信息汇总 | 长亭科技、中物院高性能数值模拟软件中心等","https://mp.weixin.qq.com/s/s8jIHyOlOPPDZvZoRhDuWw","微信读书"
"北大就业","2025-08-20","招聘 | 好课在线2026校园招聘","https://mp.weixin.qq.com/s/iLln0oqgwSUH_Es3rTIQbA","微信读书"
"北大就业","2025-08-20","招聘 | 2026阿里国际顶尖人才计划Bravo Star正式启动","https://mp.weixin.qq.com/s/41E925ErYsvapHfe8QYPQQ","微信读书"
"北大就业","2025-08-20","金融行业实习信息汇总 | 河北建投交通投资有限责任公司、上海磐松私募等","https://mp.weixin.qq.com/s/X5wKybhAf0ckEIpcoP-jmg","微信读书"
"北大就业","2025-08-20","报名 | 2025年度北京大学设计人生课程导师认证培训通知","https://mp.weixin.qq.com/s/l-62Fnd11Jjqn8lK5LuQig","微信读书"
"北大就业","2025-08-19","招聘 | 星宸科技股份有限公司2026届校园招聘","https://mp.weixin.qq.com/s/ZKTqBNkHUH4jvdaghN7QaA","微信读书"
"北大就业","2025-08-19","招聘 | 汤臣倍健2026营销培优生补录","https://mp.weixin.qq.com/s/IHRyHfPo0MoMFnxON5qT5w","微信读书"
"北大就业","2025-08-19","招聘 | 度小满2026校园招聘正式启动","https://mp.weixin.qq.com/s/mAwhVwLepZ97fjpzDYbp5g","微信读书"
"北大就业","2025-08-19","招聘 | 得物2026届秋季校园招聘正式开启","https://mp.weixin.qq.com/s/a3qFvx8oSLUpa8R4dVojvA","微信读书"
"北大就业","2025-08-19","信息传输、软件和信息技术服务业实习信息汇总 | 阿里国际等","https://mp.weixin.qq.com/s/z9qnRMSSkw8istT_vxXNsw","微信读书"
"北大就业","2025-08-18","招聘 | vivo 2026届全球校园招聘正式启动","https://mp.weixin.qq.com/s/uQQG2NnhTpt2DEpcfXrA7A","微信读书"
"北大就业","2025-08-18","招聘 | 徽商银行总行管培生（徽星计划）2026年校园招聘公告","https://mp.weixin.qq.com/s/uGqdzxQ3FxAVBmDeheEBDg","微信读书"
"北大就业","2025-08-18","招聘 | 海光信息2026校园招聘","https://mp.weixin.qq.com/s/8Y5DnrmMZ5fDOOB1HOZWuw","微信读书"
"北大就业","2025-08-18","能源、批发零售与文化传媒行业实习信息汇总 | 内蒙古多蒙德实业集团有限公司、新经典文化等","https://mp.weixin.qq.com/s/Yw9LyhwTujLvjy5mDEYdoQ","微信读书"
"北大就业","2025-08-17","招聘｜佳期投资2026全球招聘正式开启","https://mp.weixin.qq.com/s/0PmPLPeRH7_bjU35aCttmA","微信读书"
"北大就业","2025-08-17","招聘 | 中航成飞2026届校园招聘正式启动！","https://mp.weixin.qq.com/s/4pAlp4CUQNhANqyZwBrABA","微信读书"
"北大就业","2025-08-17","医疗卫生行业实习信息汇总 | 阿里健康等","https://mp.weixin.qq.com/s/UH_0t3yGhv-_-LX097TkXw","微信读书"
"北大就业","2025-08-17","从北大毕业后，他们去哪了？","https://mp.weixin.qq.com/s/jeaG7YHwMjEPaCQCgDdSog","微信读书"
"北大就业","2025-08-16","租赁、商务服务和公共管理业实习信息汇总 | 北京世辉律师事务所、灵岩创世等","https://mp.weixin.qq.com/s/ECaK2lBYK8ZDBW12T5zbqQ","微信读书"
"北大就业","2025-08-16","招聘丨2025年青芒计划·产研专场招聘启动！","https://mp.weixin.qq.com/s/d4x-ZvemQQRLgGsgFy_Dww","微信读书"
"北大就业","2025-08-16","招聘 | 长光卫星2026届校园招聘正式启动！","https://mp.weixin.qq.com/s/jwIxZtkaZfae8pdsR0d9Nw","微信读书"
"北大就业","2025-08-16","招聘 | 完美世界2026届秋季校园招聘正式启动！","https://mp.weixin.qq.com/s/-RHIeovWgw0BJYYW4sK1LA","微信读书"
"北大就业","2025-08-15","招聘 | 中物院软件中心2026届校招提前批火热开启","https://mp.weixin.qq.com/s/N9n0I_uy0EpwzTWE55sEKw","微信读书"
"北大就业","2025-08-15","招聘 | 虎鲸文娱集团2026届秋季校园招聘正式启动","https://mp.weixin.qq.com/s/U0EcXkHez07uZkMZXHvCxg","微信读书"
"北大就业","2025-08-15","招聘 | 高拓讯达2026届校园招聘火热进行中","https://mp.weixin.qq.com/s/oxsGpwiBoNN9UmXZb7up0A","微信读书"
"北大就业","2025-08-15","招聘 | 第二轮省集中公开招聘报名开始啦！湛江岗位看这里→","https://mp.weixin.qq.com/s/_89w2dwyL1co0nR6Zw_MOg","微信读书"
"北大就业","2025-08-15","建筑运输行业招聘信息汇总 | 西部机场集团等","https://mp.weixin.qq.com/s/u58EMAbSHgdQZlsSYmH89A","微信读书"
"北大就业","2025-08-14","招聘 | 中国电科第三十八所2026届校园招聘正式启动","https://mp.weixin.qq.com/s/8bJ2bk6xEQiG_lr_0Qfvzg","微信读书"
"北大就业","2025-08-14","招聘 | 鹰角网络2026秋季校园招聘","https://mp.weixin.qq.com/s/YSoC_Vnf6Fy-1U9KL_0hxA","微信读书"
"北大就业","2025-08-14","招聘 | 饿了么秋季2026届应届生招聘正式启动","https://mp.weixin.qq.com/s/jog5s0sY4i7t4mX_seWIxg","微信读书"
"北大就业","2025-08-14","金融行业招聘信息汇总 | 横琴均成资产管理有限公司、上海衍复投资管理有限公司等","https://mp.weixin.qq.com/s/cHPVvT92sJV8oC-JVF-3vw","微信读书"
"北大就业","2025-08-13","招聘 | 晶丰明源2025年秋季校园招聘","https://mp.weixin.qq.com/s/viyIWwKO5m16vw5uvuqYBw","微信读书"
"北大就业","2025-08-13","招聘 | 航天智能院2026届校园招聘","https://mp.weixin.qq.com/s/ywyg4JJ2EzCZgiuwTAWXNw","微信读书"
"北大就业","2025-08-13","招聘 | 寒武纪2026届校园招聘正式启动","https://mp.weixin.qq.com/s/Q35sh0M-cUN8XmCUTtxrqA","微信读书"
"北大就业","2025-08-13","招聘 | 阿里云2026届应届生招聘","https://mp.weixin.qq.com/s/GeZ7HEBmfLnxSslCK4-ZeQ","微信读书"
"北大就业","2025-08-13","教育行业招聘信息汇总 | 上海第二工业大学、河北农业大学等","https://mp.weixin.qq.com/s/cVBCo_r57wIUaSfsByeALw","微信读书"
"北大就业","2025-08-12","招聘 | 新浪&微博2026届校园招聘全面启动","https://mp.weixin.qq.com/s/eR5hy27eF2ZZg__2iaSVgw","微信读书"
"北大就业","2025-08-12","招聘 | 三七互娱2026届秋季校园招聘启动","https://mp.weixin.qq.com/s/cWurIfLEi_yISbWLWZoOtg","微信读书"
"北大就业","2025-08-12","招聘 | 国药集团研究院公开招聘公告","https://mp.weixin.qq.com/s/CR7QOxcnI2koTGGrWg7EjQ","微信读书"
"北大就业","2025-08-12","能源、批发零售与文化传媒行业招聘信息汇总 | 大有作为文化传播有限公司、嘉能可等","https://mp.weixin.qq.com/s/GaoxGiMO33eD0BGEd3D9Qg","微信读书"
"北大就业","2025-08-11","招聘 | 小米集团2026届全球校园招聘正式启动","https://mp.weixin.qq.com/s/SBiq36Gb1W6pZcrEF6W9ow","微信读书"
"北大就业","2025-08-11","招聘 | 里斯品类创新战略咨询2026届校招正式启动-寻找长期主义者","https://mp.weixin.qq.com/s/kQHbfw1A1-dBW4i4f5SCOQ","微信读书"
"北大就业","2025-08-11","科研与技术服务业招聘信息汇总 | 河南省科学院空天信息研究所、甘肃省华本力合人工智能科技有限公司等","https://mp.weixin.qq.com/s/CkZhLXEUIoZ58myC5Y8RIA","微信读书"
"北大就业","2025-08-11","活动｜北京航天试验技术研究所2025年所区开放日活动邀请函","https://mp.weixin.qq.com/s/E3H0n5PtdN1faWmrJb5FqA","微信读书"
"北大就业","2025-08-11","光明日报：到祖国和人民最需要的地方发光发热","https://mp.weixin.qq.com/s/8RacAqC3IjYhsqZ_i0UMbA","微信读书"
"北大就业","2025-08-10","招聘 | 网易游戏雷火2026届秋季校园招聘全球启动！","https://mp.weixin.qq.com/s/pQC15vzasR8uyxDyPOhS2w","微信读书"
"北大就业","2025-08-10","招聘 | 腾讯2026校园招聘全球启动","https://mp.weixin.qq.com/s/FpQOUyhJdxV9Wziqhl5rUA","微信读书"
"北大就业","2025-08-10","招聘 | 思勰投资2026校园招聘系列活动发布！","https://mp.weixin.qq.com/s/ialhqkLCgPZ8lnNzPmKkKQ","微信读书"
"北大就业","2025-08-10","医疗卫生行业招聘信息汇总 | 浙江大学医学院附属第一医院等","https://mp.weixin.qq.com/s/CVHAYQC_scBq8lm9HMriiQ","微信读书"
"北大就业","2025-08-09","招聘 | 远景能源2026届校园招聘全球启动！","https://mp.weixin.qq.com/s/bBdo08pfU2uc8IFDnrIVcg","微信读书"
"北大就业","2025-08-09","招聘 | 佳期投资2026全球招聘正式开启！","https://mp.weixin.qq.com/s/Os_0clX9KxcqsGRmazGqRw","微信读书"
"北大就业","2025-08-09","招聘 | 杭州龙旗科技2026校招启动","https://mp.weixin.qq.com/s/cSwoD7kKs8l64qawuRqAFQ","微信读书"
"北大就业","2025-08-09","信息传输、软件和信息技术服务行业招聘信息汇总 | 点点互动、追觅科技等","https://mp.weixin.qq.com/s/nswKZ4YMZkrZPjHSCmUq8Q","微信读书"
"北大就业","2025-08-08","租赁、商务服务和公共管理业招聘信息汇总 | 广东国鼎律师事务所、北京华税律师事务所等","https://mp.weixin.qq.com/s/OmWDJ_eXB37QMaXg6YOPVg","微信读书"
"北大就业","2025-08-08","招聘 | Shopee研发中心2026届校招简章","https://mp.weixin.qq.com/s/bMYKiM171WAAC8VUd3ujig","微信读书"
"北大就业","2025-08-08","招聘 | 芯原股份2026届校园招聘正式启动","https://mp.weixin.qq.com/s/is1hPDPDbNdjOjZndugqvA","微信读书"
"北大就业","2025-08-08","招聘 | 小红书2026校园招聘全球启动！毕业两年内均可投递","https://mp.weixin.qq.com/s/pXDcb9HEkQ525AdCvPJR0g","微信读书"
"北大就业","2025-08-08","招聘 | 创造你的芯未来——芯恩2026届校园招聘启动！","https://mp.weixin.qq.com/s/o4CuW32rJdLyaOUEETbzOg","微信读书"
"北大就业","2025-08-07","制造业招聘信息汇总 | 河南摩膳食品有限公司、上海精传电子科技有限公司等","https://mp.weixin.qq.com/s/iVbILTubPY5zatADTt1P0w","微信读书"
"北大就业","2025-08-07","招聘 | 字节跳动 2026 校园招聘启动","https://mp.weixin.qq.com/s/wrGUe0ZiNwrZWvIvJ1bR5Q","微信读书"
"北大就业","2025-08-07","招聘 | 银行间市场清算所股份有限公司2025年实习生招募公告","https://mp.weixin.qq.com/s/QJzTZdv_eqqpBMQIrifQow","微信读书"
"北大就业","2025-08-07","招聘 | 理想汽车2026届AI人才专项“理想+”计划全面启动","https://mp.weixin.qq.com/s/IU1c_bKS2u95qhSAupFx1w","微信读书"
"北大就业","2025-08-06","招聘 | 潍柴雷沃智慧农业科技股份有限公司诚聘英才","https://mp.weixin.qq.com/s/Cnes8iXC9J3j0t3hwZtk6Q","微信读书"
"北大就业","2025-08-06","招聘 | 米哈游2026校园招聘正式启动","https://mp.weixin.qq.com/s/FVVSFdmuYAwUANDaIi6Wfg","微信读书"
"北大就业","2025-08-06","招聘 | 基恩士2026秋季校园招聘","https://mp.weixin.qq.com/s/U8qm5E6XfNnVlZPx6R-b_g","微信读书"
"北大就业","2025-08-06","建筑运输行业实习信息汇总 | 上海启林投资管理有限公司、中国电建集团贵阳勘测设计研究院有限公司等","https://mp.weixin.qq.com/s/YV57gjQcvoezlfYaNDg_oA","微信读书"
"北大就业","2025-08-05","招聘 | 淘天集团2026届秋季应届生招聘","https://mp.weixin.qq.com/s/Z_BYxiBc4_wqs2fA17J90w","微信读书"
"北大就业","2025-08-05","招聘 | 国投人力科技类新媒体岗位招聘","https://mp.weixin.qq.com/s/wIidWPCYtgFTJo_lP8E9PA","微信读书"
"北大就业","2025-08-05","招聘 | 4399游戏2026届秋季校园招聘正式启动","https://mp.weixin.qq.com/s/TW7vlD6NQLwEzeVsYIAemw","微信读书"
"北大就业","2025-08-05","科研与技术服务业实习信息汇总 | 长亭科技、中物院高性能数值模拟软件中心等","https://mp.weixin.qq.com/s/L1kg2ceJlUKL7Mlo5Uz80g","微信读书"
"北大就业","2025-08-04","招聘 | 中国盐业集团有限公司2025年夏季公开招聘公告","https://mp.weixin.qq.com/s/7XVuXA1Mzu1sGTaXKZC1YQ","微信读书"
"北大就业","2025-08-04","招聘 | 浙大宁波理工学院外国语学院高层次人才招聘简章","https://mp.weixin.qq.com/s/1wEFE_K05sSAEiavfjyvxg","微信读书"
"北大就业","2025-08-04","金融行业实习信息汇总 | 河北建投交通投资有限责任公司、上海磐松私募等","https://mp.weixin.qq.com/s/y68IYBsh8bNlp-WySsopRw","微信读书"
"北大就业","2025-08-04","活动 | 中国航天科技集团有限公司第五研究院第五一〇研究所（510所）2025年暑期开放日实践活动正式启动","https://mp.weixin.qq.com/s/nDXCovHj-LHM0O0JaVguSA","微信读书"
"北大就业","2025-08-03","招聘｜信息支援部队工程大学人才引进公告","https://mp.weixin.qq.com/s/GIKO_RJhAq-vNe4X9FZOdw","微信读书"
"北大就业","2025-08-03","招聘｜航天五院遥感卫星总体部2026届校园招聘","https://mp.weixin.qq.com/s/c99xawpGzdNLouTJVTWKGw","微信读书"
"北大就业","2025-08-03","招聘 | 国家国际发展合作署直属事业单位2025年度公开招聘公告","https://mp.weixin.qq.com/s/0UGwREmFMcOWcBxgij43BQ","微信读书"
"北大就业","2025-08-03","信息传输、软件和信息技术服务业实习信息汇总 | 阿里国际等","https://mp.weixin.qq.com/s/UimXyfi88yazkD1uUQTWdQ","微信读书"
"北大就业","2025-08-02","招聘 | 岚图汽车2026届校园尖端人才招募「追光计划」正式启动！","https://mp.weixin.qq.com/s/G1xyxmW5UFDWGhr6nH94_Q","微信读书"
"北大就业","2025-08-02","招聘 | 快手2026全球秋季校园招聘启动","https://mp.weixin.qq.com/s/MKexmSgGYo1763cREmnpuA","微信读书"
"北大就业","2025-08-02","能源、批发零售与文化传媒行业实习信息汇总 | 内蒙古多蒙德实业集团有限公司、新经典文化等","https://mp.weixin.qq.com/s/xRqxwKTuZpepOhPlARZZCg","微信读书"
"北大就业","2025-08-01","招聘 | 新和成2026“未来之星”全球招募","https://mp.weixin.qq.com/s/gYCMt3y7jLx33GtN_zJHzw","微信读书"
"北大就业","2025-08-01","招聘 | 科大讯飞26届秋招首批站点面试行程发布——特设专场Openday","https://mp.weixin.qq.com/s/hzU0R36ZQbyhwc3aGiqnXw","微信读书"
"北大就业","2025-08-01","招聘 | 价值创享 永续心跳——博迈医疗2026届校园招聘全面启动！","https://mp.weixin.qq.com/s/je8XRwpCWBPLx2rR730Efw","微信读书"
"北大就业","2025-08-01","医疗卫生行业实习信息汇总 | 佳能医疗等","https://mp.weixin.qq.com/s/k743AjumzUzQi4r00hWxng","微信读书"
"北大就业","2025-08-01","实习 | 海淀镇×北京大学“产教融合·双元培养”2025年实习生招聘计划","https://mp.weixin.qq.com/s/-llgPwIzeZCi4tsnPASDSQ","微信读书"
"北大就业","2025-07-31","制造业实习信息汇总 | 潍柴动力股份有限公司、宣伟涂料等","https://mp.weixin.qq.com/s/GEvBMhqCkieFOfb2T0Wjig","微信读书"
"北大就业","2025-07-31","招聘 | 美团2026届校园招聘","https://mp.weixin.qq.com/s/dlHsYdzDjNS0Oz8gTh9pGw","微信读书"
"北大就业","2025-07-31","招聘 | 宽德智能学习实验室2026招聘计划","https://mp.weixin.qq.com/s/03aAQap1y0JKp7cauWaLkQ","微信读书"
"北大就业","2025-07-31","招聘 | 甘肃医学院博士人才引进公告","https://mp.weixin.qq.com/s/K77oXl8fc4pLeL48XDIRXg","微信读书"
"北大就业","2025-07-30","租赁、商务服务和公共管理业实习信息汇总 | 北京鼎帷管理顾问有限公司、上海中联（合肥）律师事务所等","https://mp.weixin.qq.com/s/eeoHcL9YxdsuAgC4f8SYgQ","微信读书"
"北大就业","2025-07-30","招聘 | 影石2026届秋季校园招聘启动","https://mp.weixin.qq.com/s/wvlNCIhvWxNA30mevrSomw","微信读书"
"北大就业","2025-07-30","招聘 | 央国企招聘信息汇总（地方国企）7月（第四期）","https://mp.weixin.qq.com/s/hEdilOfMCVJJF17ryr-K8A","微信读书"
"北大就业","2025-07-30","招聘 | 广东医科大学附属医院2025年临床、医技和专职科研人员专业技术岗位招聘","https://mp.weixin.qq.com/s/gbGxMG2Nk9CLvaIj48zmsA","微信读书"
"北大就业","2025-07-29","招聘 | 中国铁建科学技术研究总院公开招聘公告","https://mp.weixin.qq.com/s/76-DuzzK4UiQ290T1k7mCw","微信读书"
"北大就业","2025-07-29","招聘 | 西南医科大学2025年诚聘海内外英才","https://mp.weixin.qq.com/s/LI_Fw2SIbw5D2PXHfWmaGQ","微信读书"
"北大就业","2025-07-29","实习 | 央企名企实习见习岗位推荐 7月（第五期）","https://mp.weixin.qq.com/s/iwiA5F75vyloDzMmTs_Idw","微信读书"
"北大就业","2025-07-29","建筑运输行业招聘信息汇总 | 大庆市城市发展集团有限公司、南昌市建设投资集团有限公司等","https://mp.weixin.qq.com/s/gcqFN-fB0Vc6Eh4_yr0u4Q","微信读书"
"北大就业","2025-07-28","招聘 | 人生“欧”卡！OPPO 2026届全球校招，开它！","https://mp.weixin.qq.com/s/gcpxAn2lvTbUlfidwjt4gw","微信读书"
"北大就业","2025-07-28","招聘 | 国家开发投资集团有限公司战略新兴产业子公司公开招聘","https://mp.weixin.qq.com/s/NJG7YijqNp1ExgP9a0NDRg","微信读书"
"北大就业","2025-07-28","实习｜国务院发展研究中心民族发展研究所招聘公众号运营实习生","https://mp.weixin.qq.com/s/3QxALAqCapPNSxkbB5ibWg","微信读书"
"北大就业","2025-07-28","教育行业招聘信息汇总 | 广州航海学院、闽江学院等","https://mp.weixin.qq.com/s/81VpAh5EiCmuhNhX13WAYw","微信读书"
"北大就业","2025-07-14","租赁、商务服务和公共管理业实习信息汇总 | 中共南涧县委组织部、国家发展改革委国家投资项目评审中心等","https://mp.weixin.qq.com/s/5veOCTI3HvkNIZxZAEspdg","微信读书"
"北大就业","2025-07-14","招聘 | 中国三峡集团启动2025年博士后招聘","https://mp.weixin.qq.com/s/d2bGrOLnFpwsPHo_6p2Hiw","微信读书"
"北大就业","2025-07-14","实习 | 中国航空工业集团建投2025年度暑期实习生招聘火热开启","https://mp.weixin.qq.com/s/pt4RamdHyJFwHHfDDt6f2w","微信读书"
"北大就业","2025-07-14","实习 | 2025东莞市“百校千人”实习计划，超1.2万个实(见)习岗位","https://mp.weixin.qq.com/s/rXfCJo2mISTsjlmBkZDI8w","微信读书"
"北大就业","2025-07-13","制造业实习信息汇总 | 舍弗勒中国区、中国船舶集团广船国际有限公司等","https://mp.weixin.qq.com/s/a4RWmZVbjbe0ecXHzLJcag","微信读书"
"北大就业","2025-07-13","招聘 | 中国南水北调集团水网发展研究有限公司（渤海公司）2025年夏季公开招聘","https://mp.weixin.qq.com/s/ZnMpw1pNV1VzYYOb312p0A","微信读书"
"北大就业","2025-07-13","招聘 | 中国电科9所2025届校园招聘","https://mp.weixin.qq.com/s/Wpej9ifI-fke-ac1G5mGCA","微信读书"
"北大就业","2025-07-13","实习 | 4000+优质岗位！2025年长沙“超级实习生”第四季火热进行中→","https://mp.weixin.qq.com/s/vrs5FEyc7NuxaZeYOwfdvA","微信读书"
"北大就业","2025-07-12","招聘 | 中国林业科学研究院2025年度出站博士后招聘公告","https://mp.weixin.qq.com/s/6T4ckbhFpR5UZaVtUr9Wuw","微信读书"
"北大就业","2025-07-12","实习 | 国投泰康信托2025年第四期雏鹰训练营招募","https://mp.weixin.qq.com/s/5Lc0S-URPRRNtDhEwu9MOw","微信读书"
"北大就业","2025-07-12","教育行业招聘信息汇总｜上海第二工业大学、江苏科技大学等","https://mp.weixin.qq.com/s/7JeAQH48irqGcPEPngia1w","微信读书"
"北大就业","2025-07-11","招聘 | 科大讯飞研究院【2026届飞星计划】校园招聘正式启动！","https://mp.weixin.qq.com/s/xx4Ri6Gq0YhHeUz6hM1QNQ","微信读书"
"北大就业","2025-07-11","招聘 | 科大讯飞2026届飞凡计划正式启动！放宽年限还免笔试！","https://mp.weixin.qq.com/s/9UyEVX3k91QfpqXoJMTzfQ","微信读书"
"北大就业","2025-07-11","金融行业招聘信息汇总 | 斐意特咨询(Fitt Consulting Group)、深圳市泰聚私募证券基金管理有限公司等","https://mp.weixin.qq.com/s/U9PNSwxQBl50658J9ys6cA","微信读书"
"北大就业","2025-07-11","活动 | 太行国家实验室2025年博士/硕士研究生OpenDay交流活动","https://mp.weixin.qq.com/s/Z0LMr8SyXL-vSaAsx1Z70A","微信读书"
"北大就业","2025-07-10","招聘 | 中国农业科学院农业经济与发展研究所2025年度第二批公开招聘公告","https://mp.weixin.qq.com/s/Q_rj6utU0aT9r4hcj4uo-A","微信读书"
"北大就业","2025-07-10","招聘 | 引“材”纳贤—中国科学院宁波材料技术与工程研究所","https://mp.weixin.qq.com/s/_4p__w3WlcSVmc2a2JxaTQ","微信读书"
"北大就业","2025-07-10","暑假生涯工具箱 | 想要模拟面试、优化简历？AI来帮你！","https://mp.weixin.qq.com/s/Fufu-CMtXk9QPuk_A1-84g","微信读书"
"北大就业","2025-07-10","科研与技术服务业招聘信息汇总 | 中国科学院成都山地灾害与环境研究所、苏交科集团股份有限公司等","https://mp.weixin.qq.com/s/oA-UsOb3dPrWmf1r73wPiQ","微信读书"
"北大就业","2025-07-09","招聘 | 住房城乡建设部直属事业单位2025年度第二批公开招聘公告","https://mp.weixin.qq.com/s/3nxSK9u108TflD7XjzrNYQ","微信读书"
"北大就业","2025-07-09","招聘 | 地平线2026届秋季校园招聘正式启动","https://mp.weixin.qq.com/s/XZL2uyp98p050BqDqZDymg","微信读书"
"北大就业","2025-07-09","信息传输、软件和信息技术服务行业招聘信息汇总 | 青岛鼎信通讯、北京微步在线科技有限公司等","https://mp.weixin.qq.com/s/px4NAsGMld1jrUSvpbdm_w","微信读书"
"北大就业","2025-07-09","回顾 | “北京大学第四届国际组织青年人才培训暑期项目”圆满举行","https://mp.weixin.qq.com/s/imrQEbyrY8oX4p6-tbs6xA","微信读书"
"北大就业","2025-07-08","招聘 | 中国国际工程咨询有限公司总部2025年校园招聘公告","https://mp.weixin.qq.com/s/VjZ7fKv4SmhfeQGjoFPQGw","微信读书"
"北大就业","2025-07-08","招聘 | 东风汽车夏日补招合集来了！","https://mp.weixin.qq.com/s/5w3uDKQKVVIuKwfkoTQx1w","微信读书"
"北大就业","2025-07-08","我的职场第一课 | 丛治辰：眼光放长远，永远在路上","https://mp.weixin.qq.com/s/yWjkKn2DyzvEaFxfToRB1A","微信读书"
"北大就业","2025-07-08","能源、批发零售与文化传媒行业招聘信息汇总 | 科学出版社、辽宁出版集团等","https://mp.weixin.qq.com/s/aCxAJKoC2_vXpllzNVo1Aw","微信读书"
"北大就业","2025-07-07","招聘 | 2026阿里星顶尖人才计划全球启动！","https://mp.weixin.qq.com/s/h3uxsOhRVDSaPZc-uQFxRg","微信读书"
"北大就业","2025-07-07","医疗卫生行业招聘信息汇总 | 浙江大学医学院附属第一医院、昆明医科大学第一附属医院等","https://mp.weixin.qq.com/s/7WHM1jTBJ4R9XsAyKZAvCg","微信读书"
"北大就业","2025-07-07","活动 | 超聚变2025年OPEN DAY活动","https://mp.weixin.qq.com/s/jYIX5Z5_AG3qNYmHj0b3Ug","微信读书"
"北大就业","2025-07-07","关于北京保障房中心持有的部分项目面向毕业大学生专项配租的公告","https://mp.weixin.qq.com/s/iTTtlxAHP84jmf-lfyRWfg","微信读书"
"北大就业","2025-07-06","租赁、商务服务和公共管理行业招聘信息汇总 | 同舟共济（广东）咨询服务中心、北京市尚权律师事务所等","https://mp.weixin.qq.com/s/9SqawmTcqKHi8_M1N2lp1Q","微信读书"
"北大就业","2025-07-06","招聘 | 云南省贵金属新材料控股集团股份有限公司2025届校园招聘全面启动","https://mp.weixin.qq.com/s/TYDH5rs9fQCOXJ8MZxdFPQ","微信读书"
"北大就业","2025-07-06","招聘 | 小红书「REDstar顶尖人才计划」全球启动！毕业三年内均可投递！","https://mp.weixin.qq.com/s/sONPkSqWBEqGT7UfwAl2yA","微信读书"
"北大就业","2025-07-06","我的职场第一课 | 丁刚：向未知开疆，在科技浪潮中创造无限可能","https://mp.weixin.qq.com/s/VASXx-2jwewVYuSesuaWDA","微信读书"
"北大就业","2025-07-05","制造业招聘信息汇总 | 浙江势通机器人公司等","https://mp.weixin.qq.com/s/3ltD7-6uEBPIEt8eExuhsw","微信读书"
"北大就业","2025-07-05","招聘 | RoboSense速腾聚创2026届全球校园招聘提前批启动","https://mp.weixin.qq.com/s/brGloES8pr5uzjez3vohqQ","微信读书"
"北大就业","2025-07-05","招聘 | 小米2026顶尖人才校园招聘全球启动","https://mp.weixin.qq.com/s/5RnN60X477xetUFAC5gj-A","微信读书"
"北大就业","2025-07-05","我的职场第一课 | 仁增卓玛：融小我于大我，架好雪域发展的桥梁","https://mp.weixin.qq.com/s/ZEnbo2bJkvwWqiIGzWAYbg","微信读书"
"北大就业","2025-07-04","招聘 | 中国南水北调集团新能源投资有限公司2025年夏季校园招聘公告","https://mp.weixin.qq.com/s/nKiv1F-a7i38edHZRRvARA","微信读书"
"北大就业","2025-07-04","招聘 | 2026快Star-X特别技术人才计划启动","https://mp.weixin.qq.com/s/drUPwg8_oP4Pj1M3Rxe78w","微信读书"
"北大就业","2025-07-04","学生就业指导服务中心2025年暑假对外工作安排","https://mp.weixin.qq.com/s/NRiW04N2nkZ7H7Copv7jvw","微信读书"
"北大就业","2025-07-04","我的职场第一课 | 敖银勇：扎根国防科技，书写青春华章","https://mp.weixin.qq.com/s/bEZC3P7TxisEAQU6HeInsw","微信读书"
"北大就业","2025-07-04","金融行业实习信息汇总 | 华德资本管理集团有限公司、斐意特咨询等","https://mp.weixin.qq.com/s/6nLtpN08WCXq481v3ic-Fg","微信读书"
"北大就业","2025-07-03","招聘 | 京东管理培训生项目正式启动","https://mp.weixin.qq.com/s/qvUiqXrFabBp9ogKiZ1ZCg","微信读书"
"北大就业","2025-07-03","我的职场第一课 | 陈昌煦：把书卷铺进山河，以“无关”专业成就“有关”人生","https://mp.weixin.qq.com/s/1zZWhw2VUJK6uJVrbMAUFw","微信读书"
"北大就业","2025-07-03","实习 | 学而思校园大使招募","https://mp.weixin.qq.com/s/244JHPEXRyKHgeL28ljlVQ","微信读书"
"北大就业","2025-07-03","能源、批发零售与文化传媒行业实习信息汇总 | 科学出版社、思念食品等","https://mp.weixin.qq.com/s/d3NkV7EVOGd8197Rc6K94Q","微信读书"
"北大就业","2025-07-02","招聘 | 海淀教育寻找优秀的你","https://mp.weixin.qq.com/s/Oefx6JGgKQrSDJmRxQJtWw","微信读书"
"北大就业","2025-07-02","信息传输、软件和信息技术服务业实习信息汇总 | 中移互联网、北京移动等","https://mp.weixin.qq.com/s/1nDb3LwoNDk-DMk7CvZvpA","微信读书"
"北大就业","2025-07-02","我的职场第一课 | 钟治民：思行并重，在基层实干中成长","https://mp.weixin.qq.com/s/rFYBuaJpT8IUHfRcssh-tA","微信读书"
"北大就业","2025-07-02","我的职场第一课 | 卢正茂：以卓越医术守护生命，以军人担当报效祖国","https://mp.weixin.qq.com/s/CxKtJVHtq27W09uXcbQJcQ","微信读书"
"北大就业","2025-07-02","实习 | 人才杭州—AI挑战 最潮实习生","https://mp.weixin.qq.com/s/G7YOss9n4omjzV6CdAiK7A","微信读书"
"北大就业","2025-07-01","招聘 | 海淀9所中小学急需岗位，快来看看~","https://mp.weixin.qq.com/s/GIgumlQLtgSmHVy2Ak7eAQ","微信读书"
"北大就业","2025-07-01","医疗卫生行业实习信息汇总 | 中国医药保健品进出口商会中药部、阿斯利康中国等","https://mp.weixin.qq.com/s/kcr5b21FMpzvMmSy5r2hTQ","微信读书"
"北大就业","2025-07-01","我的职场第一课 | 刘灿：科研无捷径，唯热爱可抵漫长","https://mp.weixin.qq.com/s/8oMbguyGqDReuCPB7q-2Sg","微信读书"
"北大就业","2025-07-01","实习 | 国家电投集团2025年实习生招募","https://mp.weixin.qq.com/s/IMWanyzTaIloR2TIrz1fDw","微信读书"
"北大就业","2025-07-01","从红楼出发：北大与中国共产党的创建","https://mp.weixin.qq.com/s/Ghc8u6-kyEXAiltfibLW7A","微信读书"
"北大就业","2025-06-30","租赁、商务服务和公共管理业实习信息汇总 | 中共南涧县委组织部、国家发展改革委国家投资项目评审中心等","https://mp.weixin.qq.com/s/SiFryXM1v7WQQpxcfgsmsg","微信读书"
"北大就业","2025-06-30","招聘 | 中兴通讯2026届「未来领军」人才招聘正式启动","https://mp.weixin.qq.com/s/dXduEp8WgJevmH9638jrVw","微信读书"
"北大就业","2025-06-30","招聘 | 2025欧莱雅（中国）校园创想家项目正式启动！","https://mp.weixin.qq.com/s/X4hpoCJ_mJ9eBHFKhr5tVQ","微信读书"
"北大就业","2025-06-30","我的职场第一课 | 魏蓝天、钱浩：技术向善，以终为始，与团队共前行！","https://mp.weixin.qq.com/s/KQF8NbujMHpyOvZ2sNuAtQ","微信读书"
"北大就业","2025-06-30","活动 | 南京841研究所第二届提前批暑期夏令营正式启航！","https://mp.weixin.qq.com/s/r5LVv77-ePdd-DEjHGU2xQ","微信读书"
"北大就业","2025-06-29","制造业实习信息汇总 | 舍弗勒中国区、中国船舶集团广船国际有限公司等","https://mp.weixin.qq.com/s/SIYsO7vfMij-YeopvDNZjA","微信读书"
"北大就业","2025-06-29","实习 | 联通数科2025年实习生计划正式启动！","https://mp.weixin.qq.com/s/nPwBALHspyRRTRGRoTC3_Q","微信读书"
"北大就业","2025-06-28","招聘 | 中国地质科学院水文地质环境地质研究所2025年度第二批公开招聘应届毕业生公告","https://mp.weixin.qq.com/s/e47F5Gz8fwl5uOLR6ov0kg","微信读书"
"北大就业","2025-06-28","教育行业招聘信息汇总｜上海第二工业大学、江苏科技大学等","https://mp.weixin.qq.com/s/EuWJ08fJ7dSLnE3PbTOI_w","微信读书"
"北大就业","2025-06-27","招聘 | 中国建研院2025年夏季招聘启动","https://mp.weixin.qq.com/s/ISP_MYv5HfH0-0LbKSo1Og","微信读书"
"北大就业","2025-06-27","实习 | 中国信通院2025“星海计划”暑期实习项目正式启动","https://mp.weixin.qq.com/s/MY-IYKenjpuOLnlBV_pFnw","微信读书"
"北大就业","2025-06-27","金融行业招聘信息汇总 | 斐意特咨询(Fitt Consulting Group)、深圳市泰聚私募证券基金管理有限公司等","https://mp.weixin.qq.com/s/CBivXV0cWNuCKXwfS-rpfQ","微信读书"
"北大就业","2025-06-26","招聘 | 中国兵器工业计算机应用技术研究所/中兵无人机研究院有限公司招聘计划","https://mp.weixin.qq.com/s/eGw4ebspcS4zDc7YaKelSQ","微信读书"
"北大就业","2025-06-26","招聘 | 潍柴雷沃智慧农业科技股份有限公司博士招聘简章","https://mp.weixin.qq.com/s/hbRrGaGEB2MaH4_PLM9jaQ","微信读书"
"北大就业","2025-06-26","招聘 | 科大讯飞研究院2026届校园招聘-研究算法类顶尖人才专项","https://mp.weixin.qq.com/s/eeyZTE7rkjsU0kYbJf--jw","微信读书"
"北大就业","2025-06-26","招聘 | 九坤投资26届技术专项顶尖人才计划—梧桐计划启动","https://mp.weixin.qq.com/s/-21e0vf4vSRzg__GBZiaKA","微信读书"
"北大就业","2025-06-26","科研与技术服务业招聘信息汇总 | 中国科学院成都山地灾害与环境研究所、苏交科集团股份有限公司等","https://mp.weixin.qq.com/s/GmpRVPbG8WuYARPK6fqomw","微信读书"
"北大就业","2025-06-25","招聘 | 湖南金叶烟草薄片有限责任公司2025年公开招聘公告","https://mp.weixin.qq.com/s/5QI312i4Kzk7wB7jC7XoLQ","微信读书"
"北大就业","2025-06-25","招聘 | 关于举办2025年科研助理岗位供需对接活动暨直播带岗活动的通知","https://mp.weixin.qq.com/s/XvYJlBgM4Ymegx4L0Qe98A","微信读书"
"北大就业","2025-06-25","招聘 | 重庆市科学技术研究院面向海内外诚聘高层次人才(博士及博士后）","https://mp.weixin.qq.com/s/w19chp1uhr-9jO72_thg5w","微信读书"
"北大就业","2025-06-25","招聘 | 北京京水建设集团有限公司公开招聘公告","https://mp.weixin.qq.com/s/xwV_0y9WH6p7zMmghrsRnQ","微信读书"
"北大就业","2025-06-25","信息传输、软件和信息技术服务行业招聘信息汇总 | 青岛鼎信通讯、北京微步在线科技有限公司等","https://mp.weixin.qq.com/s/Wqg9J9nXDTHv61UIeSHqXw","微信读书"
"北大就业","2025-06-24","招聘 | 中国电科43所2025届校园招聘","https://mp.weixin.qq.com/s/j4FwPRLIiYpBACJGwxCdXQ","微信读书"
"北大就业","2025-06-24","能源、批发零售与文化传媒行业招聘信息汇总 | 科学出版社、辽宁出版集团等","https://mp.weixin.qq.com/s/xWOiOPKdG97zTx77Clxx_A","微信读书"
"北大就业","2025-06-24","活动 | 京津冀社保卡“一卡通”应用创新大赛公告","https://mp.weixin.qq.com/s/TBAe4WsWDKe3tP0o0_FVQA","微信读书"
"北大就业","2025-06-24","活动 | 北大×腾讯联动举办毕业季&职业季能量站","https://mp.weixin.qq.com/s/TAkvtKWyYTYUA8XSrfS7pg","微信读书"
"北大就业","2025-06-24","国家自然科学基金委员会科学传播与成果转化中心（科学基金杂志社）2025年度公开招聘应届毕业生公告","https://mp.weixin.qq.com/s/lu-SRUFrTqHZclKjE-TuXQ","微信读书"
"北大就业","2025-06-23","招聘 | 中国医药集团有限公司全球引才计划","https://mp.weixin.qq.com/s/0y0mXu3LEBwrUatNNCNKnA","微信读书"
"北大就业","2025-06-23","医疗卫生行业招聘信息汇总 | 浙江大学医学院附属第一医院、昆明医科大学第一附属医院等","https://mp.weixin.qq.com/s/pn2nx4GGAe23MrdLLFSX2A","微信读书"
"北大就业","2025-06-23","活动 | AI青春，IN杭州！杭州2025青春潮创季即将因AI而来","https://mp.weixin.qq.com/s/Uv2Ahu17lJXnIoNwyjvaIg","微信读书"
"北大就业","2025-06-23","活动 | 华夏基金2025年暑期大学生训练营","https://mp.weixin.qq.com/s/uVcdg7cfbonbPPNTbzdeLw","微信读书"
"北大就业","2025-06-23","活动 | 华工科技“北大武汉·光谷行”","https://mp.weixin.qq.com/s/sEbbMfjAitdiU4QSlSjxgw","微信读书"
"北大就业","2025-06-23","活动 | 兵器工业集团2026届博士研学夏令营正式启动","https://mp.weixin.qq.com/s/90mxjlhLgGkYGQ2DS4EEpQ","微信读书"
"北大就业","2025-06-22","租赁、商务服务和公共管理行业招聘信息汇总 | 同舟共济（广东）咨询服务中心、北京市尚权律师事务所等","https://mp.weixin.qq.com/s/x7kprYGiZYRz1AsX0xLQ9A","微信读书"
"北大就业","2025-06-22","招聘 | 西北工业大学2025全球引才公告","https://mp.weixin.qq.com/s/efO59Ib6Bsshz0OGmb154g","微信读书"
"北大就业","2025-06-22","活动 | 格力创新实践营，解锁你的未来竞争力","https://mp.weixin.qq.com/s/7xZwf83_6bPY-gNpK27h-g","微信读书"
"北大就业","2025-06-21","制造业招聘信息汇总 | 浙江势通机器人公司等","https://mp.weixin.qq.com/s/HFP5vXmA8qxNTFGJ2sWgjA","微信读书"
"北大就业","2025-06-21","招聘 | 中国航空工业集团2025年纪检监察人员校园招聘公告","https://mp.weixin.qq.com/s/cPV3bR_W4SL4OKkcPm6P9w","微信读书"
"北大就业","2025-06-21","实习 | 北京市朝阳区2025年暑期实习生招募公告","https://mp.weixin.qq.com/s/vzME51OkZF0vH_Wn8TGvSA","微信读书"
"北大就业","2025-06-21","活动 | 才聚二所 筑梦深海——2025年夏令营活动报名开始啦！","https://mp.weixin.qq.com/s/xLA-OoE8l55B1TYzlb8rLQ","微信读书"
"北大就业","2025-06-20","招聘 | 中国南水北调集团中线有限公司2025年博士后招聘公告","https://mp.weixin.qq.com/s/IvPivJ2HcaMdfjlsmgsM1g","微信读书"
"北大就业","2025-06-20","招聘 | 中国建材集团有限公司2025夏季校园招聘正式启动","https://mp.weixin.qq.com/s/j0a22IitmbOpEbeY0fNeuA","微信读书"
"北大就业","2025-06-20","实习 | 安克创新2026届星图实习生招聘全球启动！","https://mp.weixin.qq.com/s/bjWD7oGkXAdJPsXV_Xjj9g","微信读书"
"北大就业","2025-06-20","教育行业实习信息汇总 | 作业帮、北京师范大学朝阳附属学校等","https://mp.weixin.qq.com/s/MpoYgmqpQO4BcvXf-Hll4A","微信读书"
"北大就业","2025-06-19","最美毕业季 | 行前培训：北京大学2025届公共领域就业毕业生行前培训启动！","https://mp.weixin.qq.com/s/Au37G7b0gmafYfbzhnpvFA","微信读书"
"北大就业","2025-06-19","招聘 | 中国人民银行清算总中心直属企业银清科技有限公司2025年二季度招聘公告","https://mp.weixin.qq.com/s/C-8d7DlsLOmJjzxSoFnuPA","微信读书"
"北大就业","2025-06-19","科研与技术服务业实习信息汇总 | 四川国信超雄科技有限公司、地平线公司等","https://mp.weixin.qq.com/s/G4avezEZbRZt0EBbvBycnA","微信读书"
"北大就业","2025-06-19","活动 | 米哈游线下引擎技术沙龙报名启动","https://mp.weixin.qq.com/s/QNuyqcy7fA8PiJVNr3L5Xg","微信读书"
"北大就业","2025-06-19","活动 | 德康集团2025夏令营招募令","https://mp.weixin.qq.com/s/Aq7zneDldB3vh5VVgNFNYg","微信读书"
"北大就业","2025-06-18","招聘 | 中国电子科技集团公司第十一研究所招聘简章","https://mp.weixin.qq.com/s/egBdMPFuqO51qSXizjCX_w","微信读书"
"北大就业","2025-06-18","招聘 | 哈尔滨工程大学2025年博士后招收启事","https://mp.weixin.qq.com/s/Bw-fDAdJRUOe683EKbYOPA","微信读书"
"北大就业","2025-06-18","信息传输、软件和信息技术服务业实习信息汇总 | 杭州海康威视数字技术股份有限公司、超聚变等","https://mp.weixin.qq.com/s/7AytzVo1YBd62C1VWEoT3w","微信读书"
"北大就业","2025-06-18","活动 | 北京大学“职行中国”名企实习活动报名开启！","https://mp.weixin.qq.com/s/gddLjXO1IMhFrYn49VYO3g","微信读书"
"北大就业","2025-06-17","招聘 | 浙大宁波理工学院外国语学院高层次人才招聘简章","https://mp.weixin.qq.com/s/0_ZHxTiHX1_RxP8uRrz5OQ","微信读书"
"北大就业","2025-06-17","招聘 | 泉城实验室招聘公告","https://mp.weixin.qq.com/s/YZbPuCNR6XInEQC_6p4AXw","微信读书"
"北大就业","2025-06-17","能源、批发零售与文化传媒行业实习信息汇总 | 愿景翰唐（杭州）传媒科技有限公司、威莱（广州）日用品有限公司等","https://mp.weixin.qq.com/s/8hwhk9fxfyEVl_TM1Pvgkg","微信读书"
"北大就业","2025-06-17","活动 | 米哈游线下引擎技术沙龙报名启动！","https://mp.weixin.qq.com/s/BWfjYfCZsu2LUBJGNXhjEg","微信读书"
"北大就业","2025-06-17","活动 | “振兴有你 就有未来”2025年北大学子“辽宁行”活动周","https://mp.weixin.qq.com/s/wFyhI5U8UVeTEHDDgKNsOw","微信读书"
"北大就业","2025-06-16","制造业实习信息汇总 | 零跑汽车、中冶南方等","https://mp.weixin.qq.com/s/_d0tDT8w-r_2-hLXs6VmJw","微信读书"
"北大就业","2025-06-16","招聘 | 腾讯2026青云计划全球启动","https://mp.weixin.qq.com/s/DyzMfBoDSHhclxK6ur617w","微信读书"
"北大就业","2025-06-16","实习 | 苏交科集团26届“J-STAR”转正实习生招聘正式启动！","https://mp.weixin.qq.com/s/B3aR8dsr9lmRu3ASciNZ4A","微信读书"
"北大就业","2025-06-15","租赁、商务服务和公共管理业实习信息汇总 | 中建咨询、通力律师事务所等","https://mp.weixin.qq.com/s/xec_mVSCP6T-au3eU5DiLQ","微信读书"
"北大就业","2025-06-15","招聘 | 中央社会主义学院2025年度公开招聘教师公告（面向出站博士后）","https://mp.weixin.qq.com/s/WQDbZHmPx0oowX1PPx-qzA","微信读书"
"北大就业","2025-06-15","实习 | 以谦投资招聘研究助理","https://mp.weixin.qq.com/s/m79vgk5cxtMMd0apmesHkg","微信读书"
"北大就业","2025-06-15","实习 | 北京市国有资产经营有限责任公司2025年暑期实习生招募公告","https://mp.weixin.qq.com/s/gNc0bRHojak5q0JgK8Sheg","微信读书"
"北大就业","2025-06-14","招聘 | 中国矿产资源集团总部及在京子企业2025年公开招聘公告","https://mp.weixin.qq.com/s/hLV2af2DgYf3Kx5Am_iQ3Q","微信读书"
"北大就业","2025-06-14","招聘 | 文远知行2026届WeStar人才计划正式启动！","https://mp.weixin.qq.com/s/XqdcFnvvzkNLuGCHZkfKLw","微信读书"
"北大就业","2025-06-14","建筑运输行业招聘信息汇总 | 中国建筑技术集团、基准方中等","https://mp.weixin.qq.com/s/Dxg7TA97pZcynA7Dkj02fg","微信读书"
"北大就业","2025-06-13","招聘 | 湖南能源集团2025年上半年校园招聘","https://mp.weixin.qq.com/s/2K3tY7WPicT0iRqQUzZqHA","微信读书"
"北大就业","2025-06-13","实习 | 梅赛德斯-奔驰 X-SEED计划","https://mp.weixin.qq.com/s/lrJSEl5CV1eQ55rGRQ44Jw","微信读书"
"北大就业","2025-06-13","实习 | 大连商品交易所2025年度暑期实习生招收简章","https://mp.weixin.qq.com/s/gHZ92OHWDd9hnLJ8y_0PNQ","微信读书"
"北大就业","2025-06-13","教育行业招聘信息汇总｜上海第二工业大学（上海）、西安电子科技大学等","https://mp.weixin.qq.com/s/1xygvI62usK3GjdyBAQ8RA","微信读书"
"北大就业","2025-06-12","招聘 | 中国航空工业集团审计中心招聘公告","https://mp.weixin.qq.com/s/kYFMBgVMiq3aoH9FCwSqIA","微信读书"
"北大就业","2025-06-12","招聘 | 深圳中学2025年招聘（深圳场）","https://mp.weixin.qq.com/s/doDSeGQwe9FmJ-6mtN6U_w","微信读书"
"北大就业","2025-06-12","金融行业招聘信息汇总 | 中信证券股份有限公司长兴明珠路证券营业部、华盖资本有限责任公司等","https://mp.weixin.qq.com/s/rJ7pWVZFXGiBADTKvgwVsg","微信读书"
"北大就业","2025-06-12","活动 | 北京大学第四届“国际组织青年人才培训暑期项目”报名通知","https://mp.weixin.qq.com/s/vp6lgdk50lJWFBq69u7CIA","微信读书"
"北大就业","2025-06-11","招聘 | 中国电科旗下易华录2025届校园招聘来了！","https://mp.weixin.qq.com/s/Nrop1w4XeMkLl3sIKHektQ","微信读书"
"北大就业","2025-06-11","实习 | 中国雄安集团有限公司暑期实习生招聘公告","https://mp.weixin.qq.com/s/f8OHD576sz1AK8uzE3Abtw","微信读书"
"北大就业","2025-06-11","科研与技术服务业招聘信息汇总 | 北京水木分子生物科技、广州日报报业集团博士后科研工作站等","https://mp.weixin.qq.com/s/L7W5xmSN8avkTRlgljdpAw","微信读书"
"北大就业","2025-06-11","活动 | 知行计划——“大国重器”暑期实践活动","https://mp.weixin.qq.com/s/ivqavgCZwdrcbFbO2LaI_Q","微信读书"
"北大就业","2025-06-11","活动 | 小红书「REDstar 顶尖人才计划」线下沙龙邀你共赴技术前沿","https://mp.weixin.qq.com/s/Ndp5JTbQ4VOBFrUJpNcoMQ","微信读书"
"北大就业","2025-06-11","活动 | “职行中国”北大学子就业行赴安徽省合肥市探访活动报名","https://mp.weixin.qq.com/s/Oor2KJfx0KfLZRQcgIum7g","微信读书"
"北大就业","2025-06-10","这个夏天，解锁你的专属“最美毕业季”","https://mp.weixin.qq.com/s/ZUnHu7izBjHQxq56V3htCw","微信读书"
"北大就业","2025-06-10","招聘 | 中国地质科学院矿产资源研究所2025年度公开招聘应届毕业生（第一批）公告","https://mp.weixin.qq.com/s/XJVbLYTKeojjkQtzBbxQKw","微信读书"
"北大就业","2025-06-10","实习 | 大连商品交易所2025暑期实习生","https://mp.weixin.qq.com/s/rz2cwmTcQo0zv1g3SEMSTQ","微信读书"
"北大就业","2025-06-10","能源、批发零售与文化传媒行业招聘信息汇总 | 愿景翰唐（杭州）传媒科技有限公司、蓝月亮等","https://mp.weixin.qq.com/s/Ggr1oaSJFrHbgXexrmC0EQ","微信读书"
"北大就业","2025-06-10","活动 | 中广核聚核体验营暨2026届提前批专场校园招聘正式启动！","https://mp.weixin.qq.com/s/6NfMfCj232HAKHpyPZ3wVw","微信读书"
"北大就业","2025-06-09","招聘 | 航空工业集团综合所高层次人才及博士招聘公告","https://mp.weixin.qq.com/s/EHl7GCiDtUMKVO7nUxMqEg","微信读书"
"北大就业","2025-06-09","招聘 | 哈尔滨工业大学（深圳校区）2025年招聘博士教师信息","https://mp.weixin.qq.com/s/21vRuOVxjhkEaRlvgNkjxQ","微信读书"
"北大就业","2025-06-09","宣讲会预告 | 6月10日","https://mp.weixin.qq.com/s/XclbYinUQRKT10e9zjk_bQ","微信读书"
"北大就业","2025-06-09","信息传输、软件和信息技术服务行业招聘信息汇总 | 深圳市富时信息技术有限公司、上海汇杰网信息科技有限公司等","https://mp.weixin.qq.com/s/K0wspXtfm_XHflhzY_XFxw","微信读书"
"北大就业","2025-06-09","实习 | 华工科技“北大武汉·光谷行”实习活动","https://mp.weixin.qq.com/s/9S1rxZX40qpwRqk62jrPpw","微信读书"
"北大就业","2025-06-08","招聘 | 中央财经大学2025年度人才招聘公告 （第二批）","https://mp.weixin.qq.com/s/V5TXkQ19C6CF-8KgRMXKXw","微信读书"
"北大就业","2025-06-08","招聘 | 中汽中心2026届提前批校园招聘公告","https://mp.weixin.qq.com/s/ckM3840zlxEC1rnLeDGyRQ","微信读书"
"北大就业","2025-06-08","招聘 | 中国电信云网运营部-研发中心招聘","https://mp.weixin.qq.com/s/U1C4ULaEhcTmM0eqTWJMnQ","微信读书"
"北大就业","2025-06-08","医疗卫生行业招聘信息汇总 | 江苏联环药业股份有限公司、石药控股集团等","https://mp.weixin.qq.com/s/d4xjJYnuSw17ivb8y4fixA","微信读书"
"北大就业","2025-06-08","关于开展海淀区2025年青年公寓配租意向登记的公告","https://mp.weixin.qq.com/s/Coxr1D7yLr4hqz6bbu0vTg","微信读书"
"北大就业","2025-05-25","招聘 | 中国科学院新疆理化技术研究所 2025 年引进博士人才招聘公告","https://mp.weixin.qq.com/s/5mvaGjcr-oYJC421PZ-6-A","微信读书"
"北大就业","2025-05-25","宣讲会预告 | 5月27日","https://mp.weixin.qq.com/s/4yXVVdp8eVO-UGpUUauRBg","微信读书"
"北大就业","2025-05-25","启动 | 第八期“知行计划”党政机关暑期见习实践正式开始","https://mp.weixin.qq.com/s/XEdfPXE5tPquutmq5HQxZw","微信读书"
"北大就业","2025-05-25","金融行业招聘信息汇总 | 湖北省科技投资集团有限公司、荣数信息等","https://mp.weixin.qq.com/s/5B1k2-OoK4yZLkGFME6ELA","微信读书"
"北大就业","2025-05-25","活动 | ""睿创杯""首届高校创新创业大赛正式启动！","https://mp.weixin.qq.com/s/HKAXmYJXfMGpfTZyTn5pnQ","微信读书"
"北大就业","2025-05-24","招聘 | 江苏省高校招生就业指导服务中心2025年公开招聘博士的公告","https://mp.weixin.qq.com/s/81FhFKabrMe8BPVuOwD5hw","微信读书"
"北大就业","2025-05-24","宣讲会预告 | 5月26日","https://mp.weixin.qq.com/s/n2CM8RHq1YlTeeqZtZx1-Q","微信读书"
"北大就业","2025-05-24","实习 | 中移互联网“梦想+”2025暑期实习生计划正式启动！","https://mp.weixin.qq.com/s/ZsSd71uojj9ZrLBM3nUYZw","微信读书"
"北大就业","2025-05-24","实习 | 国泰君安期货2025金衍同盟暑期项目菁英起航","https://mp.weixin.qq.com/s/Js9alj1mcZGXJ2Ase9xNhQ","微信读书"
"北大就业","2025-05-24","能源、批发零售与文化传媒行业招聘信息汇总 | 北京能量盒科技有限公司、中国石油锦西石化公司等","https://mp.weixin.qq.com/s/8QLtq6RxCis0DkxT6PsY9A","微信读书"
"北大就业","2025-05-24","活动 | 探秘星辰大海——空天院2026校招提前批暨交流日活动开启报名","https://mp.weixin.qq.com/s/MpANX1_4Kz_xoH-vK4r-JQ","微信读书"
"北大就业","2025-05-23","招聘 | 中国自然资源航空物探遥感中心2025年度公开招聘博士应届毕业生公告","https://mp.weixin.qq.com/s/OoUEohhapYGT9u4cXXQy0Q","微信读书"
"北大就业","2025-05-23","招聘 | 中国电科11所2025届校园招聘","https://mp.weixin.qq.com/s/5o5L7zAoB64tPgw7bOG5RQ","微信读书"
"北大就业","2025-05-23","招聘 | 北京交通大学国家级科研平台事业编制教师招聘","https://mp.weixin.qq.com/s/sqmKYIWDqj9skoJ0Oc_CRQ","微信读书"
"北大就业","2025-05-23","宣讲 | 希望学2025&2026届校园招聘北京大学专场宣讲会","https://mp.weixin.qq.com/s/m-8rcNc_h6rIyrgla9APww","微信读书"
"北大就业","2025-05-23","双选 | 2025来华留学人才招聘会暨京津冀国际青年人才“双百”对接会","https://mp.weixin.qq.com/s/iy9qy4gh8uSAPXRQMVTPUA","微信读书"
"北大就业","2025-05-23","科研与技术服务业招聘信息汇总 | 安徽数智建材研究院有限公司、中国科学院科技战略咨询研究院等","https://mp.weixin.qq.com/s/XpIoJq4zPPW_ImSIStY_Zg","微信读书"
"北大就业","2025-05-22","招聘丨苏交科2025届校园招聘春招补录中","https://mp.weixin.qq.com/s/v1RL953VPjckMg-TAqPRxg","微信读书"
"北大就业","2025-05-22","招聘 | 青岛市城阳区2025年优秀青年干部人才选育计划","https://mp.weixin.qq.com/s/VPXEXIz4KOibLr7voJU0Zg","微信读书"
"北大就业","2025-05-22","招聘 | 汉江师范学院诚聘博士人才","https://mp.weixin.qq.com/s/AnKWVbsHltUrr2MQbIZr8g","微信读书"
"北大就业","2025-05-22","信息传输、软件和信息技术服务行业招聘信息汇总 | 珠海金山数字网络科技有限公司、360集团等","https://mp.weixin.qq.com/s/2rnarJ5kNdUrBFJOHQhCzw","微信读书"
"北大就业","2025-05-22","活动 | 海大集团雇主品牌开放月正式启动","https://mp.weixin.qq.com/s/d9dKs15kwEWDtQQ3NJhVsA","微信读书"
"北大就业","2025-05-21","租赁、商务服务和公共管理行业招聘信息汇总 | 北京鼎帷管理顾问有限公司、应急管理部大数据中心等","https://mp.weixin.qq.com/s/wVKp8Wa4cnR9WlhpOVZYOw","微信读书"
"北大就业","2025-05-21","招聘｜南京中医药大学面向国内外选聘青年特聘教授","https://mp.weixin.qq.com/s/b3_PoNqWrdWbDOR9EZwszg","微信读书"
"北大就业","2025-05-21","招聘 | 中国科学院合肥物质科学研究院核能安全技术研究所招聘","https://mp.weixin.qq.com/s/OfdJSumCrCc7CjkdNRVmrg","微信读书"
"北大就业","2025-05-21","招聘 | 四川大学2025年校聘非事业编制岗位招聘公告（第一批）","https://mp.weixin.qq.com/s/yfBrSGRr8po_tVwbesGf3Q","微信读书"
"北大就业","2025-05-21","招聘 | 海淀教育寻找优秀的你","https://mp.weixin.qq.com/s/dSM0caVVgERLO-C-bYt_3w","微信读书"
"北大就业","2025-05-21","宣讲会预告 | 5月23日","https://mp.weixin.qq.com/s/qPqbuY2m8tNoLs_66k52Gw","微信读书"
"北大就业","2025-05-20","招聘 | 中南大学诚聘海内外英才","https://mp.weixin.qq.com/s/JIQmKBh7XVcbNrrJsAoblA","微信读书"
"北大就业","2025-05-20","招聘 | 特别关注！海淀9所中小学急需岗位，快来看看~","https://mp.weixin.qq.com/s/LDKPl0eoa86HupoFYWR66g","微信读书"
"北大就业","2025-05-20","招聘 | 国家能源集团2025春季校园招聘启动！","https://mp.weixin.qq.com/s/cRGxZ26s4_v0yvMZu5psGA","微信读书"
"北大就业","2025-05-20","实习 | 比亚迪研发领域实习生招聘啦~","https://mp.weixin.qq.com/s/8NS3UnoY_FtSQrQkPcANXA","微信读书"
"北大就业","2025-05-20","建筑运输行业招聘信息汇总 | 中建-大成建筑有限责任公司、厦门翔业集团有限公司等","https://mp.weixin.qq.com/s/DVY8oXB3bBXplDVepkwl4Q","微信读书"
"北大就业","2025-05-19","招聘｜西北工业大学2025年度博士后招聘公告","https://mp.weixin.qq.com/s/6pObS8YjCr1lHmAmHCEVkw","微信读书"
"北大就业","2025-05-19","招聘｜国务院国资委干部教育培训中心2025年度公开招聘公告","https://mp.weixin.qq.com/s/QNm06wmlcceV9exIGBd9aw","微信读书"
"北大就业","2025-05-19","招聘 | 中国电子科技集团公司第四十一研究所重点实验室2025招聘","https://mp.weixin.qq.com/s/ULgu_OnyRMOi_t6QU7x6BA","微信读书"
"北大就业","2025-05-19","招聘 | 中国大唐2025届夏季校园招聘","https://mp.weixin.qq.com/s/EU5nmk-cyv0Kv3SGGmRvvg","微信读书"
"北大就业","2025-05-19","宣讲会预告 | 5月21日","https://mp.weixin.qq.com/s/LdBAdt8ZDMpyDIR1Xox_gg","微信读书"
"北大就业","2025-05-19","宣讲+双选 | 金华市“一廊六城十链”巡回引才北大专场招聘会","https://mp.weixin.qq.com/s/o6MAVab4AKOnzRBx71XSCg","微信读书"
"北大就业","2025-05-19","教育行业招聘信息汇总 | 厦门工学院、云南大学等","https://mp.weixin.qq.com/s/OXlxxrbppjcrCC72ji3B2w","微信读书"
"北大就业","2025-05-18","制造业实习信息汇总 | 英特尔中国等","https://mp.weixin.qq.com/s/V0KkFSsN-jh9vM6LnVX1tA","微信读书"
"北大就业","2025-05-18","招聘 | 中广核2025届夏季校园招聘公告","https://mp.weixin.qq.com/s/Zovc2ZFIt6aYp_-8oS089w","微信读书"
"北大就业","2025-05-18","招聘 | 国务院国资委研究中心2025年度公开招聘公告","https://mp.weixin.qq.com/s/L4BeLotxynfsaxGFTonpTw","微信读书"
"北大就业","2025-05-18","宣讲会预告 | 5月20日","https://mp.weixin.qq.com/s/3nB7o2Pi5ptVA6p2otI9yQ","微信读书"
"北大就业","2025-05-18","实习 | 南银理财2026届暑期实习生暨校园招聘正式启动","https://mp.weixin.qq.com/s/2IC1o19_Z4PaJCadxuK7Zg","微信读书"
"北大就业","2025-05-17","招聘 | 中国一汽旗下力神公司2025校园招聘公告","https://mp.weixin.qq.com/s/yxL-Hk7GOafLixv1cqCgng","微信读书"
"北大就业","2025-05-17","招聘 | 哈尔滨电气集团2025年春季招聘","https://mp.weixin.qq.com/s/6DhKeqqW98BO0BDBVRIKRg","微信读书"
"北大就业","2025-05-17","实习 | 浙商银行总行2026届暑期实习生计划网申进行中！","https://mp.weixin.qq.com/s/cf3ovMpQxcDL52JovN51lQ","微信读书"
"北大就业","2025-05-17","科研与技术服务业实习信息汇总 | 工业和信息化部国际经济技术合作中心工业经济所、奇富科技等","https://mp.weixin.qq.com/s/f0BRv8dcp-T324bm1blilA","微信读书"
"北大就业","2025-05-17","活动 | 2025“北京西城·高校发展联盟”西城专场实习双选暨博士人才招募会","https://mp.weixin.qq.com/s/ekQPcRSDY9h8WpzB8XYGkA","微信读书"
"北大就业","2025-05-16","招聘 | 中国（教育部）留学服务中心2025年度公开招聘公告（非事业编制）","https://mp.weixin.qq.com/s/BKz7G3GTU1Uw-CaTlcjDOA","微信读书"
"北大就业","2025-05-16","招聘 | 哈电集团哈尔滨电机厂有限责任公司2025春季校园招聘","https://mp.weixin.qq.com/s/diLpsqE5omvk4PCArtxcYA","微信读书"
"北大就业","2025-05-16","宣讲 | 携程集团2025高管校友分享会暨春招交流会","https://mp.weixin.qq.com/s/CMuTU0bhBiOHPxU-LtpSwg","微信读书"
"北大就业","2025-05-16","实习 | 中国移动信息技术中心2026届“智行者”实习生招聘","https://mp.weixin.qq.com/s/HW8jUb_2JUt4gMnvmrKRqw","微信读书"
"北大就业","2025-05-16","实习 | 学而思网校2026届超级实习生招聘","https://mp.weixin.qq.com/s/5oTiKAmNGweDZa3aidg-xA","微信读书"
"北大就业","2025-05-16","金融行业实习信息汇总 | 经纬创投（北京）投资管理顾问有限公司、泓德基金管理有限公司等","https://mp.weixin.qq.com/s/BFAWK_d-bmpE2ijU2_QYaA","微信读书"
"北大就业","2025-05-15","招聘 | 百万英才汇南粤—华南理工广纳师资博士后","https://mp.weixin.qq.com/s/Ray0S0Payk7p47XvcMhjRg","微信读书"
"北大就业","2025-05-15","实习 | 泉果基金2025“投资中国训练营”正式启动","https://mp.weixin.qq.com/s/CE1bbcJuyKSwV296Q2OTgA","微信读书"
"北大就业","2025-05-15","实习 | 平安理财2026届暑期实习生招聘","https://mp.weixin.qq.com/s/ot7EANvjCkiZKHSaStaHbQ","微信读书"
"北大就业","2025-05-15","实习 | 博世战略实习生计划—AI+智行学院","https://mp.weixin.qq.com/s/0qRcbNLySedEb8PFKCujsw","微信读书"
"北大就业","2025-05-15","能源、批发零售与文化传媒行业实习信息汇总 | 中国大百科全书出版社、埃克森美孚等","https://mp.weixin.qq.com/s/MRhDA1YKkRkm_VktCyIo2w","微信读书"
"北大就业","2025-05-15","活动 | 海丝泉州·人才港湾青年人才活动","https://mp.weixin.qq.com/s/SJOi-1wZdIDMMqwkjPm6Ww","微信读书"
"北大就业","2025-05-14","租赁、商务服务和公共管理业实习信息汇总 | 北京鼎帷管理顾问有限公司、通力律师事务所等","https://mp.weixin.qq.com/s/ssp8EG_9dUYBlxWD1ZOkhw","微信读书"
"北大就业","2025-05-14","招聘 | 西北大学2025年度教学科研岗位招聘公告","https://mp.weixin.qq.com/s/w81vZO6bSMKkpYfOIFtVTw","微信读书"
"北大就业","2025-05-14","宣讲会预告 | 5月16日","https://mp.weixin.qq.com/s/Y47_G_mN_gSsQFe2xgyMOg","微信读书"
"北大就业","2025-05-14","宣讲 | 香港科技园公司-香港科创机遇专场介绍会","https://mp.weixin.qq.com/s/9a-GMHhrJizw8VdZ4zo2-Q","微信读书"
"北大就业","2025-05-14","宣讲 | 联想AI主题校园活动暨暑期实习招聘宣讲会","https://mp.weixin.qq.com/s/MaG9G_S07ilvyXGIL3TDtw","微信读书"
"北大就业","2025-05-14","报名 | “异彩规划”生涯发展工作坊--职场礼仪与人际互动工作坊","https://mp.weixin.qq.com/s/ieSkITCaMpPJg9yhY7nftA","微信读书"
"北大就业","2025-05-13","招聘｜暨南大学2025年博士后全球招聘公告","https://mp.weixin.qq.com/s/8rfZmhJjszd5WhlNc4sLZA","微信读书"
"北大就业","2025-05-13","招聘 | 商务部直属事业单位2025年第二批公开招聘工作人员公告","https://mp.weixin.qq.com/s/8YhGFPI0fw97t-LHY28ULQ","微信读书"
"北大就业","2025-05-13","招聘 | 海淀教育寻找优秀的你~","https://mp.weixin.qq.com/s/KNZVv_Ose2igS1Rfrdq8DA","微信读书"
"北大就业","2025-05-13","信息传输、软件和信息技术服务业实习信息汇总 | Murex Intership目设（北京）金融软件服务有限公司、小米集团等","https://mp.weixin.qq.com/s/zimaMkCB3-F20IfK6O4Nwg","微信读书"
"北大就业","2025-05-13","活动 | 星动一夏！长光卫星2025夏令营邀你解锁拓星者计划！","https://mp.weixin.qq.com/s/Ho79ORxH59NDV9-1ShOwHg","微信读书"
"北大就业","2025-05-12","招聘 | 安克创新2025春季全球校园招聘正式启动","https://mp.weixin.qq.com/s/EoX1NGtncSLlgFjwgj2ODQ","微信读书"
"北大就业","2025-05-12","宣讲会预告 | 5月14日","https://mp.weixin.qq.com/s/rpHAOl2IQtZ5RGDHe_yhjw","微信读书"
"北大就业","2025-05-12","实习 | 中国银河证券2026届总部暑期实习生计划正式启动","https://mp.weixin.qq.com/s/N8i9QiNtLTUCzUCw_N5Tew","微信读书"
"北大就业","2025-05-12","实习 |  寻找追光少年！中车株洲所2025年追光训练营正式启动","https://mp.weixin.qq.com/s/IIX8PwP94c5FxxykDuiTHA","微信读书"
"北大就业","2025-05-12","建筑运输行业招聘信息汇总 | 北京建工资源循环利用股份有限公司、中铁十六局集团有限公司博士后科研工作站等","https://mp.weixin.qq.com/s/2yU2TAkppKMfa8pub-eGGA","微信读书"
"北大就业","2025-05-12","活动 | 2025平安人寿橙势之星CS校园创新大赛正式启动！","https://mp.weixin.qq.com/s/RFGYvGWy5yXjpP5n3DVlGQ","微信读书"
"北大就业","2025-05-11","招聘 | 中建八局2025届管培生春季校园招聘","https://mp.weixin.qq.com/s/Dk9Rfb1GTqQIYEXwqIQWPg","微信读书"
"北大就业","2025-05-11","实习 | 东方电气集团2025年实习生计划","https://mp.weixin.qq.com/s/axLtK7U2wGo8PAmblXZ3ZQ","微信读书"
"北大就业","2025-05-11","实习 | 阿里国际站AI人才招聘","https://mp.weixin.qq.com/s/wKoF_8HIdZbjBN-WgY56Yg","微信读书"
"北大就业","2025-05-11","金融行业招聘信息汇总 | 河南资产管理有限公司、泓德基金管理有限公司等","https://mp.weixin.qq.com/s/ffC_qty8QSpRogpTZclbig","微信读书"
"北大就业","2025-05-10","招聘 | 以文载道、以创赢销——比亚迪25届文学&营销类硕博人才招募","https://mp.weixin.qq.com/s/V5rd8p13wONZCIjrBS_-YQ","微信读书"
"北大就业","2025-05-10","招聘 | 三亚崖州湾科技城高新区2025年春季校园招聘正式启动！","https://mp.weixin.qq.com/s/gY83JbRQPqZKvdOKRLaK8Q","微信读书"
"北大就业","2025-05-10","招聘 | 京东TGT-顶尖青年技术天才计划全球启动！","https://mp.weixin.qq.com/s/3c3xnnq_8bDrdsoIDYmCUg","微信读书"
"北大就业","2025-05-10","招聘 | 杭州市余杭区国有企业面向2025年高校应届毕业生招聘公告","https://mp.weixin.qq.com/s/HfMZmDqrSldjV4TbrkMg-g","微信读书"
"北大就业","2025-05-10","教育行业招聘信息汇总 | 昆明医科大学、闽江学院等","https://mp.weixin.qq.com/s/wAFMruCVSIIOlIwL9n0Gsw","微信读书"
"北大就业","2025-05-09","招聘 | 云南大学2025年公开招聘教学科研人员公告","https://mp.weixin.qq.com/s/v3PISJkZI2TWXC4Q41p_pg","微信读书"
"北大就业","2025-05-09","招聘 | 河北省烟草专卖局（公司）2025年度招聘","https://mp.weixin.qq.com/s/SKjvedR9OO-Pnz6JAESBqQ","微信读书"
"北大就业","2025-05-09","招聘 | 2025年昆明理工大学公开招聘人员公告","https://mp.weixin.qq.com/s/ejn3QdxhNvkD3FHArtxOiA","微信读书"
"北大就业","2025-05-09","宣讲+双选 | 百万英才汇南粤（北京站）2025深圳广告菁英人才北大招聘会","https://mp.weixin.qq.com/s/gmC_cSYkIH-l_gjkgs0aTA","微信读书"
"北大就业","2025-05-09","科研与技术服务业招聘信息汇总 | 追觅创新科技（苏州）有限公司、中国水产科学研究院黄海水产研究所等","https://mp.weixin.qq.com/s/JHaLZ0GbB9j8U4kOctl86w","微信读书"
"北大就业","2025-05-08","信息传输、软件和信息技术服务行业招聘信息汇总 | 深圳市迅雷网络技术有限公司、北京奇虎科技有限公司等","https://mp.weixin.qq.com/s/-3a8pQ38M_TO-dV557JS7A","微信读书"
"北大就业","2025-05-08","实习 | 娇韵诗 2026 届“未来娇点生”暑期实习项目正式启动","https://mp.weixin.qq.com/s/DsofYxl0jlCcGvZkSDJVgw","微信读书"
"北大就业","2025-05-08","北京大学学生就业工作调研团走访调研重点就业区域","https://mp.weixin.qq.com/s/WXdrdR7cyY8JRCz9NgsIUQ","微信读书"
"北大就业","2025-05-07","招聘 | 中国航天科工集团第六研究院41所招聘简章","https://mp.weixin.qq.com/s/_CowrqhH1QPKtkxKHYXNsg","微信读书"
"北大就业","2025-05-07","招聘 | 学而思2025届校园招聘简章","https://mp.weixin.qq.com/s/stFetavNzOXvzLhvR1XiAw","微信读书"
"北大就业","2025-05-07","在中国式现代化建设中挺膺担当｜新闻联播报道北京大学2015届选调生丁猛","https://mp.weixin.qq.com/s/4NXeOToZxjYT7adOm7MInw","微信读书"
"北大就业","2025-05-07","能源、批发零售与文化传媒行业招聘信息汇总 | 物产中大化工集团有限公司、山东恒信集团有限公司等","https://mp.weixin.qq.com/s/DgStUdZ_XJuE-MlVFdRw2Q","微信读书"
"北大就业","2025-05-06","制造业招聘信息汇总 | 中国人民解放军第五三一一工厂等","https://mp.weixin.qq.com/s/J1HY59WTNTj_WIbZcad3Rw","微信读书"
"北大就业","2025-05-06","招聘 | 中建电子商务有限责任公司2025届校园招聘火热进行中","https://mp.weixin.qq.com/s/tx57XE-t_4FeoGClciN4bQ","微信读书"
"北大就业","2025-05-06","招聘 | 中国航空工业集团导弹院2025春季校园招聘公告","https://mp.weixin.qq.com/s/zWYWpYP_Co81TrCy6MCiag","微信读书"
"北大就业","2025-05-05","招聘 | 中国动物卫生与流行病学中心2025年公开招聘工作人员公告","https://mp.weixin.qq.com/s/3yU0Jh1oIKrW8_A9i9qVIQ","微信读书"
"北大就业","2025-05-05","招聘 | 安克创新全球AI与机器人博士招聘火热进行中！","https://mp.weixin.qq.com/s/ASZwT6b_49-pGsf018hnBg","微信读书"
"北大就业","2025-05-05","医疗卫生行业招聘信息汇总 | 南京巨鲨显示科技有限公司、苏州晶云药物科技股份有限公司等","https://mp.weixin.qq.com/s/RI0b1O04kRpU4dMg8qp1YQ","微信读书"
"北大就业","2025-05-04","租赁、商务服务和公共管理行业招聘信息汇总 | 北京市朝阳区、天津渤海轻工投资集团有限公司等","https://mp.weixin.qq.com/s/S7f7OfBxh-1ewJG8zDgQNg","微信读书"
"北大就业","2025-05-04","招聘 | 中国文化遗产研究院2025年度应届毕业生招聘公告","https://mp.weixin.qq.com/s/k_MmehRx22Q4vgU-OR9fDQ","微信读书"
"北大就业","2025-05-04","招聘 | 中国电子2025年春季校园招聘","https://mp.weixin.qq.com/s/SegebmldPVpNDQpMUcRf-g","微信读书"
"北大就业","2025-05-03","招聘 | 中国石油启动2025年春季高校毕业生招聘！","https://mp.weixin.qq.com/s/CLZDSyM4gmRKz7YefmlBfA","微信读书"
"北大就业","2025-05-03","招聘 | 文化和旅游部直属事业单位2025年度公开招聘应届毕业生公告（二）","https://mp.weixin.qq.com/s/vmG9xvIfuG87nZFX5XkxmA","微信读书"
"北大就业","2025-05-03","教育行业实习信息汇总 | 作业帮等","https://mp.weixin.qq.com/s/KHynK8nN4_V1Ngs4uoiYlw","微信读书"
"北大就业","2025-05-02","招聘 | 迎水投资2025年校园招聘","https://mp.weixin.qq.com/s/FqKQvAApk6PFAX0rqWYSbg","微信读书"
"北大就业","2025-05-02","实习 | 建信融通2026实习生招聘","https://mp.weixin.qq.com/s/OkKSLNggKdg2XQtIaUs-yg","微信读书"
"北大就业","2025-05-02","能源、批发零售与文化传媒行业实习信息汇总 | 开心麻花、埃克森美孚等","https://mp.weixin.qq.com/s/pThJYd1hlsqsm2DojhDmeQ","微信读书"
"北大就业","2025-05-01","制造业实习信息汇总 | 英特尔中国、利欧集团泵业科技有限公司等","https://mp.weixin.qq.com/s/xf6mQD4s8mh2NhlPDotsVw","微信读书"
"北大就业","2025-05-01","招聘 | 中国广电2025校园招聘正式启动","https://mp.weixin.qq.com/s/kYhkWDJOozTEvtEyjyTHnQ","微信读书"
"北大就业","2025-05-01","招聘 | 中国21世纪议程管理中心2025年度公开招聘应届毕业生公告","https://mp.weixin.qq.com/s/llSZziW12mdKj2Bms9j2hg","微信读书"
"北大就业","2025-04-30","招聘 | 中国邮政储蓄银行云南省分行2025年春季校园招聘公告","https://mp.weixin.qq.com/s/Vb76t3HrubrwiAbLLaeBQA","微信读书"
"北大就业","2025-04-30","招聘 | 2025年国家自然科学基金委员会公开招聘工作人员的公告（一）","https://mp.weixin.qq.com/s/9oG33pf2mXRwvjIEWq3KjA","微信读书"
"北大就业","2025-04-30","信息传输、软件和信息技术服务业实习信息汇总 | 阿里云、亚信科技等","https://mp.weixin.qq.com/s/J2SF96Zz6BYx-v25wVYV9g","微信读书"
"北大就业","2025-04-30","实习 | 景顺长城基金2026届暑期实习招聘","https://mp.weixin.qq.com/s/CVWmEgecHBRG3GABanzloA","微信读书"
"北大就业","2025-04-29","租赁、商务服务和公共管理业实习信息汇总 | 植德律师事务所、韦莱韬悦等","https://mp.weixin.qq.com/s/xHm-7ot7UaTiZ9TYqY2djg","微信读书"
"北大就业","2025-04-29","招聘 | 事业编！钱塘发布2025年紧缺岗位人才招聘公告","https://mp.weixin.qq.com/s/HLO4a529OiMcWWftFlcrEw","微信读书"
"北大就业","2025-04-29","招聘 | 飞猪2026届暑期实习生&2025应届毕业生校园招聘","https://mp.weixin.qq.com/s/ZzjgmEvFq_FBRwMoaZ4kyA","微信读书"
"北大就业","2025-04-29","实习 | 淘天集团顶尖人才T-Star计划实习专项等你加入！","https://mp.weixin.qq.com/s/TL6Wc45qFZQePW4HAr2DHg","微信读书"
"北大就业","2025-04-28","招聘 | 万宁农产投2025校园招聘","https://mp.weixin.qq.com/s/Mchm9400J3weSdsg4aw87Q","微信读书"
"北大就业","2025-04-28","招聘 | 国家自然科学基金委员会高技术研究发展中心（基础研究管理中心）2025年度公开招聘应届毕业生公告","https://mp.weixin.qq.com/s/IH_JY6_K2zj8x4Z9PU54ww","微信读书"
"北大就业","2025-04-28","教育行业招聘信息汇总 | 厦门工学院、南京中医药大学等","https://mp.weixin.qq.com/s/58o-JT1OJz0ufGSahlCPXw","微信读书"
"北大就业","2025-04-28","北大学子在第二届全国大学生职业规划大赛总决赛中再创佳绩","https://mp.weixin.qq.com/s/WGChY4QV8537lwvvJclx2A","微信读书"
"北大就业","2025-04-27","招聘 | 中国航空工业集团通飞华南2025春季校园招聘启动","https://mp.weixin.qq.com/s/swzvoSsBzIo2zGD63hiekw","微信读书"
"北大就业","2025-04-27","招聘 | 北京海关所属事业单位2025年度公开招聘公告","https://mp.weixin.qq.com/s/PorD4FFa_64vUJv7VwJRVg","微信读书"
"北大就业","2025-04-27","建筑运输行业招聘信息汇总 | 中国铁建高新装备股份有限公司、林同棪国际（中国）等","https://mp.weixin.qq.com/s/NzJmO7Tdn3vFEMiI5Om67A","微信读书"
"北大就业","2025-04-26","招聘 | 中石化经纬有限公司全球博士招募计划","https://mp.weixin.qq.com/s/JhBgkyS15qxG8FGLI2TNAA","微信读书"
"北大就业","2025-04-26","招聘 | 北京海开控股(集团)股份有限公司2025年春季校园招聘进行中","https://mp.weixin.qq.com/s/g0MV-iKVclm1XO-to7KaCg","微信读书"
"北大就业","2025-04-26","宣讲会预告 | 4月28日","https://mp.weixin.qq.com/s/1_-9BJmwl-qpFFBLMVfbMA","微信读书"
"北大就业","2025-04-26","教育行业招聘信息汇总 | 湖州中学西山漾校区、中国民航管理干部学院等","https://mp.weixin.qq.com/s/93b_3-YOTb_SwOkX4Ca5JA","微信读书"
"北大就业","2025-04-25","招聘 | 中国石化2025年度春季校园招聘","https://mp.weixin.qq.com/s/aSoWmZ5L4k2dreYhP5ogdA","微信读书"
"北大就业","2025-04-25","招聘 | 国家卫生健康委机关服务局2025年度公开招聘应届高校毕业生公告","https://mp.weixin.qq.com/s/19Mgbjo1OsITrnJYauC8EA","微信读书"
"北大就业","2025-04-25","实习 | 中哲物产集团2025暑期训练营火热招募中","https://mp.weixin.qq.com/s/iqX6SkufDaDD-IJmCofJKA","微信读书"
"北大就业","2025-04-25","科研与技术服务业招聘信息汇总 | 太保科技有限公司、中国科学院科技战略咨询研究院等","https://mp.weixin.qq.com/s/thS8byz4osc2w_DLkR8I4A","微信读书"
"北大就业","2025-04-24","招聘 | 中国人民解放军国防大学“卓越后备师资”工程招生公告","https://mp.weixin.qq.com/s/LixS8dbb0_Heo10wieWBEA","微信读书"
"北大就业","2025-04-24","招聘 | 有道强基项目招募令","https://mp.weixin.qq.com/s/5FOftcRJWnm25QOjQmtI9g","微信读书"
"北大就业","2025-04-24","招聘 | 嘉庚创新实验室博士后全球猎聘","https://mp.weixin.qq.com/s/OyfSsdhtA2uw8e7mcv1ATg","微信读书"
"北大就业","2025-04-24","宣讲+双选 | 长沙市赴北京高校招引优秀青年人才活动","https://mp.weixin.qq.com/s/XPV82hkaGrwu_5xoJXk2Sg","微信读书"
"北大就业","2025-04-24","金融行业招聘信息汇总 | 永安期货、江苏省招标中心有限公司等","https://mp.weixin.qq.com/s/fyJIqUsdMRHqewbS6CZLJw","微信读书"
"北大就业","2025-04-23","招聘 | 中国地质调查局发展研究中心2025年度公开招聘应届毕业生（博士研究生岗位）公告","https://mp.weixin.qq.com/s/lggFxhHOLdcrpbMg_HjVPg","微信读书"
"北大就业","2025-04-23","招聘 | 中国兵器北方夜视科技研究院集团有限公司2025届春季校园招聘","https://mp.weixin.qq.com/s/RNL1ACbiisGUXfIUDONs_A","微信读书"
"北大就业","2025-04-23","医疗卫生行业招聘信息汇总 | 深圳市瑞沃德生命科技股份有限公司、修正药业集团股份有限公司等","https://mp.weixin.qq.com/s/U-BFfp4XPJYGuWwRe42gXw","微信读书"
"北大就业","2025-04-23","宣讲会预告 | 4月25日","https://mp.weixin.qq.com/s/R-vT-QFG0QDN2R4azTYKFw","微信读书"
"北大就业","2025-04-23","宣讲 | 自变量机器人2025校园招聘会","https://mp.weixin.qq.com/s/ckJnklnxm2i0VUq9Kp4x3g","微信读书"
"北大就业","2025-04-23","宣讲 | 2025年宁夏大学招聘会","https://mp.weixin.qq.com/s/dTzE_BJ9F8mDZq6Ak9rHyA","微信读书"
"北大就业","2025-04-22","招聘 | 中国一汽2025春季校园招聘","https://mp.weixin.qq.com/s/LjDBFBXEebI9G4uVL8ozMQ","微信读书"
"北大就业","2025-04-22","招聘 | 大理州2025年高层次专业化“霞光人才”引进公告","https://mp.weixin.qq.com/s/bh3UiHhL8xttZfelmCo-oQ","微信读书"
"北大就业","2025-04-22","宣讲会预告 | 4月24日","https://mp.weixin.qq.com/s/bMODrUuIiwS-_mM5yGJX8w","微信读书"
"北大就业","2025-04-22","实习 | 泰康基金2025宣讲交流会预告（北大站）","https://mp.weixin.qq.com/s/UirqlPjS2O4uavUuJ5qBUA","微信读书"
"北大就业","2025-04-22","能源、批发零售与文化传媒行业招聘信息汇总 | 物产中大化工集团有限公司、中铁水务集团有限公司等","https://mp.weixin.qq.com/s/SGjBwuZp6YSO4iocJO0u4g","微信读书"
"北大就业","2025-04-21","招聘 | 江苏知原药业股份有限公司2025届校园招聘","https://mp.weixin.qq.com/s/AeB6thks-6P5aeEcKPsz9g","微信读书"
"北大就业","2025-04-21","宣讲会预告 | 4月23日","https://mp.weixin.qq.com/s/rWYaK3uk7RP3w7LViG5PRw","微信读书"
"北大就业","2025-04-21","宣讲 | 中兴北京大学专场实习生招聘&捧月大赛宣讲会","https://mp.weixin.qq.com/s/gjuz8EBpkf2y8pMTX1HFKw","微信读书"
"北大就业","2025-04-21","宣讲 | 2025百度商业AI技术创新大赛宣介会","https://mp.weixin.qq.com/s/xuAV0-508otf-DL8_ZN3Ng","微信读书"
"北大就业","2025-04-21","实习 | 天弘基金暑期实习宣讲会邀您参加！","https://mp.weixin.qq.com/s/j_L3P1eM0eTC3Cfnz8AqcQ","微信读书"
"北大就业","2025-04-21","实习 | 阿里国际2026届实习生招聘全球启动","https://mp.weixin.qq.com/s/6Frlf7b0qGZv-NCDS9Q9iA","微信读书"
"北大就业","2025-04-21","活动 | 百名博士太湖行活动邀您参加","https://mp.weixin.qq.com/s/Ay2zhuYdUw5HH92PM4uUoQ","微信读书"
"北大就业","2025-04-20","招聘 | 中国水利水电建设工程咨询渤海有限公司2025年春季招聘","https://mp.weixin.qq.com/s/MUszZnrvb0DM54xToqTYqA","微信读书"
"北大就业","2025-04-20","招聘 | 国家民委直属事业单位2025年公开招聘公告","https://mp.weixin.qq.com/s/0rPdtTYuEa5bf5uq9aagrQ","微信读书"
"北大就业","2025-04-20","宣讲会预告 | 4月22日","https://mp.weixin.qq.com/s/PrDAfn5yUCSdpWfY2B3E2Q","微信读书"
"北大就业","2025-04-20","宣讲 | 卓越教育2025春招宣讲会","https://mp.weixin.qq.com/s/_wMnaM59ce6tC5fp7KEwSg","微信读书"
"北大就业","2025-04-20","信息传输、软件和信息技术服务行业招聘信息汇总 | 中国移动福建公司、中国联通等","https://mp.weixin.qq.com/s/67Jko077cQPkECtbGjRwHQ","微信读书"
"北大就业","2025-04-19","招聘 | 南京国环环境研究院有限公司2025年上半年公开招聘人员","https://mp.weixin.qq.com/s/89OwJVB1yGzdJyuQ0EKHzw","微信读书"
"北大就业","2025-04-19","招聘 | 国海证券2025届春季校园招聘","https://mp.weixin.qq.com/s/cl1THWYIEstAIbdg4vik9Q","微信读书"
"北大就业","2025-04-19","宣讲会预告 | 4月21日","https://mp.weixin.qq.com/s/kaofTxSoD7XIOCX2VTzCGg","微信读书"
"北大就业","2025-04-19","实习 | 滴滴2026届秋储实习生招聘正式启动！","https://mp.weixin.qq.com/s/uxAz6jvPwrLl4G6-2IDXJQ","微信读书"
"北大就业","2025-04-19","活动 | 中国电科38所2025年5月11日北京站博士见面会","https://mp.weixin.qq.com/s/mo_K7nyuwHvagiQpidG_LA","微信读书"
