公众号,发布日期,文章标题,文章链接,来源
"北航就业","2026-09-20","招聘 | 中邮保险 | 2027届校园招聘","https://mp.weixin.qq.com/s/V2v-Lnf7wpX4CBalQ_OMuA","微信读书"
"北航就业","2026-09-20","选调 | 2027年度上海市选调生（黄浦职位） | 招录优秀大学毕业生12名","https://mp.weixin.qq.com/s/CaC6QoQMHcr0Lg89NMNZWg","微信读书"
"北航就业","2026-09-20","宣讲+双选 | 中国核工业集团有限公司 | 2027届北京航空航天大学专场招聘会","https://mp.weixin.qq.com/s/R851VQWyU17U-sv0kVd5yQ","微信读书"
"北航就业","2026-09-20","宣讲+双选 | 京能集团 | 2027届校园招聘","https://mp.weixin.qq.com/s/5o0XCX7QCvN6ubqxx1R6cQ","微信读书"
"北航就业","2026-09-20","宣讲+双选 | 2026年“百万英才兴海南·四城同办”校招活动（北京站 · 北京航空航天大学）","https://mp.weixin.qq.com/s/JN7HN4xXVfNcG7Egg_Q_XQ","微信读书"
"北航就业","2026-09-20","宣讲 | 中国汽研 | 2027届校园招聘正式启动","https://mp.weixin.qq.com/s/jc6QezTtEdHIK1STvtow4g","微信读书"
"北航就业","2026-09-20","宣讲 | 航空工业雷达所＆中航智谱 | 2027届校园招聘正式开启","https://mp.weixin.qq.com/s/wfcdXNJlWoRjU-7IOKsENQ","微信读书"
"北航就业","2026-09-20","宣讲 | 滴滴 | 2027届秋季校招宣讲会北航站来啦","https://mp.weixin.qq.com/s/LkFGnonUtVW2uglcDBlhnA","微信读书"
"北航就业","2026-09-19","招聘活动预告 | 北京航空航天大学双选会&宣讲会预告（9.20-9.24）","https://mp.weixin.qq.com/s/Qht1lDMZ6Nn0NRINAhZZAw","微信读书"
"北航就业","2026-09-19","招聘 | 中国银河证券 | 2027届秋季校园招聘正式启动","https://mp.weixin.qq.com/s/dEGq8NxLfNt78bZq5jAVgg","微信读书"
"北航就业","2026-09-19","招聘 | 智元 | 2027届校园招聘","https://mp.weixin.qq.com/s/tK2m8xc0BrZE3P5sn3ldag","微信读书"
"北航就业","2026-09-19","招聘 | 伊控动力 | 2027届校园招聘全面来袭","https://mp.weixin.qq.com/s/SngI0rbL7i5deyfV555HYA","微信读书"
"北航就业","2026-09-19","招聘 | 东风汽车股份有限公司 | 2027届校园招聘","https://mp.weixin.qq.com/s/LPxfRN-ur1WHBZJ4VqQ02w","微信读书"
"北航就业","2026-09-19","宣讲 | 中国航发哈尔滨东安发动机有限公司 | 2027届校园招聘","https://mp.weixin.qq.com/s/yqBZqfkDYf0E-OWGFDLm0A","微信读书"
"北航就业","2026-09-19","宣讲 | 国防科技大学 | 2026年校园招聘","https://mp.weixin.qq.com/s/lXzMlqxBYLZXOWhm40x-Xg","微信读书"
"北航就业","2026-09-19","双选 | 2026年陕西军工人才专场招聘","https://mp.weixin.qq.com/s/uyHJo5p24Mo-3fTVCj686A","微信读书"
"北航就业","2026-09-18","招聘 | 昆仑万维 | 2027届校园招聘CEO管理培训生计划正式启动","https://mp.weixin.qq.com/s/bP6_3xnkwG3GcMjIcIXZNQ","微信读书"
"北航就业","2026-09-18","招聘 | 航空工业成都飞机设计研究所 | 2027届校园招聘正式启动","https://mp.weixin.qq.com/s/zR0sMZokmKp7WynaAD5zJg","微信读书"
"北航就业","2026-09-18","招聘 | 国家汽车质量检验检测中心（襄阳） | 2027届校园招聘","https://mp.weixin.qq.com/s/p4s5KLPATtto1aCtiUyMZw","微信读书"
"北航就业","2026-09-18","招聘 | 广电运通集团 | 2027届校园招聘正式启动","https://mp.weixin.qq.com/s/uYjTJWaU0F0eQxwxzjMPcw","微信读书"
"北航就业","2026-09-18","宣讲 | 中国电科电子科学研究院 | 2027届校园招聘开启","https://mp.weixin.qq.com/s/_3Z7vinjcfichoe_hDGWLA","微信读书"
"北航就业","2026-09-18","宣讲 | 上海宇量昇科技有限公司 | 2027届校园招聘","https://mp.weixin.qq.com/s/_uDdjI0WBvNaeefUvZmdPA","微信读书"
"北航就业","2026-09-18","双选 | 国家管网集团 | 2027届校园招聘","https://mp.weixin.qq.com/s/MoT2j54LP1lN1opD6NFDyg","微信读书"
"北航就业","2026-09-18","双选 |  “青聚英才”上海市青浦区 | 招才引智全国高校行活动——北京站","https://mp.weixin.qq.com/s/NosYrVq1pR9qXrioOg41NA","微信读书"
"北航就业","2026-09-17","招聘 | 中航（成都）无人机系统股份有限公司 | 2027届校园招聘启动","https://mp.weixin.qq.com/s/haYxx0IKwxxkSVmYAWtq-w","微信读书"
"北航就业","2026-09-17","招聘 | 中国航发沈阳黎明航空发动机有限责任公司 | 2027届校园招聘","https://mp.weixin.qq.com/s/SNOnzZhPqaSA4VccEFmQbQ","微信读书"
"北航就业","2026-09-17","招聘 | 中国电子集团桂林长海发展有限责任公司 | 2027届校园招聘正式启动","https://mp.weixin.qq.com/s/hxojholMyX7N_fVbSNUtUw","微信读书"
"北航就业","2026-09-17","招聘 | 新疆移动、中国移动研究院｜2027届校园招聘","https://mp.weixin.qq.com/s/voH40AcLZ3p5Q4qCCbiijw","微信读书"
"北航就业","2026-09-17","招聘 | 汽车之家 | 2027届JIA STAR家速计划校园招聘","https://mp.weixin.qq.com/s/3c3QWFxsDsMOA5MdVrun6A","微信读书"
"北航就业","2026-09-17","宣讲+双选 | 中国机械科学研究总院 | 2027届校园招聘会","https://mp.weixin.qq.com/s/Rj1XiLcGZxzNr_v-TPA0aA","微信读书"
"北航就业","2026-09-17","双选 | 中国电信集团有限公司 | 2027届校园招聘会","https://mp.weixin.qq.com/s/06qi4hvAdfabmWRi-9sI7Q","微信读书"
"北航就业","2026-09-17","双选 | 中国兵器 | 2027届秋季校园招聘正式启动","https://mp.weixin.qq.com/s/Mqibl3YBWdjKvQvkh2aQYw","微信读书"
"北航就业","2026-09-16","招聘 | 中国移动物联网公司、北京移动、中国移动上海产业研究院、中国移动（成都）产业研究院、浙江移动 | 2027届校园招聘","https://mp.weixin.qq.com/s/AFXwakOjzMzMz7O00XOTBQ","微信读书"
"北航就业","2026-09-16","招聘 | 中国工商银行 | 2027届校园招聘","https://mp.weixin.qq.com/s/GylczNyXUUV-Ud4mem2kiQ","微信读书"
"北航就业","2026-09-16","招聘 | 索尼信息系统（中国）有限公司 | 2027届校园招聘","https://mp.weixin.qq.com/s/5qri4okPj3nE_QrThf3mJA","微信读书"
"北航就业","2026-09-16","宣讲 | 中芯国际 | 2027届校园招聘宣讲会","https://mp.weixin.qq.com/s/wHz4nLH7lPW03Ov_1sj8Uw","微信读书"
"北航就业","2026-09-16","宣讲 | 中航科创 | 2027届校园招聘宣讲会","https://mp.weixin.qq.com/s/WEqW1_rUaelKhBAYk4ehrQ","微信读书"
"北航就业","2026-09-16","宣讲 | 中国银行 | 2027届校园招聘宣讲会","https://mp.weixin.qq.com/s/lNgo9KE2h9h1SqQGxWqF_w","微信读书"
"北航就业","2026-09-16","宣讲 | 北电数智 | 2027届校园招聘宣讲会","https://mp.weixin.qq.com/s/pXw7Q4SGzoKrXjzRzDjNww","微信读书"
"北航就业","2026-09-16","双选 | 航天科技集团 | 2027届校园招聘-北京航天航空大学双选会","https://mp.weixin.qq.com/s/OAWHQDSXX6qadMozAPZBDw","微信读书"
"北航就业","2026-09-15","招聘 | 中国国际可持续交通创新和知识中心 | 2027年第一批招聘公告","https://mp.weixin.qq.com/s/3NiLG3Z8PXEO-YCK1tdZ7Q","微信读书"
"北航就业","2026-09-15","宣讲+双选 | 中国电子信息产业集团有限公司 | 2027届校园招聘","https://mp.weixin.qq.com/s/w7v5yNAXyarqgrxYMxHL9A","微信读书"
"北航就业","2026-09-15","宣讲 | DJI大疆 | 2027届“拓疆者”校园招聘全面开启","https://mp.weixin.qq.com/s/qrucyukDx_UvdXIAKCeP6w","微信读书"
"北航就业","2026-09-15","宣讲 | 中国万宝工程有限公司 | 2027届校园招聘","https://mp.weixin.qq.com/s/fU40SkoRKbp6yflsEaLI-Q","微信读书"
"北航就业","2026-09-15","宣讲 | 中国航发湖南动力机械研究所 | 2027届校园招聘正式启动","https://mp.weixin.qq.com/s/Fk8jkOAUQRyoQs_ol-06MQ","微信读书"
"北航就业","2026-09-15","宣讲 | 山东核电有限公司 | 2027届校园招聘——北京航空航天大学专场","https://mp.weixin.qq.com/s/cCLHGcDiDIyFcdybbbw8sQ","微信读书"
"北航就业","2026-09-15","宣讲 | 航空工业成都飞机工业有限责任公司 | 2027届校园招聘正式启动","https://mp.weixin.qq.com/s/WfxnQnGMEC8GhgUKqrD6Kw","微信读书"
"北航就业","2026-09-15","双选 | “精英荟萃 职通未来”北京人社组团招聘","https://mp.weixin.qq.com/s/cQHG-v99-wEFeQVpLHcgoQ","微信读书"
"北航就业","2026-09-14","招聘 | 工商银行江苏省分行 | 2027届校园招聘正式启动","https://mp.weixin.qq.com/s/taFdPt8t69iPMY2tgogZxA","微信读书"
"北航就业","2026-09-14","宣讲 | 字节跳动 | 2027届校园招聘","https://mp.weixin.qq.com/s/LO9KNPi72kB77CtGiIYUgg","微信读书"
"北航就业","2026-09-14","宣讲 | 中兴通讯 | 2027届校招宣讲会北京航空航天大学专场","https://mp.weixin.qq.com/s/a8bMX-sWaY-1-kZKgVayYA","微信读书"
"北航就业","2026-09-14","宣讲 | 中景芯创 | 2027届校园招聘","https://mp.weixin.qq.com/s/GB7eCGQ6cOFYiutJNLLh3w","微信读书"
"北航就业","2026-09-14","宣讲 | 学而思 | 2027届秋季校园招聘","https://mp.weixin.qq.com/s/bTZjE2bvMa2dcPfZBu2VFw","微信读书"
"北航就业","2026-09-14","宣讲 | 北京市2027年度定向选调和“优培计划”招聘应届优秀大学毕业生政策宣讲","https://mp.weixin.qq.com/s/3Eu-x1jkatEvBHidS3O5Mg","微信读书"
"北航就业","2026-09-14","宣讲 | 百度 | 2027届校招","https://mp.weixin.qq.com/s/LqWpeACoGQdPqCk2QPjb2w","微信读书"
"北航就业","2026-09-14","双选 | 佛山市人社 | “百万英才汇南粤”2026年N城联动秋季招聘活动（北京航空航天大学专场）","https://mp.weixin.qq.com/s/Viy0nhnZMiCktwHzKDvuZw","微信读书"
"北航就业","2026-09-13","招聘活动预告 | 北京航空航天大学双选会&宣讲会预告（9.14-9.18）","https://mp.weixin.qq.com/s/Pldr7B5jkPQ2K2wfXTKQvw","微信读书"
"北航就业","2026-09-13","招聘 | 中国农业银行北京市分行 | 2027届校园招聘","https://mp.weixin.qq.com/s/Qq5LLDNYBe1ubuIA5FKDAQ","微信读书"
"北航就业","2026-09-13","招聘 | 中国科技产业投资管理有限公司 | 2026年秋季校园招聘","https://mp.weixin.qq.com/s/zjnV9UE7TwbZ6F2KLtuEaA","微信读书"
"北航就业","2026-09-13","招聘 | 中国核动力研究设计院 | 2027届校园招聘正式启动","https://mp.weixin.qq.com/s/oEL5hbduI53Ebpe1PnUayw","微信读书"
"北航就业","2026-09-13","宣讲+双选 | 中国国新控股有限责任公司 | 2027届校园招聘","https://mp.weixin.qq.com/s/6J_4ReveICNsUiX68TPJzQ","微信读书"
"北航就业","2026-09-13","宣讲 | 燕东微 | 2027届全球校园招聘正式启动","https://mp.weixin.qq.com/s/s4Qplbxs5nGELSPl-bZN_A","微信读书"
"北航就业","2026-09-13","宣讲 | 火箭军 | 2026-2027年度直接选拔招录军官公告","https://mp.weixin.qq.com/s/jGywOTPjjZZe2jMUOzIX-w","微信读书"
"北航就业","2026-09-13","宣讲 | 工业和信息化部电子第五研究所 | 2027届校园招聘正式启动","https://mp.weixin.qq.com/s/nImbBWPTq2nw-up08HQmPA","微信读书"
"北航就业","2026-09-12","招聘 | 嘉实基金 | 2027届校园招聘全面开启","https://mp.weixin.qq.com/s/ybxaKuOo8LlOU-zbK_yFiw","微信读书"
"北航就业","2026-09-12","招聘 | “百万英才汇南粤”2026年N城联动秋季招聘活动（北京大学专场）","https://mp.weixin.qq.com/s/RiJZbkMeIxyUgrjJfz5igA","微信读书"
"北航就业","2026-09-12","宣讲+双选 | 军事航天部队某部 | 2026年直招军官","https://mp.weixin.qq.com/s/W2MXD2Wteh8MZnaqRKpicw","微信读书"
"北航就业","2026-09-12","宣讲 | 中远海运重工股份有限公司 | 2027届校园招聘宣讲会","https://mp.weixin.qq.com/s/6o56o61LkwpNl7ddoWo0kw","微信读书"
"北航就业","2026-09-12","宣讲 | 中国科学院空间应用工程与技术中心 | 2027届校园招聘","https://mp.weixin.qq.com/s/NljI0BPOqAze0nXGe3ZEyw","微信读书"
"北航就业","2026-09-12","宣讲 | 中国电科芯片技术研究院 | 2027届校园招聘正式启动","https://mp.weixin.qq.com/s/zzzwcfdI4hV5k8JyejarXA","微信读书"
"北航就业","2026-09-12","宣讲 | 招商银行上海分行 | 2027届校园招聘","https://mp.weixin.qq.com/s/9BAZCfnQ6IdGpK9z0bDrzA","微信读书"
"北航就业","2026-09-12","双选 | 升学在线组团双选&昆山人社组团宣讲双选","https://mp.weixin.qq.com/s/4B-Y1m0X6AD7JJW2fISfOg","微信读书"
"北航就业","2026-09-11","招聘 | 上汽集团 | 2027届全球校园招聘正式启动","https://mp.weixin.qq.com/s/Eev8g06CiAM8ly-PV8SlFw","微信读书"
"北航就业","2026-09-11","招聘 | 厦门航空 | 2027届校园招聘正式启航","https://mp.weixin.qq.com/s/qdoAvBqPO_qabDjRFYJacw","微信读书"
"北航就业","2026-09-11","招聘 | 航天科工二院 | 2027届校园招聘正式启动","https://mp.weixin.qq.com/s/4ntl3Jjs960M5PWdXaKZXw","微信读书"
"北航就业","2026-09-11","宣讲+双选 | 上海市委组织部 | 上海市2027年度选调应届优秀大学毕业生北京航空航天大学招聘会","https://mp.weixin.qq.com/s/m2oVhzD3y23pRd5i87A8wA","微信读书"
"北航就业","2026-09-11","宣讲 | 长光卫星 | 2027届校园招聘","https://mp.weixin.qq.com/s/Yzfc9ujzW3dGbHotaDqAiA","微信读书"
"北航就业","2026-09-11","宣讲 | 乾元国家实验室 | 2027届校园招聘","https://mp.weixin.qq.com/s/13W2oV8qQSr05uUdJmwWiw","微信读书"
"北航就业","2026-09-11","通知 | 关于开展北京航空航天大学2027届毕业生一次性求职补贴申报工作的通知","https://mp.weixin.qq.com/s/TdW7B14AaLFq75S-Zh1DJA","微信读书"
"北航就业","2026-09-11","双选 | 工信就业-中博汇 | 高层次人才洽谈会","https://mp.weixin.qq.com/s/cEbBXjrAFlBVSL03CyvQqA","微信读书"
"北航就业","2026-09-10","招聘 | 中国移动总部 | 2027届校园招聘","https://mp.weixin.qq.com/s/8Uf_P_V_Ogl6RV2N2UrhXA","微信读书"
"北航就业","2026-09-10","招聘 | 中国船舶集团有限公司第八研究院 | 2027届校园招聘","https://mp.weixin.qq.com/s/YSXcUDrS5vXwLbdzGkeM0w","微信读书"
"北航就业","2026-09-10","招聘 | 华润万象商业 | 2027届秋季校园招聘","https://mp.weixin.qq.com/s/wg8Uenl6xIk3KTGhqYZ4pQ","微信读书"
"北航就业","2026-09-10","招聘 | 峰飞航空 | 2027届校园招聘","https://mp.weixin.qq.com/s/-pgF019w2mxXqX-OC8gsJQ","微信读书"
"北航就业","2026-09-10","招聘 | 9.12北京见！福州携千岗百企进京，“职”为闪耀的你!","https://mp.weixin.qq.com/s/LD_5-YwHii4B8s21OSO4Pw","微信读书"
"北航就业","2026-09-10","用人单位邀请函 | 北京航空航天大学2027届毕业生秋季大型综合双选会-学院路第二场","https://mp.weixin.qq.com/s/xYexbF55JR1_xe9-4h-JCw","微信读书"
"北航就业","2026-09-10","宣讲+双选 | 华为 | 2027届校园招聘会","https://mp.weixin.qq.com/s/x_rcAByiwPXMW5KyMYzaEQ","微信读书"
"北航就业","2026-09-10","宣讲 | 中国科学院光电技术研究所 | 2027届秋季校园招聘宣讲会","https://mp.weixin.qq.com/s/xcPFDtx6ro-b8X5uk3mVbA","微信读书"
"北航就业","2026-09-09","招聘 | 中科院金属研究所 | 2027届校园招聘","https://mp.weixin.qq.com/s/TLlKdHuKLwJ1U6qoavWJXA","微信读书"
"北航就业","2026-09-09","招聘 | 中国移动 | 2027届校园招聘","https://mp.weixin.qq.com/s/YSbuRRx1HZfn1YXQAjNZUA","微信读书"
"北航就业","2026-09-09","招聘 | 芯和半导体 | 2027届秋季校招","https://mp.weixin.qq.com/s/r8fF0nKB11dxi6R74y2ZZw","微信读书"
"北航就业","2026-09-09","招聘 | 春秋航空 | 2027届校园招聘正式启动","https://mp.weixin.qq.com/s/mFt4r3ehHn8_2bERegFsPw","微信读书"
"北航就业","2026-09-09","宣讲+双选 | 军事科学院 | 高校宣讲","https://mp.weixin.qq.com/s/OlePO3gNiTogNd7njGb3hA","微信读书"
"北航就业","2026-09-09","宣讲 | 西南交通大学 | 2027届全球校园师资招聘简章","https://mp.weixin.qq.com/s/BIa0OmDfrzntW3oyW56SZA","微信读书"
"北航就业","2026-09-09","宣讲 | 歌尔 | 2027届校园招聘","https://mp.weixin.qq.com/s/6hZWJlYQY5f-hXo38sRvcw","微信读书"
"北航就业","2026-09-09","北京航空航天大学2027届毕业生生源信息","https://mp.weixin.qq.com/s/TdyvuDwv4C7zrhJI6NpF2A","微信读书"
"北航就业","2026-09-08","招聘 | 中国航发四川燃气涡轮研究院 | 2027届校园招聘正式启动","https://mp.weixin.qq.com/s/WC-baXVx8Egd0Ff1gxcNaQ","微信读书"
"北航就业","2026-09-08","招聘 | 中电信量子集团 | 2027届校园招聘正式启动","https://mp.weixin.qq.com/s/che4CqUF-_XXDbgXewJ82w","微信读书"
"北航就业","2026-09-08","招聘 | 招商银行北京分行 | 2027届校园招聘","https://mp.weixin.qq.com/s/-ITweilx1TnsOQR-EegDgA","微信读书"
"北航就业","2026-09-08","招聘 | 小红书 | REDstar·2027届顶尖人才计划","https://mp.weixin.qq.com/s/-YXu4pIWaWbwZwYsmQW8wg","微信读书"
"北航就业","2026-09-08","宣讲+双选 | 信息支援部队 | 2026年校园招聘","https://mp.weixin.qq.com/s/VBwZ5QFNN-sFWwUn5DGvXA","微信读书"
"北航就业","2026-09-08","宣讲 | 九号公司 | 2027届校园招聘（产品进校园路演及宣讲会）","https://mp.weixin.qq.com/s/wfoSL8rN9QM2sJsW6UWu5A","微信读书"
"北航就业","2026-09-08","宣讲 | 2026年辽宁省 “天辽地宁聚英才，振兴突破创未来” 主题宣讲会","https://mp.weixin.qq.com/s/LGgnRqXhAOwZkxvcQJW8vw","微信读书"
"北航就业","2026-09-08","双选 | 2026年秋季全国博士、硕士研究生专场巡回双选会-北京航空航天大学站","https://mp.weixin.qq.com/s/cTZxs21K5n50dzqHrsLexw","微信读书"
"北航就业","2026-09-07","招聘 | 中国联通研究院 | 2027届校园招聘正式启动","https://mp.weixin.qq.com/s/ygF_ZHsaQVnLlzEu7RfkYA","微信读书"
"北航就业","2026-09-07","招聘 | 中国航天科工三院 | 2027届校园招聘全面启动","https://mp.weixin.qq.com/s/B1c-daAHS6pAyxstKila0g","微信读书"
"北航就业","2026-09-07","招聘 | 中国航发燃机 | 2027届毕业生校园招聘全面开启","https://mp.weixin.qq.com/s/Sob63BKMqrbTOWcaTD-JYw","微信读书"
"北航就业","2026-09-07","招聘 | 中国兵器工业集团第二〇二研究所 | 2027届校园招聘正式启动","https://mp.weixin.qq.com/s/mRN-Y_on6WuyjjeooLoppg","微信读书"
"北航就业","2026-09-07","招聘 | 招商银行深圳分行 | 2027届校园招聘正式启动","https://mp.weixin.qq.com/s/-F_cMTPJ2ELIsOwZsfTfhw","微信读书"
"北航就业","2026-09-07","招聘 | 北方集成电路技术创新中心 | 2027届校园招聘全面启动","https://mp.weixin.qq.com/s/dXzVKDIqYMf-RCZqOuv8Tg","微信读书"
"北航就业","2026-09-07","宣讲 | 中国科学院微小卫星创新研究院 | 2027届校园宣讲会","https://mp.weixin.qq.com/s/z2My2PX3p7h-5PSZBMhyzQ","微信读书"
"北航就业","2026-09-07","双选 | 中国电子科技集团有限公司 | 2027届校园招聘","https://mp.weixin.qq.com/s/q1gKa2_dEK1ftuveHDj-jA","微信读书"
"北航就业","2026-09-06","招聘活动预告 | 北京航空航天大学双选会&宣讲会预告（9.7-9.11）","https://mp.weixin.qq.com/s/TKpeFCYNwBHqxeNuSZ7vGw","微信读书"
"北航就业","2026-09-06","招聘 | 中国航发北京航空材料研究院 | 2027届校园招聘","https://mp.weixin.qq.com/s/s-C454mETF13e3-FZ30mQw","微信读书"
"北航就业","2026-09-06","招聘 | 兆芯 | 2027届校园招聘正式启动","https://mp.weixin.qq.com/s/BuGYeLh0smEsLjSo8ifECg","微信读书"
"北航就业","2026-09-06","招聘 | 芯港集成 | 2027届校园招聘正式启航","https://mp.weixin.qq.com/s/Os7iwS-LDLOII0Ftw5YDQQ","微信读书"
"北航就业","2026-09-06","招聘 | 天津航空机电有限公司 | 2027届校园招聘正式启动","https://mp.weixin.qq.com/s/IFVjxzXbNmKFKQ53xAXwgA","微信读书"
"北航就业","2026-09-06","招聘 | 航空工业规划总院 | 2027届校园招聘全面启动","https://mp.weixin.qq.com/s/mc0juYKvtM9ip5oNBLd2qQ","微信读书"
"北航就业","2026-09-06","宣讲 | 中国航发动力股份有限公司 | 2027届秋季校园招聘宣讲会","https://mp.weixin.qq.com/s/NXGyjjMtgT_86LISDVLAKA","微信读书"
"北航就业","2026-09-06","宣讲 | 中国航发动控所（无锡动控） | 2027届校园招聘正式启动","https://mp.weixin.qq.com/s/Sw2T-N_vaCEOvFLrOyaOVg","微信读书"
"北航就业","2026-09-05","招聘 | 中移互联网 | 2027届校园招聘火热进行中","https://mp.weixin.qq.com/s/HmtRDh3NO4QVR1EGeJAajg","微信读书"
"北航就业","2026-09-05","招聘 | 中航机载系统共性技术有限公司 | 2027届校园招聘正式启动","https://mp.weixin.qq.com/s/ErFsY8qrwMkqYTP1w2r3Iw","微信读书"
"北航就业","2026-09-05","招聘 | 中国船舶集团有限公司第七〇五研究所 | 2027届校园招聘","https://mp.weixin.qq.com/s/MmacpkcdDzAPxlKLBzkWEQ","微信读书"
"北航就业","2026-09-05","招聘 | 金航数码科技有限责任公司 | 2027届校园招聘正式启动","https://mp.weixin.qq.com/s/-z7rhMZCw9dqNrhMkWXIug","微信读书"
"北航就业","2026-09-05","招聘 | 航天科技集团五院遥感卫星总体部 | 2027届校园招聘启动","https://mp.weixin.qq.com/s/J0XX_p0CM2iZBhdo2YiN3A","微信读书"
"北航就业","2026-09-05","宣讲 | 中国空空导弹研究院 | 2027届校园招聘正式启动","https://mp.weixin.qq.com/s/GNAJRbVRfvuO8vydoOCnqg","微信读书"
"北航就业","2026-09-05","宣讲 | 中国航发沈阳黎明航空发动机有限责任公司 | 2027届校园招聘","https://mp.weixin.qq.com/s/xVWwnhJBOGKm71Lc5uxs4A","微信读书"
"北航就业","2026-09-05","双选 | 中国航空工业集团 | 2027届校园招聘","https://mp.weixin.qq.com/s/DJ9p1qXNhFPgln8FDrKD4Q","微信读书"
"北航就业","2026-09-04","招聘 | 中信银行 | 2027届校园招聘正式启动","https://mp.weixin.qq.com/s/G0yBQmkveNU5iBdY60Cb8g","微信读书"
"北航就业","2026-09-04","招聘 | 中国船舶集团有限公司第七一三研究所 | 2027届校园招聘启动","https://mp.weixin.qq.com/s/BgEf30jmDl3wl7NrBany-g","微信读书"
"北航就业","2026-09-04","招聘 | 中国兵器 | 2027届秋季校园招聘正式启动","https://mp.weixin.qq.com/s/BFdcMb16KJacM5W97I9EEQ","微信读书"
"北航就业","2026-09-04","招聘 | 网易有道 | 2027届秋季校园招聘正式启动","https://mp.weixin.qq.com/s/-xe9FoxtPvfGW9DdYQcnmQ","微信读书"
"北航就业","2026-09-04","招聘 | 遨博·研创生 | 2027届校园招聘启动","https://mp.weixin.qq.com/s/fcfEQbvur5P6ySFlnHhZRw","微信读书"
"北航就业","2026-09-04","宣讲 | 中信建投证券 | 2027届秋季校园招聘正式启动","https://mp.weixin.qq.com/s/T1L9nhLKMIcD1vkAq3ulCA","微信读书"
"北航就业","2026-09-04","宣讲 | 中国航发沈阳发动机研究所 | 2027届校园招聘正式启动","https://mp.weixin.qq.com/s/SvWUbM8YwSnyArsilal5LA","微信读书"
"北航就业","2026-09-04","双选 | 中国航空发动机集团 | 2027届校园招聘","https://mp.weixin.qq.com/s/fKrHxnsiTFgbV8CLpqFahA","微信读书"
"北航就业","2026-09-03","招聘 | 中国电子科技集团公司第四十、四十一研究所 | 2027届校园招聘正式开启","https://mp.weixin.qq.com/s/7QNOvbUvAr81EQs6J2_4ng","微信读书"
"北航就业","2026-09-03","招聘 | 中国兵器工业第二〇三研究所 | 2027届秋招","https://mp.weixin.qq.com/s/olHF1MRfLOxXz7HRpN6Fiw","微信读书"
"北航就业","2026-09-03","招聘 | 它石智航 | 2027届校园招聘正式启动","https://mp.weixin.qq.com/s/sbb2KEPH5YNspXSBewax1Q","微信读书"
"北航就业","2026-09-03","招聘 | 平安科技 | 2027届全球校园招聘正式启动","https://mp.weixin.qq.com/s/t2FV3aGgag7-tFRQi8lUzg","微信读书"
"北航就业","2026-09-03","招聘 | 宁德时代 | 2027届全球校园招聘正式启动","https://mp.weixin.qq.com/s/Wwuy3o7sxBTV0cIYbpCHzQ","微信读书"
"北航就业","2026-09-03","招聘 | 航空工业沈飞 | 2027届校园招聘","https://mp.weixin.qq.com/s/xwrUgnaJPgZHFGj-SEH2rg","微信读书"
"北航就业","2026-09-03","招聘 | 北方华创微电子 | 2027届全球校园招聘全面开启","https://mp.weixin.qq.com/s/nFHJsLKmi4uVS3v5mMh8aw","微信读书"
"北航就业","2026-09-03","宣讲 | 航空工业第一飞机设计研究院 | 2027届校园招聘&社会招聘正式启航","https://mp.weixin.qq.com/s/PJw3i2EUek0bweq8Kvg47A","微信读书"
"北航就业","2026-09-02","招聘 | TCL | 2027届校园招聘","https://mp.weixin.qq.com/s/xB6zR5JJnSDKaW_e-lR0jw","微信读书"
"北航就业","2026-09-02","招聘 | 中兴通讯 | 2027届校园招聘","https://mp.weixin.qq.com/s/O_hw261pgzlf1Vp0DbyP3g","微信读书"
"北航就业","2026-09-02","招聘 | 中信集团总部 | 2027届校园招聘","https://mp.weixin.qq.com/s/U7vPYhQ9lmF9B8UJYh2fJg","微信读书"
"北航就业","2026-09-02","招聘 | 学而思 | 2027届校园招聘","https://mp.weixin.qq.com/s/zZnqwkHE6G5exyzMBWxzoA","微信读书"
"北航就业","2026-09-02","招聘 | 新东方 | 2027届校园招聘","https://mp.weixin.qq.com/s/apWjjLywEyxvbkWCNsl4xg","微信读书"
"北航就业","2026-09-02","招聘 | 海格通信 | 2027届校园招聘","https://mp.weixin.qq.com/s/5mOeL1yHLBR0qkLbfKAQkw","微信读书"
"北航就业","2026-09-02","用人单位邀请函 | 北京航空航天大学2027届毕业生秋季大型综合双选会-沙河专场","https://mp.weixin.qq.com/s/TzIGVoIlJe7eEUNrWKCKwg","微信读书"
"北航就业","2026-09-02","宁波市第二十八届高层次人才引进洽谈会","https://mp.weixin.qq.com/s/JIFPq_cd_f7NqMDGxLkQ3g","微信读书"
"北航就业","2026-09-01","招聘 | 中航技 | 2027届校园招聘火热进行中","https://mp.weixin.qq.com/s/kZVIWC5eb_i3b24viJa79w","微信读书"
"北航就业","2026-09-01","招聘 | 中国航天空气动力技术研究院 | 2027届校园招聘全面开启","https://mp.weixin.qq.com/s/RGfbYRYJCrJtRmvH-SJrmg","微信读书"
"北航就业","2026-09-01","招聘 | 中国航发南方工业有限公司 | 2027届校园招聘正式启动","https://mp.weixin.qq.com/s/Za6L2dVz0BTafHpUxcFkcQ","微信读书"
"北航就业","2026-09-01","招聘 | 中国飞行试验研究院 | 2027届校园招聘正式启动","https://mp.weixin.qq.com/s/im9qk-xp1RcDRSVW3Y9BzQ","微信读书"
"北航就业","2026-09-01","招聘 | 中国电科三十六所 | 2027届秋季招聘全面启动","https://mp.weixin.qq.com/s/r5ObzS08RS6WpyyJFviGUQ","微信读书"
"北航就业","2026-09-01","招聘 | 招商银行 | 2027届校园招聘全球启动","https://mp.weixin.qq.com/s/Jgb4asDUGA8l0DcsgbYI-Q","微信读书"
"北航就业","2026-09-01","招聘 | 徽商银行 | 2027届总行管培生校园招聘公告","https://mp.weixin.qq.com/s/MEy8jhg1pHi-CFhlgdLuag","微信读书"
"北航就业","2026-09-01","用人单位邀请函 | 北京航空航天大学2027届毕业生秋季大型综合双选会-学院路专场","https://mp.weixin.qq.com/s/9jpS0e9w8MfuroPjoiwgFw","微信读书"
"北航就业","2026-08-31","致用人单位 | 北京航空航天大学2026年秋季校园招聘活动安排","https://mp.weixin.qq.com/s/hKhKNBUsHqqGHhxoe6YGKw","微信读书"
"北航就业","2026-08-31","招聘 | 中国人民保险集团 | 2027届统筹校园招聘（理工专场）","https://mp.weixin.qq.com/s/rIYActAoPFKscWAGHeFWKw","微信读书"
"北航就业","2026-08-31","招聘 | 智洋创新 | 2027届校园招聘","https://mp.weixin.qq.com/s/k5OeY3C8nbrpM0r5A7xbSA","微信读书"
"北航就业","2026-08-31","招聘 | 航天科技集团九院研发中心 | 2027届校园招聘正式开启","https://mp.weixin.qq.com/s/2E3EBeh6qzHr9yXkdjqZoQ","微信读书"
"北航就业","2026-08-31","招聘 | 航空工业直升机所 | 2027届校园招聘正式启动","https://mp.weixin.qq.com/s/aaQbzC1CQFUJViMHqJJngQ","微信读书"
"北航就业","2026-08-31","招聘 | 航空工业成飞 | 2027届校园招聘正式启动","https://mp.weixin.qq.com/s/f0Nlh-zuu0z73HcUdicNkg","微信读书"
"北航就业","2026-08-31","招聘 | 安克创新 | 2027届全球校园招聘正式启动","https://mp.weixin.qq.com/s/ffCQiDd1ecUAO0ce0frIKQ","微信读书"
"北航就业","2026-08-31","北京航空航天大学2027届毕业生秋季大型综合双选会-学院路专场","https://mp.weixin.qq.com/s/z51l2wYqHdhgjRWTkodCvw","微信读书"
"北航就业","2026-08-30","招聘 | 中国航天科技集团有限公司 | 2027届校园招聘开启","https://mp.weixin.qq.com/s/C64hcMPJUKgdmnGwnvlslA","微信读书"
"北航就业","2026-08-30","招聘 | 中国航天科工二院二十三所 | 2027届校园招聘正式开启","https://mp.weixin.qq.com/s/RUYua1fYGu_gxQKoyppYcg","微信读书"
"北航就业","2026-08-30","招聘 | 中国航空国际建设投资有限公司 | 2027届校园招聘全面启动","https://mp.weixin.qq.com/s/gKNUjvBNNKLgkkPIrPWXUw","微信读书"
"北航就业","2026-08-30","招聘 | 中国航发沈阳黎明航空发动机有限责任公司 | 2027届校园招聘","https://mp.weixin.qq.com/s/xMZ2e8tprjX3mt__PdpsTg","微信读书"
"北航就业","2026-08-30","招聘 | 驭势科技 | 2027届秋季校园招聘","https://mp.weixin.qq.com/s/CM1OzkcHBR1j_qAIS0PXqg","微信读书"
"北航就业","2026-08-30","招聘 | 南方基金 | 2027届校园招聘金融科技专场全球启动","https://mp.weixin.qq.com/s/1_wY_p9D5oJSWiePkeeosg","微信读书"
"北航就业","2026-08-30","招聘 | 航空工业洪都 | 2027届校园招聘正式启动","https://mp.weixin.qq.com/s/PLM_MJRLqdbFB70_WcQ36A","微信读书"
"北航就业","2026-08-30","招聘 | 成都华微电子科技股份有限公司 | 2027届校园招聘","https://mp.weixin.qq.com/s/6Xb52CjfxwoCbiCyes052w","微信读书"
"北航就业","2026-08-29","招聘 | 中国航空无线电电子研究所 | 2027届校园招聘正式启动","https://mp.weixin.qq.com/s/QmfWVtcX9fke7lWOh5VU7g","微信读书"
"北航就业","2026-08-29","招聘 | 三七互娱 | 2027届校园招聘正式启动","https://mp.weixin.qq.com/s/xT1RJIC4DYMvl8IKcGLgSQ","微信读书"
"北航就业","2026-08-29","招聘 | 群核科技 | 「星核人才计划」顶尖技术人才专项全球启动","https://mp.weixin.qq.com/s/Ob8JrQ_AEiT14jByuxPGIw","微信读书"
"北航就业","2026-08-29","招聘 | 美的集团 | 2027届校园招聘正式启动","https://mp.weixin.qq.com/s/nNKpHr6d03gksZNQYm59GA","微信读书"
"北航就业","2026-08-29","招聘 | 极智嘉 | 2027届秋季校园招聘正式启动","https://mp.weixin.qq.com/s/kgkI2U2ZMco2pUhhR2Vp7Q","微信读书"
"北航就业","2026-08-29","招聘 | 传音控股 | 2027届“雏鹰计划”全球校园招聘正式启动","https://mp.weixin.qq.com/s/_cpUqSOYVlcyAQnS0NQutA","微信读书"
"北航就业","2026-08-29","招聘 | 北京证券交易所全国股转公司 | 2026年人员招聘","https://mp.weixin.qq.com/s/eK8I7XUpNw_bn_slpFhOLw","微信读书"
"北航就业","2026-08-29","开放日 | 航空工业综合所 | 秋招暨2026年开放日邀请函","https://mp.weixin.qq.com/s/GMvkmlA2IdOJJRpYjJjOVQ","微信读书"
"北航就业","2026-08-28","招聘 | 烟台东方威思顿电气有限公司 | 2027届招聘","https://mp.weixin.qq.com/s/GUf-gDpwdkULFyjSkOjcmQ","微信读书"
"北航就业","2026-08-28","招聘 | 新石器 | 2027届全球校园招聘正式启动","https://mp.weixin.qq.com/s/e-nY19CKYcGQVHIsvl_T6A","微信读书"
"北航就业","2026-08-28","招聘 | 携程集团 | 2027届秋季校园招聘正式启动","https://mp.weixin.qq.com/s/cZKErpRRrUVS8Fe2zOC35Q","微信读书"
"北航就业","2026-08-28","招聘 | 小米 | 2027届全球校园招聘正式启动","https://mp.weixin.qq.com/s/kgJ75vKONkMziKIUtmSwog","微信读书"
"北航就业","2026-08-28","招聘 | 图为电气 | 2027届“为”来之星秋季校园招聘正式启动","https://mp.weixin.qq.com/s/eKFROl_ClY-gaZ9W-Eu7EQ","微信读书"
"北航就业","2026-08-28","招聘 | 昇维旭 | 2027届校园招聘正式启动","https://mp.weixin.qq.com/s/W__h2690eCMw_EENzPmsnw","微信读书"
"北航就业","2026-08-28","招聘 | 青岛森麒麟轮胎股份有限公司 | 2027届校园招聘","https://mp.weixin.qq.com/s/TuINKNQpDGJHgLdfuFC1Jg","微信读书"
"北航就业","2026-08-28","招聘 | 贝壳找房 | 2027届ADC校园招聘全面启动","https://mp.weixin.qq.com/s/088Vbc0xkTQNkGcP0xUuYg","微信读书"
"北航就业","2026-08-27","招聘 | 智元 | 2027届校园招聘全面启动","https://mp.weixin.qq.com/s/-qeW3kmW_CYv4mRmz01IDA","微信读书"
"北航就业","2026-08-27","招聘 | 优必选 | 2027届校园招聘正式启动","https://mp.weixin.qq.com/s/3FUMUNkG5fZaQE6QUan7Dw","微信读书"
"北航就业","2026-08-27","招聘 | 永芯科技（北京）有限公司 | 2027届校园招聘正式启动","https://mp.weixin.qq.com/s/HToivNnp0C2sdNmKYo5jvw","微信读书"
"北航就业","2026-08-27","招聘 | 清华大学天津高端装备研究院 | 2026年度人才招聘","https://mp.weixin.qq.com/s/XlH6fS-z4Nn4NUV079uZKQ","微信读书"
"北航就业","2026-08-27","招聘 | 千里科技 | 2027届校园招聘正式启动","https://mp.weixin.qq.com/s/AxZ0PzZDRAIYn_34kL6eZQ","微信读书"
"北航就业","2026-08-27","招聘 | 海信集团 | 2027届全球校园招聘正式启动","https://mp.weixin.qq.com/s/UnQw41xuaxM5nLoKIsIgjw","微信读书"
"北航就业","2026-08-27","招聘 | 歌尔 | 2027届校园招聘正式启动","https://mp.weixin.qq.com/s/Gmi2EqJBrxgaY_iaGdZCtA","微信读书"
"北航就业","2026-08-27","21℃的城市——安顺，诚邀全国英才参与“青年实干家计划”","https://mp.weixin.qq.com/s/C6tRAVZ2ZTRRoGGNIgLJfQ","微信读书"
"北航就业","2026-08-26","招聘 | TP-LINK | 2027届校园招聘","https://mp.weixin.qq.com/s/pQWhxyitLgT4VowS1Q4vXA","微信读书"
"北航就业","2026-08-26","招聘 | 中际旭创 | 2027届校园招聘","https://mp.weixin.qq.com/s/FT6EufR5hREwUEB2B7GJkw","微信读书"
"北航就业","2026-08-26","招聘 | 亚马逊 | 2027届校园招聘","https://mp.weixin.qq.com/s/cGQeOxQAmeLGw6VXL2EgQw","微信读书"
"北航就业","2026-08-26","招聘 | 小鹏集团 | 2027届校园招聘","https://mp.weixin.qq.com/s/bA1_-6mXc6bpehcPGfoJdA","微信读书"
"北航就业","2026-08-26","招聘 | 平安银行北京分行 | 2027届校园招聘","https://mp.weixin.qq.com/s/UTNa-RztWymYHybnIFnjhQ","微信读书"
"北航就业","2026-08-26","招聘 | 平安养老险 | 2027届校园招聘","https://mp.weixin.qq.com/s/mgaH3FkLiB7I7oSRFZi9_A","微信读书"
"北航就业","2026-08-26","招聘 | 鼎阳科技 | 2027届校园招聘","https://mp.weixin.qq.com/s/-Pt-Lo2cUUMm02smScz8Hg","微信读书"
"北航就业","2026-08-26","招聘 | 阿里巴巴菜鸟 | 2027届校园招聘","https://mp.weixin.qq.com/s/U9AvZMjiihBSXPuIJM-QBA","微信读书"
"北航就业","2026-08-25","招聘 | 中国航天科工三院航天智信 | 2027届校园招聘正式启动","https://mp.weixin.qq.com/s/UB3QgpQFfHrH3BKHk0Ty4A","微信读书"
"北航就业","2026-08-25","招聘 | 远景动力 | 2027届全球校园招聘正式启动","https://mp.weixin.qq.com/s/G5e0JpRYOPopAe4Pdc5Ovg","微信读书"
"北航就业","2026-08-25","招聘 | 微步在线 | 2027届校招开启","https://mp.weixin.qq.com/s/wRuB2Q_Qa6w4JDW_LVL18g","微信读书"
"北航就业","2026-08-25","招聘 | 深圳信步科技 | 无人区计划2027届校招正式启动","https://mp.weixin.qq.com/s/2vFXLgK-5M9dqDMHCQrS6Q","微信读书"
"北航就业","2026-08-25","招聘 | 凌云光 | 2027届校园招聘","https://mp.weixin.qq.com/s/tEv7PkYn4oeXg2rM8_ODlg","微信读书"
"北航就业","2026-08-25","招聘 | 康冠科技 | 2027届校园招聘正式启动","https://mp.weixin.qq.com/s/wqd7IjKVH-wTHRuKR5_ITA","微信读书"
"北航就业","2026-08-25","招聘 | 经纬恒润 | 2027届校园招聘正式启航","https://mp.weixin.qq.com/s/eBBwdbRBr3VSGDrv_Z0QXw","微信读书"
"北航就业","2026-08-25","招聘 | 工大卫星 | 2027届校园招聘","https://mp.weixin.qq.com/s/sJSKvBZw2TvdZHAvLhowZQ","微信读书"
"北航就业","2026-08-24","招聘&实习 | 中国航天科工二院二〇八所 | 2027届校园招聘&实习生招募正式启动","https://mp.weixin.qq.com/s/1qw-W9ymFfq2eOwHvxpjrA","微信读书"
"北航就业","2026-08-24","招聘 | 中国电子科技集团公司第五十研究所 | 2027届校园招聘正式启动","https://mp.weixin.qq.com/s/cRg9KnKSSt-9imzqZbO81Q","微信读书"
"北航就业","2026-08-24","招聘 | 中国电子科技集团公司第十研究所 | 2027届秋季校园招聘","https://mp.weixin.qq.com/s/lIRE0kjMA7eqZ8m3SyglAQ","微信读书"
"北航就业","2026-08-24","招聘 | 睿联 | 2027届校园招聘","https://mp.weixin.qq.com/s/080EWVsFSPm0OfgNXSft8w","微信读书"
"北航就业","2026-08-24","招聘 | 普渡机器人 | 2027届校园招聘","https://mp.weixin.qq.com/s/EAeNX4x0nQCDl1gOWJ_M4A","微信读书"
"北航就业","2026-08-24","招聘 | 金证科技 | 2027届校园招聘","https://mp.weixin.qq.com/s/yxZcy2ZzoWg0t7X4j-Oixg","微信读书"
"北航就业","2026-08-24","招聘 | 江西洪都商用飞机股份有限公司 | 博士招聘公告","https://mp.weixin.qq.com/s/T3T8kV27n4fBUnMRLqTLGg","微信读书"
"北航就业","2026-08-24","招聘 | 晟通集团 | 2027届接班人计划校招进行时","https://mp.weixin.qq.com/s/OE0TPTCavSWm0EsrjvRQIA","微信读书"
"北航就业","2026-08-23","中国电信人工智能研究院 | TeleAI2027级联培博士招生启动","https://mp.weixin.qq.com/s/FH3JbYo1U2YHefyGTl3k6A","微信读书"
"北航就业","2026-08-23","招聘+实习 | 安永 | 秋季应届毕业生招聘及审计寒假实习生招聘","https://mp.weixin.qq.com/s/SS_hi8kdsBpJTZFUSy5hTQ","微信读书"
"北航就业","2026-08-23","招聘 | 中国平安 | 2027届秋季校园招聘","https://mp.weixin.qq.com/s/VT_BhL9pthg8xvhqEiPfbw","微信读书"
"北航就业","2026-08-23","招聘 | 苏州九十度航空科技 | 招聘公告","https://mp.weixin.qq.com/s/kstzUhhxEoBwWjMwpTNBEg","微信读书"
"北航就业","2026-08-23","招聘 | 启源芯动力 | 2027届校园招聘","https://mp.weixin.qq.com/s/-YbTo3Pko04sPRgO8jBhbQ","微信读书"
"北航就业","2026-08-23","招聘 | 零跑汽车 | 2027届核心研发岗位校招启动","https://mp.weixin.qq.com/s/sRy5RGtvvm-dwTkm1C9Xcw","微信读书"
"北航就业","2026-08-23","招聘 | 科华集团 | 2027届校园招聘提前批启动","https://mp.weixin.qq.com/s/8jCErd2m2tR-3wxPZik94g","微信读书"
"北航就业","2026-08-23","招聘 | 科大讯飞 | 「星火X计划」顶尖AI技术人才招募启动，六大课题方向发布","https://mp.weixin.qq.com/s/kd1EP4LXFtcnlvUTCPh1PQ","微信读书"
"北航就业","2026-08-22","招聘 | 长光卫星 | 2027届校园招聘","https://mp.weixin.qq.com/s/fG1qOfZETTNCfCBTD8rvFA","微信读书"
"北航就业","2026-08-22","招聘 | 平安产险 | 2027届校园招聘","https://mp.weixin.qq.com/s/aLElkBkI__YDpba5EVQPFA","微信读书"
"北航就业","2026-08-22","招聘 | 鹏芯微 | 2027届校园招聘","https://mp.weixin.qq.com/s/9sfLi7wKopgNNz7X2Wj8VA","微信读书"
"北航就业","2026-08-22","招聘 | 卡方科技 | 2027届校园招聘","https://mp.weixin.qq.com/s/GyXfbj6RvaAmEODowiGJQw","微信读书"
"北航就业","2026-08-22","招聘 | 华侨大学工学院 | 诚邀海内外英才加盟","https://mp.weixin.qq.com/s/k0a82FA9Lt1m8FatfoLSLQ","微信读书"
"北航就业","2026-08-22","招聘 | 恒生 | 2027届校园招聘","https://mp.weixin.qq.com/s/9I1aBwPMK3-gRIDfx2E7FA","微信读书"
"北航就业","2026-08-22","招聘 | 高途教育科技集团 | 2026/2027届校园招聘","https://mp.weixin.qq.com/s/rjKlulzeKVecDdIvwAq94Q","微信读书"
"北航就业","2026-08-22","公告 | 塔里木大学 | 2026年公开招聘专任教师公告（第三批）","https://mp.weixin.qq.com/s/-sIPHbb4G8kf5vmaNjrN5g","微信读书"
"北航就业","2026-08-21","招聘 | DEXMAL 原力灵机 | 2027届校园招聘正式启动","https://mp.weixin.qq.com/s/46eiMeR118lXKlk6FoEL8Q","微信读书"
"北航就业","2026-08-21","招聘 | 远景能源 | 2027届校园招聘","https://mp.weixin.qq.com/s/Jd8VOwC25dJvJOkvCdbREw","微信读书"
"北航就业","2026-08-21","招聘 | 新紫光集团下属产业公司 | 2027届校园招聘启动","https://mp.weixin.qq.com/s/WNyxoXAyNRlnA5Ev0NGbvg","微信读书"
"北航就业","2026-08-21","招聘 | 德佑 | 2027届校园招聘正式启动","https://mp.weixin.qq.com/s/j2okySZQslndVWGaQ7cOkA","微信读书"
"北航就业","2026-08-21","招聘 | 比亚迪 | 2027届全球校园招聘","https://mp.weixin.qq.com/s/9KlWtucSyj2XjvPmYQBD-Q","微信读书"
"北航就业","2026-08-20","招聘 | 西安工程大学 | 2026年人才招聘公告","https://mp.weixin.qq.com/s/YhZ8uoFTOP8sDIstoYz76w","微信读书"
"北航就业","2026-08-20","招聘 | 腾讯音乐娱乐集团 | 2027届校园招聘全球启动","https://mp.weixin.qq.com/s/QBvqMai4BHZQRegUgS6FoQ","微信读书"
"北航就业","2026-08-20","招聘 | 荣耀 | 2027届校园招聘全球启动","https://mp.weixin.qq.com/s/05H7XMzmt2LOkUcEx-xBfw","微信读书"
"北航就业","2026-08-20","招聘 | 洛阳轴承集团股份有限公司 | 2026年招聘","https://mp.weixin.qq.com/s/piQOYFBZCANMTLA2KhXanA","微信读书"
"北航就业","2026-08-20","招聘 | 吉利控股集团 | 2027届全球校园招聘正式启动","https://mp.weixin.qq.com/s/7rodYkp9iuHsw19Tv633ew","微信读书"
"北航就业","2026-08-20","招聘 | 广东省深圳市人民医院 | 2026年度博士后招聘公告","https://mp.weixin.qq.com/s/-5buF6de-AOWCjLVlOzlHg","微信读书"
"北航就业","2026-08-19","招生 | 中国运载火箭技术研究院18所 | 2027年自培研究生招生","https://mp.weixin.qq.com/s/qq0GwUsJjfwRqcuiMMsX1g","微信读书"
"北航就业","2026-08-19","招聘 | OBSBOT寻影 | 2027届校园招聘正式启动","https://mp.weixin.qq.com/s/iXC9-XWQ9xSXbTuh1BrvKA","微信读书"
"北航就业","2026-08-19","招聘 | 中国航空工业集团上电 | 2027届校园招聘正式开启","https://mp.weixin.qq.com/s/u61gRnfIB0SMP6aZl92K0w","微信读书"
"北航就业","2026-08-19","招聘 | 中国东方资产管理股份有限公司 | 2027届校园招聘正式启动","https://mp.weixin.qq.com/s/iPqZtYa9ku4YqgTtOM4JWA","微信读书"
"北航就业","2026-08-19","招聘 | 中国电子科技集团公司第十研究所 | 2027届秋季校园招聘","https://mp.weixin.qq.com/s/riPLzorVS8p-41d_t5B0Jw","微信读书"
"北航就业","2026-08-19","招聘 | 顺丰科技 | 2027届校园招聘提前批启动","https://mp.weixin.qq.com/s/CoW9k49lqujr4E8G9k60hQ","微信读书"
"北航就业","2026-08-19","招聘 | 海光信息 | 2027届校园招聘","https://mp.weixin.qq.com/s/uaXbzU1TC890-mrVKt3Blw","微信读书"
"北航就业","2026-08-19","招聘 | 东莞农村商业银行 | 博士后研究人员招聘","https://mp.weixin.qq.com/s/tVv6Y16DLSLA7zfY-st4ow","微信读书"
"北航就业","2026-08-18","招聘 | 中科飞测 | 2027届校园招聘正式启动","https://mp.weixin.qq.com/s/ZH6nQBLmjnyNezF39JNilw","微信读书"
"北航就业","2026-08-18","招聘 | 腾讯 | 2027届校园招聘","https://mp.weixin.qq.com/s/Rs-jsmK1CJWZT3-EK5L1NQ","微信读书"
"北航就业","2026-08-18","招聘 | 上海光通信有限公司 | 2027届校园招聘正式启动","https://mp.weixin.qq.com/s/jAEqkkjbJ8BDpQTXnbLheg","微信读书"
"北航就业","2026-08-18","招聘 | 湖北东湖实验室 | 2026年人才招聘公告","https://mp.weixin.qq.com/s/EJdsMxmZbFRjxi9_6eVzAQ","微信读书"
"北航就业","2026-08-18","招聘 | 度小满 | 2027届校园招聘","https://mp.weixin.qq.com/s/hVYT06a_fR_0NI6wX4CNSg","微信读书"
"北航就业","2026-08-18","招聘 | 埃科光电 | 2027届校园招聘","https://mp.weixin.qq.com/s/tuDBqGTo7TxeB0i743hnjg","微信读书"
"北航就业","2026-08-17","招聘 | VIVO | 2027届全球校园招聘","https://mp.weixin.qq.com/s/0j0jzSIEV00o_wtthF_NUA","微信读书"
"北航就业","2026-08-17","招聘 | 芯联集成 | 2027届校园招聘正式启动","https://mp.weixin.qq.com/s/0r8qD7rJvpPR6Xj6WkREeA","微信读书"
"北航就业","2026-08-17","招聘 | 四方股份 | 2027届校招提前批正式启动","https://mp.weixin.qq.com/s/RnTb8GVuL2XVc06FeFtxKw","微信读书"
"北航就业","2026-08-17","招聘 | 拼多多集团-PDD | 2027届校招提前批启动","https://mp.weixin.qq.com/s/4o4aHQB53XQq73EX6C8A6g","微信读书"
"北航就业","2026-08-17","招聘 | 贵州航天凯山石油仪器有限公司 | 2026-2027届校园招聘正式启动","https://mp.weixin.qq.com/s/mPChguUN5pcorpUrJALMDw","微信读书"
"北航就业","2026-08-17","招聘 | 帆软 | 2027届秋季校园招聘提前批启动","https://mp.weixin.qq.com/s/_5XGfwYDTmBQQM7TZDaRwQ","微信读书"
"北航就业","2026-08-17","招聘 | 滴滴 | 2027届校园招聘正式启动","https://mp.weixin.qq.com/s/StD4h0iwdFmlZ4HwX6babg","微信读书"
"北航就业","2026-08-17","千校招聘线路 | 北京航空航天大学2027届毕业生秋季大型校园招聘会邀请函","https://mp.weixin.qq.com/s/3iFCG989jdtlmdPmmtjBrw","微信读书"
"北航就业","2026-08-16","招聘 | CVTE视源股份 | 2027届秋季校园招聘启动","https://mp.weixin.qq.com/s/MsZRndOwdPLZ7ei4naa1PA","微信读书"
"北航就业","2026-08-16","招聘 | 中芯国际 | 2027届校园招聘正式启动","https://mp.weixin.qq.com/s/lxhEJCud5mWV0aEljiH0nQ","微信读书"
"北航就业","2026-08-16","招聘 | 中国科学院空天信息创新研究院 | 2026年提前批暨交流日活动即将开启","https://mp.weixin.qq.com/s/rLICLjKVPtCNUevbGQr6Dg","微信读书"
"北航就业","2026-08-16","招聘 | 西北工业大学宁波研究院 | 2026年全球招聘博士后","https://mp.weixin.qq.com/s/EtbW_uDtCBBtTVFIB3jnUg","微信读书"
"北航就业","2026-08-16","招聘 | 温氏股份 | 2027届校园招聘启动","https://mp.weixin.qq.com/s/nvm2YOyNAin_ykj9ktOlGQ","微信读书"
"北航就业","2026-08-16","招聘 | 四川民族学院 | 2026年博士招聘","https://mp.weixin.qq.com/s/aW8Y51-o58PKQVe-9u0l5g","微信读书"
"北航就业","2026-08-16","招聘 | 群核科技 | 星核人才计划顶尖技术人才专项全球启动","https://mp.weixin.qq.com/s/YHvcPLJIcVtKhLitb8VboQ","微信读书"
"北航就业","2026-08-16","招聘 | 平头哥半导体有限公司 | 2027届招聘正式启动","https://mp.weixin.qq.com/s/gfvq14qrHTDXbbg3i8t_lQ","微信读书"
"北航就业","2026-08-15","招聘 | 作业帮 | 2027届校园招聘正式启动","https://mp.weixin.qq.com/s/2P7zfxPLjok_TpjddvGkRw","微信读书"
"北航就业","2026-08-15","招聘 | 新能安 | 2027届校园招聘正式启动","https://mp.weixin.qq.com/s/F_HaYji-iIz6om-9ktpS8Q","微信读书"
"北航就业","2026-08-15","招聘 | 淘宝闪购 | 2027届应届生招聘正式启动","https://mp.weixin.qq.com/s/Ld4HFuyqFFrrDH4fK0BMJA","微信读书"
"北航就业","2026-08-15","招聘 | 搜狐集团 | 2026年秋季AI人才专项计划启动","https://mp.weixin.qq.com/s/c9htYmnP1K7XgYO7uSq_0g","微信读书"
"北航就业","2026-08-15","招聘 | 宁德新能源(ATL) | 2027届校园招聘","https://mp.weixin.qq.com/s/Am2_H2tazxpZ-GnhfVzP6Q","微信读书"
"北航就业","2026-08-15","招聘 | 米哈游 | 2027届校园招聘正式启动","https://mp.weixin.qq.com/s/Na7qdgLhhMpS44YMKAH7yQ","微信读书"
"北航就业","2026-08-15","招聘 | 快手 | 2027届校园招聘","https://mp.weixin.qq.com/s/lffrcEUFBgXnvW9nzEOsJQ","微信读书"
"北航就业","2026-08-15","校园大使 | 新能安 | 2027届全球校园大使招募正式启动","https://mp.weixin.qq.com/s/HSiDGDQ3-TysAXoMFZmJmA","微信读书"
"北航就业","2026-08-14","招聘 | 中国科学院西北生态环境资源研究院 | 2026年人才招聘启事","https://mp.weixin.qq.com/s/PPn2TckJoS-egKb01Eg0QA","微信读书"
"北航就业","2026-08-14","招聘 | 中国科学院成都生物研究所 | 招聘启事","https://mp.weixin.qq.com/s/27kFsyYwjLaHU3LnaXta3w","微信读书"
"北航就业","2026-08-14","招聘 | 中电博微电子科技有限公司&中国电子科技集团公司第三十八研究所 | 2027届校园招聘","https://mp.weixin.qq.com/s/8z4-8LqQGlMmiDwziRgLIw","微信读书"
"北航就业","2026-08-14","招聘 | 陕西同力重工股份有限公司 | 2026年校园招聘","https://mp.weixin.qq.com/s/vilBbCqVtQ4VBmJ0g5kDlQ","微信读书"
"北航就业","2026-08-14","招聘 | 日立能源 | 2027届校园招聘正式启动","https://mp.weixin.qq.com/s/57iZyriY9ZWVlyGkBVMFeQ","微信读书"
"北航就业","2026-08-14","招聘 | 晋华集成电路 | 2027届校园招聘","https://mp.weixin.qq.com/s/u_eKdoCTkoQcLsuVXSP7GQ","微信读书"
"北航就业","2026-08-14","招聘 | 江西洪都商用飞机股份有限公司 | 博士招聘公告","https://mp.weixin.qq.com/s/1ScM2EajtLqJHuuIAAESVg","微信读书"
"北航就业","2026-08-14","招聘 | 阿里灵犀互娱 | 2027届秋招启动","https://mp.weixin.qq.com/s/jmp1xn2-K3RACmK-gbZfmg","微信读书"
"北航就业","2026-08-13","招聘 | 中国平安 | 2027届全球校园招聘正式启动","https://mp.weixin.qq.com/s/OhqzzyDdBMCKzKZd28GvxA","微信读书"
"北航就业","2026-08-13","招聘 | 阳光电源 | 2027届全球校园招聘正式启动","https://mp.weixin.qq.com/s/5Pbe8aNPHk2vMPKb8j4Kqg","微信读书"
"北航就业","2026-08-13","招聘 | 思特威 | 2027届校园招聘正式启动","https://mp.weixin.qq.com/s/tA9CKuPqr5SFA1qoEgEyrw","微信读书"
"北航就业","2026-08-13","招聘 | 三安集成 | 2027届校园招聘火热开启","https://mp.weixin.qq.com/s/pT_p7-5NSN29CJlMvRbnYg","微信读书"
"北航就业","2026-08-13","招聘 | 嘉兴市新闻传媒中心（传媒集团） | 企编紧缺人才招聘公告","https://mp.weixin.qq.com/s/XG_0CtGWNKsGVEEhtDfUiw","微信读书"
"北航就业","2026-08-13","招聘 | 点点互动 | 2027届校园招聘正式启动","https://mp.weixin.qq.com/s/gudxux451Fy1vMqdz2I8Zg","微信读书"
"北航就业","2026-08-13","招聘 | 滴滴 | 2027届校园招聘正式启动","https://mp.weixin.qq.com/s/2aawXTVgGAIiNp74JC5pyA","微信读书"
"北航就业","2026-08-12","招聘 | 中国科学院合肥物质科学研究院核能安全技术研究所 | 诚邀全球博士后英才","https://mp.weixin.qq.com/s/HjqNuhB0co4irSTplNjCqw","微信读书"
"北航就业","2026-08-12","招聘 | 中国航天科工三院三部 | 2027届校园招聘正式启动","https://mp.weixin.qq.com/s/ungsRnJhUROM1i9mhbVeFg","微信读书"
"北航就业","2026-08-12","招聘 | 中国兵器工业集团武汉重型机床集团有限公司 | 招聘计划","https://mp.weixin.qq.com/s/nPRJf8YutcDZSkQX5byt3Q","微信读书"
"北航就业","2026-08-12","招聘 | 去哪儿旅行 | 2027届校园招聘正式启动","https://mp.weixin.qq.com/s/_3U-y3iYihBJ7EnhoifAXg","微信读书"
"北航就业","2026-08-12","招聘 | 联想 | 2027届校园招聘AI专项启动","https://mp.weixin.qq.com/s/gnPtotsxbOrMxLytnuCGgA","微信读书"
"北航就业","2026-08-12","招聘 | 砺算科技 | 2027届校园招聘职位开启","https://mp.weixin.qq.com/s/wVC1NlBK_Ehnoa0xYvkiXw","微信读书"
"北航就业","2026-08-12","招聘 | 巨人网络 | 2027届秋季校园招聘正式启动","https://mp.weixin.qq.com/s/Mnh_Rmj_g2t9cXJ4lIjW5g","微信读书"
"北航就业","2026-08-12","招聘 | 基恩士 | 2027届秋季校园招聘开启","https://mp.weixin.qq.com/s/TOaYXlueX146QRJxzv8sGQ","微信读书"
"北航就业","2026-08-11","招聘 | 迅雷 | 2027届校园招聘正式启动","https://mp.weixin.qq.com/s/DNw19cwGt0_-wAz_KK_cdg","微信读书"
"北航就业","2026-08-11","招聘 | 拓竹科技 | 2027届校园招聘正式启动","https://mp.weixin.qq.com/s/i_Sz5BdPob20AA5JW_MCSA","微信读书"
"北航就业","2026-08-11","招聘 | 蚂蚁集团 | 2027届校园招聘正式启动","https://mp.weixin.qq.com/s/mfSLTmz6g6wOUWQl9fmYog","微信读书"
"北航就业","2026-08-11","招聘 | 龙湖集团 | 2027届仕官生校园招聘启动","https://mp.weixin.qq.com/s/JGWsdmLCbdSXe5I6L0CFzw","微信读书"
"北航就业","2026-08-11","招聘 | 科锐国际 | 2026年春季校园招聘系统接入中","https://mp.weixin.qq.com/s/KPUESDhybxMqcrAPhhMdSg","微信读书"
"北航就业","2026-08-11","招聘 | 寒武纪 | 2027届校园招聘正式启动","https://mp.weixin.qq.com/s/B4jRYECxlkEM8rwhk8qtFg","微信读书"
"北航就业","2026-08-11","招聘 | 传音控股 | TAIG-AI顶尖人才招聘计划正式启动","https://mp.weixin.qq.com/s/Ya_bFEfVI1Yo1PmO9KBoiA","微信读书"
"北航就业","2026-08-11","实习 | 航天九院研发中心 | 实习生岗位招聘公告","https://mp.weixin.qq.com/s/Xqyr2Erqisq0Ha01gRrtBg","微信读书"
"北航就业","2026-08-10","招聘＆实习 | 中国软件评测中心 | 2027届校园招聘正式启动","https://mp.weixin.qq.com/s/zx30AcGj0-v312uE8Dn7pQ","微信读书"
"北航就业","2026-08-10","招聘 | 中国空间技术研究院通信与导航卫星总体部 | 2027届校园招聘全面启动","https://mp.weixin.qq.com/s/eJc4OQwNpfrpzM9nPYG-QA","微信读书"
"北航就业","2026-08-09","招聘 | 芯恩集成电路有限公司 | 2027届校园招聘正式启动！","https://mp.weixin.qq.com/s/tlSTXLM6PI6J0IOuJSDujA","微信读书"
"北航就业","2026-08-09","招聘 | 北京燕东微电子股份有限公司 | 2027届校园招聘博士生专场即将开启","https://mp.weixin.qq.com/s/MJ80cwNpJTxq5QbsSA2DWA","微信读书"
"北航就业","2026-08-08","招聘 | 中微公司 | 2027届「登峰计划」校园招聘博士提前批启动","https://mp.weixin.qq.com/s/CBhLOTWEaed1QtaV__zpyQ","微信读书"
"北航就业","2026-08-08","招聘 | 柠檬微趣 | 2027届校招正式启动","https://mp.weixin.qq.com/s/-xWRA1r5eZsm5jGUt0B5MQ","微信读书"
"北航就业","2026-08-08","招聘 | 联想 | 2027届校园招聘全面启动","https://mp.weixin.qq.com/s/e4OVLTBlm7lP8rU9twd2vw","微信读书"
"北航就业","2026-08-08","招聘 | 京东 | 2027届校园招聘全面启动","https://mp.weixin.qq.com/s/Aff2qEneY3dVdVbDnKbFNg","微信读书"
"北航就业","2026-08-08","招聘 | 阿里云 | 2027届应届生招聘全球启动","https://mp.weixin.qq.com/s/tU1ITM7hh_j0YPADEM2bZQ","微信读书"
"北航就业","2026-08-08","暑期促就业攻坚行动 | 招聘大礼包持续推送 | 重点企业招聘信息合辑（第24期）","https://mp.weixin.qq.com/s/Q_tfP853KeY9sSaYNrT3sg","微信读书"
"北航就业","2026-08-07","招聘 | 中国科学院青岛生物能源与过程研究所 | 博士后招聘启事","https://mp.weixin.qq.com/s/lmvgyeOusZwAas5mqKR2jg","微信读书"
"北航就业","2026-08-07","招聘 | 中国航天科工集团六院41所 | 2027届招聘简章","https://mp.weixin.qq.com/s/KWCxptP1YPdKI77eGBZKvA","微信读书"
"北航就业","2026-08-07","招聘 | 庆阳市市直事业单位 | 2026年公开引进高层次人才公告","https://mp.weixin.qq.com/s/MNGUZzNBrZBiFGeVEPByKw","微信读书"
"北航就业","2026-08-07","招聘 | 阿里国际 | 2027届应届生招聘正式启动","https://mp.weixin.qq.com/s/h4S9GHri7BwuHrai4kfkoQ","微信读书"
"北航就业","2026-08-07","暑期促就业攻坚行动 | 招聘大礼包持续推送 | 重点企业招聘信息合辑（第23期）","https://mp.weixin.qq.com/s/MHTW_kL5uJAnBaJeJMrqAA","微信读书"
"北航就业","2026-08-06","招聘 | 淘天集团 | 2027届校园招聘正式批","https://mp.weixin.qq.com/s/5gGWc7x1vMoM_1C9VTZdwA","微信读书"
"北航就业","2026-08-06","招聘 | 睿创微纳 | 2027届“追光者”校园招聘","https://mp.weixin.qq.com/s/lCuESD_1Y85rpysbJx5VEg","微信读书"
"北航就业","2026-08-06","招聘 | 米哈游 | 2027届校园招聘","https://mp.weixin.qq.com/s/k26HkwPGynebdmgf1CfqIw","微信读书"
"北航就业","2026-08-06","招聘 | 浪潮集团 | 2027届校园招聘提前批","https://mp.weixin.qq.com/s/wyqyUOH1WWP86C0b0SR3Bg","微信读书"
"北航就业","2026-08-06","暑期促就业攻坚行动 | 招聘大礼包持续推送 | 重点企业招聘信息合辑（第21期）","https://mp.weixin.qq.com/s/bVPlqWHLKgHi43ZHLhZu4g","微信读书"
"北航就业","2026-08-04","招聘 | 宇石空间 | 2027届校招&实习生计划正式启动！","https://mp.weixin.qq.com/s/ieFYONO-IMz5tZwGhAH-iw","微信读书"
"北航就业","2026-08-04","夏令营 | 中国船舶集团有限公司第七一五研究所 | “尖峰计划”2026年夏令营来啦！","https://mp.weixin.qq.com/s/k4zxIquvLU9pYIar1z7Jaw","微信读书"
"北航就业","2026-08-04","暑期促就业攻坚行动 | 招聘大礼包持续推送 | 重点企业招聘信息合辑（第20期）","https://mp.weixin.qq.com/s/YONKy40SWnM-5Fk61zZaAg","微信读书"
"北航就业","2026-08-03","招聘 | MDPI曼迪匹艾科技服务有限公司 | 2026年招聘","https://mp.weixin.qq.com/s/o53ifFgUhkCgozm4cQaqmA","微信读书"
"北航就业","2026-08-03","招聘 | 中国电子科技集团公司第四十三研究所 | 2027届校园招聘","https://mp.weixin.qq.com/s/7C8fPnBnv-FSKgVl_vf6JA","微信读书"
"北航就业","2026-08-03","招聘 | 远景能源 | 2027届全球校园招聘正式启动","https://mp.weixin.qq.com/s/vDZ5yz35fUqj_XLGSjpxMg","微信读书"
"北航就业","2026-08-03","招聘 | 星宸科技股份有限公司 | 2027届校园招聘正式启动","https://mp.weixin.qq.com/s/FOMLVSHMQD8-xdrxWUwVCA","微信读书"
"北航就业","2026-08-03","招聘 | 普华永道 | 2027届校园招聘正式开启","https://mp.weixin.qq.com/s/awjMDq8Kaona5RPvuCl6UA","微信读书"
"北航就业","2026-08-03","招聘 | 航空工业兴华 | 2027届校园招聘正式开始","https://mp.weixin.qq.com/s/Qnrhovjd8wuym0jn1IjSKA","微信读书"
"北航就业","2026-08-03","招聘 | 比亚迪 | 2027届博士系列技术峰会火热来袭","https://mp.weixin.qq.com/s/uhIallUyAR042UJ73SbwTA","微信读书"
"北航就业","2026-08-03","提升就业/职业竞争力，零门槛学AI，北航微专业面向社会招生","https://mp.weixin.qq.com/s/dENOc8SGhdks0_Xb7ViFDg","微信读书"
"北航就业","2026-07-31","招聘 | 招银网络科技 | 2027届秋季校园招聘","https://mp.weixin.qq.com/s/4MQolbfEPcDHBvTqOzZe7A","微信读书"
"北航就业","2026-07-31","招聘 | 国家国防科工局军工项目审核中心 | 2026年度博士后招收公告","https://mp.weixin.qq.com/s/E_mDwvXS4sT7z9_gd27hZg","微信读书"
"北航就业","2026-07-31","暑期促就业攻坚行动 | 招聘大礼包持续推送 | 重点企业招聘信息合辑（第19期）","https://mp.weixin.qq.com/s/bQcf3QYmKycgXmhYwvpRSA","微信读书"
"北航就业","2026-07-31","青岛市博士人才需求对接及“百所高校千名博士青岛行”活动邀请函","https://mp.weixin.qq.com/s/oG24g0OJU4V5l2mTldS78A","微信读书"
"北航就业","2026-07-31","开放日 | 中国电科产业基础研究院 | 2027届暑期开放日邀请函","https://mp.weixin.qq.com/s/xTRX_aFltwpSJKhBkJVcqA","微信读书"
"北航就业","2026-07-30","招生 | 航天一院14所 | 2027级自培研究生","https://mp.weixin.qq.com/s/PjZVKB_p-4eTNXMRcUlV6Q","微信读书"
"北航就业","2026-07-30","招聘 | 中国电子科技集团公司第四十、四十一研究所 | 2026届校园招聘","https://mp.weixin.qq.com/s/463BXYSriob2gTT_T06SnQ","微信读书"
"北航就业","2026-07-30","招聘 | 迅雷 | 2027届校园招聘提前批","https://mp.weixin.qq.com/s/rgNeEfGjXBwkPWH7N03lWg","微信读书"
"北航就业","2026-07-30","招聘 | 四方股份 | 2027届校招提前批正式启动","https://mp.weixin.qq.com/s/BBPHf_kFOh3MsT3yf_zlYA","微信读书"
"北航就业","2026-07-30","招聘 | 平行线教育 | 2027届校招提前批开启","https://mp.weixin.qq.com/s/l_404aEZYBovGYcgqKxaoQ","微信读书"
"北航就业","2026-07-30","招聘 | 汇川技术 | 2027届校园招聘首批岗位上新","https://mp.weixin.qq.com/s/H2zaNgI_0u8uTTjnypQeXA","微信读书"
"北航就业","2026-07-30","招聘 | 高标科技 | 2027届校园招聘全面启动","https://mp.weixin.qq.com/s/6DtZpMKml9btBm35--4XHw","微信读书"
"北航就业","2026-07-30","补录 | 钢研纳克 | 2026届补录招聘","https://mp.weixin.qq.com/s/nuBzkNGa7QsZ0VEQsWK7tw","微信读书"
"北航就业","2026-07-29","招聘 | Momenta | 2027届Mstar顶尖人才计划","https://mp.weixin.qq.com/s/c74czyWvnMgFRJV5uy8-Bw","微信读书"
"北航就业","2026-07-29","名校师生山东行暨2026年海内外博士(后)烟台对接交流大会","https://mp.weixin.qq.com/s/diMHkUm0u5fQhp26Ekg34A","微信读书"
"北航就业","2026-07-28","招聘 | OPPO | 2027届 O-Star 顶尖人才计划","https://mp.weixin.qq.com/s/ebY7iqtvn2sc-E-YHlu7Ag","微信读书"
"北航就业","2026-07-28","招聘 | 壹思唯国际教育 | 2027届校园招聘提前批正式启动","https://mp.weixin.qq.com/s/nMagzYx_621aCOmipf5g9Q","微信读书"
"北航就业","2026-07-28","招聘 | 搜狐畅游 | 2027届秋招提前批正式启动","https://mp.weixin.qq.com/s/-fYxxnro5SSZ3IT83yBSJA","微信读书"
"北航就业","2026-07-28","招聘 | 深信服科技 | [X-STAR]2027届顶尖人才校招引进提前批正式启动","https://mp.weixin.qq.com/s/dAhL0sBpZod9-ZKCCe8e4g","微信读书"
"北航就业","2026-07-28","招聘 | 百度 | IDG智能驾驶事业群组2027届校招进行时","https://mp.weixin.qq.com/s/UXeDHn2syv1av-Yz4exuYg","微信读书"
"北航就业","2026-07-28","夏令营 | 凯莱英医药集团 | 2027届夏令营开始报名","https://mp.weixin.qq.com/s/-egWYnSUKGi_GI6Fno4t5g","微信读书"
"北航就业","2026-07-27","致用人单位 | 就业末班车已开通：2026届毕业生补招岗位征集！","https://mp.weixin.qq.com/s/PAtre5O-7PCUm_X_c8Yylg","微信读书"
"北航就业","2026-07-27","招聘 | NVIDIA | 2027届校园招聘正式启动","https://mp.weixin.qq.com/s/_h5kxeHr53U4PDU-5PcNFg","微信读书"
"北航就业","2026-07-27","招聘 | 文远知行WeRide | 2027届校园招聘正式启动","https://mp.weixin.qq.com/s/mOHTQ2Km6TreB0_KVR1s2w","微信读书"
"北航就业","2026-07-27","招聘 | 理想汽车 | 2027届顶尖技术人才专项“理想+”计划全面启动","https://mp.weixin.qq.com/s/-PiyW-4w5-VKgobjEO5xag","微信读书"
"北航就业","2026-07-27","招聘 | 科大讯飞 | 2027届秋季校园招聘全面启动","https://mp.weixin.qq.com/s/_auAnRQjtye1q3_-WgU1EA","微信读书"
"北航就业","2026-07-27","招聘 | 比亚迪 | 2027届博士校园招聘正式开启","https://mp.weixin.qq.com/s/w8vSMmT1kew_R6O1M3ED-w","微信读书"
"北航就业","2026-07-27","暑期促就业攻坚行动 | 招聘大礼包持续推送 | 重点企业招聘信息合辑（第18期）","https://mp.weixin.qq.com/s/b3g-7G_-Gjeg04gC5WPlBg","微信读书"
"北航就业","2026-07-25","招聘 | 中国兵器工业集团有限公司 | 2027届博士招聘提前批","https://mp.weixin.qq.com/s/SL2Om3bfed9af7KeTbGM9A","微信读书"
"北航就业","2026-07-25","招聘 | 影石 | 2027届秋季校园招聘启动","https://mp.weixin.qq.com/s/2MC5dDl0FcSNwWe3vfEVaQ","微信读书"
"北航就业","2026-07-25","招聘 | 网易游戏雷火 | 秋季校招全球启动","https://mp.weixin.qq.com/s/uds6wdY1N1Tt1JWcVFiT7w","微信读书"
"北航就业","2026-07-25","夏令营 | 凯莱英医药集团（天津）股份有限公司 | 2027届夏令营开始报名","https://mp.weixin.qq.com/s/Xi7Dx5NOqOsqsLiv29Vbig","微信读书"
"北航就业","2026-07-25","暑期促就业攻坚行动 | 招聘大礼包持续推送 | 重点企业招聘信息合辑（第17期）","https://mp.weixin.qq.com/s/hZ8qdA_MmBJxvjcn3_TXSw","微信读书"
"北航就业","2026-07-25","实习 | 奇瑞捷豹路虎 | 2027届FREE UP实习生项目正式启动","https://mp.weixin.qq.com/s/ki0iCVKfOg0rPBQuvmcRPw","微信读书"
"北航就业","2026-07-25","开放日 | 中国电子科技集团公司第四十三研究所 | 2026年暑期开放日邀请函","https://mp.weixin.qq.com/s/ap7nHKvec8_amvxmo7FALg","微信读书"
"北航就业","2026-07-25","开放日 | 中国兵器工业集团第二〇五研究所 | 2026年暑期人才开放日","https://mp.weixin.qq.com/s/CtFZ_B2tAQgLPL0SX9lIqQ","微信读书"
"北航就业","2026-07-23","重磅！北航推出“人工智能及人文社科应用”微专业，向社会开放招生中","https://mp.weixin.qq.com/s/RGnC3akOWMLou1y1M_-WAQ","微信读书"
"北航就业","2026-07-23","招聘 | vivo | 产品总经理储备计划全球招聘启动","https://mp.weixin.qq.com/s/CFbpU-kUw19FfcCMCfQ8yQ","微信读书"
"北航就业","2026-07-23","招聘 | 网易游戏（互娱） | 2027届校园招聘正式启动","https://mp.weixin.qq.com/s/pZZT64iW2OYlEKqsdf_PWw","微信读书"
"北航就业","2026-07-23","招聘 | 联发科技 | 2027届校园招聘提前批正式启动","https://mp.weixin.qq.com/s/yN0F3jprhCQFBT1ge2TgAw","微信读书"
"北航就业","2026-07-23","夏令营 | 科大讯飞 | 2027届校招星火夏令营暨提前批站点面试正式开启","https://mp.weixin.qq.com/s/nDTBjnkneYuUG58goVVKfQ","微信读书"
"北航就业","2026-07-23","比赛 | 兴业银行 | 第五届TouchCIB•数字兴业科技挑战赛暨金融科技人才提前批招聘","https://mp.weixin.qq.com/s/E3yRM0T6QtAfS6nrvNJuQA","微信读书"
"北航就业","2026-07-22","招聘 | 紫光（北京）智控科技有限公司 | 招聘简章","https://mp.weixin.qq.com/s/Eg45X5NOjy4hpBocHmPrAA","微信读书"
"北航就业","2026-07-22","招聘 | 腾讯音乐娱乐集团 | 2027届技术大咖计划全球启动","https://mp.weixin.qq.com/s/5668UmYLFzN2UCJHMhVGuQ","微信读书"
"北航就业","2026-07-22","招聘 | 商汤 | 2027届顶尖人才计划","https://mp.weixin.qq.com/s/Vc_JED1_YrnHYAEABn9eTw","微信读书"
"北航就业","2026-07-22","招聘 | 山东省科学院海洋仪器仪表研究所 | 高层次人才招聘信息","https://mp.weixin.qq.com/s/_t8F3fp9_bmdSCUKzJtALw","微信读书"
"北航就业","2026-07-22","招聘 | 河南科技学院软件学院 | 招聘简章","https://mp.weixin.qq.com/s/S6WP4sKNk7oG6YCMRYj0jw","微信读书"
"北航就业","2026-07-22","招聘 | 禾赛科技 | 2027届校园招聘提前批启动","https://mp.weixin.qq.com/s/LEeq5N0a7515oWd2L1UIMQ","微信读书"
"北航就业","2026-07-21","招聘 | OPPO | 2027届全球校园招聘启动","https://mp.weixin.qq.com/s/BDQmMscHs-WUBxgQhoDECg","微信读书"
"北航就业","2026-07-21","招聘 | 卓驭 | 2027届校招正式启动","https://mp.weixin.qq.com/s/Y96DKgP2DBtPIpy6_Bt1Jg","微信读书"
"北航就业","2026-07-21","招聘 | 智元 | 2027届校园招聘全面启动","https://mp.weixin.qq.com/s/XpoThXu0We2oCHswZsSziQ","微信读书"
"北航就业","2026-07-21","招聘 | 鹰角网络 | 2027届秋季校园招聘提前批启动","https://mp.weixin.qq.com/s/7ZNNM_QmRiRWwBTXBVHegg","微信读书"
"北航就业","2026-07-21","招聘 | 思瑞浦 | 2027届校园招聘正式启动","https://mp.weixin.qq.com/s/OpxzQdnLEofBjSMxu-oxXw","微信读书"
"北航就业","2026-07-21","招聘 | 河南省科学院 | 类器官芯片与药物转化研究院招聘公告","https://mp.weixin.qq.com/s/Lj60sdvpb1GocECME3LulQ","微信读书"
"北航就业","2026-07-21","招聘 | 国机重装 | 博士人才暑期参访行暨2027届校园招聘提前批邀请函","https://mp.weixin.qq.com/s/R1m1hC0O8P7VxuOOeSAcPQ","微信读书"
"北航就业","2026-07-21","招聘 | 电信科学技术第十研究所有限公司 | 诚揽四方博士英才","https://mp.weixin.qq.com/s/SFHWnU6Nw8pYPhYhEa5_2w","微信读书"
"北航就业","2026-07-18","招聘 | 深圳信步科技 | 2027届提前批启动","https://mp.weixin.qq.com/s/72XIzuMkEyVLdBuWu2gZNA","微信读书"
"北航就业","2026-07-18","招聘 | 快手 | 2027届秋招校园大使启动招募","https://mp.weixin.qq.com/s/VgWVBiwEQiJUB3hOip-DXg","微信读书"
"北航就业","2026-07-17","招聘 | 中智集团总部产业研究院 | 2026年博士后招聘公告","https://mp.weixin.qq.com/s/wCzbGwnm0BGWrWAbDuJz5A","微信读书"
"北航就业","2026-07-17","招聘 | 中国兵器工业导航与控制技术研究所 | 2027届提前批","https://mp.weixin.qq.com/s/YJE78fgRxF664Q_GmhKguA","微信读书"
"北航就业","2026-07-17","实习 | 航天科技集团五院遥感卫星总体部 | 2027届暑期实习招募全面启动","https://mp.weixin.qq.com/s/Y8tsVV6MNENi2k5xLdqtiQ","微信读书"
"北航就业","2026-07-17","开放日 | 航空工业成飞 | 2026年暑期开放日","https://mp.weixin.qq.com/s/aicHx1fFKqQxJgSCkbQYaw","微信读书"
"北航就业","2026-07-16","开放日 | 中国船舶集团有限公司系统工程研究院&中船智海创新研究院 | 2027届校招企业开放日邀请函","https://mp.weixin.qq.com/s/ewIo3w6InT-PeGCwA9XU5Q","微信读书"
"北航就业","2026-07-15","招聘 | 米哈游 | 2027届校园招聘技术提前批启动","https://mp.weixin.qq.com/s/3mXvRXD4XiGuRQZmlfg0iQ","微信读书"
"北航就业","2026-07-15","招聘 | 虹软科技 | 2027届秋招提前批正式开启","https://mp.weixin.qq.com/s/ljwdm6OoMYpfIBejU251qA","微信读书"
"北航就业","2026-07-15","招聘 | 航天502所 | 2027届校园招聘提前批正式启动","https://mp.weixin.qq.com/s/ItzpJOtiBwHl8xbwn1Oyow","微信读书"
"北航就业","2026-07-15","招聘 | 点点互动 | EliteProgram+校招启动","https://mp.weixin.qq.com/s/tE_mg5MF4A5tKBy86vxgEA","微信读书"
"北航就业","2026-07-15","开放日 | 太行国家实验室 | 2026年博士研究生OpenDay交流活动正式启动","https://mp.weixin.qq.com/s/kyMrvYo1Bf0GAU26x6cZ5w","微信读书"
"北航就业","2026-07-15","比赛 | 第五届石家庄“海石杯”高层次人才创新创业大赛正式开启","https://mp.weixin.qq.com/s/UsDB_B1VeGr4qN1U4rK1ww","微信读书"
"北航就业","2026-07-14","招聘 | 字节跳动 | 2027届校园招聘AI产品经理早鸟通道正式启动","https://mp.weixin.qq.com/s/-Kag8k4Fkqk4c1nKfBQx7g","微信读书"
"北航就业","2026-07-14","招聘 | 韶音科技 | 2027届提前批校园招聘启动","https://mp.weixin.qq.com/s/09uRRGyV7wOxREQm-b5Ggg","微信读书"
"北航就业","2026-07-13","招聘 | RoboSense | 2027届全球校园招聘提前批","https://mp.weixin.qq.com/s/xhJcDHI-0p_BA-BJkajA6w","微信读书"
"北航就业","2026-07-13","招聘 | 卓驭科技（原大疆车载） | 2027 届秋季校园招聘","https://mp.weixin.qq.com/s/8iiiCgYDMhKlNZtfiCUzyg","微信读书"
"北航就业","2026-07-13","招聘 | 四川大学锦江学院 | 2026年春季学期招聘公告","https://mp.weixin.qq.com/s/wXNVu1skqoDYbtlvSb2NDg","微信读书"
"北航就业","2026-07-13","招聘 | 快手 | 2027届快Star顶尖技术人才计划全球启动","https://mp.weixin.qq.com/s/2bQ6i4iodHG2qTYZE1XhJQ","微信读书"
"北航就业","2026-07-13","招聘 | 科华集团 | 2027届校园招聘提前批","https://mp.weixin.qq.com/s/F-p2RxoNZ2jb0YipHW3lmw","微信读书"
"北航就业","2026-07-13","招聘 | 百度 | 2027届校园招聘","https://mp.weixin.qq.com/s/w6LAp7HUuofqaD_LpG2y9A","微信读书"
"北航就业","2026-07-13","论坛 | 哈尔滨工业大学郑州高等研究院 | 第十四届卓越青年学者神州论坛","https://mp.weixin.qq.com/s/jctCGqZTHRin8MTnmYXTmA","微信读书"
"北航就业","2026-07-13","开放日 | 中国航天科技集团有限公司第五研究院第五一三所 | 暑假开放日活动","https://mp.weixin.qq.com/s/0XalAGgbEiw9tShHWMyfHg","微信读书"
"北航就业","2026-07-10","招聘 | 航天智能院 | 2027届校园招聘正式启动","https://mp.weixin.qq.com/s/bB440YF7h3KKqov9Jvj7ZQ","微信读书"
"北航就业","2026-07-10","开放日 | 中国兵器工业集团第二〇二研究所 | 2027届暑期开放日正式启动","https://mp.weixin.qq.com/s/PjtdCUAqz2Pde6E3i-6PGg","微信读书"
"北航就业","2026-07-09","招聘 | 中国科学院成都生物研究所 | 2027届校园招聘","https://mp.weixin.qq.com/s/p6CGwDBklo7pQzFlhDLixA","微信读书"
"北航就业","2026-07-09","招聘 | 元戎启行 | 2027届秋季校园招聘","https://mp.weixin.qq.com/s/Rw95_YPlLpcqQ7wCzNktZA","微信读书"
"北航就业","2026-07-09","招聘 | 国防科技大学理学院 | 2026年博士后招聘","https://mp.weixin.qq.com/s/XZqCjZ1yMGv4pv3KBlmuxA","微信读书"
"北航就业","2026-07-09","招聘 | 北方华创 | 2027届校招提前批","https://mp.weixin.qq.com/s/cjjPNedoUVcD-k-OGzFwUA","微信读书"
"北航就业","2026-07-09","开放日 | 中国航空工业集团公司雷华电子技术研究所 | 2026年暑期开放日","https://mp.weixin.qq.com/s/pkWTc1UgRW76Uou5B3IYtw","微信读书"
"北航就业","2026-07-08","招聘 | vivo | “蓝极星计划”2026年顶尖人才校园招聘专项","https://mp.weixin.qq.com/s/dsRFdrBfJagYnDsAS2vGgg","微信读书"
"北航就业","2026-07-08","招聘 | 中茵微电子 | 2027届校招启动","https://mp.weixin.qq.com/s/pX2Yus4KJKuSz9d6deJbRA","微信读书"
"北航就业","2026-07-08","招聘 | 智元 | 2027届顶尖人才专项“优才计划”全球启动","https://mp.weixin.qq.com/s/9Tq-CFjSDVOexSkR8tN-aw","微信读书"
"北航就业","2026-07-08","招聘 | 微步在线 | 2027届校招开启","https://mp.weixin.qq.com/s/4naIdBvZ66_FkuqsxmPEug","微信读书"
"北航就业","2026-07-08","招聘 | 石家庄二中 | 2026年公开选聘优秀教师公告","https://mp.weixin.qq.com/s/XBINSLVDdpkFOQLsuVKCrQ","微信读书"
"北航就业","2026-06-26","招聘 | 中国（教育部）留学服务中心 | 2026年度上半年公开招聘公告（非事业编制）","https://mp.weixin.qq.com/s/mOvRtlzGCC_LHT2TKb2bQQ","微信读书"
"北航就业","2026-06-26","招聘 | 学而思 | 2027届秋招提前批空宣","https://mp.weixin.qq.com/s/2nHZqrfy_JAWT-vEXl-9ug","微信读书"
"北航就业","2026-06-26","招聘 | 米哈游 | AI引擎×游戏引擎技术沙龙报名启动","https://mp.weixin.qq.com/s/3qetm3eaerCPQ63ZkuPc0Q","微信读书"
"北航就业","2026-06-26","招聘 | 辽宁省锦州市市属事业单位 | 2026年面向“双一流”建设高校招聘引进人才公告","https://mp.weixin.qq.com/s/uiJKWw3YO32YCw90jQVTUg","微信读书"
"北航就业","2026-06-26","招聘 | 基恩士 | 2027届秋季校园招聘","https://mp.weixin.qq.com/s/3KHtLu7et74QUIXBpL_4fg","微信读书"
"北航就业","2026-06-26","实习 | 无锡高新区 | 2026年暑期实训项目","https://mp.weixin.qq.com/s/Cpck_ZNzGYvYNwIH-xfaYw","微信读书"
"北航就业","2026-06-26","实习 | 门头沟区 | 2026年暑期政务见习营邀请函","https://mp.weixin.qq.com/s/yqH4cNfJOXtb6az5g1UiBQ","微信读书"
"北航就业","2026-06-26","开放日 | 中国航发燃气轮机有限公司 | 暑期开放日","https://mp.weixin.qq.com/s/thLohejbHMnq5pD0ahiT-A","微信读书"
"北航就业","2026-06-25","招聘 | 拓竹科技 | 2027届研发类校招提前批","https://mp.weixin.qq.com/s/43Tt1DMAqaBvultcKiac_A","微信读书"
"北航就业","2026-06-25","招聘 | 恒力重工集团有限公司 | 2026年度校园招聘","https://mp.weixin.qq.com/s/aIFL5PfKRG-Or-Ct9I72gA","微信读书"
"北航就业","2026-06-25","招聘 | 滴滴 | 未来精英Elite Salon自动驾驶北京专场","https://mp.weixin.qq.com/s/V8icVgvhmQTMWVLu_7900A","微信读书"
"北航就业","2026-06-25","夏令营 | 中国电器科学研究院股份有限公司 | 2027届硕博精英夏令营","https://mp.weixin.qq.com/s/8FHsB-50RROiuLyC8gri0g","微信读书"
"北航就业","2026-06-25","夏令营 | 中国兵器工业集团西安机电信息技术研究所 | 暑期夏令营邀请函","https://mp.weixin.qq.com/s/_obvc_LEFDHxZTavbVX0Lg","微信读书"
"北航就业","2026-06-24","招聘 | 中国电信人工智能研究院 | 2027届人才计划启动","https://mp.weixin.qq.com/s/gh6nRkU4WgJjxFCo7lecxQ","微信读书"
"北航就业","2026-06-24","招聘 | 新东方大学生学习与发展中心广东省域 | 2027届校园招聘提前批","https://mp.weixin.qq.com/s/1uTzLVuv9cQREB-TQuIFmg","微信读书"
"北航就业","2026-06-24","招聘 | 电信科学技术第一研究所有限公司 | 招聘公告","https://mp.weixin.qq.com/s/VdTUT_6i_wi349ASffyHyA","微信读书"
"北航就业","2026-06-24","宣讲 | 重庆大学 | 2027年研究生招生宣讲","https://mp.weixin.qq.com/s/ZBxIT22HxWu3Y3a_Nprk4Q","微信读书"
"北航就业","2026-06-24","实习 | 视源股份 | 2027届暑期实习人力资源招募中","https://mp.weixin.qq.com/s/_BqEqOBQzxpH6j9lskAS-w","微信读书"
"北航就业","2026-06-24","开放日 | 中国电子科技集团公司第十四研究所 | 2027届暑期开放日暨硕士推免生预选拔邀请函","https://mp.weixin.qq.com/s/2dkEHcUFrec9bIkOump_WQ","微信读书"
"北航就业","2026-06-23","招聘 | 四川英杰电气股份有限公司 | 2027届校园招聘","https://mp.weixin.qq.com/s/KFhBsPqH6OTAJ3nYSAPY6g","微信读书"
"北航就业","2026-06-23","招聘 | 禾赛科技 | 2027届校园招聘","https://mp.weixin.qq.com/s/N9xtenZBYF5FmUMyUeD_8g","微信读书"
"北航就业","2026-06-23","招聘 | 阿里星 | 2027届应届生招聘","https://mp.weixin.qq.com/s/WB4G8XaPKTrvumO0o60glQ","微信读书"
"北航就业","2026-06-23","实习 | 大连商品交易所 | 2026年度暑期实习生招收简章","https://mp.weixin.qq.com/s/xOtCnZFExUjQGsOuz5zkEg","微信读书"
"北航就业","2026-06-23","开放日 | 三一集团 | “星辰计划”管培生项目","https://mp.weixin.qq.com/s/W_h8PpfJLT8WLrkcPwWmjQ","微信读书"
"北航就业","2026-06-19","招聘 | 中国航天科技集团有限公司五院五一三所 | 2026届校园招聘","https://mp.weixin.qq.com/s/atYiHDkjScPlSlMfWYDy6w","微信读书"
"北航就业","2026-06-19","招聘 | 浙江大学杭州国际科创中心 | 2026年全球人才招聘","https://mp.weixin.qq.com/s/CPEDeovl4AGXDBF-ovkYXg","微信读书"
"北航就业","2026-06-19","招聘 | 河南省科学院碳基复合材料研究院 | 诚聘海内外博士","https://mp.weixin.qq.com/s/RpFduBCq5DqlnQKULr7Gvw","微信读书"
"北航就业","2026-06-19","招聘 | 北京国望光学科技有限公司 | 2027届校园招聘启动啦","https://mp.weixin.qq.com/s/AK7ueeyQY-_D4NQbq8LWbw","微信读书"
"北航就业","2026-06-19","招聘 | 百度 | 2027届IDG顶尖人才招募正式启动","https://mp.weixin.qq.com/s/Joe6H8TFkVkZz_rwsD8Gew","微信读书"
"北航就业","2026-06-19","开放周 | 中国航发北京航空材料研究院 | 2026年“青曜苍穹逐梦航材”暑期开放周活动","https://mp.weixin.qq.com/s/jxLx_Rrdv0GoGW_NsGOq5w","微信读书"
"北航就业","2026-06-18","招聘 | 中国电子科技集团公司第三十三研究所 | 2026年招聘简章","https://mp.weixin.qq.com/s/yPGZqelqZhS-1rD7ltbLXw","微信读书"
"北航就业","2026-06-18","招聘 | 浙江理工大学科技与艺术学院 | 2026年专任教师招聘公告（第一批）","https://mp.weixin.qq.com/s/vgPVHlj-dRdik_C3uUMsSw","微信读书"
"北航就业","2026-06-18","招聘 | 河南省科学院新型显示技术研究所 | 2026年人才招聘公告","https://mp.weixin.qq.com/s/jnVFZuBnRVbGh3F-yFwEjw","微信读书"
"北航就业","2026-06-18","招聘 | 大连理工大学盘锦校区 | 2026年专任教师招聘公告","https://mp.weixin.qq.com/s/JT5fX30z44KsgDVAfCf6vQ","微信读书"
"北航就业","2026-06-18","实践 | 华工科技 | 2026年“武汉光谷行”活动","https://mp.weixin.qq.com/s/2LSiyVG30ksGTae1DVeeRQ","微信读书"
"北航就业","2026-06-17","招聘 | 上海宇量昇科技有限公司 | 2027届校园招聘启动","https://mp.weixin.qq.com/s/TrAPgLqXM12LEwycXU31EA","微信读书"
"北航就业","2026-06-17","招聘 | 科大讯飞研究院 | 2027届「飞星计划」正式启动","https://mp.weixin.qq.com/s/enlivDQAO2C3q9aMX8e_yQ","微信读书"
"北航就业","2026-06-17","招聘 | 杰瑞集团 | 2027届校园招聘提前批来啦","https://mp.weixin.qq.com/s/WpqdMFaMbzLXdQtnN7FlGA","微信读书"
"北航就业","2026-06-17","招聘 | 海尔智家 | 2027届顶尖人才项目","https://mp.weixin.qq.com/s/v7ESK3vk1I1HQSj8IJiA-A","微信读书"
"北航就业","2026-06-17","实习 | 好未来 | 2027届实习转正招聘","https://mp.weixin.qq.com/s/TWpMmdHR_ek-G2sbkf2fsw","微信读书"
"北航就业","2026-06-17","实习 | 度小满 | AI顶尖人才实习招募","https://mp.weixin.qq.com/s/rvvE3Nij6GuKf1DMsiwGcQ","微信读书"
"北航就业","2026-06-16","招聘 | 中国科学院西北生态环境资源研究院 | 2026年人才招聘启事","https://mp.weixin.qq.com/s/j6YeVO-zh_NMSt8OKo8HDg","微信读书"
"北航就业","2026-06-16","招聘 | 壹思唯国际教育 | 2027届校园招聘提前批","https://mp.weixin.qq.com/s/1IhQKA7bFnglortkIZODAQ","微信读书"
"北航就业","2026-06-16","招聘 | 乾元国家实验室 | 诚邀海内外各类英才","https://mp.weixin.qq.com/s/Dq3WgcT7Oy0HxlDeVjNKBA","微信读书"
"北航就业","2026-06-16","招聘 | 河北移动雄安公司 | 2026年夏季校园招聘","https://mp.weixin.qq.com/s/u4kFfoTb1_GY8bW_GS09Dw","微信读书"
"北航就业","2026-06-16","公告 | 北京经济技术开发区 | 2026年教育领域第二批公开招聘事业单位工作人员公告","https://mp.weixin.qq.com/s/XErFmhHQGA_0S_EFBlQbug","微信读书"
"北航就业","2026-06-16","公告 | 2026年伊犁州直面向高校毕业生引进教师公告","https://mp.weixin.qq.com/s/x3hlRvrFDeVkNS9om8csMA","微信读书"
"北航就业","2026-06-15","招聘 | 宇通集团 | 2027届校园招聘提前批","https://mp.weixin.qq.com/s/CmCLW3pQzCMxFIumdyuvbw","微信读书"
"北航就业","2026-06-15","招聘 | 北京市医疗器械检验研究院 | 2026年招聘公告","https://mp.weixin.qq.com/s/u8a0RtpabA5qvsgpX-MC0Q","微信读书"
"北航就业","2026-06-15","开放日 | 中国航发控制系统研究所 | 2026年暑期开放日邀请函","https://mp.weixin.qq.com/s/h8lWDeywNiHBn4PyBiyskg","微信读书"
"北航就业","2026-06-15","开放日 | 中船七〇二所 | 2026年暑期开放日报名开始啦","https://mp.weixin.qq.com/s/5tKy47Qkfc-NBJUxYC4tjA","微信读书"
"北航就业","2026-06-15","2026年“海淀安居直通车”驶入第四站北京航空航天大学！","https://mp.weixin.qq.com/s/HhxAt6I9vZJ7hOsKUMpNPA","微信读书"
"北航就业","2026-06-13","招聘 | 70+企业·近千岗位·高水平人才招募，西城向青年人才发出邀请","https://mp.weixin.qq.com/s/qpEltMbwcXJaialp2AaQsQ","微信读书"
"北航就业","2026-06-13","实习 | 瑞众保险总公司 | 暑期实习火热进行中","https://mp.weixin.qq.com/s/Dwd7nXT9t7cfxZFDC-vQHw","微信读书"
"北航就业","2026-06-12","招聘 | 中国航空无线电电子研究所 | 2027届提前批校园招聘正式启动","https://mp.weixin.qq.com/s/C3fXKWHVFhsQMimrqdDp5w","微信读书"
"北航就业","2026-06-12","招聘 | 哈尔滨工大卫星技术有限公司 | 2027届校园招聘正式启动","https://mp.weixin.qq.com/s/mK18edS8sOSjPo3laa4DvQ","微信读书"
"北航就业","2026-06-12","夏令营 | 中国核工业集团有限公司 | 2026年博士夏令营","https://mp.weixin.qq.com/s/Ewz6CzD1Vut0z8VxH9wSeA","微信读书"
"北航就业","2026-06-12","实习 | 度小满 | AI顶尖人才实习招募","https://mp.weixin.qq.com/s/CZZkvoHIN16iaTbCXAGEFA","微信读书"
"北航就业","2026-06-12","实习 | 北京新东方 | 2027届实习转正岗位招聘","https://mp.weixin.qq.com/s/1dSdA_dFMkFUpru9MNoL7w","微信读书"
"北航就业","2026-06-12","开放日 | 西安交通大学 x 甬江实验室任晓兵教授团队","https://mp.weixin.qq.com/s/SGoGkhPgWEKmC0aRNdEKTA","微信读书"
"北航就业","2026-06-11","招聘 | 浦东新区 | 2026年“青年人才直通车”浦东行系列活动邀请函","https://mp.weixin.qq.com/s/KnDjnMb99hYONXemH17zqw","微信读书"
"北航就业","2026-06-11","招聘 | “智汇吉林·汽聚英才”汽车产业创新与人才发展大会，诚邀全球英才！","https://mp.weixin.qq.com/s/0E-Lq6ZR3jlXGBgy_mu-LA","微信读书"
"北航就业","2026-06-11","开放日 | 阿里星 | 学术开放日","https://mp.weixin.qq.com/s/YRftzsTJIgplBFGjuGLeZA","微信读书"
"北航就业","2026-06-10","招聘 | 小米 | 全球顶尖人才校园招聘","https://mp.weixin.qq.com/s/9YekRhjWvkePwgCBTCwLAA","微信读书"
"北航就业","2026-06-10","宣讲 | 韶音科技 | 2027届提前批校园招聘启动","https://mp.weixin.qq.com/s/m7gLB837Mx6h1g3Irbf5hA","微信读书"
"北航就业","2026-06-10","实习 | 中邮理财 | 2027届暑期实习生招聘","https://mp.weixin.qq.com/s/3HU7MFoySTCj070YAuN2lA","微信读书"
"北航就业","2026-06-10","实习 | 中国移动 | 2026年梦想+实习生计划","https://mp.weixin.qq.com/s/t1QkXImV2aXA38QaZsMyNg","微信读书"
"北航就业","2026-06-10","企业邀请函 | 2026年千校万企联合促就业对接大会暨毕业生专场招聘会","https://mp.weixin.qq.com/s/5hhYYMKckR5jOREVxvSMYQ","微信读书"
"北航就业","2026-06-09","双选 | “荆彩人生·就在荆门”  2026年荆门市赴北京高校开展高层次人才招引活动北京航空航天大学站","https://mp.weixin.qq.com/s/77RsgOe_HYN9m1VfbK8RFA","微信读书"
"北航就业","2026-06-09","实习 | 中国银河证券有限公司 | 2027届暑期实习项目","https://mp.weixin.qq.com/s/PNbId7IngEbPfdjv7d_ehw","微信读书"
"北航就业","2026-06-09","实习 | 工业和信息化部电子第五研究所 | 2026年暑期薪火计划","https://mp.weixin.qq.com/s/2nSxQ8EWiE8CZM0QLAHpnA","微信读书"
"北航就业","2026-06-09","实习 | 安徽省 | 暑期政务实习招募第四期","https://mp.weixin.qq.com/s/cu3QJ-vBSz3540dsziZDNw","微信读书"
"北航就业","2026-06-09","开放日 | 航空工业洪都 | 2026年企业开放日","https://mp.weixin.qq.com/s/FRbUocZDLm926shzSv7IdQ","微信读书"
"北航就业","2026-06-09","公告 | 国防科技大学电子科学学院电子科学系 | 2026年人才引进公告","https://mp.weixin.qq.com/s/VwdDoR3mfwyJWdyQo_f9xQ","微信读书"
"北航就业","2026-06-08","招聘 | 山东省博士(后)人才招聘活动","https://mp.weixin.qq.com/s/sbf90ObkNyDP0Pp4OOmN4w","微信读书"
"北航就业","2026-06-08","招聘 | 河南省科学院平顶山产业技术研究院 | 2026年招聘博士研究生公告","https://mp.weixin.qq.com/s/eqXv8jZYJMWbH-HlsKWrOw","微信读书"
"北航就业","2026-06-08","招聘 | “云链世界 智创未来”千名博士项目对接暨人才引进签约洽谈会","https://mp.weixin.qq.com/s/SOobcRZo9Z8EkfKK1TMj1g","微信读书"
"北航就业","2026-06-08","实习 | 顺丰航空 | 2026年机务卓越工程师实习计划正式启动","https://mp.weixin.qq.com/s/n4rVtWQiHIeR0z3b5FXAoQ","微信读书"
"北航就业","2026-06-06","招聘 | 中国电子科技集团公司第十一研究所 | 2026年招聘简章","https://mp.weixin.qq.com/s/eS0Xe_mlMy7VzBgQvIDe1A","微信读书"
"北航就业","2026-06-06","招聘 | 泉城实验室 | 2026届校园招聘","https://mp.weixin.qq.com/s/ZGxLbfpQ9g4vFlfroPoZjA","微信读书"
"北航就业","2026-06-06","暑期实践 | 中国（绵阳）科技城 | 近200个岗位，等你来“试岗”","https://mp.weixin.qq.com/s/UlZ66RaM1faydtr_1-5nUQ","微信读书"
"北航就业","2026-06-06","实习 | 中国工商银行深圳市分行 | 2026年星令营暑期实习正式启动","https://mp.weixin.qq.com/s/NxUtn8mMjtsz0QoVs3AdZQ","微信读书"
"北航就业","2026-06-06","实习 | 信银理财 | 2027届校园招聘-暑期实习计划正式启动","https://mp.weixin.qq.com/s/ohfkNxWf13iMURsW-MdorA","微信读书"
"北航就业","2026-06-05","致用人单位 | 北航杭州国际校园2026年暑期校园实习/招聘双选会报名开始","https://mp.weixin.qq.com/s/wv14yTJ477PeGAuLpt4JxA","微信读书"
"北航就业","2026-06-05","招聘 | 中核环保有限公司本部 | 2026年春季校园招聘（第三批）","https://mp.weixin.qq.com/s/GhPZ1wL85-m2hpVc9Nv46w","微信读书"
"北航就业","2026-06-05","招聘 | 电科四十一所电子测试技术重点实验室 | 2026年招聘","https://mp.weixin.qq.com/s/vtNdoiYsO7WxlSm4rfvxGQ","微信读书"
"北航就业","2026-06-05","实习 | 华工科技产业股份有限公司 | 2026年实习招募","https://mp.weixin.qq.com/s/x4lhESE08YgfaLrEXjjglA","微信读书"
"北航就业","2026-06-05","实习 | 大疆 | 2027届AI实习生专项招聘计划开启","https://mp.weixin.qq.com/s/YXV5X5m8oODEipYEJFeo2A","微信读书"
"北航就业","2026-06-05","实践 | 全国重点高校博士研究生济宁社会实践","https://mp.weixin.qq.com/s/aFLX9gp9MWIrYWxqmh_ASg","微信读书"
"北航就业","2026-06-04","招聘 | 中国航天科技集团有限公司五院五一三所 | 2026届校园招聘","https://mp.weixin.qq.com/s/Oky2r_ekom9pWMUaiJTwRg","微信读书"
"北航就业","2026-06-04","招聘 | 三环集团 | 2027届校招提前批启动","https://mp.weixin.qq.com/s/Zt5YxAGL3039qMiiKjFLlg","微信读书"
"北航就业","2026-06-04","招聘 | 零壹空间 | 2026年研发人才火热招募","https://mp.weixin.qq.com/s/h33gMj_n_dQEH592uHb3cg","微信读书"
"北航就业","2026-06-04","实习 | 中国电信 | 2026年暑期实习生计划正式启动","https://mp.weixin.qq.com/s/Jj35h0-758rSkuHdQBzNyQ","微信读书"
"北航就业","2026-06-04","实习 | 小米集团 | 实习生招聘火热进行中","https://mp.weixin.qq.com/s/uvIIZ4hCBd0lDqiLjSjsCw","微信读书"
"北航就业","2026-06-04","实践 | 2026年度新疆阿克苏地区“百名硕博”社会实践活动邀请函","https://mp.weixin.qq.com/s/GKAQ-QtmrOCdzHRfjbQAiQ","微信读书"
"北航就业","2026-06-03","招聘 | 中核环保有限公司 | 2026年春季校园招聘","https://mp.weixin.qq.com/s/vKCSqzqn0gIURrZ_I4aQdw","微信读书"
"北航就业","2026-06-03","招聘 | 中国兵器工业集团-江苏曙光光电有限公司 | 2026年招聘公告","https://mp.weixin.qq.com/s/1hD7kUQjPCckV4ZA3qSETg","微信读书"
"北航就业","2026-06-03","招聘 | 长春大学 | 2026年公开招聘博士高层次人才","https://mp.weixin.qq.com/s/JgGvgGkr8KufcxqMG3aMgA","微信读书"
"北航就业","2026-06-03","招聘 | 新奥能源研究院 | 2026届校园招聘","https://mp.weixin.qq.com/s/Qe48WvtNsYUHu8EJ2159Wg","微信读书"
"北航就业","2026-06-03","宣讲 | 歌尔 | 2027届精英计划校园招聘","https://mp.weixin.qq.com/s/FKACcT-rDWsvhO75I6ZYWQ","微信读书"
"北航就业","2026-06-03","开放日 | 中航洛阳隆盛 | 2026年暑期开放日正式启动","https://mp.weixin.qq.com/s/XY-5azFZnaFO8crhzu8UsA","微信读书"
"北航就业","2026-06-02","招聘 | 五邑大学 | 诚聘全球英才！五邑大学等你来！","https://mp.weixin.qq.com/s/SJZqwuwrshWmWNvdUzo5HQ","微信读书"
"北航就业","2026-06-02","暑期实践 | 2026年全国高校学子长沙行活动","https://mp.weixin.qq.com/s/zMM7Bz4H7yjsqgEbJGcoYg","微信读书"
"北航就业","2026-06-02","实习 | 中国航发哈尔滨东安发动机有限公司 | 2027届实习生招聘计划启动啦","https://mp.weixin.qq.com/s/BFh0ZCcFw95iKe8yB-Vs2w","微信读书"
"北航就业","2026-06-02","实习 | 新东方 | 2026年暑期实习专场空中宣讲会","https://mp.weixin.qq.com/s/bIDDf7T4ybw04xW_WpbaEw","微信读书"
"北航就业","2026-06-02","实习 | 航空工业自控所 | 2026年暑期实习正式开启","https://mp.weixin.qq.com/s/I2ZsQ05x0QkWpYa1v8MWxg","微信读书"
"北航就业","2026-06-01","招聘 | TP-LINK（普联技术有限公司）| 2027届提前批校园招聘","https://mp.weixin.qq.com/s/1RDQXNK_arlZz_Ima20_wQ","微信读书"
"北航就业","2026-06-01","招聘 | 信步科技 | 边缘AI产业认知与求职交流会","https://mp.weixin.qq.com/s/p8aA16yNWJ8SgiXY4p7VuA","微信读书"
"北航就业","2026-06-01","招聘 | “园梦京西 直通WE来”2026年中关村石景山园区专场招聘会","https://mp.weixin.qq.com/s/_y6AgdKiZpwt6oRFNN5kVA","微信读书"
"北航就业","2026-06-01","实习+招聘 | 中航技进出口有限责任公司 | 2026年暑期实习暨2027届校园招聘提前批","https://mp.weixin.qq.com/s/X5Fc5WRo6F0XhilM1OUa8A","微信读书"
"北航就业","2026-06-01","实习 | 中国信息通信研究院 | 2026年“星海计划”暑期实习生招聘","https://mp.weixin.qq.com/s/nGcJ5BSYARDP8DfVAemLsw","微信读书"
"北航就业","2026-06-01","实习 | 锐捷网络 | 2027届暑期实习生招聘","https://mp.weixin.qq.com/s/iuIJRsIBuUmhhl7iBlxC8g","微信读书"
"北航就业","2026-05-31","招聘 | 快手 | 2027届快Star顶尖技术人才计划全球启动","https://mp.weixin.qq.com/s/njFu_Q6N62hCUMVS2LU2tw","微信读书"
"北航就业","2026-05-30","招聘 | 新东方大学生学习与发展中心 | 2026年春季校园招聘","https://mp.weixin.qq.com/s/Gg3RhyplGyBkmbYyIzHSvw","微信读书"
"北航就业","2026-05-30","招聘 | 小红书 | REDstar 顶尖人才计划 · 线下技术沙龙，邀你6月见","https://mp.weixin.qq.com/s/AtIRKYrRcFjkAffW-xauOw","微信读书"
"北航就业","2026-05-30","实习 | 欣旺达 | 2027届实习生热招岗位","https://mp.weixin.qq.com/s/ZnkTSO7keOF407-FD0JuvA","微信读书"
"北航就业","2026-05-29","招聘 | MDPI曼迪匹艾科技服务有限公司 | 2026年春季招聘","https://mp.weixin.qq.com/s/Y3PbaYdAiHRO_vfldflrzg","微信读书"
"北航就业","2026-05-29","招聘 | 学而思 | 2026届补录暨2027届提前批空宣","https://mp.weixin.qq.com/s/LTQtuAtjSPKUABIlf9Kzuw","微信读书"
"北航就业","2026-05-29","宣讲 | 中关村壹号 | 名企面对面（商业航天系列）","https://mp.weixin.qq.com/s/tBrx_jKBTTKLKugwoHwdlQ","微信读书"
"北航就业","2026-05-29","宣讲 | 中关村壹号 | 名企面对面（人工智能系列）","https://mp.weixin.qq.com/s/oKKLRsZgCb1HBdWBQwfFRA","微信读书"
"北航就业","2026-05-29","实习 | 北京移动 | 2026年“育英计划”实习生招募开始","https://mp.weixin.qq.com/s/NKHTUq3k3lgLzXyW2G48QA","微信读书"
"北航就业","2026-05-29","开放日 | 中国航发南方工业有限公司 | 2026年暑期开放日","https://mp.weixin.qq.com/s/cMaE8OQ31WsddJfzZhYBTg","微信读书"
"北航就业","2026-05-28","招聘 | 中国一汽 | 2026年春季校园招聘","https://mp.weixin.qq.com/s/ckmm3SLMHIwfn_vBn1gveQ","微信读书"
"北航就业","2026-05-28","招聘 | 中国兵器工业第二〇六研究所 | 2026届校园招聘","https://mp.weixin.qq.com/s/Z-ngW26TnpnHm7Cgzilo6Q","微信读书"
"北航就业","2026-05-28","招聘 | 途游游戏创意训练营 | 2027届校园招聘","https://mp.weixin.qq.com/s/EZ4jbU7f-WVoPwPeKD18Ng","微信读书"
"北航就业","2026-05-28","宣讲 | 新疆智能装备研究院人才招引宣介会","https://mp.weixin.qq.com/s/fmRS6ZoOUYf9XC_c7m802A","微信读书"
"北航就业","2026-05-28","宣讲 | 阿克苏地区 | 人才引进招聘通知","https://mp.weixin.qq.com/s/N_bv-Vko4pWoyiIJiz995A","微信读书"
"北航就业","2026-05-27","招聘 | 中航投资大厦置业有限公司 | 2026届高校应届毕业生招聘公告","https://mp.weixin.qq.com/s/TAlLBj3MUNXjAYEefOWWcg","微信读书"
"北航就业","2026-05-27","招聘 | 中国兵器工业计算机应用技术研究所/中兵无人机研究院有限公司 | 2026年校园招聘","https://mp.weixin.qq.com/s/YD1wT7Thsv-Uc4_Wvk8Mng","微信读书"
"北航就业","2026-05-27","招聘 | 三七互娱 | 2026届春招","https://mp.weixin.qq.com/s/MrqHvDvZfKy-XQeMq9ud2A","微信读书"
"北航就业","2026-05-27","招聘 | 国天可信空间科技（北京）有限公司 | 招聘通知","https://mp.weixin.qq.com/s/87cAWE9CGrJS0Y3h93qDaw","微信读书"
"北航就业","2026-05-27","招聘 | 360集团 | 2026年春招","https://mp.weixin.qq.com/s/o3ggW0QIcqVinQRnf0Q1-g","微信读书"
"北航就业","2026-05-27","实践 | 东海实验室 | 百名青年博士生科创实践活动","https://mp.weixin.qq.com/s/L_igBezuGXuDJ2EwRBNJqQ","微信读书"
"北航就业","2026-05-26","招聘+实习 | 蚂蚁集团 | 蚂蚁星Plan A顶尖人才专项2027届校招/日常实习全面启动","https://mp.weixin.qq.com/s/2U7TBHAZApb0m66f94tnjQ","微信读书"
"北航就业","2026-05-26","招聘 | 中国航空工业集团审计中心 | 2026年春季校园招聘启事","https://mp.weixin.qq.com/s/YRcIUGE2bFxwtC0LVuCetA","微信读书"
"北航就业","2026-05-26","招聘 | 深圳市特区建工集团有限公司 | 2026届春季校园招聘正式启动","https://mp.weixin.qq.com/s/rwLhwAGqt7fAkhMkW04DCg","微信读书"
"北航就业","2026-05-26","招聘 | 清华大学天津高端装备研究院 | 2026年度人才招聘","https://mp.weixin.qq.com/s/pXB3VvI2ElJhSQu7EyBHHg","微信读书"
"北航就业","2026-05-26","招聘 | 宁波人才发展集团 | 博士后招聘","https://mp.weixin.qq.com/s/_wPZZniGY1Is2cDBIdCUUg","微信读书"
"北航就业","2026-05-25","招聘 | 河北金融学院 | 2026年高层次人才选聘公告","https://mp.weixin.qq.com/s/ZI3u3-uZNkNLtuDf1IDnOg","微信读书"
"北航就业","2026-05-25","在厦门，拥山海闯天地享前程——致高校毕业生的一封信","https://mp.weixin.qq.com/s/g_cIWXFb4yQi6P9NTjXEYg","微信读书"
"北航就业","2026-05-25","实习 | DJI 大疆 | 2027届AI实习生专项招聘计划","https://mp.weixin.qq.com/s/QLucb5BN18tRUFYqcPwx1w","微信读书"
"北航就业","2026-05-25","实习 | 河北建投交通投资有限责任公司 | 2026年暑期实习生招聘","https://mp.weixin.qq.com/s/cGywlSHQz29lJumSOGBLIA","微信读书"
"北航就业","2026-05-25","实习 | 好未来集团 | 2027届暑期实习生招聘","https://mp.weixin.qq.com/s/q74KhMLQe5HcMFVgX0L4hg","微信读书"
"北航就业","2026-05-22","中国电信人工智能研究院2027级联培博士招生","https://mp.weixin.qq.com/s/e5NyOuE10KqXOFFHk117NA","微信读书"
"北航就业","2026-05-22","招聘 | 航空工业昌飞 | 2026年博士招聘","https://mp.weixin.qq.com/s/kmVRySdsy1K-JsG5gPU0Jg","微信读书"
"北航就业","2026-05-22","一图读懂南京人才政策2.0","https://mp.weixin.qq.com/s/mymfm1qj08I5Oe7gNCAjbg","微信读书"
"北航就业","2026-05-22","实习 | 中国移动九天人工智能科技公司 | 2026年梦想+实习生计划重磅启动","https://mp.weixin.qq.com/s/NK7V38F4hbq1wZm9G-OA7A","微信读书"
"北航就业","2026-05-22","实习 | 远景动力 | 2027届全球培训生夏令营暨实习生报名开启","https://mp.weixin.qq.com/s/eXL-2y5rSXeiADsIzkAjGA","微信读书"
"北航就业","2026-05-22","实习 | 壹思唯国际教育 | 2026年暑期实习岗来啦","https://mp.weixin.qq.com/s/be2IPKSeT-sUsj2e61Xlhg","微信读书"
"北航就业","2026-05-21","招聘 | 中国电子科技集团公司第四十、四十一研究所 | 2026届校园招聘","https://mp.weixin.qq.com/s/VAfQnXKini4m0te4DXaEmQ","微信读书"
"北航就业","2026-05-21","招聘 | 中国电子科技集团公司第十二研究所 | 2026年校园招聘","https://mp.weixin.qq.com/s/Xw8pH8HXd0IIe9ecG7wQ4g","微信读书"
"北航就业","2026-05-21","招聘 | 烟台东方威思顿电气有限公司 | 2026届校园招聘","https://mp.weixin.qq.com/s/a3aeqzH10CqwPQDs1Ii0Eg","微信读书"
"北航就业","2026-05-21","招聘 | 韶音科技 | 2027届校园招聘","https://mp.weixin.qq.com/s/zOPUeZAausy6SFEWpQrwSg","微信读书"
"北航就业","2026-05-21","开放日 | 航空工业光电所 | 2026年暑期开放日","https://mp.weixin.qq.com/s/ifIZvc5dSORzL4apEVcFLw","微信读书"
"北航就业","2026-05-20","招聘 | 中建八局南方公司 | 2026届春季校园招聘正式启动","https://mp.weixin.qq.com/s/o9T1MBP8LDko1OaDmQlnCQ","微信读书"
"北航就业","2026-05-20","招聘 | 瑞众保险 | 2026年春季校园招聘火热进行中","https://mp.weixin.qq.com/s/K8FhpnYTDxDzYfS8Snl_YA","微信读书"
"北航就业","2026-05-20","实习+招聘 | 宝山钢铁宝山基地 | 2027届暑期实习生计划暨秋招提前批计划","https://mp.weixin.qq.com/s/L3r4pm-c99aOW5ON5zSZoQ","微信读书"
"北航就业","2026-05-20","实习 | 北京政务实习 | 暑期政务实习招募第二期","https://mp.weixin.qq.com/s/qyYTellz6aTZWN4NgRt6Wg","微信读书"
"北航就业","2026-05-20","春风行动 | 航天一院2027届提前批招聘","https://mp.weixin.qq.com/s/VAL-p44rjiQIyA8X2mfIGw","微信读书"
"北航就业","2026-05-19","招聘 | 懂车帝 | 2026年校园招聘","https://mp.weixin.qq.com/s/PuPJ_UcrURYU6EVImETsKw","微信读书"
"北航就业","2026-05-19","双选 | 2026年浦东新区青年人才直通车-北京航空航天大学专场","https://mp.weixin.qq.com/s/2Jr1MWkjgh35RJIrDWyeYw","微信读书"
"北航就业","2026-05-19","实习+补录 | 新东方 | 2027届实习启动&2026年春招补录","https://mp.weixin.qq.com/s/lOsI43mfp-Q1knlIJy0wZg","微信读书"
"北航就业","2026-05-19","实习 | 腾讯音乐 | 2026年实习生招聘","https://mp.weixin.qq.com/s/V48gwPCNK3KAiWFwGu1_gw","微信读书"
"北航就业","2026-05-19","实习 | 海天味业 | 2027届实习生项目启动","https://mp.weixin.qq.com/s/BLW8uY1Uj3XUu-g9SvBpCw","微信读书"
"北航就业","2026-05-19","开放日 | 阿里巴巴 | 学术开放日","https://mp.weixin.qq.com/s/Wq_pK9QrvT0EgkzDb5y9ZQ","微信读书"
"北航就业","2026-05-18","招聘 | 中国航天三院一五九厂 | 2026届校园招聘正式启动","https://mp.weixin.qq.com/s/mzO__2DWcExFAGZduby9GQ","微信读书"
"北航就业","2026-05-18","招聘 | 科锐国际 | 2026 届校园招聘（计算机 & 电子信息类专场）","https://mp.weixin.qq.com/s/BGUGrvgw-J31rcnSyssArg","微信读书"
"北航就业","2026-05-18","实习 | 网易游戏互娱 | 2027届实习生招聘进展速报","https://mp.weixin.qq.com/s/jZBDXZBhsvN4Fm3vhNs6eg","微信读书"
"北航就业","2026-05-18","实习 | 上汽集团 | 上汽集团暑期实习正式启动","https://mp.weixin.qq.com/s/Wrzn5sK6Ec3OH0XHhvq_xg","微信读书"
"北航就业","2026-05-18","公告 | 中国航天系统科学与工程研究院 | 2026年招收博士后研究人员公告","https://mp.weixin.qq.com/s/YjB0NXMziLMFlD0I9yvVMw","微信读书"
"北航就业","2026-05-18","公告 | 潍坊高新技术产业开发区 | 2026年公开引进高素质青年人才公告","https://mp.weixin.qq.com/s/b28Sy3NtuDad3PJSvZ5Wcg","微信读书"
"北航就业","2026-05-18","春风行动 | 航空工业机载第六届“逐梦·云程”重点高校宣讲暨双选会北航专场","https://mp.weixin.qq.com/s/qcywA3iq84khNG_dVlxK9Q","微信读书"
"北航就业","2026-05-16","招聘 | 中北大学航空宇航学院 | 诚聘英才","https://mp.weixin.qq.com/s/QWrTjqjIWXqF2r0quulbFg","微信读书"
"北航就业","2026-05-15","招聘+实习 | 新东方 | 2027届提前批/实习生招聘正式开启","https://mp.weixin.qq.com/s/1-L28xzC79wSIqeKXPCeqw","微信读书"
"北航就业","2026-05-15","招聘 | 西北工业大学 | 2026年度博士后招聘","https://mp.weixin.qq.com/s/S_Kn-H2TFDopqaI-tACSJg","微信读书"
"北航就业","2026-05-15","招聘 | 国华能源投资有限公司 | 2026年春季校园招聘","https://mp.weixin.qq.com/s/p8G2IP79OaWibsjpOpCM0w","微信读书"
"北航就业","2026-05-15","招聘 | 贵州航天天马机电科技有限公司 | 2026年招聘公告","https://mp.weixin.qq.com/s/c2RUG8hPESfQy4IAkfyhsA","微信读书"
"北航就业","2026-05-15","双选 | 北京航空航天大学2026年信息技术专场双选会","https://mp.weixin.qq.com/s/hfvFU55QKW-BvtCyupGE1g","微信读书"
"北航就业","2026-05-15","实习 | 招商银行广州分行 | 2027届暑期实习生招聘","https://mp.weixin.qq.com/s/qoj9l96FLjWaq5-wBOwljw","微信读书"
"北航就业","2026-05-15","开放日 | 中船动力（集团）有限公司 | 2026年企业开放日","https://mp.weixin.qq.com/s/cYLi2QErgix9av0hJr2Kkg","微信读书"
"北航就业","2026-05-14","招聘 | 中国科学院化学研究所 | 科技、支撑岗位工作人员招聘启事","https://mp.weixin.qq.com/s/hqN7aVC7xqJ2cvw3imhyAw","微信读书"
"北航就业","2026-05-14","招聘 | 新奥能源研究院 | 2026届校园招聘","https://mp.weixin.qq.com/s/08a8QafUlMc9NUNa-Njb1g","微信读书"
"北航就业","2026-05-14","招聘 | 米哈游 | 基础大模型技术分享报名&顶尖校招生（含实习）招募","https://mp.weixin.qq.com/s/MjzcfTncnuwqPFZ22OKWYw","微信读书"
"北航就业","2026-05-14","招聘 | 海信集团 | 2027届信动力计划招聘正式启动","https://mp.weixin.qq.com/s/o7H5-TPoFvELG1fqgVDMWQ","微信读书"
"北航就业","2026-05-14","招聘 | 百万英才汇南粤 | 2026年N城联动春季招聘活动网络招聘会将持续开展","https://mp.weixin.qq.com/s/KavHs_kUAzTdhaco6Bjr7A","微信读书"
"北航就业","2026-05-14","实习 | 中国航空工业集团第一飞机设计研究院 | 2026年实习生招聘正式启动","https://mp.weixin.qq.com/s/m7GqPPmoyNsxzyde74O20A","微信读书"
"北航就业","2026-05-14","实习 | 58同城集团 | 2027届转正实习生全球招募正式启动","https://mp.weixin.qq.com/s/Zk8cSTA8zqarci8DAB66pg","微信读书"
"北航就业","2026-05-13","字节跳动工程系列活动启动! AI 全栈挑战赛、工程训练营等你来参与","https://mp.weixin.qq.com/s/nJNG5k8mvztXFz_v3UTl3g","微信读书"
"北航就业","2026-05-13","招聘 | 天津泰达建设集团 | 2026届校园招聘","https://mp.weixin.qq.com/s/lZNLfK7G8_5f0xt1r1bpIQ","微信读书"
"北航就业","2026-05-13","招聘 | 芒果TV青芒计划 | 2026年青芒计划校园招聘启动","https://mp.weixin.qq.com/s/_WXd7mC4dVw5tUyHjUF9Yw","微信读书"
"北航就业","2026-05-13","实习+招聘 | 国金证券 | 2026年暑期实习暨2027届校园招聘正式启动","https://mp.weixin.qq.com/s/RNTRVqICYIUhOVesyEDIOA","微信读书"
"北航就业","2026-05-13","实习 | 虹科招聘 | 2027届转正实习招聘正式启动","https://mp.weixin.qq.com/s/v513Kg8MZ_pTKUVsSjaN2A","微信读书"
"北航就业","2026-05-13","实习 | 北京航天万源科技有限公司 | 2027届暑期实习招聘","https://mp.weixin.qq.com/s/8yvUn60In4Yf2BVhizSikA","微信读书"
"北航就业","2026-05-12","招聘 | 首都卓越教师书院 | 招聘简章","https://mp.weixin.qq.com/s/UfjhtakwaNtVy2e2VjD-OQ","微信读书"
"北航就业","2026-05-12","招聘 | 河南森源电气股份有限公司 | 2026届春季校园招聘简章","https://mp.weixin.qq.com/s/KK1ncfxoh9xzw70Czk9TLQ","微信读书"
"北航就业","2026-05-12","宣讲 | 中国科学院空间应用工程与技术中心 | 专场招聘宣讲会","https://mp.weixin.qq.com/s/A7JZwUpIw7XQD5NK8c6e1w","微信读书"
"北航就业","2026-05-12","宣讲 | 哈尔滨工程大学 | 辅导员队伍招贤纳士","https://mp.weixin.qq.com/s/45tBc9fKCVg6eMbJNS9YiQ","微信读书"
"北航就业","2026-05-12","双选 | 职通未来-北京航空航天大学2026年夏季就业暨实习专场双选会","https://mp.weixin.qq.com/s/aLc755bnIQfC-kl424n69Q","微信读书"
"北航就业","2026-05-12","实习 | 欣旺达 | 2027届“欣少年”实习生招聘","https://mp.weixin.qq.com/s/qx-zQodfludFcxu8CJiTfg","微信读书"
"北航就业","2026-05-11","招聘 | 塔里木大学 | 2026年公开招聘专任教师公告（第二批）","https://mp.weixin.qq.com/s/pH5sn_K0DaAU3KgmFAjxtw","微信读书"
"北航就业","2026-05-11","招聘 | 东风汽车 | 2026年全球博士招募正式启动","https://mp.weixin.qq.com/s/wQetrm4jEf-y1s2BU7P0uA","微信读书"
"北航就业","2026-05-11","宣讲 | 北航杭州国际校园 | 2026年专职辅导员岗位招聘宣讲会","https://mp.weixin.qq.com/s/murD5bUgPkYEWfBzflXBgg","微信读书"
"北航就业","2026-05-11","双选 | 职通未来-北京航空航天大学2026年夏季就业暨实习专场双选会","https://mp.weixin.qq.com/s/c2IzBODaMps9sIQerxh5pg","微信读书"
"北航就业","2026-05-11","双选 | 才聚天府·筑梦成都“蓉漂人才荟”北京航空航天大学专场活动","https://mp.weixin.qq.com/s/9r86sYjugLfyfrD1_z-CCQ","微信读书"
"北航就业","2026-05-11","公告 | 山东省临沂市 | 2026年“才聚沂蒙·京彩未来”公开引进优秀青年人才公告","https://mp.weixin.qq.com/s/wUKoZEwgCoszF6T7TlMNKw","微信读书"
"北航就业","2026-05-11","补录 | 虹科 | 2026届春季校园招聘补录","https://mp.weixin.qq.com/s/y1TMEAR2LUv5H89miRUncw","微信读书"
"北航就业","2026-05-10","招聘 | 小红书 | 「Ace顶尖实习生计划」9大方向、40+全新课题重磅发布！AI创新赛道邀你上场！","https://mp.weixin.qq.com/s/1qYktsMc0zwR-NxypAdh8Q","微信读书"
"北航就业","2026-05-10","招聘 | 海尔智家 | 全球校园招聘--2027届顶尖人才项目启动","https://mp.weixin.qq.com/s/cNb-ANWSMxK4M7S7g4_ujQ","微信读书"
"北航就业","2026-05-10","招聘 | 歌尔 | 2027届暑期北航专场实习实践项目沟通会","https://mp.weixin.qq.com/s/q-sYawMAmar_ay5q7zhh0g","微信读书"
"北航就业","2026-05-10","实习 | 阿里国际 | 2027届实习生招聘正式启动","https://mp.weixin.qq.com/s/6huZGf3Xa9ptiBTREYgFXw","微信读书"
"北航就业","2026-05-10","比赛 | 2026年“芯原杯”全国嵌入式软件开发大赛报名启动","https://mp.weixin.qq.com/s/3aqRueuwQ4p1yu4QKRF0Tg","微信读书"
"北航就业","2026-04-23","招聘 | 中建八局第二建设有限公司 | 2026届管培生暨硕博研发岗位春季招募","https://mp.weixin.qq.com/s/8Q04XGnAPymzepJyCYhLXQ","微信读书"
"北航就业","2026-04-23","招聘 | 中国南方航空 | 2026届校园招聘","https://mp.weixin.qq.com/s/24lpBafuk_KEir9Xvq3JlA","微信读书"
"北航就业","2026-04-23","招聘 | 中国科学院武汉岩土力学研究所 | 特别研究助理（含博士后）招聘简章","https://mp.weixin.qq.com/s/SaKpwJvoowcwDY8wJqrSmg","微信读书"
"北航就业","2026-04-23","招聘 | 威海 | “京”才“威”来博士（后）招聘/创业对接会","https://mp.weixin.qq.com/s/HKc0EtJzL6noIf3DFskt4Q","微信读书"
"北航就业","2026-04-23","招聘 | 搜狐集团 | 2026年春季校园招聘","https://mp.weixin.qq.com/s/TezOc9Z_7ZBH32hdX6Xbwg","微信读书"
"北航就业","2026-04-23","实习 | 深圳证券交易所 | 2026年暑期实习生招收启事","https://mp.weixin.qq.com/s/dZ-oOAn57Vzf7-FBXX3z_A","微信读书"
"北航就业","2026-04-23","报效祖国，建功西部 | 2026年西部计划火热报名中！","https://mp.weixin.qq.com/s/u_eTc_aA1SCQYTVusA4g3A","微信读书"
"北航就业","2026-04-22","招聘 | 中国网安/三十所 | 2026届校园招聘正式启动","https://mp.weixin.qq.com/s/L7XpUQJXSVfaZ2T9YKj85g","微信读书"
"北航就业","2026-04-22","招聘 | 联想 | 2026届春季校招全面启动","https://mp.weixin.qq.com/s/28sQBw8CNagcWGXZw_W0Kw","微信读书"
"北航就业","2026-04-22","招聘 | 嘉庚创新实验室 | 2026年招聘计划","https://mp.weixin.qq.com/s/gXVsALzpUP6ToOzVgZ25Qw","微信读书"
"北航就业","2026-04-22","招聘 | 汇添富基金 | 2027届校园招聘暑期选拔","https://mp.weixin.qq.com/s/llc2mZUXIYjPlcGypZ0VTg","微信读书"
"北航就业","2026-04-22","招聘 | “慧聚长三角 共筑中国梦”青年学子交流营邀请您的加入！（附岗位）","https://mp.weixin.qq.com/s/28KzR-B8zJBpvWsO0TVHrw","微信读书"
"北航就业","2026-04-22","实习 | 传音控股 | 2027届暑期实习生招聘正式启动","https://mp.weixin.qq.com/s/1pjjSlRSRDTR8qMpYGdYUQ","微信读书"
"北航就业","2026-04-21","招聘 | 中国邮政储蓄银行吉林省分行 | 2026年春季校园招聘","https://mp.weixin.qq.com/s/o_Kvm387pv7FwZMa-mmN8w","微信读书"
"北航就业","2026-04-21","招聘 | 中国航空工业集团津电 | 2026届校园招聘启动","https://mp.weixin.qq.com/s/30ScFdd0RBvxZVmAChMyiQ","微信读书"
"北航就业","2026-04-21","招聘 | 睿联技术 | 2026年校园招聘","https://mp.weixin.qq.com/s/u8R-HjHzYjfemyQaS9GSvw","微信读书"
"北航就业","2026-04-21","招聘 | 全国巡回博士博士后高层次人才专场签约洽谈会北京站","https://mp.weixin.qq.com/s/AklcjOayQ2w4np6mq0uhvQ","微信读书"
"北航就业","2026-04-21","招聘 | 启元实验室 | 2026届校园招聘","https://mp.weixin.qq.com/s/e8EBTczxY4JIV8T_CRY6UQ","微信读书"
"北航就业","2026-04-21","公告 | 西藏法院 | 2026年急需紧缺人才引进公告","https://mp.weixin.qq.com/s/lCs2mrNE_cUaJvkI3LdltA","微信读书"
"北航就业","2026-04-21","公告 | 喀什地区 | 2026年“才聚喀什·智惠丝路”春季招才引智公告","https://mp.weixin.qq.com/s/OkCqOWBLKp-t9w5DX2Jadw","微信读书"
"北航就业","2026-04-20","招聘 | 星展科技（中国） | 2026年管培生校园招聘正式启动","https://mp.weixin.qq.com/s/sby002Q_TnVWfRWGnDH15Q","微信读书"
"北航就业","2026-04-20","招聘 | 国家统计局在京直属企事业单位 | 2026年公开招聘应届毕业生公告","https://mp.weixin.qq.com/s/YRnMxuUeGhPN6SQ1Z0GkUg","微信读书"
"北航就业","2026-04-20","招聘 | 工大卫星 | 2026届&2027届硕博招聘","https://mp.weixin.qq.com/s/WoQ_xy_N2dkqJ4P15CxVWw","微信读书"
"北航就业","2026-04-20","招聘 | 峰飞航空科技 | 2026年校园招聘持续进行","https://mp.weixin.qq.com/s/SfeNpFBnvrwh4WncEiSafA","微信读书"
"北航就业","2026-04-20","宣讲 | 学而思 | 2026年春季校园招聘","https://mp.weixin.qq.com/s/VwTSa9jcEV2TyhlJ8MnG1A","微信读书"
"北航就业","2026-04-20","双选 | 北京航空航天大学2026届毕业生春季大型综合暨“专精特新小巨人” 专场双选会","https://mp.weixin.qq.com/s/apjz8zHUBe67Rd6L97RopA","微信读书"
"北航就业","2026-04-19","招聘 | 中国国新控股有限责任公司 | 2026届春季校园招聘正式启动","https://mp.weixin.qq.com/s/aTkhUGrrrFmTKv9DQxlGbQ","微信读书"
"北航就业","2026-04-19","招聘 | 新天智汇能源科技（雄安）有限公司 | 2026年春季招聘","https://mp.weixin.qq.com/s/o3y1b8KGkzsU9EoF3YhTJw","微信读书"
"北航就业","2026-04-19","招聘 | 山西两棵树教育科技有限公司 | 引进人才公告","https://mp.weixin.qq.com/s/uWciJSujnqxqMmXvK1Hjaw","微信读书"
"北航就业","2026-04-19","招聘 | 荣耀 | 机器人问鼎马拉松之巅，广纳全球英才","https://mp.weixin.qq.com/s/k7t4j7bEZKglO4gRNADVSQ","微信读书"
"北航就业","2026-04-19","招聘 | 泉州银行总行 | 2026年春季校园招聘","https://mp.weixin.qq.com/s/keCXC4KtYU1Re8Lt-AUVfQ","微信读书"
"北航就业","2026-04-19","招聘 | 河北建投集团 | 2026年春季校园招聘正式启动","https://mp.weixin.qq.com/s/_ALnqb16OOaffhj-F63uoA","微信读书"
"北航就业","2026-04-19","招聘 | 鼎阳科技 | 2026届校招营销专场正式启动","https://mp.weixin.qq.com/s/pTT9uOHZQwEJWV4vAkS-Tw","微信读书"
"北航就业","2026-04-19","实习 | 米哈游 | 全年实习生招聘项目启动","https://mp.weixin.qq.com/s/1FygMOwW5ipWH4wkqSSpiw","微信读书"
"北航就业","2026-04-17","招聘 | 字节跳动 | 前沿技术领域人才校招正式启动","https://mp.weixin.qq.com/s/wrKYM8bfX5SpAGMq5UN-Uw","微信读书"
"北航就业","2026-04-17","招聘 | 途游游戏 | 2026届春季校园招聘正式启动","https://mp.weixin.qq.com/s/dRRJgX0oSogqF1MKh92g4g","微信读书"
"北航就业","2026-04-17","招聘 | 陕西中烟工业有限责任公司 | 2026年应届高校毕业生招聘公告","https://mp.weixin.qq.com/s/6XALdsNc3NrPkOAQmDxqpA","微信读书"
"北航就业","2026-04-17","招聘 | 湖南能源集团 | 2026年春季校园招聘","https://mp.weixin.qq.com/s/l0xrxNxPzRnSIfmL_i2zmw","微信读书"
"北航就业","2026-04-17","招聘 | 合肥产投集团 | 2026届第二批校园招聘正式启动","https://mp.weixin.qq.com/s/T3K0PrMrSp4gH4Q7qocgZw","微信读书"
"北航就业","2026-04-17","招聘 | 广发银行北京分行 | 2026年度春季校园招聘","https://mp.weixin.qq.com/s/f9A8A4A9kABI6t8RGhLVdg","微信读书"
"北航就业","2026-04-17","春风行动 | 航天企业专场推介会","https://mp.weixin.qq.com/s/H-paM3ra04zl0-jppp0wBQ","微信读书"
"北航就业","2026-04-17","比赛 | 芯原 | 2026年“芯原杯”全国嵌入式软件开发大赛报名启动","https://mp.weixin.qq.com/s/tdgEmwZwGASWWsDsu1_2RQ","微信读书"
"北航就业","2026-04-16","招聘 | 中国一汽 | 2026年春季校园招聘","https://mp.weixin.qq.com/s/RYRqvwe-wUlEBigvZKRblA","微信读书"
"北航就业","2026-04-16","招聘 | 中国电子科技集团公司第三研究所 | 2026年度校园招聘","https://mp.weixin.qq.com/s/hy3bb6oi6QF_IjbJlbyMuA","微信读书"
"北航就业","2026-04-16","招聘 | 长江产业集团 | 2026届春季校园招聘开启","https://mp.weixin.qq.com/s/Fcxl3c3qKR-bSjjYCYLIMA","微信读书"
"北航就业","2026-04-16","招聘 | 运城职业技术大学 | 2026年博士人才引进公告","https://mp.weixin.qq.com/s/2HwbgTgF_CaxtAO6jOGluw","微信读书"
"北航就业","2026-04-16","招聘 | 人大附中亦庄新城学校 | 2026年春季教师招聘公告","https://mp.weixin.qq.com/s/w2M_R0bkrr6XO2_OtNntPg","微信读书"
"北航就业","2026-04-16","招聘 | 东升科技园 | 2026年硕博专场","https://mp.weixin.qq.com/s/SMj6d7RGn4AMVXSvoK0duw","微信读书"
"北航就业","2026-04-16","实习 | 联发科技 | 2027届实习生招聘正式启动","https://mp.weixin.qq.com/s/z3EfX1b6693w0h7fZVEXqQ","微信读书"
"北航就业","2026-04-16","实习 | 飞猪 | 2027届实习生招聘宣讲行程","https://mp.weixin.qq.com/s/9CZjbCj-h54r-MYSTOKg4w","微信读书"
"北航就业","2026-04-15","招聘 | 中国华腾工业有限公司 | 2026年度春季招聘","https://mp.weixin.qq.com/s/LT-ltddVMheQ8A4_4b7YJg","微信读书"
"北航就业","2026-04-15","招聘 | 南方科技大学附属中学 | 面向全国招聘优秀教师、2026年应届毕业生","https://mp.weixin.qq.com/s/I-HBumHLiD8VvdbgXga7Tg","微信读书"
"北航就业","2026-04-15","招聘 | 经纬恒润 | 2026年春季博士校园招聘正式启动","https://mp.weixin.qq.com/s/SBc865Xu4LvXZX-InxsrWg","微信读书"
"北航就业","2026-04-15","招聘 | 好未来学而思 | 2026年春季校园招聘正式启动","https://mp.weixin.qq.com/s/VvpKSk6P457sgB5uHdz7WQ","微信读书"
"北航就业","2026-04-15","招聘 | 宝丰集团 | 2026年春季校园招聘","https://mp.weixin.qq.com/s/damaX0HDR7t1_En_TagjDQ","微信读书"
"北航就业","2026-04-15","用人单位邀请函 | 职通未来-北京航空航天大学2026年夏季实习生专场双选会","https://mp.weixin.qq.com/s/yVGyzekagZVmSWvH2fNPqA","微信读书"
"北航就业","2026-04-15","宣讲 | 荣耀 | 2026年实习生“逐梦计划”全球启动","https://mp.weixin.qq.com/s/zxDbUDEhF9CPpstNoIM1gw","微信读书"
"北航就业","2026-04-15","宣讲 | 民政部所属单位 | 2026年度公开招聘应届毕业生公告","https://mp.weixin.qq.com/s/30Gp7qw7jMmizF5qt0tIYA","微信读书"
"北航就业","2026-04-14","招聘 | 中国刑事警察学院 | 2026年招聘公告","https://mp.weixin.qq.com/s/NWwysZCHFbj-4chjzNCzMA","微信读书"
"北航就业","2026-04-14","招聘 | 中国航天科工三院 | 2026年春季校园招聘正式启动","https://mp.weixin.qq.com/s/Zzw7od19vNcOXmwmi9kTcQ","微信读书"
"北航就业","2026-04-14","招聘 | 西部超导材料科技股份有限公司 | 2026届硕博春季招聘","https://mp.weixin.qq.com/s/ChhY92PiiTgjXGYhN1VPPA","微信读书"
"北航就业","2026-04-14","招聘 | 数据所（兴唐公司）| 2026年春季校园招聘","https://mp.weixin.qq.com/s/wfA4EFEyoEkHlRyANsrrnA","微信读书"
"北航就业","2026-04-14","招聘 | 千里智驾 | 2026年春季校园招聘正式启动","https://mp.weixin.qq.com/s/6WayswRKIE5FJkITiN7Vlg","微信读书"
"北航就业","2026-04-14","招聘 | 华润江中 | 2026届春季校园招聘正式启动","https://mp.weixin.qq.com/s/nT_GrmQAFy4bNm8x9W9EJQ","微信读书"
"北航就业","2026-04-14","招聘 | 步步高实验学校 | 2026年春季招聘","https://mp.weixin.qq.com/s/XQRGlT1CqP8AE38TPj2D0g","微信读书"
"北航就业","2026-04-14","实习 | 安克创新 | 2027届实习生招聘","https://mp.weixin.qq.com/s/OABDOavGjCQX87YedUh4fQ","微信读书"
"北航就业","2026-04-13","招聘 | 中国航天科技集团有限公司五院五一三所 | 2026届秋季校园招聘","https://mp.weixin.qq.com/s/udVaDowfFhTsqvZQol9N8A","微信读书"
"北航就业","2026-04-13","招聘 | 招商银行广州分行 | 2026年春季校园招聘","https://mp.weixin.qq.com/s/CcbxxgOVQUDEvHBUO4AYZg","微信读书"
"北航就业","2026-04-13","招聘 | 小天才 | 2026届春招启动","https://mp.weixin.qq.com/s/CbteDZB7kOGhOyCkZ1-V5Q","微信读书"
"北航就业","2026-04-13","招聘 | 青岛海关所属事业单位 | 2026年公开招聘工作人员公告","https://mp.weixin.qq.com/s/SQdTyJrMMgoqTNuKmkicFQ","微信读书"
"北航就业","2026-04-13","招聘 | 河北省秦皇岛市北戴河中学 | 2026年公开选聘教师的公告","https://mp.weixin.qq.com/s/VZCe0dTzVv72u0Oultr6oQ","微信读书"
"北航就业","2026-04-13","招聘 | 国家大剧院 | 2026年度公开招聘工作人员公告","https://mp.weixin.qq.com/s/9NqvdjdpcVLFEoV6ZefCXA","微信读书"
"北航就业","2026-04-13","宣讲 | 中国东方航空远航飞行人才＆东航运行控制中心飞行签派储备人才 | 2026年招聘","https://mp.weixin.qq.com/s/RaSF-0VsccATaq52dBJNjg","微信读书"
"北航就业","2026-04-13","宣讲 | 之江实验室 | 2026年校园招聘正式启动","https://mp.weixin.qq.com/s/UscQCdVY1r7Oc2wFtCHUzg","微信读书"
"北航就业","2026-04-12","招聘 | 中邮消费金融 | 2026年春季校园招聘正式启动","https://mp.weixin.qq.com/s/m_3EQ4RHuITUvhw5_v0S5Q","微信读书"
"北航就业","2026-04-12","招聘 | 通付盾 | 2026年春季校园招聘","https://mp.weixin.qq.com/s/GkNvhHLQMYIi34L0jUpwMA","微信读书"
"北航就业","2026-04-12","招聘 | 搜狐畅游 | 2026届春季校园招聘正式批已经启动","https://mp.weixin.qq.com/s/btI6sSdo0AsDJ9w4_ApDOQ","微信读书"
"北航就业","2026-04-12","招聘 | 联想 | 2026年春季校招AI专项","https://mp.weixin.qq.com/s/_3B7ZvvpoDabGHNQxsuB3g","微信读书"
"北航就业","2026-04-12","招聘 | 国防科技大学电子对抗学院 | 2026年度人才引进正式启动","https://mp.weixin.qq.com/s/PRIhCjv6C_0JWgklBKWaDw","微信读书"
"北航就业","2026-04-12","宣讲 | 山西省大同市 | 2026年引进博士人才宣讲会","https://mp.weixin.qq.com/s/xFxxzNP3mRwhS1LyZvDEcg","微信读书"
"北航就业","2026-04-12","实习 | TP-LINK | 2027届暑期实习生招聘正式启动","https://mp.weixin.qq.com/s/OZ3Ohl9cCBEtvZLijzH_5A","微信读书"
"北航就业","2026-04-12","开放日 | 中电博微电子科技有限公司/中国电子科技集团公司第三十八研究所 | 2026年博士专场开放日邀请函","https://mp.weixin.qq.com/s/6lf55MsUN0vNpAuPDtyJjQ","微信读书"
"北航就业","2026-04-11","招聘 | 长沙市望城区 | 2026年面向全国公开引进事业引才博士","https://mp.weixin.qq.com/s/PSAE0QHCwIStMnSyoaunbg","微信读书"
"北航就业","2026-04-11","招聘 | 苏州高新区 | 2026年管委会人才引进公告","https://mp.weixin.qq.com/s/0u23RoD8hD2xQ4GGCwNBzg","微信读书"
"北航就业","2026-04-11","招聘 | 睿联 | 2026年校园招聘","https://mp.weixin.qq.com/s/27aV_mHb0GmFubsegV0BfA","微信读书"
"北航就业","2026-04-11","招聘 | 财信金控 | 2026年“晨星计划”春季全球校招正式启幕","https://mp.weixin.qq.com/s/NQNiVqw1oOKkXi02rZl8lw","微信读书"
"北航就业","2026-04-11","招聘 | 渤海银行 | 2026年春季校园招聘正式启动","https://mp.weixin.qq.com/s/GYE5yoYVysXIWCma7w-Gcw","微信读书"
"北航就业","2026-04-11","招聘 | 北京站青海专场招聘会","https://mp.weixin.qq.com/s/uaL_pFrjJkpJfhUKyJB3JQ","微信读书"
"北航就业","2026-04-11","双选 | 重庆市永川区 | 北京航空航天大学专场招聘会","https://mp.weixin.qq.com/s/poViLzhzD3rNBfV54nm_tA","微信读书"
"北航就业","2026-04-11","实习+补招 | 网易游戏雷火 | 2027届暑期精英实习&2026届补招全球启动","https://mp.weixin.qq.com/s/kRUPAWOGGvdDlZZU7I1ZqQ","微信读书"
"北航就业","2026-04-10","招聘 | 四川九洲空管科技有限责任公司 | 2026届校园招聘正式开启","https://mp.weixin.qq.com/s/do-tNoHFsXEXv9NqpXR6CA","微信读书"
"北航就业","2026-04-10","招聘 | 锐捷网络 | 2026届春季招聘正式启动","https://mp.weixin.qq.com/s/bQs1fZedg7wiPpCU5TM2gA","微信读书"
"北航就业","2026-04-10","招聘 | 江苏省国信集团 | 2026年春季集中招聘公告","https://mp.weixin.qq.com/s/BVlIe5PTl_PcJAN8JBji8Q","微信读书"
"北航就业","2026-04-10","招聘 | 河北省人社厅 | 组团招聘","https://mp.weixin.qq.com/s/VT6AK870fGVA_9db9RnAcA","微信读书"
"北航就业","2026-04-10","招聘 | 2026年青岛莱西市 | “莱聚英才” 青年人才优选公告","https://mp.weixin.qq.com/s/T6z-k52HcJXQeNIoBg44tw","微信读书"
"北航就业","2026-04-10","双选 | 工信就业-中博汇高层次人才洽谈会2026年度春季全国巡回招聘会","https://mp.weixin.qq.com/s/EdjMAzzmwhzO0iCCXqiGbA","微信读书"
"北航就业","2026-04-10","实习 | 中欧基金 | 2027届暑期实习生招聘启动","https://mp.weixin.qq.com/s/1iCmGyTHuoYy86D6fGeqAg","微信读书"
"北航就业","2026-04-10","实习 | 滴滴 | 2027届秋招储备实习生项目正式启动","https://mp.weixin.qq.com/s/SNVHZ1uvgI9zfXem_g6H0Q","微信读书"
"北航就业","2026-04-09","招聘 | 中建三局集团（深圳）有限公司、中建八局第一有限公司、中建八局浙江建设有限公司 | 2026届春季校园招聘正式启动","https://mp.weixin.qq.com/s/lcstB8TbJ1COIVdGUMS8TA","微信读书"
"北航就业","2026-04-09","招聘 | 中国光大银行北京分行 | 2026年春季校园招聘正式启动","https://mp.weixin.qq.com/s/2c1yHImhRWykVEgRI8O3KQ","微信读书"
"北航就业","2026-04-09","招聘 | 上海市长宁区 | 2026年度储备人才招聘工作启动","https://mp.weixin.qq.com/s/ou6Svq3D50LCoAX5Z440eg","微信读书"
"北航就业","2026-04-09","招聘 | 人大附中北京经济技术开发区学校 | 2026年教师招聘公告","https://mp.weixin.qq.com/s/HEeV1Crf3X2vhXJnNHhLDQ","微信读书"
"北航就业","2026-04-09","招聘 | 凤凰出版传媒集团 | 2026年春季招聘","https://mp.weixin.qq.com/s/hfolI7Z6Fjxf0W37_Kz77g","微信读书"
"北航就业","2026-04-09","公告 | 新疆省昌吉州 | 2026年上半年高层次人才引进公告","https://mp.weixin.qq.com/s/MCG5ZSzdUmzqx42n5dKaKA","微信读书"
"北航就业","2026-04-09","公告 | 呼和浩特市教育系统 | 2026年第二批人才引进公告","https://mp.weixin.qq.com/s/iLQR-I9FQ7ffNIBo1vQt3g","微信读书"
"北航就业","2026-04-09","调剂信息 | 2026年各研究所、高校考研调剂信息合辑（第11期）","https://mp.weixin.qq.com/s/M4Q6T2Gg2boX6Al8ns9MqQ","微信读书"
"北航就业","2026-04-08","招聘 | 苏州农商银行 | 2026年春季校园招聘正式启动","https://mp.weixin.qq.com/s/LVAfSimh504YVp_-BHDAiA","微信读书"
"北航就业","2026-04-08","招聘 | 国药数科 | 2026届春季校园招聘火热进行中","https://mp.weixin.qq.com/s/gqdegdPdrl9wskmUvL0xHQ","微信读书"
"北航就业","2026-04-08","招聘 | 东莞海昌 | 2026年校园招聘","https://mp.weixin.qq.com/s/LZ8-8_0wCHITDYVXvFL1dQ","微信读书"
"北航就业","2026-04-08","招聘 | 步步高实验学校 | 2026年春季招聘","https://mp.weixin.qq.com/s/nK2Z_7fbAHZrurSUXO6UKQ","微信读书"
"北航就业","2026-04-08","宣讲 | 招商银行 | 第10季数字金融训练营（2027届校招提前批）宣讲会","https://mp.weixin.qq.com/s/3ho3O1Yy2iMSQUZWQvUCFQ","微信读书"
"北航就业","2026-04-08","宣讲 | 荣耀 | 2026年荣耀实习生“逐梦计划”全球启动","https://mp.weixin.qq.com/s/HBen2qZ0RAUAyd-8NH1hHA","微信读书"
"北航就业","2026-04-08","公告 | 青岛市即墨区 | 2026年“优秀青年人才选育计划（事业单位工作人员）”公告","https://mp.weixin.qq.com/s/GYpj7SdoveoZ-rUMfofIDw","微信读书"
"北航就业","2026-04-08","调剂信息 | 2026年各研究所、高校考研调剂信息合辑（第10期）","https://mp.weixin.qq.com/s/khneAsyh0ukeFjDXnlzi-Q","微信读书"
"北航就业","2026-04-07","招聘 | 中国移动云能力中心、中国移动云南公司 | 2026年春季校园招聘火热启动","https://mp.weixin.qq.com/s/MzNBOVU2ZRCXJMPLlGoMAQ","微信读书"
"北航就业","2026-04-07","招聘 | 太平洋保险、中国太平洋人寿保险股份有限公司 | 2026届校园招聘正式启动","https://mp.weixin.qq.com/s/RkI3mIRO3spaMo7U1opRcg","微信读书"
"北航就业","2026-04-07","招聘 | 深圳市杉川机器人有限公司 | 2026年春招","https://mp.weixin.qq.com/s/vmaGYXFVAa167oDEIOsW-Q","微信读书"
"北航就业","2026-04-07","招聘 | 宁夏区烟草专卖局（公司）| 2026年应届高校毕业生招聘","https://mp.weixin.qq.com/s/vYU2c3XEP_wAAz99Tnh4PQ","微信读书"
"北航就业","2026-04-07","招聘 | 河南省科学院光资源与环境科学研究所 | 校园招聘","https://mp.weixin.qq.com/s/svdMWNvKTCpfDx7Jc1jy3w","微信读书"
"北航就业","2026-04-07","招聘 | “禾国企同行”嘉兴市属国有企业 | 2026年上半年公开招聘正式启动","https://mp.weixin.qq.com/s/PWKtD6RO7Jkbm_W_hQZvzA","微信读书"
"北航就业","2026-04-07","宣讲 | 国防科技大学 | 2026年度高层次科技创新人才招聘宣讲","https://mp.weixin.qq.com/s/ufcVYnDjjR_LFSx6H-Bp4A","微信读书"
"北航就业","2026-04-07","调剂信息 | 2026年各研究所、高校考研调剂信息合辑（第9期）","https://mp.weixin.qq.com/s/IYuAzrUSSK5ggasQHN5wjQ","微信读书"
"北航就业","2026-04-06","招聘活动预告 | 北京航空航天大学双选会&宣讲会预告（4.7-4.10）","https://mp.weixin.qq.com/s/tKQR0j1deoKdTlIZF10qFg","微信读书"
"北航就业","2026-04-06","招聘 | 中航科创 | 2026年“百名博士进科创”人才专项活动火热报名中","https://mp.weixin.qq.com/s/UGl8ANcoSbQiCSrPrGG6mA","微信读书"
"北航就业","2026-04-06","招聘 | 中国贸促会专利商标事务所 | 2026届春季校园招聘","https://mp.weixin.qq.com/s/jSc3T04cBRv8nINIAe56MA","微信读书"
"北航就业","2026-04-06","招聘 | 中国科学院合肥物质科学研究院 | 2026年博士后研究人员招聘公告","https://mp.weixin.qq.com/s/-QNXGVaGbWHPrdMu22ovfg","微信读书"
"北航就业","2026-04-06","招聘 | 正力新能 | 2026届校园招聘正式启动","https://mp.weixin.qq.com/s/wUASACx2Zcmt4okwOOVpRg","微信读书"
"北航就业","2026-04-06","招聘 | 快手 | 2026年春季校园招聘启动","https://mp.weixin.qq.com/s/56QaGHsmVzjs5T1LxFMp-g","微信读书"
"北航就业","2026-04-06","招聘 | 华宝新能 | 2026届春季全球校园招聘正式启动","https://mp.weixin.qq.com/s/59k-_1h5C0haCIfG5xhobA","微信读书"
"北航就业","2026-04-06","宣讲 | 第十六届“中兴捧月”全球精英挑战赛正式启动","https://mp.weixin.qq.com/s/2OK56gpk6ZGaoymg3z3xSA","微信读书"
"北航就业","2026-04-05","招聘 | 中粮集团 | 2026届春季校园招聘正式启动","https://mp.weixin.qq.com/s/tmLKYeoDj8Z7p-BU_Qd6PQ","微信读书"
"北航就业","2026-04-05","招聘 | 招银网络科技 | 2026年春招笔面试指南","https://mp.weixin.qq.com/s/docmyyEBMSNBAEEuyMbirQ","微信读书"
"北航就业","2026-04-05","招聘 | 长春大学 | 2026年公开招聘博士高层次人才","https://mp.weixin.qq.com/s/yUVFxW6k1zfSIjpCKx6MUQ","微信读书"
"北航就业","2026-04-05","招聘 | 吉利汽车集团 | 2026届国际管培生招聘","https://mp.weixin.qq.com/s/_G7Lkvujl8mz9v-PeGqDew","微信读书"
"北航就业","2026-04-05","招聘 | 河北省天然气有限责任公司 | 2026年管培生招聘","https://mp.weixin.qq.com/s/wbqqFqUg04np8kGO9MpeuQ","微信读书"
"北航就业","2026-04-05","招聘 | 超聚变 | 2026届春季校园招聘正式启动","https://mp.weixin.qq.com/s/P232ahwn17IPyRSgWDTw8A","微信读书"
"北航就业","2026-04-05","公告 | 国防科技大学外国语学院 | 2026年人才引进公告","https://mp.weixin.qq.com/s/IO9brH9LvPmQjBDzTgmnIQ","微信读书"
"北航就业","2026-04-05","调剂信息 | 2026年各研究所、高校考研调剂信息合辑（第8期）","https://mp.weixin.qq.com/s/nn-fVBZ7piBvwsBfxt3SIQ","微信读书"
"北航就业","2026-04-04","招聘 | 中国广电 | 2026年校园招聘正式启动","https://mp.weixin.qq.com/s/ek_rNKTBHInofzmCDBeNWA","微信读书"
"北航就业","2026-04-04","招聘 | 中国电科第十八研究所 | 2026届校园招聘","https://mp.weixin.qq.com/s/4rB-aIkUcAdHK2upQv2a-A","微信读书"
"北航就业","2026-04-04","招聘 | 郑州宇通集团 | 2026届春季校园招聘","https://mp.weixin.qq.com/s/nQx30RGvjPgqydts0cTevg","微信读书"
"北航就业","2026-04-04","招聘 | 江西洪都商用飞机股份有限公司 | 博士招聘公告","https://mp.weixin.qq.com/s/1dMrCBzOJ6HOGvmChsIBBg","微信读书"
"北航就业","2026-04-04","招聘 | 海尔新能源 | 2026年校园招聘正式启动","https://mp.weixin.qq.com/s/AUZTFbx5ffvAZ1tMiRoflg","微信读书"
"北航就业","2026-04-04","实习 | 泰康基金 | 2027届暑期泰YOUNG实习生招聘正式启动","https://mp.weixin.qq.com/s/W65qRqwE2X2CyUwrbaOl9g","微信读书"
"北航就业","2026-04-04","公告 | 昌吉学院 | 2026年高层次人才（团队）引进公告","https://mp.weixin.qq.com/s/xeGFZ9-G4JsSeQagO-Z81A","微信读书"
"北航就业","2026-04-04","调剂信息 | 2026年各研究所、高校考研调剂信息合辑（第7期）","https://mp.weixin.qq.com/s/7b_WT79iyBoGXE86TQmKzg","微信读书"
"北航就业","2026-04-03","招聘 | 中央财经大学智慧校园建设中心 | 校园招聘","https://mp.weixin.qq.com/s/my0D5uZlHNArdEav6pIWsw","微信读书"
"北航就业","2026-04-03","招聘 | 中建智地&中建智城 | 2026届春季校园招聘正式启动","https://mp.weixin.qq.com/s/yQlFFW6JsxkshfMagQxbPA","微信读书"
"北航就业","2026-04-03","招聘 | 中国航天科工集团第六研究院41所 | 招聘公告","https://mp.weixin.qq.com/s/UBC-FTnVp5UaZapYgABqRQ","微信读书"
"北航就业","2026-04-03","招聘 | 深圳市南山区 | 公开招聘高层次紧缺专业人才","https://mp.weixin.qq.com/s/KHbg9fHHS8RnGo-SbxENdQ","微信读书"
"北航就业","2026-04-03","招聘 | 山西新华防化装备研究院 | 2026届校园招聘公告","https://mp.weixin.qq.com/s/bxfMuElr0aDUXAoBx4-OtQ","微信读书"
"北航就业","2026-04-03","招聘 | 联通数据智能有限公司 | 2026届春季校园招聘正式启动","https://mp.weixin.qq.com/s/R_IYgx6-nt-gAh-tzxwJwA","微信读书"
"北航就业","2026-04-03","实习 | 招商银行总行 | 2027届暑期实习生招聘正式启动","https://mp.weixin.qq.com/s/Zy1K5zocP--UbA4ANVvhlQ","微信读书"
"北航就业","2026-04-03","调剂信息 | 2026年各研究所、高校考研调剂信息合辑（第6期）","https://mp.weixin.qq.com/s/VUH3uWUYArsI979tSXf9CA","微信读书"
"北航就业","2026-04-02","招聘 | 中国科学院沈阳自动化研究所 | 2026年春季招聘正式启动","https://mp.weixin.qq.com/s/4KuhA_nMJphPTwqN-n4DFA","微信读书"
"北航就业","2026-04-02","招聘 | 龙湖集团 | 2026年春季校园招聘正式开启","https://mp.weixin.qq.com/s/zDf8C_Vc-SnISz5NTadpqA","微信读书"
"北航就业","2026-04-02","招聘 | 合肥工业大学 | 2026年管理人员招聘公告","https://mp.weixin.qq.com/s/VzDXky8nk00em8yjdq_Rsg","微信读书"
"北航就业","2026-04-02","招聘 | 国家粮食和物资储备局直属联系单位 | 2026年度公开招聘工作人员","https://mp.weixin.qq.com/s/W4LPntLBt3i-FfOVa0wiSA","微信读书"
"北航就业","2026-04-02","招聘 | 国家粮食和物资储备局垂直管理局事业单位 | 2026年度公开招聘工作人员","https://mp.weixin.qq.com/s/gojVlPYfy5dKa33zKCkGfQ","微信读书"
"北航就业","2026-04-02","招聘 | “百万英才汇南粤”广州市花都区 | 2026年集中公开招聘事业单位工作人员公告","https://mp.weixin.qq.com/s/wVkUUk_KIqv4nft5jDdNow","微信读书"
"北航就业","2026-04-02","开放日 | 中国信通院 | 2026年人工智能专场开放日","https://mp.weixin.qq.com/s/jpOY0u5faJc7Q8IKVLVTgg","微信读书"
"北航就业","2026-04-02","调剂信息 | 2026年各研究所、高校考研调剂信息合辑（第5期）","https://mp.weixin.qq.com/s/Vj9CxXBzNck62A7sQxrdzQ","微信读书"
"北航就业","2026-04-01","招聘 | ASML | 2026届春招启动","https://mp.weixin.qq.com/s/nEUie25TCpj8QQVXzKmLBA","微信读书"
"北航就业","2026-04-01","招聘 | 中邮理财 | 2026届春季校园招聘正式启动","https://mp.weixin.qq.com/s/6btYjQXqxdcO4qR_2OkPNA","微信读书"
"北航就业","2026-04-01","招聘 | 中国铁塔 | 2026年春季校园招聘正式启动","https://mp.weixin.qq.com/s/yZX32CpZBTTfeEm55YJanQ","微信读书"
"北航就业","2026-04-01","招聘 | 智洋创新 | 2026届校园招聘正式启动","https://mp.weixin.qq.com/s/FCrzTUWCLcVxQ_X56aZ0Lg","微信读书"
"北航就业","2026-04-01","招聘 | 首都机场集团有限公司 | 2026年春季校园招聘","https://mp.weixin.qq.com/s/Rc-MtUyeQjtvJl5tzahAEQ","微信读书"
"北航就业","2026-04-01","招聘 | 南航科技（广东横琴）有限公司 | 2026届校园招聘","https://mp.weixin.qq.com/s/a8Hr6innOKIhROfxJ5wXpA","微信读书"
"北航就业","2026-04-01","招聘 | 吉利控股集团 | 2026届全球管培生计划正式启动","https://mp.weixin.qq.com/s/OafXAqgSwQPRc8MwvPK2sw","微信读书"
"北航就业","2026-04-01","调剂信息 | 2026年各研究所、高校考研调剂信息合辑（第4期）","https://mp.weixin.qq.com/s/_kOS89NBTd14mFxYzlwOGg","微信读书"
"北航就业","2026-03-31","招聘 | 中科信公司 | 2026届春季校园招聘正式启动","https://mp.weixin.qq.com/s/sHA0NKSRrhfKD8HPBoT99Q","微信读书"
"北航就业","2026-03-31","招聘 | 中电科蓝天科技股份有限公司 | 2026届校园招聘","https://mp.weixin.qq.com/s/JB-cMamhOJ2AaTiJKTRKQQ","微信读书"
"北航就业","2026-03-31","招聘 | 广西移动 | 2026年春季校园招聘","https://mp.weixin.qq.com/s/9Au_kzDdC-xtBIBGXyZq4w","微信读书"
"北航就业","2026-03-31","招聘 | 北汽研究总院 | 博士专场面试日（北京站）报名即日开启","https://mp.weixin.qq.com/s/8_7jTOzpo6Lxn87UCNEpGw","微信读书"
"北航就业","2026-03-31","招聘 | 北京新东方 | 2026届春季招聘教师岗","https://mp.weixin.qq.com/s/_M_VmtPFGjymesdsZQKblg","微信读书"
"北航就业","2026-03-31","实习 | 科大讯飞 | 2027届实习生招聘","https://mp.weixin.qq.com/s/NDKQfpMGVBu2neFIQD4X9w","微信读书"
"北航就业","2026-03-31","实习 | 海信集团 | 2026年实习生招聘正式启动","https://mp.weixin.qq.com/s/Mgi6K01RcnbTvD-wLMMABQ","微信读书"
"北航就业","2026-03-31","公告 | 大理州 | 2026年高层次专业化“霞光人才”引进公告","https://mp.weixin.qq.com/s/qN91f2W7uNRzoCPWsIePyg","微信读书"
"北航就业","2026-03-30","招聘 | 中国烟草总公司大连市公司 | 2026年校园招聘","https://mp.weixin.qq.com/s/SEaDOaIpxi7F471PHzzrXw","微信读书"
"北航就业","2026-03-30","招聘 | 中国合格评定国家认可中心 | 2026年公开招聘公告","https://mp.weixin.qq.com/s/_hi4iGazYYbGRF1g8ZMOqA","微信读书"
"北航就业","2026-03-30","招聘 | 壹思唯国际教育 | 2026届春季校招正式启动","https://mp.weixin.qq.com/s/nOGxS3HDSjT3KhDKy6zAFA","微信读书"
"北航就业","2026-03-30","招聘 | 平安科技 | 2026届春季校园招聘正式启动","https://mp.weixin.qq.com/s/fIyBOs4crHNLTky0JS9Fxg","微信读书"
"北航就业","2026-03-30","招聘 | 4月10日全国百所重点高校联合线上双选会","https://mp.weixin.qq.com/s/My5cPgRpIyscl0MHBFitPg","微信读书"
"北航就业","2026-03-30","宣讲 | GE航空航天技术商务领导力项目 | 暑期实习生项目申请","https://mp.weixin.qq.com/s/QEUHYRTytzqoxKA44_WcBw","微信读书"
"北航就业","2026-03-30","宣讲 | 北航杭州国际校园 | 2026年专职辅导员岗位交流与发展介绍","https://mp.weixin.qq.com/s/jXK75zqZQZQaXVNZEMdx0w","微信读书"
"北航就业","2026-03-30","青春逐梦 职击未来——北航举办2026届毕业生春季沙河暨低空经济特色专场大型综合双选会","https://mp.weixin.qq.com/s/MokmHJtI3A2I_mRVNRFPTA","微信读书"
"北航就业","2026-03-29","招聘活动预告 | 北京航空航天大学双选会&宣讲会预告（3.30-4.3）","https://mp.weixin.qq.com/s/neSq2Ph95h4sSByVX3YuGg","微信读书"
"北航就业","2026-03-29","招聘 | 中国邮政储蓄银行北京分行 | 2026年春季校园招聘","https://mp.weixin.qq.com/s/B7afTXRHjsCVnMtzOii5pQ","微信读书"
"北航就业","2026-03-29","招聘 | 纳睿雷达 | 2026年春季校园招聘正式启动","https://mp.weixin.qq.com/s/Q5sY28WSN9nPPQNfb3WhzQ","微信读书"
"北航就业","2026-03-29","招聘 | 虎牙 | 2026届春季校园招聘正式启动","https://mp.weixin.qq.com/s/CClw6EeGIsxwEi_OxMRIaw","微信读书"
"北航就业","2026-03-29","招聘 | 晟通集团 | 2026届接班人计划火热进行！","https://mp.weixin.qq.com/s/1g3oxZ3Y670hz8kv0U8oYA","微信读书"
"北航就业","2026-03-29","宣讲 | 美的集团 | 2026年美少年计划暑期实习生招聘宣讲会","https://mp.weixin.qq.com/s/eGQHf6fdEjfwLC-Aj_R-Gw","微信读书"
"北航就业","2026-03-29","宣讲 | 杰瑞股份 | 2026届春季招聘—北京航空航天大学专场宣讲会","https://mp.weixin.qq.com/s/PXCb4YCa8Ha3YHx4KOcnzA","微信读书"
"北航就业","2026-03-29","调剂信息 | 2026年各研究所、高校考研调剂信息合辑（第3期）","https://mp.weixin.qq.com/s/o8mU-mAdS1MvkPue9mQxgA","微信读书"
"北航就业","2026-03-28","招聘 | 中国移动数智事业部 | 2026年春季校园招聘正式启动","https://mp.weixin.qq.com/s/rL1uMutx2ejPWV7kul9QYg","微信读书"
"北航就业","2026-03-28","招聘 | 中国农业银行甘肃省分行 | 2026年度校园招聘盛大开启","https://mp.weixin.qq.com/s/xNNYcxWRtfCzX7yPmGyIzg","微信读书"
"北航就业","2026-03-28","招聘 | 中电科发展规划研究院有限公司 | 2026届校园招聘公告","https://mp.weixin.qq.com/s/xVkQZ-58pV9q6NU9cj5qrQ","微信读书"
"北航就业","2026-03-28","招聘 | 广东电网 | 2026年春季校园招聘正式启动","https://mp.weixin.qq.com/s/1UHuFpp6qVuVEziL2bM1HQ","微信读书"
"北航就业","2026-03-28","宣讲 | 北京航空材料研究院 | 2026年硕士研究生招生调剂（北京航空航天大学专场宣讲会）","https://mp.weixin.qq.com/s/kfStOYepRMV4gvEzqLKAxQ","微信读书"
"北航就业","2026-03-28","实习 | 阿里巴巴灵犀互娱 | 2027届实习生招聘正式启动","https://mp.weixin.qq.com/s/-v09kBlOo3fa2tS8Qggpsg","微信读书"
"北航就业","2026-03-28","调剂信息 | 2026年各研究所、高校考研调剂信息合辑（第2期）","https://mp.weixin.qq.com/s/gNHGyTbSOEKGcYDr-beNKg","微信读书"
"北航就业","2026-03-28","调剂 | 哈尔滨船舶锅炉涡轮机研究所 | 2026年全日制硕士研究生预调剂通知","https://mp.weixin.qq.com/s/QzkPKLR5jIDQ2VJWVu9qbQ","微信读书"
"北航就业","2026-03-27","招聘 | TP-Link联洲 | 2026届春季校园招聘正式启动","https://mp.weixin.qq.com/s/3Gb7t2XNP_Kz4FFz0cKbUQ","微信读书"
"北航就业","2026-03-27","招聘 | 仪电智算 | 2026&2027届校园招聘乘风启行","https://mp.weixin.qq.com/s/gOoaj-C8DjOl_7v7vnwEtw","微信读书"
"北航就业","2026-03-27","招聘 | 软控股份 | 2026届春季全球校园招聘正式启动","https://mp.weixin.qq.com/s/QcKXzMcsdTd9PxyOMAGHxw","微信读书"
"北航就业","2026-03-27","招聘 | 梦想不远，昆明首选—2026年春城全国名校行引才活动","https://mp.weixin.qq.com/s/u8aPnBpgBjR1MR88WYYBlw","微信读书"
"北航就业","2026-03-27","宣讲 | 上海芯源创新中心 | 2026届校园招聘—北京航空航天大学专场宣讲会","https://mp.weixin.qq.com/s/H4z_KkyWTlvNaBEXfkga3w","微信读书"
"北航就业","2026-03-27","实习 | 中兴通讯 | 实习生招聘正式启动","https://mp.weixin.qq.com/s/EiphdrJ-cfinGKkSXNSWVA","微信读书"
"北航就业","2026-03-27","实习 | 阿里巴巴 | 2027届实习生招聘全面启动","https://mp.weixin.qq.com/s/sbW0zrqgiSqCYcbuv6Eu_Q","微信读书"
"北航就业","2026-03-27","调剂信息 | 2026年各研究所、高校考研调剂信息合辑（第1期）","https://mp.weixin.qq.com/s/wDWft9Wyh3WVXNHmdsLd_A","微信读书"
"北航就业","2026-03-26","招聘 | Momenta | 2026届Mstar顶尖人才计划春招及实习招聘正式启动","https://mp.weixin.qq.com/s/J_Q26EUpRnumwxViSl_EeQ","微信读书"
"北航就业","2026-03-26","招聘 | 中国中原对外工程有限公司 | 2026届校园招聘公告","https://mp.weixin.qq.com/s/T6ZxyMJAXlDr5F9DwycO1w","微信读书"
"北航就业","2026-03-26","招聘 | 中国科学院金属研究所 | 2026年春季校园招聘","https://mp.weixin.qq.com/s/4tJh6u_QbPA6sYjdleFGfA","微信读书"
"北航就业","2026-03-26","招聘 | 中国化工橡胶有限公司 | 2026年“橡新力”管培生计划校园招聘","https://mp.weixin.qq.com/s/cfnbPRjnuxe9UPKDCREynw","微信读书"
"北航就业","2026-03-26","招聘 | 中国电子科技集团公司第十研究所 | 2026届春季校园招聘","https://mp.weixin.qq.com/s/aGYZuUHRDLDcVcudB0qlAA","微信读书"
"北航就业","2026-03-26","招聘 | 用友 | 2026届春季校园招聘正式启动","https://mp.weixin.qq.com/s/psjzur1xaW_JPACGZfm1gw","微信读书"
"北航就业","2026-03-26","招聘 | 美团 | 食杂零售管培生计划正式启动","https://mp.weixin.qq.com/s/BJkKVDvjcFDV4AP0XMfwaA","微信读书"
"北航就业","2026-03-26","招聘 | 富泽人寿 | 2026届春季校园招聘正式启动","https://mp.weixin.qq.com/s/eNCGTpw6QpGdFr-yDRFhxg","微信读书"
"北航就业","2026-03-25","招聘 | 智元机器人 | 2026届春招全面开启","https://mp.weixin.qq.com/s/WcEvAQ_l82dABiVbb2HGYQ","微信读书"
"北航就业","2026-03-25","招聘 | 核能安全技术研究所 | 欢迎英才加入","https://mp.weixin.qq.com/s/2z1J33E1EMVN4_5Dht7uWA","微信读书"
"北航就业","2026-03-25","招聘 | 河北建投交通投资有限责任公司 | 2026年春季人才引进计划","https://mp.weixin.qq.com/s/sd4kcEL70IBZ2ehUbezVDA","微信读书"
"北航就业","2026-03-25","招聘 | 国金证券 | 2026届春季校园招聘正式启动","https://mp.weixin.qq.com/s/ii93oBKZO54WGMMQTL-usA","微信读书"
"北航就业","2026-03-25","招聘 | 博·未来—第三届高层次人才洽谈会暨2026春季博士招聘专场","https://mp.weixin.qq.com/s/A-E02DWNfjaLS0hHsR-NCA","微信读书"
"北航就业","2026-03-25","用人单位邀请函 | 北京航空航天大学2026届毕业生春季大型综合暨“专精特新小巨人”专场双选会","https://mp.weixin.qq.com/s/zp0evK2HKiTcLO8QEiR8yA","微信读书"
"北航就业","2026-03-25","宣讲 | 中核集团-同方数科 | 2026届校园招聘","https://mp.weixin.qq.com/s/uJ87saZIW0mV7_-mhX_law","微信读书"
"北航就业","2026-03-24","招聘 | 山东能源集团 | 2026年“源动力”高层次人才校园招聘","https://mp.weixin.qq.com/s/r6cTl-Kg_6hFN-0836Vm-A","微信读书"
"北航就业","2026-03-24","招聘 | 飞亚达 | 2026届春季校园招聘正式启动","https://mp.weixin.qq.com/s/yzYgRZ7POJnb6_EgfjOHaA","微信读书"
"北航就业","2026-03-24","招聘 | 北京中关村科技融资担保有限公司 | 2026年校园招聘公告","https://mp.weixin.qq.com/s/0ynWDB2QnDpMHUXWxot4kw","微信读书"
"北航就业","2026-03-24","宣讲 | 长光卫星 | 多个岗位持续招聘中","https://mp.weixin.qq.com/s/LaR7CKh0HGASQmvvtIjmdA","微信读书"
"北航就业","2026-03-24","宣讲 | 美的 | 2026美少年暑期实习正式启动","https://mp.weixin.qq.com/s/KEXceSJE6A0vQkAzFZfbfQ","微信读书"
"北航就业","2026-03-24","宣讲 | 比亚迪 | 2026届春季校园招聘正式启动","https://mp.weixin.qq.com/s/ewhZPL8fOsjIOHr7FGArwg","微信读书"
"北航就业","2026-03-24","实习 | 招商银行信用卡 | 2027届暑期实习生招聘","https://mp.weixin.qq.com/s/4vb3J0KQHFiKIyzh29Rwrw","微信读书"
"北航就业","2026-03-24","实习 | 商汤 | 「AI先锋」顶尖实习生全球招募","https://mp.weixin.qq.com/s/N-xb4P6rWjOnrNDxOoxfMw","微信读书"
"北航就业","2026-03-23","招聘 | FunPlus | 2026届春招补录&转正实习招聘启动！","https://mp.weixin.qq.com/s/gaBNhLtkG0hua4C2WyRRkw","微信读书"
"北航就业","2026-03-23","招聘 | 中国移动总部+中国移动云南公司 | 2026年春季校园招聘","https://mp.weixin.qq.com/s/bjynRVraRajIxYYq_U--kA","微信读书"
"北航就业","2026-03-23","招聘 | 应急管理部 | 所属单位2026年度第二批次公开招聘公告","https://mp.weixin.qq.com/s/-caYlg8jJhH7rD1H8laEVA","微信读书"
"北航就业","2026-03-23","宣讲 | 中车资阳机车有限公司 | 2026届全球校园招聘","https://mp.weixin.qq.com/s/WJ4JYiWUA5nEyYxNf4WIuQ","微信读书"
"北航就业","2026-03-23","宣讲 | 学而思 | 2026年春季校园招聘","https://mp.weixin.qq.com/s/iGZMt9K9PbyPlxkg-2Lesg","微信读书"
"北航就业","2026-03-23","宣讲 | 歌尔股份有限公司 | 2026届 & 2027届春季校招正式启动","https://mp.weixin.qq.com/s/SmQnYFX8Zzf35gRUCubwQQ","微信读书"
"北航就业","2026-03-23","双选 | 北京航空航天大学2026届毕业生春季大型综合双选会——沙河专场","https://mp.weixin.qq.com/s/OoLDMOWtNOrgcfvEr6AlCA","微信读书"
"北航就业","2026-03-23","双选 | 百万英才汇南粤2026年N城联动春季招聘活动(北京航空航天大学“低空经济”专场)","https://mp.weixin.qq.com/s/OP7BjrmE1qI6oCvqrAgF6g","微信读书"
"北航就业","2026-03-22","招聘活动预告 | 北京航空航天大学双选会&宣讲会预告（3.23-3.26）","https://mp.weixin.qq.com/s/Qr39BWPVrQBAcopo8bSeKA","微信读书"
"北航就业","2026-03-22","招聘 | 中国人民解放军第五七一八工厂（国营长虹机械厂）| 2026届校园招聘","https://mp.weixin.qq.com/s/Fxy526DMvGTs0loHrvc9yQ","微信读书"
"北航就业","2026-03-22","招聘 | 中国航空综合技术研究所 | 2026年春招&实习启动","https://mp.weixin.qq.com/s/wMzkeXjRfutF29xQvPE2wA","微信读书"
"北航就业","2026-03-22","招聘 | 联想 | 2026年春季校招AI专项启动","https://mp.weixin.qq.com/s/sN-hM6IkaEEiYhRPL32YHw","微信读书"
"北航就业","2026-03-22","宣讲 | 华夏航空 | 2026届校园招聘正式启动","https://mp.weixin.qq.com/s/dBGIHDS8uHxUB-oVEhWx9Q","微信读书"
"北航就业","2026-03-22","宣讲 | 华为 | 2027届实习生招聘宣讲会（北京航空航天大学专场）","https://mp.weixin.qq.com/s/6HFWsR6pMJZi8DyjTxqz7A","微信读书"
"北航就业","2026-03-22","宣讲 | 百度 | 2027届暑期实习生招聘启动","https://mp.weixin.qq.com/s/LwIIZjj2_8ULR0e0FELERQ","微信读书"
"北航就业","2026-03-22","实习 | 中国工商银行总行本部 | 2026年暑期实习生招聘启动","https://mp.weixin.qq.com/s/Ig2VkdrF8ebF_Bh-yJD4OQ","微信读书"
"北航就业","2026-03-21","招聘 | 中国船舶集团有限公司系统工程研究院中船电子科技有限公司 | 2026届春季招聘","https://mp.weixin.qq.com/s/dNj15joWC_Qt_ilF-vimcA","微信读书"
"北航就业","2026-03-21","招聘 | 蚂蚁集团 | 2026年春季校园招聘启动","https://mp.weixin.qq.com/s/9uYBbQi_mGfpKfqjr_k_LQ","微信读书"
"北航就业","2026-03-21","招聘 | 北京理工大学 | 2026年辅导员、心理健康教育教师招聘启事","https://mp.weixin.qq.com/s/RgEBMW-4ko5jq98NlH00og","微信读书"
"北航就业","2026-03-21","招聘 | “蓉漂人才荟”城市行招才引智系列活动（北京站）","https://mp.weixin.qq.com/s/R948M42r0Dq4fDbjyN8Gvg","微信读书"
"北航就业","2026-03-21","宣讲 | 点点互动 | 2026年春招（春招补录&实习生招聘）北航专场宣讲会","https://mp.weixin.qq.com/s/g4D763JgwMkMHCqIJvlTiA","微信读书"
"北航就业","2026-03-21","双选 | 北京航空航天大学2026届毕业生春季大型综合双选会（沙河专场）","https://mp.weixin.qq.com/s/WglWipi61yOWrOMazWVYNg","微信读书"
"北航就业","2026-03-21","实习 | GE医疗 | 2027届暑期实习生招聘","https://mp.weixin.qq.com/s/uJgcmaJbAA1ZFOiPPN0qaA","微信读书"
"北航就业","2026-03-21","补录 | 成都飞机设计研究所 | 2026年春季招聘补录","https://mp.weixin.qq.com/s/Ic2ZycYmyEtELgx_eIP8CA","微信读书"
"北航就业","2026-03-20","征集 | 关于征集2026年硕士研究生调剂公告","https://mp.weixin.qq.com/s/1ez9TGaAVNmEw5bdZTetyw","微信读书"
"北航就业","2026-03-20","招聘 | 中国联通新苗计划 | 2026年春季校园招聘火热启程","https://mp.weixin.qq.com/s/lJBNZJx8VuFiEAUDmH4-uA","微信读书"
"北航就业","2026-03-20","招聘 | 中国建设银行 | 2026年度春季校园招聘正式启动","https://mp.weixin.qq.com/s/36Rpe2AmP62wNm4SWHbfBg","微信读书"
"北航就业","2026-03-20","招聘 | 浙江大学 | 公开招聘","https://mp.weixin.qq.com/s/Q3BXaQKgGXAI54SZLtsFVg","微信读书"
"北航就业","2026-03-20","招聘 | 普华永道 | 2026年春季校园招聘正式启动","https://mp.weixin.qq.com/s/FpmSj8QLUiMSnjg4GJsM7g","微信读书"
"北航就业","2026-03-20","招聘 | 汇达资产托管有限责任公司 | 2026年度招聘","https://mp.weixin.qq.com/s/OqqPzw_g2VImKprQ2adLSQ","微信读书"
"北航就业","2026-03-20","招聘 | 广州市从化区事业单位 | 赴北京公开招聘高校毕业生","https://mp.weixin.qq.com/s/Pkvu6defEc3OLoSMxqSe5g","微信读书"
"北航就业","2026-03-20","实习 | 淘天集团 | 2027届实习生招聘","https://mp.weixin.qq.com/s/qsUMmaHe6vrU_kM3yI7fbw","微信读书"
"北航就业","2026-03-19","招聘 | 中国电信 | 2026届春季校园招聘全面启动","https://mp.weixin.qq.com/s/4OZQSxKCFN81Rb4pcKAlvA","微信读书"
"北航就业","2026-03-19","招聘 | 燕东微 | 2026届春季校园招聘正式启动","https://mp.weixin.qq.com/s/2sFaMIr9lS3rAjdavJCTsg","微信读书"
"北航就业","2026-03-19","招聘 | 四区六街手拉手就业联盟招聘会","https://mp.weixin.qq.com/s/mpHRn4ADJPLZITjOusiyrw","微信读书"
"北航就业","2026-03-19","招聘 | 嘉实基金 | 2027届校园招聘全面开启","https://mp.weixin.qq.com/s/lqk9xLwqtmFzlrV66ZHQ5A","微信读书"
"北航就业","2026-03-19","招聘 | 北汽集团 | 2026届春招正式开启","https://mp.weixin.qq.com/s/3XZOJEAdhKex6IKUvWshUQ","微信读书"
"北航就业","2026-03-19","宣讲 | 字节跳动 | 2026年实习生招聘北京航空航天大学专场宣讲会","https://mp.weixin.qq.com/s/u2JS8-5h6H45V-4YbJ7hFg","微信读书"
"北航就业","2026-03-19","规模又创新高！“马”上拿offer！","https://mp.weixin.qq.com/s/X40twGoP1Wd_XjHSofpTbg","微信读书"
"北航就业","2026-03-19","公告 | 新疆维吾尔自治区阿克苏地区 | 2026年上半年引进急需紧缺人才公告","https://mp.weixin.qq.com/s/UDFsLZlJ8fM-hNozQVFgKw","微信读书"
"北航就业","2026-03-18","招聘 | 中核国电漳州能源有限公司 | 2026届春季校园招聘全面启动","https://mp.weixin.qq.com/s/FVvDxijJl858RSo2GdK5lw","微信读书"
"北航就业","2026-03-18","招聘 | 中国航空工业集团青云 | 2026届校园招聘启动","https://mp.weixin.qq.com/s/eEcKBwG12X7YMZnk097-4Q","微信读书"
"北航就业","2026-03-18","招聘 | 中国广核新能源控股有限公司 | 2026届春季校园招聘正式启动","https://mp.weixin.qq.com/s/WzNvUSHWPP6yN8k3wgPSQA","微信读书"
"北航就业","2026-03-18","招聘 | 无锡财通融资租赁有限公司 | 2026届春季校园招聘","https://mp.weixin.qq.com/s/bn7JOtFOILKnPw-zMT4FJA","微信读书"
"北航就业","2026-03-18","招聘 | 乾元国家实验室 | 2026届春季校招正式启动","https://mp.weixin.qq.com/s/JyEpyLTqpN-f90TwB0MbfQ","微信读书"
"北航就业","2026-03-18","招聘 | 财政部部属单位 | 2026年度公开招聘公告","https://mp.weixin.qq.com/s/u3L8ITCTZfKopjVYUNVSUw","微信读书"
"北航就业","2026-03-18","宣讲 | 四维图新 | 2026届校园招聘","https://mp.weixin.qq.com/s/ho6HQK50gZNPGiRnF7h_CA","微信读书"
"北航就业","2026-03-18","双选 | 高博人才“新质引擎·智领未来”全国巡回硕士、博士研究生专场招聘会北京航空航天大学站","https://mp.weixin.qq.com/s/nwIkxnJTuASao5ZeUe8EIQ","微信读书"
"北航就业","2026-03-17","招聘 | 中国移动、金科公司、四川公司、浙江移动、中移互联网、贵州移动、新疆移动、在线营销服务中心 | 2026年春季校园招聘","https://mp.weixin.qq.com/s/uZe5rJSbZt_jsyYlHKGzRQ","微信读书"
"北航就业","2026-03-17","招聘 | 中国旅游集团 | 2026年校园招聘","https://mp.weixin.qq.com/s/7XInc8JmDb0LcrKy3PTN5w","微信读书"
"北航就业","2026-03-17","招聘 | 一汽-大众 | 2026年春季校园招聘","https://mp.weixin.qq.com/s/NRAAWNnOHgaEAGCntEuNrQ","微信读书"
"北航就业","2026-03-17","招聘 | 小米集团 | 2026届春季校园招聘","https://mp.weixin.qq.com/s/pMe_Epa8LU-fEwuZKZXwUw","微信读书"
"北航就业","2026-03-17","招聘 | 春秋航空 | 2026届毕业生飞行培训生（飞行员培养）","https://mp.weixin.qq.com/s/Tfp8uJcf9jmXNt-EEQm92g","微信读书"
"北航就业","2026-03-17","宣讲 | 济南二机床集团有限公司 | 2026年校园招聘","https://mp.weixin.qq.com/s/3HtBq_7_58yuleF-Tm_QcA","微信读书"
"北航就业","2026-03-17","双选 | 四川省绵阳市 | 2026年上半年 “青睐绵阳·智荟领航”招才引智活动","https://mp.weixin.qq.com/s/3KiFpfkMGLieHtQOOFPzyQ","微信读书"
"北航就业","2026-03-17","深圳市“百万英才汇南粤”北京航空航天大学站校园招聘会暨企业招商洽谈会邀请函","https://mp.weixin.qq.com/s/JZHvFOMLdR6EznWg-KApUg","微信读书"
"北航就业","2026-03-16","招聘 | 中国信息安全测评中心 | 2026年度公开招聘应届毕业生","https://mp.weixin.qq.com/s/Vfsrd474tqYXveZtiBUUtg","微信读书"
"北航就业","2026-03-16","招聘 | 中国工商银行厦门市分行&江苏省分行 | 2026年度春季校园招聘正式启动","https://mp.weixin.qq.com/s/HzF0IerJ8QURhTtiL_5AGg","微信读书"
"北航就业","2026-03-16","招聘 | 哈尔滨电机厂有限责任公司 | 2026年春季校园招聘正式启动","https://mp.weixin.qq.com/s/onkr_Jl0CgtAALeIuUJARg","微信读书"
"北航就业","2026-03-16","招聘 | 广电运通集团 | 2026春季校园招聘正式启动","https://mp.weixin.qq.com/s/y1P-CUUmtLaC-THozPLrjQ","微信读书"
"北航就业","2026-03-16","宣讲 | TP-LINK | 2026届春季校园招聘正式启动","https://mp.weixin.qq.com/s/WTV3gZWeunFzLEBaKwYORg","微信读书"
"北航就业","2026-03-16","宣讲 | 华丞电子 | 2026年春季校园招聘全面启动","https://mp.weixin.qq.com/s/guS5PLck62Rr-JSTteFeDg","微信读书"
"北航就业","2026-03-16","宣讲 | 北京星际荣耀科技有限责任公司 | 2026届春季校园招聘北京航空航天大学站","https://mp.weixin.qq.com/s/mO5TgM4_SVZAVoFJd8k5DA","微信读书"
"北航就业","2026-03-16","双选 | 北京航空航天大学2026届毕业生春季大型综合双选会--学院路专场","https://mp.weixin.qq.com/s/lBIek_q1DOaSmeuti52O7g","微信读书"
"北航就业","2026-03-15","招聘活动预告 | 北京航空航天大学双选会&宣讲会预告（3.16-3.22）","https://mp.weixin.qq.com/s/b_lLc4YxNqy2d-2UJ4tXvA","微信读书"
"北航就业","2026-03-15","招聘 | 中国农业银行北京市分行 | 2026年度春季招聘","https://mp.weixin.qq.com/s/VWMAOoRnMXioDne9wJWXag","微信读书"
"北航就业","2026-03-15","招聘 | 中国航空工业集团特种所 | 2026届校园招聘正式启动","https://mp.weixin.qq.com/s/4h-Azvz1esuKRcUxKQ1gNw","微信读书"
"北航就业","2026-03-15","招聘 | 招商银行·招银网络科技 | 2026年春季校园招聘","https://mp.weixin.qq.com/s/9gwqK-oRwFCBkJE4XmvovQ","微信读书"
"北航就业","2026-03-15","招聘 | 汇添富基金 | 2026年春季校园招聘启动","https://mp.weixin.qq.com/s/ZqbbCxBfAPX3OrtzYO8GbQ","微信读书"
"北航就业","2026-03-15","招聘 | 海尔智家 | 2026届顶尖人才项目DMAP中国区数智市场精英计划火热招募中","https://mp.weixin.qq.com/s/oOnsK0pCQWx2TFkOxPXEmg","微信读书"
"北航就业","2026-03-15","就在3月20日！2026年春风行动暨就业援助季活动即将举行","https://mp.weixin.qq.com/s/7A9upzi6Bx8wd6SXfHbEtQ","微信读书"
"北航就业","2026-03-15","321到苏州！@青年人才，2026苏州春季招聘大会10万+岗位来了","https://mp.weixin.qq.com/s/rUiZopQhetYUDnsirDSZSA","微信读书"
"北航就业","2026-03-14","招聘 | 中国人民解放军第五三一一工厂 | 2026届校园招聘","https://mp.weixin.qq.com/s/yNF_yxSJ_CGtIRn7NEeOhQ","微信读书"
"北航就业","2026-03-14","招聘 | 中国工商银行河北雄安分行 | 2026年度校园招聘","https://mp.weixin.qq.com/s/YGPHUHhC6hBhsXy1HT1weg","微信读书"
"北航就业","2026-03-14","招聘 | 中国兵器北方夜视科技研究院集团有限公司 | 2026届春季校园招聘","https://mp.weixin.qq.com/s/HEkFVSaJnw3AJF8PY6ljEA","微信读书"
"北航就业","2026-03-14","招聘 | 航空工业未来飞行训练装备技术协同创新中心（北京） | 2026年博士招聘","https://mp.weixin.qq.com/s/uyE-JojwEgFg_S9tJt5FvQ","微信读书"
"北航就业","2026-03-14","招聘 | 国泰君安期货 | 2026届金衍新星SSP招募计划","https://mp.weixin.qq.com/s/Z9GMrEXoJ36vOPPksLC6Rw","微信读书"
"北航就业","2026-03-14","招聘 | 贝壳找房 | 2026届ADC春招正式启动","https://mp.weixin.qq.com/s/icXRMntyaA1Rlb0flOHeVQ","微信读书"
"北航就业","2026-03-14","宣讲 | 易方达基金 | 2026年暑期招聘","https://mp.weixin.qq.com/s/tu0dDznL8jsHMc5zLnxOcQ","微信读书"
"北航就业","2026-03-14","双选 | 工信就业-中博汇高层次人才洽谈会2026年度春季全国巡回招聘会","https://mp.weixin.qq.com/s/sisLaL_ao1UFHHuezoMi3Q","微信读书"
"北航就业","2026-03-03","招聘 | TP-LINK | 2026届校园招聘","https://mp.weixin.qq.com/s/wXexaUyvuXeJJWHdWm5Ytg","微信读书"
"北航就业","2026-03-03","招聘 | AAC瑞声科技 | 2026届校园招聘","https://mp.weixin.qq.com/s/opicyIR8WWXcv5eLR3ChFQ","微信读书"
"北航就业","2026-03-03","招聘 | 中国航空工业集团沈阳兴华航空电器有限责任公司 | 2026届校园招聘","https://mp.weixin.qq.com/s/0oWm4Z9SjHDYaTC-lUivFg","微信读书"
"北航就业","2026-03-03","招聘 | 中国航空工业集团哈飞 | 2026届校园招聘","https://mp.weixin.qq.com/s/fwmUstSQ_7vxU6ZgxTkNsA","微信读书"
"北航就业","2026-03-03","招聘 | 中国电子技术标准化研究院 | 2026年春季校园招聘","https://mp.weixin.qq.com/s/4BXSkTwT_1ejb912H3-lnA","微信读书"
"北航就业","2026-03-03","招聘 | 虹科 | 2026届校园招聘","https://mp.weixin.qq.com/s/3DERKz3ymA17dWV9BGH1Dg","微信读书"
"北航就业","2026-03-03","公告 | 龙岩市 | 2026年选优生引进公告","https://mp.weixin.qq.com/s/PBMptfONDKzL8rkn3aHA6g","微信读书"
"北航就业","2026-03-03","北京航空航天大学就业指导服务中心恭祝大家元宵佳节快乐！","https://mp.weixin.qq.com/s/OIj3gOmDyu8plEymvPKfYA","微信读书"
"北航就业","2026-03-02","招聘 | ROOT路特创新 | 2026届校园招聘","https://mp.weixin.qq.com/s/pvPTfppFFT--lx02td0uRg","微信读书"
"北航就业","2026-03-02","招聘 | 迅雷集团 | 2026年春季校园招聘","https://mp.weixin.qq.com/s/HgvoN2AkEGgBTmnmuDOKtg","微信读书"
"北航就业","2026-03-02","招聘 | 美团 | 2026年春季校园招聘","https://mp.weixin.qq.com/s/ra-Vahdke2hhcXfy9Vyy3Q","微信读书"
"北航就业","2026-03-02","招聘 | 禾赛科技 | 2026届春季校园招聘正式开启","https://mp.weixin.qq.com/s/7C-kEKSzOdg8m6DSJIe3oA","微信读书"
"北航就业","2026-03-02","招聘 | 航天科工集团智能科技研究院 | 2026届校园招聘","https://mp.weixin.qq.com/s/627vRqYhVx01TCo9HgdrXA","微信读书"
"北航就业","2026-03-02","招聘 | 滴滴 | 2026届春季校园招聘正式启动","https://mp.weixin.qq.com/s/snBYThUYmiZ2NlZUZhaYtA","微信读书"
"北航就业","2026-03-02","招聘 | 北京农商银行 | 2026年春季校园招聘正式启动！","https://mp.weixin.qq.com/s/Z8PCbqg-7c_Z35x8TS87jQ","微信读书"
"北航就业","2026-03-02","用人单位邀请函 | 北京航空航天大学2026届毕业生春季大型综合双选会","https://mp.weixin.qq.com/s/eZdOEBqnDkP0VEqo6nSg4Q","微信读书"
"北航就业","2026-03-01","招聘 | 京东 | 2026年TET管理培训生春季招聘正式启动","https://mp.weixin.qq.com/s/nQvGXBK_sRjS49FPeZvRvA","微信读书"
"北航就业","2026-03-01","招聘 | 高途 | 2026年全球春季校招正式启动","https://mp.weixin.qq.com/s/WpkWH5aSVGPLR-gP1qI74w","微信读书"
"北航就业","2026-03-01","招聘 | 北京服装学院 | 2026年第一批公开招聘公告","https://mp.weixin.qq.com/s/rEHNP4YMeeZTFLmPsT1vow","微信读书"
"北航就业","2026-02-28","招聘 | 中国航天科工三院306所 | 2026届校园招聘正式启动","https://mp.weixin.qq.com/s/Jx-C7rq6oMSMPxXSPRPkpA","微信读书"
"北航就业","2026-02-28","招聘 | 中国航发沈阳黎明航空发动机有限责任公司 | 2026届春季校园招聘","https://mp.weixin.qq.com/s/gaZaJuaFm2VWCt3h6TLK7w","微信读书"
"北航就业","2026-02-28","招聘 | 招商银行北京分行 | 2026年春季校园招聘","https://mp.weixin.qq.com/s/57S48A7ERY2TXNwXNdLFfA","微信读书"
"北航就业","2026-02-28","招聘 | 航空工业郑飞 | 2026年招聘","https://mp.weixin.qq.com/s/C35TtNV4AHRMnuQXMTNUyw","微信读书"
"北航就业","2026-02-28","招聘 | 北京农学院 | 2026年公开招聘工作人员公告","https://mp.weixin.qq.com/s/NcmYhhAfr1Wq3FWIR5TH_g","微信读书"
"北航就业","2026-02-27","招聘 | 卓越教育 | 2026届春季校园招聘正式启动","https://mp.weixin.qq.com/s/tC5UCBYMWAcbqglKSmxuZA","微信读书"
"北航就业","2026-02-27","招聘 | 中证数据有限责任公司 | 2026年校园招聘全面启动","https://mp.weixin.qq.com/s/ygpleNaiI8D_uMSZjsTlmQ","微信读书"
"北航就业","2026-02-27","招聘 | 中航技进出口有限责任公司 | 2026届校园招聘（春季）火热进行中","https://mp.weixin.qq.com/s/mV7TGw09pWTLXceFs4yVXg","微信读书"
"北航就业","2026-02-27","招聘 | 中国航发东安发动机有限公司 | 2026届春季校园招聘来啦","https://mp.weixin.qq.com/s/cK5rwHLRcxu8N-ZhjytQYw","微信读书"
"北航就业","2026-02-27","招聘 | 上海宇量昇科技有限公司 | 2026届春招正式启动","https://mp.weixin.qq.com/s/r4arQ9nIVsiOatyI60hTJw","微信读书"
"北航就业","2026-02-27","招聘 | 国防科技大学试验训练基地 | 2026年人才引进公告","https://mp.weixin.qq.com/s/bMJH-ZF8Wfq9VmKQRckwJA","微信读书"
"北航就业","2026-02-27","寒假促就业暖心行动 | 招聘大礼包持续推送 | 重点企业招聘信息合辑（第13期）","https://mp.weixin.qq.com/s/65DMheuFvz5mzpD6wsqDyw","微信读书"
"北航就业","2026-02-26","招聘 | 中国铁路信息科技集团有限公司 | 2026年招聘应届高校毕业生公告","https://mp.weixin.qq.com/s/hLSvLlDk2ocmVr3-sSFIdQ","微信读书"
"北航就业","2026-02-26","招聘 | 中国航空工业集团津电 | 2026届校园招聘启动","https://mp.weixin.qq.com/s/VK5gUMoq3AU3UK6LwhAkJw","微信读书"
"北航就业","2026-02-26","招聘 | 远光软件 | 2026年高校毕业生招聘公告（第二批）","https://mp.weixin.qq.com/s/lA5LTUIbDYWLtR6yoFL_kA","微信读书"
"北航就业","2026-02-26","招聘 | 星火教育 | 2026届校园招聘春季提前批正式启动","https://mp.weixin.qq.com/s/SeTLW_w_lQMpuAe3lfSrfg","微信读书"
"北航就业","2026-02-26","招聘 | 北京国望光学科技有限公司 | 2026届春招开始啦","https://mp.weixin.qq.com/s/AmUGTmEiGKvUISFpzz-BhA","微信读书"
"北航就业","2026-02-26","实习 | 网易游戏（互娱）| 2027届实习生招聘专项启动","https://mp.weixin.qq.com/s/eQsQTCu-8fIQXo60FUVGxQ","微信读书"
"北航就业","2026-02-17","招聘 | 中国科学院合肥物质科学研究院 | 监督与审计处工作人员招聘公告","https://mp.weixin.qq.com/s/tSRhdVjxAbmK_bu6XXdoLQ","微信读书"
"北航就业","2026-02-17","招聘 | 北京市怀柔区 | 公开招聘21名怀柔区国有企业管培生","https://mp.weixin.qq.com/s/8UIHGdzvH6BfCYgz8c0v_w","微信读书"
"北航就业","2026-02-17","骏马踏金程，欢喜贺新春：北航就业给大家拜年啦！","https://mp.weixin.qq.com/s/sz6vTc7xR5rdTmNiE8y8pQ","微信读书"
"北航就业","2026-02-13","招聘 | 中国电科-蚌埠依爱消防电子有限责任公司 | 2026年校园招聘","https://mp.weixin.qq.com/s/UXVN6ZtTAQQalejVKRNJ-g","微信读书"
"北航就业","2026-02-13","招聘 | 中船重工安谱（湖北）仪器有限公司 | 2026年校园招聘","https://mp.weixin.qq.com/s/JPTWtHiDl3gkYcjFbplF0A","微信读书"
"北航就业","2026-02-13","寒假促就业暖心行动 | 招聘大礼包持续推送 | 重点企业招聘信息合辑（第12期）","https://mp.weixin.qq.com/s/Zc2g1mfbn7i3mYcTtrFJ-g","微信读书"
"北航就业","2026-02-10","招聘 | 公安部大数据中心 | 2026年度公开招聘公告","https://mp.weixin.qq.com/s/OOgENkVnyafdIwjXm023qQ","微信读书"
"北航就业","2026-02-10","实习 | 网易游戏（互娱）| 2027届实习生招聘专项启动","https://mp.weixin.qq.com/s/Z2AwP0VdfDyINhMBzFtwgQ","微信读书"
"北航就业","2026-02-10","寒假促就业暖心行动 | 招聘大礼包持续推送 | 重点企业招聘信息合辑（第11期）","https://mp.weixin.qq.com/s/A0NDfNV84wuLOq1AKHwjlw","微信读书"
"北航就业","2026-02-06","招聘 | 中国航天科工集团第六研究院41所 | 2026届招聘简章","https://mp.weixin.qq.com/s/hKL6ctQM3VbC7Mj33HcqJg","微信读书"
"北航就业","2026-02-06","招聘 | 中兵通信装备研究院 | 2026年招聘计划","https://mp.weixin.qq.com/s/Kxb4hUOouN426Hl4jfcBgg","微信读书"
"北航就业","2026-02-06","招聘 | 深思实验室 | 2026届校园招聘启动","https://mp.weixin.qq.com/s/gIPQyl1Hlm9W-W_0RxojwA","微信读书"
"北航就业","2026-02-04","招聘 | 北京学而思 | 2026届春季校园招聘提前批","https://mp.weixin.qq.com/s/uDJ53qoUXI4mt4vtx_h28A","微信读书"
"北航就业","2026-02-04","招聘 | 宝马 | 2026届全球管培空中宣讲会","https://mp.weixin.qq.com/s/JguxZHNU3Nvd6FiB5gCadw","微信读书"
"北航就业","2026-02-04","公告 | 新疆维吾尔自治区 | 2026年度面向社会公开考试录用公务员","https://mp.weixin.qq.com/s/OxrfDnqaWrznU3PO20TxFg","微信读书"
"北航就业","2026-01-31","招聘 | 东南大学 | 2026年度专职辅导员招聘公告","https://mp.weixin.qq.com/s/uNxQSARP3LGaw7qSL5CurA","微信读书"
"北航就业","2026-01-31","招聘 | 2026年广东省事业单位集中公开招聘高校毕业生江门考区招聘单位联系方式","https://mp.weixin.qq.com/s/Ih5ityekTYTw59ZgTzjjTQ","微信读书"
"北航就业","2026-01-30","招聘 | 中国人民公安大学 | 2026年度公开招聘教师岗科研评价事宜公告","https://mp.weixin.qq.com/s/s5G64fITNtSz4Z30M3R6HA","微信读书"
"北航就业","2026-01-30","招聘 | 中国人民公安大学 | 2026年度公开招聘公告","https://mp.weixin.qq.com/s/7nRdcqjHVvJ80aT1rWqC9w","微信读书"
"北航就业","2026-01-30","招聘 | 中国船舶集团华南船机有限公司 | 2026届校园招聘","https://mp.weixin.qq.com/s/Bg5yWo5S9fC3RKA64L0wEA","微信读书"
"北航就业","2026-01-30","招聘 | 乐歌股份 | 2026届校园招聘春招专场","https://mp.weixin.qq.com/s/IYsd7NXeTHAB6S0-CN-eSw","微信读书"
"北航就业","2026-01-30","寒假促就业暖心行动 | 招聘大礼包持续推送 | 重点企业招聘信息合辑（第10期）","https://mp.weixin.qq.com/s/9TSmhsyMk9uXvOLUBnaaIA","微信读书"
"北航就业","2026-01-29","招聘 | 深圳信步科技 | 2026届春季招聘","https://mp.weixin.qq.com/s/Dal07M0LYI2hc0kmidoprA","微信读书"
"北航就业","2026-01-28","招聘 | 中国航天科工二院二十三所 | 2026届校园招聘开启","https://mp.weixin.qq.com/s/YOOPxj_VcWpWjmblkbjF4Q","微信读书"
"北航就业","2026-01-28","招聘 | 中船科技股份有限公司 | 2026届校园招聘","https://mp.weixin.qq.com/s/-wBZA6emGFbnUpe9fvaZtw","微信读书"
"北航就业","2026-01-28","招聘 | 广州期货交易所 | 2026年招聘及博士后招收启事","https://mp.weixin.qq.com/s/trhYuBve_2h1DuKnLZYm3w","微信读书"
"北航就业","2026-01-27","招聘 | 上海证券交易所 | 2026年员工招聘启事","https://mp.weixin.qq.com/s/OLlev8aCpL5lTbTG2hgYcA","微信读书"
"北航就业","2026-01-27","招聘 | 佳驰科技 | 2026届校园招聘","https://mp.weixin.qq.com/s/US1TJjkW8dTI70f6BTHrrg","微信读书"
"北航就业","2026-01-27","招聘 | “寒假促就业暖心行动”15场招聘活动陆续上线","https://mp.weixin.qq.com/s/EDaIcp6uo7SsL0XuZasc5w","微信读书"
"北航就业","2026-01-27","选调 | 海南省2026年度选调应届优秀大学毕业生公告","https://mp.weixin.qq.com/s/no7bBucbTTR4sZBfo-NI_Q","微信读书"
"北航就业","2026-01-26","致用人单位 | 北京航空航天大学2026年春季校园招聘活动安排","https://mp.weixin.qq.com/s/PlGYrsG0NbehaQ4Ygam-4w","微信读书"
"北航就业","2026-01-26","招聘 | 天津滨海高新区 | 2026年博士后集聚系列活动之信创专场","https://mp.weixin.qq.com/s/8g6Ox2WA3HgalGNosljtBQ","微信读书"
"北航就业","2026-01-26","招聘 | 荆州市 | 2026年人才引进","https://mp.weixin.qq.com/s/H3AsgmxIzQP12uYt-bo8nQ","微信读书"
"北航就业","2026-01-24","公告 | 黑龙江省关于开展2026年选调应届优秀高校毕业生到基层培养锻炼工作的公告","https://mp.weixin.qq.com/s/w3n-3q9XE24XVZ1oudwRlw","微信读书"
"北航就业","2026-01-23","招聘 | 郑州警察学院 | 2026年度招聘公告","https://mp.weixin.qq.com/s/yL-KpMP7r3KzLECGxrJdOw","微信读书"
"北航就业","2026-01-23","招聘 | 好未来 | 校园合伙人2026计划启航","https://mp.weixin.qq.com/s/yVxby6VUMhCh5yOw50sxfg","微信读书"
"北航就业","2026-01-23","招聘 | 广东省科学院微生物研究所 | 微生物工程研究发展中心诚聘英才","https://mp.weixin.qq.com/s/tnmg7WPHH8RJgFLRrpzNKw","微信读书"
"北航就业","2026-01-23","招聘 | 常德烟草机械有限责任公司 | 2026年公开招聘公告","https://mp.weixin.qq.com/s/jJl_D4P93gDnPXg4qBq6QQ","微信读书"
"北航就业","2026-01-23","用人单位邀请函 | 北京航空航天大学2026届毕业生春季大型综合双选会","https://mp.weixin.qq.com/s/BIelk7R10TwREm4S9THpgQ","微信读书"
"北航就业","2026-01-23","公告 | 长沙市天心区 | 2026年面向全国公开引进选拔生公告","https://mp.weixin.qq.com/s/tOFHS0SrL3bvbawdP6pZ9w","微信读书"
"北航就业","2026-01-22","招聘 | 中国金币集团有限公司及所属单位 | 2026年度春季校园招聘正式启动","https://mp.weixin.qq.com/s/PYFE5i2i6IKiZJnsmPyPjA","微信读书"
"北航就业","2026-01-22","招聘 | 中钞设计制版有限公司 | 2026年度招聘公告","https://mp.weixin.qq.com/s/MFAwLExvOlMh30kefirP5A","微信读书"
"北航就业","2026-01-22","招聘 | 国家国防科技工业局所属事业单位 | 2026年度第一批公开招聘公告","https://mp.weixin.qq.com/s/1D8vHvvQpzlLsCIuRXeGFw","微信读书"
"北航就业","2026-01-22","招聘 | 贵州航天控制技术有限公司（航天科工十院0612研究所） | 招聘简章","https://mp.weixin.qq.com/s/NhNCXZwM7vGRmU2GfYxSVQ","微信读书"
"北航就业","2026-01-22","校园大使 | 高途 | 2026年度首批校园大使开始招募","https://mp.weixin.qq.com/s/inc-_xNue7wFuVZjHTPmyA","微信读书"
"北航就业","2026-01-21","招聘 | 中国印钞造币集团有限公司 | 2026年度校园招聘","https://mp.weixin.qq.com/s/WcR5PL3KlGMLakRBpUKgGQ","微信读书"
"北航就业","2026-01-21","招聘 | 中国城市规划设计研究院 | 2026年度公开招聘","https://mp.weixin.qq.com/s/NlXahEwuhXG7AXafHuXyQg","微信读书"
"北航就业","2026-01-21","招聘 | 深圳市光明区 | 单位招聘信息","https://mp.weixin.qq.com/s/FoZ1K_nuosNF_Ieq-22zZA","微信读书"
"北航就业","2026-01-21","招聘 | 联发科技 | 2026届校园招聘补录","https://mp.weixin.qq.com/s/YshgbmWXOqtrGho2awrUyA","微信读书"
"北航就业","2026-01-21","招聘 | 江苏正力新能电池技术有限公司 | 2026年度校园招聘","https://mp.weixin.qq.com/s/y2O9yDxnbdc9UH_IZ_orAg","微信读书"
"北航就业","2026-01-19","招聘 | 陕西黄河集团有限公司 | 2026年校园招聘","https://mp.weixin.qq.com/s/wJ4msRbjEfNA1cv4zfx7vg","微信读书"
"北航就业","2026-01-19","招聘 | 河南省科学院激光制造研究所 | 招聘计划","https://mp.weixin.qq.com/s/JlfJUNC1U4Y-M6IzMav8Xg","微信读书"
"北航就业","2026-01-19","招聘 | 北京印钞有限公司 | 2026年度招聘公告","https://mp.weixin.qq.com/s/9TSrE36J0v_lPWv_rBvXKA","微信读书"
"北航就业","2026-01-17","招聘 | 中央办公厅所属事业单位 | 2026年度公开招聘工作人员公告","https://mp.weixin.qq.com/s/uZrxv6LbBkJ5AxqX59kWEw","微信读书"
"北航就业","2026-01-17","招聘 | 中国科学院合肥物质研究院核能技术安全研究所 | 2026届校园招聘","https://mp.weixin.qq.com/s/m8ek3qXjqeGa6N92_6b-dg","微信读书"
"北航就业","2026-01-17","招聘 | 西南大学作物营养生物学青年创新团队 | 正式启动","https://mp.weixin.qq.com/s/Z4LE2QY7h5VReqvY1RGi9g","微信读书"
"北航就业","2026-01-16","招聘 | 航天科工二院 | 2026年博士后招聘","https://mp.weixin.qq.com/s/Y7HKaAt9Ua9CRkYOZ0STzw","微信读书"
"北航就业","2026-01-16","招聘 | 大兴区 | 2026年“聚贤工程”定向招聘 应届优秀毕业生公告","https://mp.weixin.qq.com/s/38cYwCuRmJZBo7P2r2CujA","微信读书"
"北航就业","2026-01-16","招聘 | 北京市怀柔区 | 2026年国有企业管培生公开招聘公告","https://mp.weixin.qq.com/s/EDxHgTIHJNvp6-5zfMoucw","微信读书"
"北航就业","2026-01-16","招聘 | 北京建筑大学 | 2026年第一批次聘用制岗位招聘公告","https://mp.weixin.qq.com/s/DgNU47NzkyqSe2BWpnU8nA","微信读书"
"北航就业","2026-01-15","招聘 | 中国科学院微电子研究所 | 2025年度校园招聘","https://mp.weixin.qq.com/s/pyvGRIKExOZY4EPaY0Wzxg","微信读书"
"北航就业","2026-01-15","招聘 | 中钞特种防伪科技有限公司 | 2026年度招聘公告","https://mp.weixin.qq.com/s/3jd11m9tdTYoGsA9RT8mkQ","微信读书"
"北航就业","2026-01-15","招聘 | 东北师范大学前沿交叉研究院 | 专任教师招聘公告","https://mp.weixin.qq.com/s/KrBy23GqhMyBSYBAZBOpoA","微信读书"
"北航就业","2026-01-15","公告 | 烟台市青年干部人才“菁英计划” | 2026年选聘公告","https://mp.weixin.qq.com/s/PGBh_r2bY0y4GAroXFIF7w","微信读书"
"北航就业","2026-01-14","招聘 | 中船重工安谱（湖北）仪器有限公司 | 校园招聘","https://mp.weixin.qq.com/s/LsmmJaZ7EJYY6Gk15fheCw","微信读书"
"北航就业","2026-01-14","招聘 | 华为 | 2026届销售类应届生招聘火热进行中","https://mp.weixin.qq.com/s/bHeAiUFAxE3FaMZk5W97RQ","微信读书"
"北航就业","2026-01-14","暖冬护航“职”通车，岗位不缺席——招聘活动精准达","https://mp.weixin.qq.com/s/a_B27d3o3eMSFxTNgbiC1Q","微信读书"
"北航就业","2026-01-13","招聘 | 成都航空职业技术大学 | 2026年博士人才引进简章","https://mp.weixin.qq.com/s/jTOkigAO3YU8mrV1yeDKqQ","微信读书"
"北航就业","2026-01-13","招聘 | 北汽研究总院 | 2026届博士人才招募中","https://mp.weixin.qq.com/s/rzDwKPq95ihEeX7JnsQ9SA","微信读书"
"北航就业","2026-01-13","实习 | 网易游戏（互娱）| 2027届实习生招聘专项启动","https://mp.weixin.qq.com/s/mCb4lnhQKdqH2jvUXs55IA","微信读书"
"北航就业","2026-01-13","实践 | 2026年度首期“高校学子宜昌行”实践体验活动","https://mp.weixin.qq.com/s/dr-spJSaElPhH-oejTnUzA","微信读书"
"北航就业","2026-01-13","暖冬护航 “职” 通车，成长不掉线——就业指导全程护","https://mp.weixin.qq.com/s/ko1G0L604_4PozWi5hbGDQ","微信读书"
"北航就业","2026-01-12","招聘 | 湖北汽车工业学院 | 2026年博士招聘公告","https://mp.weixin.qq.com/s/qHYOER_1uJ090cVGljjGvg","微信读书"
"北航就业","2026-01-12","招聘 | “智联汽车，才聚亦庄”车企专场招聘会","https://mp.weixin.qq.com/s/ekIDKkzg6Fs0BAbVM-U0rg","微信读书"
"北航就业","2026-01-12","暖冬护航“职”通车，服务不打烊——就业手续随时办","https://mp.weixin.qq.com/s/Vq55IJJIfJIE4Tzg9ugy4g","微信读书"
"北航就业","2026-01-09","招聘 | 中国铁建高新装备股份有限公司 | 2026届校园招聘","https://mp.weixin.qq.com/s/LHig6jwpeqrXJsz62L_mbA","微信读书"
"北航就业","2026-01-09","招聘 | 振石控股集团 | 2026届校园招聘","https://mp.weixin.qq.com/s/f7TW-Yo5KcBx7VrxSZY1-A","微信读书"
"北航就业","2026-01-09","招聘 | 美团 | 2026年春招全球校园大使招募","https://mp.weixin.qq.com/s/4dA0elLogpj84xVoMgG6GA","微信读书"
"北航就业","2026-01-08","招聘 | 中国一汽 | 2026届全球校园招聘","https://mp.weixin.qq.com/s/odf0ggtoQYfnMng-F_x30w","微信读书"
"北航就业","2026-01-08","招聘 | 中国航天科技集团有限公司第五研究院第五一三所 | 2026届校园招聘","https://mp.weixin.qq.com/s/yDongG2vaJFjDBRmBvG8XQ","微信读书"
"北航就业","2026-01-08","招聘 | 歌尔 | 2026届精英计划","https://mp.weixin.qq.com/s/kaeMYw37G2S_TK-n4paFwQ","微信读书"
"北航就业","2026-01-07","招聘 | 中国航天科工二院二〇八所 | 2026届校园招聘","https://mp.weixin.qq.com/s/-8jA_xfVDDheVWDFnT8nBg","微信读书"
"北航就业","2026-01-07","招聘 | 中国船舶重工集团公司第七六〇研究所 | 2026届校园招聘","https://mp.weixin.qq.com/s/Ji_pIjZ39pZijM-0MsjxLg","微信读书"
"北航就业","2026-01-07","招聘 | 普陀区属国有企业管培生 | 2026年度招聘公告","https://mp.weixin.qq.com/s/WrUBT1i3pBfGIfKHohAB9A","微信读书"
"北航就业","2026-01-07","招聘 | 宁夏警官职业学院 | 2026年自主公开招聘工作人员公告","https://mp.weixin.qq.com/s/GcBzv3euDiWdv7QV7zlaNg","微信读书"
"北航就业","2026-01-07","招聘 | 广州期货交易所 | 2026年招聘及博士后招收启事","https://mp.weixin.qq.com/s/YJ7lSi1DTuIlgd3uWyvewQ","微信读书"
"北航就业","2026-01-06","招收 | 中国铁道科学研究院 | 2026年招收攻读博士学位研究生章程","https://mp.weixin.qq.com/s/GKJgYRTYg4pe7-2GLcKJYQ","微信读书"
"北航就业","2026-01-06","招聘 | 中国航空工业集团金航数码 | 2026年校园招聘正式启动","https://mp.weixin.qq.com/s/o6d1JRhqn-b6LsUzIO59ug","微信读书"
"北航就业","2026-01-06","招聘 | 三棵树 | 2026届秋季校园招聘现已全面开启","https://mp.weixin.qq.com/s/xxRGW03rD2JJsA2X6SeM6w","微信读书"
"北航就业","2026-01-06","招聘 | 康复大学 | 诚聘海内外高层次人才","https://mp.weixin.qq.com/s/VfpK0pF7dejS_6eKGVHZGQ","微信读书"
"北航就业","2026-01-06","冬季促就业攻坚行动 | 招聘大礼包持续推送 | 重点企业招聘信息合辑（第9期）","https://mp.weixin.qq.com/s/WqIKJqUz80LH6tyu16pd0w","微信读书"
"北航就业","2026-01-05","招收 | 中国人民银行清算总中心博士后科研工作站 | 2026年度博士后招收简章","https://mp.weixin.qq.com/s/j5Hn_Pl-cJ1ZrEXuV6Dm1Q","微信读书"
"北航就业","2026-01-05","招聘 | 中国航天科工集团第六研究院41所 | 2026届招聘","https://mp.weixin.qq.com/s/cPeao559HHfrda7rX_dAwg","微信读书"
"北航就业","2026-01-05","招聘 | 中国电子科技集团公司第十一研究所 | 2026届校园招聘","https://mp.weixin.qq.com/s/dqandSa2ZPDBFDDFv-v_Ww","微信读书"
"北航就业","2026-01-04","招聘 | 中央民族大学 | 2026年教学科研人员招聘启事","https://mp.weixin.qq.com/s/xFwUiTdtdot3xEdAcT4BtA","微信读书"
"北航就业","2026-01-04","招聘 | 存款保险基金管理有限责任公司 | 2026届校园招聘正式启动","https://mp.weixin.qq.com/s/4NfHTcgicDCi33Ld6mV4WA","微信读书"
"北航就业","2026-01-01","喜迎元旦 | 2026，祝大家梦想如星驰，山海皆可平！","https://mp.weixin.qq.com/s/TI4JEm92dsOjbjMAZ-DrKw","微信读书"
"北航就业","2025-12-31","招聘 | 中国金融电子化集团有限公司 | 2026年度校园招聘公告","https://mp.weixin.qq.com/s/29c9ww3HkH1tcVbOaRQU3g","微信读书"
"北航就业","2025-12-31","招聘 | 河南省医学科学院感染与免疫研究所 | 诚聘英才","https://mp.weixin.qq.com/s/gwIPAcxWalmgyZ57V8zE1A","微信读书"
"北航就业","2025-12-31","冬季促就业攻坚行动 | 招聘大礼包持续推送 | 重点企业招聘信息合辑（第8期）","https://mp.weixin.qq.com/s/jI5w3WyFthrCFM4AAuAzcA","微信读书"
"北航就业","2025-12-30","招聘 | 浙江省湖州市 | 2026年事业单位招聘紧缺人才公告","https://mp.weixin.qq.com/s/4Qqas4xOcP6mtgtPh1Swxw","微信读书"
"北航就业","2025-12-30","招聘 | 航天长峰朝阳电源有限公司 | 2026届校园招聘","https://mp.weixin.qq.com/s/LCYn4b09RBSZU0a7gY6D3w","微信读书"
"北航就业","2025-12-30","招聘 | 安徽江淮汽车集团股份有限公司 | 2026届校园招聘简章","https://mp.weixin.qq.com/s/F28iqaEsp5aou2Chxcb2rg","微信读书"
"北航就业","2025-12-30","开放日 | 中国航空工业集团信息技术中心（金航数码） | 校招开放日！等你来","https://mp.weixin.qq.com/s/K1zkzOj3UGLbK8FdMbeMdw","微信读书"
"北航就业","2025-12-29","招聘 | 中国电子科技集团公司第三研究所 | 2026届校园招聘","https://mp.weixin.qq.com/s/1f5OvevbYGWr5Dn28IyYYg","微信读书"
"北航就业","2025-12-29","招聘 | 中国船舶集团有限公司系统工程研究院 · 中船电子科技有限公司 | 2026届校园招聘","https://mp.weixin.qq.com/s/XuBkpuTSfVvtvK7iY0cmsw","微信读书"
"北航就业","2025-12-29","招聘 | 中共四川省委党校（四川行政学院） | 2026年公开考核招聘专职教师公告","https://mp.weixin.qq.com/s/-4MW8RkIKBFgWkDb3uoPoA","微信读书"
"北航就业","2025-12-29","招聘 | 立信会计事务所浙江分所 | 2026届校园招聘","https://mp.weixin.qq.com/s/N8mkmtUIP-UqX_A7lPugOw","微信读书"
"北航就业","2025-12-29","招聘 | 晟通集团 | 2026届接班人计划全面启动！","https://mp.weixin.qq.com/s/gCQNEUxxR8SCsYC-R0iITA","微信读书"
"北航就业","2025-12-27","招聘 | 小天才 | 2026届秋季校园招聘","https://mp.weixin.qq.com/s/Dx5XNQzUVdm3LVgdReeSDQ","微信读书"
"北航就业","2025-12-27","招聘 | 空天信息大学（筹）诚聘2026届优秀青年博士！","https://mp.weixin.qq.com/s/IdHrCYjnRasoJLCPMFUWLQ","微信读书"
"北航就业","2025-12-27","招聘 | 科华集团 | 2026届校园招聘","https://mp.weixin.qq.com/s/jciMZ2SCHA83VuzHVOQcQg","微信读书"
"北航就业","2025-12-27","招聘 | 哈尔滨锅炉厂有限责任公司 | 2026年全球校园招聘","https://mp.weixin.qq.com/s/WRckUVWuDDFSgxIQfKAJhw","微信读书"
"北航就业","2025-12-26","招聘 | 中国雄安集团有限公司 | 2026年度校园招聘公告","https://mp.weixin.qq.com/s/H83yOX2LvqZnTUZnjku0xQ","微信读书"
"北航就业","2025-12-26","招聘 | 中国建筑第四工程局 | 2026届校园招聘","https://mp.weixin.qq.com/s/NYEKDV8UWwdoDJqnTUgMmg","微信读书"
"北航就业","2025-12-26","招聘 | 康复大学“校长之约”校园招聘会 | 北京站-中国科学院大学专场","https://mp.weixin.qq.com/s/FTo8-Z-V-1DrYfLaZ-m98w","微信读书"
"北航就业","2025-12-26","招聘 | 河南省科学院光资源与环境科学研究所 | 2026届校园招聘","https://mp.weixin.qq.com/s/sI0W4VKA4o5L165p9F8Ymg","微信读书"
"北航就业","2025-12-26","招聘 | 海南省旅游和文化广电体育厅直属事业单位 | 2026届校园招聘（文博专场）","https://mp.weixin.qq.com/s/nO6uZusjyElMeTULiuMoWw","微信读书"
"北航就业","2025-12-11","招聘 | 中国人民银行清算总中心直属企业银清科技有限公司 | 2026年度公开招聘公告","https://mp.weixin.qq.com/s/RWGKeBb0Ks5QpGsuDHBNEA","微信读书"
"北航就业","2025-12-11","招聘 | 瑞众人寿保险有限责任公司 | 2026届全国校园招聘正式启动","https://mp.weixin.qq.com/s/4omsBHOAhYR_tVM4WbjGxA","微信读书"
"北航就业","2025-12-11","招聘 | 东海实验室 | 2026届校园招聘","https://mp.weixin.qq.com/s/GF1zGU6F0UPu6EtJHM3tFQ","微信读书"
"北航就业","2025-12-11","公告 | 国家粮食和物资储备局直属联系单位 | 2026年应届毕业生公开招聘公告","https://mp.weixin.qq.com/s/fdWEEDw3ELDvJa3_pksbjQ","微信读书"
"北航就业","2025-12-11","补录 | 歌尔 | 2026届精英计划","https://mp.weixin.qq.com/s/vFqh65teBfny63D0VAGYvg","微信读书"
"北航就业","2025-12-10","招聘 | 四川航天川南火工技术有限公司 | 2026届校园招聘","https://mp.weixin.qq.com/s/_uAyWNJHH50QDy5MWiHdrg","微信读书"
"北航就业","2025-12-10","招聘 | 江谷科技 | 2026届校园招聘正在进行中","https://mp.weixin.qq.com/s/0NpKArAP5P0FWD24e0SopA","微信读书"
"北航就业","2025-12-10","双选 | “聚星沙 创未来” 长沙经开区招才引智（北京站）","https://mp.weixin.qq.com/s/CrOMiY3cg-9lwysdEN0QJg","微信读书"
"北航就业","2025-12-10","公告 | 泉州市2026届选优生选拔引进公告","https://mp.weixin.qq.com/s/6GbXzmxTt_l5rgUTvuVPdw","微信读书"
"北航就业","2025-12-10","公告 | 国家粮食和物资储备局垂直管理局事业单位 | 2026年应届毕业生公开招聘公告","https://mp.weixin.qq.com/s/8EjDcmMoh-L4s8JbnZgJ0A","微信读书"
"北航就业","2025-12-09","招聘 | 中建电子信息技术有限公司 | 2026届校园招聘","https://mp.weixin.qq.com/s/F9tcUfo5R1r4jZpRx6RB8Q","微信读书"
"北航就业","2025-12-09","招聘 | 沈阳建筑大学理学部 | 2025年公开招聘高层次人才公告","https://mp.weixin.qq.com/s/y3_KtFan-yd3Ute21mWtJg","微信读书"
"北航就业","2025-12-09","招聘 | 深圳欣界能源科技有限公司 | 2026届校园招聘","https://mp.weixin.qq.com/s/1PAXCcK2psZBGods6Pb60Q","微信读书"
"北航就业","2025-12-09","招聘 | 北京航天微系统与信息技术研究所（航天九院研发中心） | 2026届校园招聘","https://mp.weixin.qq.com/s/0rPad2pzZpjVfUWQxQfUdA","微信读书"
"北航就业","2025-12-09","冬季促就业攻坚行动 | 招聘大礼包持续推送 | 重点企业招聘信息合辑（第4期）","https://mp.weixin.qq.com/s/2v752TmYpu_Rsme11Rm6rg","微信读书"
"北航就业","2025-12-08","招聘 | 中国长城资产管理股份有限公司 | 2026届校园招聘正式启动","https://mp.weixin.qq.com/s/dmIcpK9vvRSOTxsVteg3Rg","微信读书"
"北航就业","2025-12-08","招聘 | 中国供销集团有限公司 | 2026年度应届高校毕业生招聘","https://mp.weixin.qq.com/s/gkF9UD2E8RZYLu4TDL0ajA","微信读书"
"北航就业","2025-12-08","招聘 | 三环集团 | 2026届校园招聘正式启动","https://mp.weixin.qq.com/s/sOc3jSzk6erwoo_83pa-nQ","微信读书"
"北航就业","2025-12-08","招聘 | 乾元国家实验室 | 2026届校园招聘正式启动","https://mp.weixin.qq.com/s/vqJ1KJFQp5Tme5q5ywLgiQ","微信读书"
"北航就业","2025-12-08","选调 | 广东省人大常委会机关 | 2026年度选调2名优秀大学毕业生","https://mp.weixin.qq.com/s/RwkMn38IKSCNSvqs-8B_-Q","微信读书"
"北航就业","2025-12-06","招聘 | 泉城实验室 | 2026届校园招聘","https://mp.weixin.qq.com/s/b58lzDgLoxWAYiAiQMT4_g","微信读书"
"北航就业","2025-12-06","招聘 | 华润双鹤 | 2025年校园招聘正式启动啦！","https://mp.weixin.qq.com/s/7Z_3hWZf5CQ_OieaQb8U6A","微信读书"
"北航就业","2025-12-06","招聘 | 巢湖学院 | 2025年高层次人才招聘公告","https://mp.weixin.qq.com/s/ThPt6GLbUrnwhMwJmO1Q0w","微信读书"
"北航就业","2025-12-06","实践 | 珠海·横琴2026年全球知名高校优秀青年人才寒假实践活动来了！","https://mp.weixin.qq.com/s/aKA1pGKSomYDYILTghO6iA","微信读书"
"北航就业","2025-12-05","招聘 | 中国再保险（集团）股份有限公司 | 2026届校园招聘","https://mp.weixin.qq.com/s/Yb5-2wT-S425KpzCuZWHIg","微信读书"
"北航就业","2025-12-05","招聘 | 龙湖集团 | 2026届校园招聘","https://mp.weixin.qq.com/s/3AxFhmQmUvgF7p6NKOXJnw","微信读书"
"北航就业","2025-12-05","招聘 | 成方金融科技有限公司 | 2026届校园招聘","https://mp.weixin.qq.com/s/78ZL9KKXH_nFOxdaU2j_4w","微信读书"
"北航就业","2025-12-05","招聘 | 2025年公安机关招聘2356人公告","https://mp.weixin.qq.com/s/5o7yXELb4qnTMMp5gimTAg","微信读书"
"北航就业","2025-12-05","学生邀请函 | “千校万企”2026届毕业生冬季综合类双选会+名企探岗+就业日活动——北京航空航天大学站","https://mp.weixin.qq.com/s/L59u5iNmbN0x2hYgZERuug","微信读书"
"北航就业","2025-12-04","招聘 | 浙江大学 | 今起报名！浙大公开招聘，等你来","https://mp.weixin.qq.com/s/Hl65JxxTZmSZ3XjluGJ5KA","微信读书"
"北航就业","2025-12-04","招聘 | 远景能源 | 2026届全球校园招聘","https://mp.weixin.qq.com/s/yA0cA-ctB-IMfeJ9r2sxlA","微信读书"
"北航就业","2025-12-04","招聘 | 辽宁工业大学 | 2025年诚揽博士，共谱新篇","https://mp.weixin.qq.com/s/mVBiADM2FGlJ_8BIiB7fbQ","微信读书"
"北航就业","2025-12-04","招聘 | 北京市平谷区国农港学校（北京第七实验学校） | 面向全国招聘","https://mp.weixin.qq.com/s/iPHL3wvOuFy1JbRUM1JXGA","微信读书"
"北航就业","2025-12-04","公告 | 全国人大机关直属事业单位 | 2026年度公开招聘工作人员公告","https://mp.weixin.qq.com/s/egvhMgFo4BLrg8AiNFogfQ","微信读书"
"北航就业","2025-12-03","卓越青年学者神舟论坛——哈工大郑州研究院诚邀全球英才！","https://mp.weixin.qq.com/s/Xdkg5pEBLxqq7C-y7nkTqA","微信读书"
"北航就业","2025-12-03","招聘 | 星火教育 | 2026届校园招聘正式启动","https://mp.weixin.qq.com/s/ycHRo_n-Q-i2Eal9n5e9Sg","微信读书"
"北航就业","2025-12-03","招聘 | 途游游戏 | 2026届校园招聘正式启动","https://mp.weixin.qq.com/s/WaTs0UrJXwLT-k5ysKwX7w","微信读书"
"北航就业","2025-12-03","招聘 | 国家移民管理局出入境管理信息技术研究所 | 2026届公开招聘","https://mp.weixin.qq.com/s/yalzEfILBdVox0lPXSkzjg","微信读书"
"北航就业","2025-12-03","就业互学沙龙 | 进展追踪与精准帮扶双管齐下！——就业互学沙龙（第三十八期）来啦","https://mp.weixin.qq.com/s/CBLvdcq16YVOV6SOwJaxcA","微信读书"
"北航就业","2025-12-02","招聘 | 中再资产管理股份有限公司 | 2026届校园招聘","https://mp.weixin.qq.com/s/NubI0c76-WbcXQaHAZ15wg","微信读书"
"北航就业","2025-12-02","招聘 | 中国科学院合肥物质科学研究院 | 2025年博士后研究人员招聘公告","https://mp.weixin.qq.com/s/kFToIxG1i8GHHVpUiIml5A","微信读书"
"北航就业","2025-12-02","招聘 | 四川大学 | 2026届校聘非事业编制岗位招聘公告（第一批）","https://mp.weixin.qq.com/s/2OFYeKwNBkVqc2fgn7oe5Q","微信读书"
"北航就业","2025-12-02","公告 | 海南师范大学 | 首届榕树青年学者论坛公告","https://mp.weixin.qq.com/s/IoHEDGpCxGgvvSxLbq9ziw","微信读书"
"北航就业","2025-12-02","冬季促就业攻坚行动 | 招聘大礼包持续推送 | 重点企业招聘信息合辑（第3期）","https://mp.weixin.qq.com/s/aRoDnXs1Dsws2_e37MlVfw","微信读书"
"北航就业","2025-12-01","招聘 | 中核苏能核电有限公司 | 2026届校园招聘全面启动","https://mp.weixin.qq.com/s/q2-ceYlIQE38Ea2jw3nllw","微信读书"
"北航就业","2025-12-01","招聘 | 杰瑞股份 | 2026届校园招聘","https://mp.weixin.qq.com/s/fg-pBS7QNppwh8ohj8tGew","微信读书"
"北航就业","2025-12-01","招聘 | 冀银金融租赁股份有限公司 | 2025年度校园招聘启事","https://mp.weixin.qq.com/s/Rqf6Ig7PRazZMXaPdp0RyQ","微信读书"
"北航就业","2025-12-01","冬令营 | 中国核工业集团有限公司 | 首届博士冬令营扬帆起航","https://mp.weixin.qq.com/s/L2z8_MjwCu-vNbtzQz0A0Q","微信读书"
"北航就业","2025-11-29","招聘 | 中国航空工业集团党校/培训中心/人力资源中心 | 2026届校园招聘","https://mp.weixin.qq.com/s/Za252gZyPtY-N8AsM_Z80g","微信读书"
"北航就业","2025-11-29","招聘 | 韶音科技 | 2026届校招研发岗补录进行中","https://mp.weixin.qq.com/s/GsTC7nUItByXWm5i_ww1yg","微信读书"
"北航就业","2025-11-29","招聘 | 河北银行 | 2026届校园招聘正式启动","https://mp.weixin.qq.com/s/hes5XGPwsspDlIuc-DQwBw","微信读书"
"北航就业","2025-11-29","招聘 | 航天彩虹无人机股份有限公司 | 2026届校园招聘全面启动","https://mp.weixin.qq.com/s/krUrmyPi0xaHe1IP6L6fBA","微信读书"
"北航就业","2025-11-29","招聘 | 北京环境卫生工程集团有限公司 | 2026届校园招聘正式启动","https://mp.weixin.qq.com/s/HT7dZSRTsMXeaTlOJBI1kA","微信读书"
"北航就业","2025-11-29","公告 | 新疆和田地区2025年“才聚和田·智汇玉都”招才引智招聘工作人员","https://mp.weixin.qq.com/s/Ep_5aBSnN1FhkOHI9-9iFQ","微信读书"
"北航就业","2025-11-28","招聘 | 中国兵器工业第二〇六研究所 | 2026届校园招聘","https://mp.weixin.qq.com/s/dAbgRm18LHNTBhNIhFkHyw","微信读书"
"北航就业","2025-11-28","招聘 | 优博讯科技股份有限公司 | 2026届校园招聘正式启动","https://mp.weixin.qq.com/s/BY7UXqcaxlilQf02poJ76w","微信读书"
"北航就业","2025-11-28","招聘 | 银联国际 | 2026届校园招聘正式启动","https://mp.weixin.qq.com/s/asrgBWPyoYP_41wFJr0W-g","微信读书"
"北航就业","2025-11-28","招聘 | 全国巡回博士、博士后高层次人才专场签约洽谈会","https://mp.weixin.qq.com/s/JGfFcVRjPr9bhqTdejL8yA","微信读书"
"北航就业","2025-11-28","招聘 | 奇瑞捷豹路虎 | 2026届校园招聘焕新启航","https://mp.weixin.qq.com/s/5S0Ntry5lvLnathrKZ034Q","微信读书"
"北航就业","2025-11-28","宣讲 | 北京证券交易所 全国股转公司 中证股转科技有限公司 | 2025年校园招聘公告","https://mp.weixin.qq.com/s/ZKXbSNdbYqSyU79v5jX8tw","微信读书"
"北航就业","2025-11-27","招聘 | 中核浙能能源有限公司 | 2026届校园招聘正式开启","https://mp.weixin.qq.com/s/rO7Pad2YYrmmKysaM0vaJQ","微信读书"
"北航就业","2025-11-27","招聘 | 中国人民银行直属事业单位 | 公开招聘","https://mp.weixin.qq.com/s/QLKW9lV-M72TUfUpgtR7Og","微信读书"
"北航就业","2025-11-27","招聘 | 石河子大学 | 2026届公开招聘","https://mp.weixin.qq.com/s/oD95ANfw8KfdNRCStVbORA","微信读书"
"北航就业","2025-11-27","招聘 | 海天味业 | 2026届校园招聘","https://mp.weixin.qq.com/s/ZVMyBN5RatpeE39VrtgQ-Q","微信读书"
"北航就业","2025-11-27","招聘 | 北京电子城高科技集团股份有限公司 | 管培生招聘","https://mp.weixin.qq.com/s/hKcAX-9TZGTjlTeT4D_3zg","微信读书"
"北航就业","2025-11-27","“千校万企”线上线下全国招聘活动邀请函","https://mp.weixin.qq.com/s/nkpYDNjfQpDsOJT06SNE2A","微信读书"
"北航就业","2025-11-26","招聘 | 南航科技（广东横琴）有限公司 | 2026届校园招聘","https://mp.weixin.qq.com/s/9a6W91g2eEoEONKyK5LhGg","微信读书"
"北航就业","2025-11-26","招聘 | 凯莱英医药集团 | 2026届校园招聘","https://mp.weixin.qq.com/s/R5abbnOHvFQR3yNgfPSuPA","微信读书"
"北航就业","2025-11-26","招聘 | 北京证券交易所 全国股转公司 | 2025年校园招聘公告","https://mp.weixin.qq.com/s/UFeE9NTBW6qg8ExLpRpkzA","微信读书"
"北航就业","2025-11-26","选调 | 西藏自治区2026年度定向选调应届优秀大学毕业生公告","https://mp.weixin.qq.com/s/EPBW4eSpvNhg5VQ0TysvdQ","微信读书"
"北航就业","2025-11-26","宣讲 | 粤科金融集团 | 2026届校园招聘正式启动","https://mp.weixin.qq.com/s/3dZWmLp5-bg-op5CFHaWag","微信读书"
"北航就业","2025-11-26","宣讲 | 歌尔丹拿 | 2026届校园招聘正式启动","https://mp.weixin.qq.com/s/SWx7qqQrCSd7dy4C7qnKgw","微信读书"
"北航就业","2025-11-26","实习 | 新东方国际教育 | 寒假实习生招聘专场空中宣讲会","https://mp.weixin.qq.com/s/y6xvJxZtNZViMWPSAm88Ig","微信读书"
"北航就业","2025-11-25","招聘 | 中国人民银行清算总中心 | 2026年度公开招聘公告","https://mp.weixin.qq.com/s/HzxZQ0XkgqyXzt2PMYjzMA","微信读书"
"北航就业","2025-11-25","招聘 | 欣旺达 | 2026届全球校园招聘","https://mp.weixin.qq.com/s/2_PL8VorROxqSc90coROGg","微信读书"
"北航就业","2025-11-25","招聘 | 天津农商银行 | 2026届校园招聘正式启动","https://mp.weixin.qq.com/s/bDbiA48V8cOChsz__mUX7w","微信读书"
"北航就业","2025-11-25","招聘 | 首都机场集团有限公司 | 2026届校园招聘","https://mp.weixin.qq.com/s/PI8073fVvoMqmk16kmV0nw","微信读书"
"北航就业","2025-11-25","招聘 | 陆军研究院某研究所 | 强军英才 职等你来","https://mp.weixin.qq.com/s/EhvMw-mvkqymzi7ChZVbxg","微信读书"
"北航就业","2025-11-25","招聘 | 地平线 | 2026届秋季校园招聘","https://mp.weixin.qq.com/s/3HmJ7P4XzQLCBo5KtLAzew","微信读书"
"北航就业","2025-11-24","招聘 | 中建-大成建筑有限责任公司 | 2026届校园招聘正式启动","https://mp.weixin.qq.com/s/-SH9TxU2ngdwD1Olr9bx1A","微信读书"
"北航就业","2025-11-24","招聘 | 中共四川省委党校（四川行政学院） | 2026年公开考核招聘专职教师公告","https://mp.weixin.qq.com/s/k9AS-UyeWDWOQU4lsk5JIQ","微信读书"
"北航就业","2025-11-24","招聘 | 容百集团 | 2026届全球校园招聘","https://mp.weixin.qq.com/s/q4icvp25i7-nw7dNiKNSzg","微信读书"
"北航就业","2025-11-24","招聘 | 国家外汇管理局中央外汇业务中心 | 2026届校园招聘","https://mp.weixin.qq.com/s/ROw-PN6aUvp4fNUizra2OA","微信读书"
"北航就业","2025-11-24","宣讲 | 公安部第一研究所 | 2026年度公开招聘","https://mp.weixin.qq.com/s/wxqzeIGRI5qbpmaof1XO9A","微信读书"
"北航就业","2025-11-24","双选 | 航天八院杭州国际校园专场实习就业双选会","https://mp.weixin.qq.com/s/IXBFvsQGp7hNYEMUnW5aWA","微信读书"
"北航就业","2025-11-23","招聘 | 卓越教育 | 2026届校园招聘","https://mp.weixin.qq.com/s/S-O-tUZkdDtXff38-lejrg","微信读书"
"北航就业","2025-11-23","招聘 | 中国银行间市场交易商协会 | 2026年度校园招聘","https://mp.weixin.qq.com/s/SFRBx9z-X3H_F_b6UBk1hQ","微信读书"
"北航就业","2025-11-23","招聘 | 中国人民银行金融基础数据中心 | 2026届校园招聘","https://mp.weixin.qq.com/s/szvNkKbzz1EZK6oZ-MT8zQ","微信读书"
"北航就业","2025-11-23","招聘 | 中国电建集团中南勘测设计研究院有限公司中国水利水电建设工程咨询中南有限公司 | 2026届校园招聘简章","https://mp.weixin.qq.com/s/uBkA09VDAtmYdQ4o0teKKg","微信读书"
"北航就业","2025-11-23","招聘 | 北京燃气集团 | 2026届校园招聘","https://mp.weixin.qq.com/s/MaOA1vV7K2y5VDuXZ8DB8Q","微信读书"
"北航就业","2025-11-22","招聘 | 中国科学院合肥物质科学研究院核能安全技术研究所 | 欢迎英才加入","https://mp.weixin.qq.com/s/m9NHURmXRXS1iBru2edLRg","微信读书"
"北航就业","2025-11-22","招聘 | 中国航空工业集团有限公司审计中心 | 2026届校园招聘启事","https://mp.weixin.qq.com/s/_RW9k-yNyuZ5r3LDS7kJBQ","微信读书"
"北航就业","2025-11-22","招聘 | 深圳市创鑫激光股份有限公司 | 2026届校园招聘正式启动","https://mp.weixin.qq.com/s/Q8xKEjJCYa_asmiWKECnFg","微信读书"
"北航就业","2025-11-22","招聘 | 轻舟智航 | 2026届秋季校园招聘启动","https://mp.weixin.qq.com/s/JggMsQhb93-r6kcxY-1chg","微信读书"
"北航就业","2025-11-22","选调 | 福建省2026年度选调生选拔工作公告","https://mp.weixin.qq.com/s/1Byj7HRTVeNq3tRXOm8evQ","微信读书"
"北航就业","2025-11-22","企业邀请函 | “金秋启航”校企供需对接暨千校万企促就业活动","https://mp.weixin.qq.com/s/Dm85pGPq2IIbTbaIz2Z16Q","微信读书"
"北航就业","2025-11-22","冬季促就业攻坚行动 | 招聘大礼包持续推送 | 重点企业招聘信息合辑（第2期）","https://mp.weixin.qq.com/s/k52CQuyKPA8ELcUEssXZYA","微信读书"
"北航就业","2025-11-21","中国航天科工三院三部2026年博士研究生普通招考工作正式启动","https://mp.weixin.qq.com/s/DMCrprDNo9EASf-IOZHmQA","微信读书"
"北航就业","2025-11-21","招聘 | 四川中久数创科技有限公司 | 2026届校招全面启动","https://mp.weixin.qq.com/s/UYfgux6RIAI9zr__J-NMuA","微信读书"
"北航就业","2025-11-21","招聘 | 审计署部分京内直属事业单位 | 2026届校园招聘","https://mp.weixin.qq.com/s/XhAm7f0hEaux3_9PlcGVFA","微信读书"
"北航就业","2025-11-21","招聘 | 海淀区“企航计划” | 2026届招聘优秀应届毕业生公告","https://mp.weixin.qq.com/s/fs3dBTOtW-8TRVPPRi1ZEA","微信读书"
"北航就业","2025-11-21","招聘 | 才聚浙江 | 2025年北京高层次人才洽谈会","https://mp.weixin.qq.com/s/VANOKG2bydjZBqYVSP0Wyg","微信读书"
"北航就业","2025-11-21","实习 | 新东方 | 「超酷教师体验卡」待你领取","https://mp.weixin.qq.com/s/H-Z-pupq0-Vp5lTxTknVnA","微信读书"
"北航就业","2025-11-21","公告 | 新疆阿克苏地区 | 2025年人才引进计划公告","https://mp.weixin.qq.com/s/BZYMTt8Ohafwk7H2-Yh_uQ","微信读书"
"北航就业","2025-11-20","招聘 | 中国航天科工集团三院三部 | 2026届校园招聘正式启动","https://mp.weixin.qq.com/s/I83b0TPhfg9xwhGtWFesjA","微信读书"
"北航就业","2025-11-20","招聘 | 宜昌市住房和城市更新局所属事业单位 | 2026届“招才兴业”人才引进公开招聘公告·北京大学站","https://mp.weixin.qq.com/s/b4ukK_1k-WRKqVGyP_S7tw","微信读书"
"北航就业","2025-11-20","招聘 | 宿迁学院 | 江苏省2025年高层次人才招聘公告","https://mp.weixin.qq.com/s/3GqpMAZHIBAeySmPhlpi2g","微信读书"
"北航就业","2025-11-20","招聘 | 赛尔网络 | 2026届校园招聘全面启动！","https://mp.weixin.qq.com/s/tEuzvu7yAezpUSdBqfmPWQ","微信读书"
"北航就业","2025-11-20","招聘 | 秦山核电 | 2026届校园招聘正式启动","https://mp.weixin.qq.com/s/okgxpu5KfekCqobmN8hXUA","微信读书"
"北航就业","2025-11-20","招聘 | 虹科 | 2026届校园招聘正式启动","https://mp.weixin.qq.com/s/g_RhPbUHmZDNFNEL5tc8VQ","微信读书"
"北航就业","2025-11-20","选调 | 云南省 | 2026年面向北京航空航天大学选调优秀毕业生公告","https://mp.weixin.qq.com/s/TT3To3lu3L7gP8xEn6vytA","微信读书"
"北航就业","2025-11-19","招聘 | 中国（教育部）留学服务中心 | 2025年度下半年公开招聘公告（非事业编制）","https://mp.weixin.qq.com/s/gVagUQNoWRDgd8GdmvpKnQ","微信读书"
"北航就业","2025-11-19","招聘 | 算能 | 2026届校园招聘正式启动","https://mp.weixin.qq.com/s/RKyspCrrmFx0FDLJyevGGg","微信读书"
"北航就业","2025-11-19","招聘 | 诺唯赞 | 2026届校园招聘正式启动","https://mp.weixin.qq.com/s/9AvdU70RUfco9tqGDCy8Xw","微信读书"
"北航就业","2025-11-19","选调 | 江西省2026年度面向北京航空航天大学选调应届优秀大学毕业生公告","https://mp.weixin.qq.com/s/pmJAOEwp9AsJrTUy40MqqA","微信读书"
"北航就业","2025-11-19","宣讲 | 方舟健客 | 2026届校招正式启动","https://mp.weixin.qq.com/s/3jOc2BygmCIPjn5H8E4cfA","微信读书"
"北航就业","2025-11-19","北京航空航天大学与高校毕业生就业协会共同主办第四届高等学校就业创业国际论坛成功举行","https://mp.weixin.qq.com/s/gKO-urxiqAXeoJED9QbD-g","微信读书"
"北航就业","2025-11-18","招聘 | 中国航空工业集团津电 | 2026届校园招聘启动","https://mp.weixin.qq.com/s/auy7OxtS8JKhK7FSkkpc5A","微信读书"
"北航就业","2025-11-18","招聘 | 新东方高中项目统招统培 | 2026届校园招募","https://mp.weixin.qq.com/s/zLljUYk33xdXhatqx1ecCw","微信读书"
"北航就业","2025-11-18","招聘 | 九阳 | 2026届秋季校园招聘启动","https://mp.weixin.qq.com/s/r3Y5qD3sWHAOvo4GTG8Vmg","微信读书"
"北航就业","2025-11-18","招聘 | 北京市延庆区 | 2026年度公务员，共78个岗位，尚待英才","https://mp.weixin.qq.com/s/S-n-GBZqGOKFXsAeTUg5hw","微信读书"
"北航就业","2025-11-18","宣讲 | 铂科电子 | 2026届校园招聘","https://mp.weixin.qq.com/s/aUsBIhMiWCAn7v-odDHRVA","微信读书"
"北航就业","2025-11-18","宣讲 | “扬帆启航·才聚平湖”国企高层次人才（第一批） | 2026届招聘公告","https://mp.weixin.qq.com/s/xEzz80_BfNGwtlRFQgPieQ","微信读书"
"北航就业","2025-11-18","双选 | 百万英才汇南粤2025年百千万工程 招才引智人才对接会（北京站）","https://mp.weixin.qq.com/s/UW8yOloMwM9WhSL1sLHR5w","微信读书"
"北航就业","2025-11-17","招聘 | 中国南方航空 | 2026届校园招聘","https://mp.weixin.qq.com/s/gMB5ai87OhQBz_PoApO9SQ","微信读书"
"北航就业","2025-11-17","招聘 | 中国电子科技集团公司第二十二研究所 | 2026届校园招聘","https://mp.weixin.qq.com/s/KXRuUhOHHKcgSy8fdHEAuA","微信读书"
"北航就业","2025-11-17","招聘 | 云和恩墨 | 2026届秋季校园招聘","https://mp.weixin.qq.com/s/-dIiYUL_fBoevQAR5fniAw","微信读书"
"北航就业","2025-11-17","招聘 | 泸州老窖集团 | 2026届校园招聘正式启动","https://mp.weixin.qq.com/s/aSbHfHjKf48PTooUvny4tA","微信读书"
"北航就业","2025-11-17","选调 | 青岛市2026年“青选计划”公告（北京航空航天大学）","https://mp.weixin.qq.com/s/XXcC-weXRz4RxHvViELgNA","微信读书"
"北航就业","2025-11-17","双选 | 北京航空航天大学2026届毕业生综合双选会--学院路专场（三）","https://mp.weixin.qq.com/s/_IdfGzTi-sCRvPf14M0CAg","微信读书"
"北航就业","2025-11-15","招聘 | 朴道征信 | 2026届校园招聘","https://mp.weixin.qq.com/s/S9KRjAdB568Qfg45OAwXMQ","微信读书"
"北航就业","2025-11-15","招聘 | 华润置地 | 2026届校园招聘正式启动！","https://mp.weixin.qq.com/s/eooQPeu0lfLlmFtkGQYoFA","微信读书"
"北航就业","2025-11-15","招聘 | 河北建投交通投资有限责任公司 | 2025年秋季优秀人才引进计划正式发布","https://mp.weixin.qq.com/s/tJdEDQV3XiTItpHMWJ7t_g","微信读书"
"北航就业","2025-11-15","招聘 | 才聚两江——知名高校联盟走进两江新区人才对接洽谈活动","https://mp.weixin.qq.com/s/tBzy-RLZkj9aWi_FrG1L7A","微信读书"
"北航就业","2025-11-15","招聘 | 北京中医药大学 | 北京中医药大学2026年师资博士后招聘启事&北京中医药大学2026年公开招聘启事","https://mp.weixin.qq.com/s/qMJUTxvlqoAeP6n1TJyzEg","微信读书"
"北航就业","2025-11-14","招聘 | 中国华电集团有限公司 | 2026届“青年骏才” 暨校园招聘正式启动","https://mp.weixin.qq.com/s/HZkbb_0WEa0pP-cG13VOyw","微信读书"
"北航就业","2025-11-14","招聘 | 苏州盛科通信股份有限公司 | 2026届校园招聘正式开启！","https://mp.weixin.qq.com/s/PcCx8j6AuannEmqD6vKDlg","微信读书"
"北航就业","2025-11-14","招聘 | 国家无线电监测中心 | 2026届校园招聘","https://mp.weixin.qq.com/s/B3cTJUyL_atMk-Vvz-Whqg","微信读书"
"北航就业","2025-11-14","招聘 | 北京大数据先进技术研究院“数据空间技术与系统”全国重点实验室 | 2026届校园招聘","https://mp.weixin.qq.com/s/7KraOtkjjjlIvdJO0Touww","微信读书"
"北航就业","2025-11-14","招聘 | 2025年秋季华北区域博士、博士后专场","https://mp.weixin.qq.com/s/80coNZcGuEmq4gpF8UWAPw","微信读书"
"北航就业","2025-11-14","宣讲 | 基克纳科技有限公司 | 2026届全球校园招聘正式启动！","https://mp.weixin.qq.com/s/hq5E_TpstH-OM9iCIttofg","微信读书"
"北航就业","2025-11-13","招聘 | 中央国债登记结算有限责任公司 | 2026届校园招聘正式启动","https://mp.weixin.qq.com/s/2_1ptsUaeHMclRTguE0jug","微信读书"
"北航就业","2025-11-13","招聘 | 同花顺 | 2026届校园招聘正式启动","https://mp.weixin.qq.com/s/qR5YVdMNIyuUwWegMWNK6g","微信读书"
"北航就业","2025-11-13","招聘 | 四达时代集团 | 2026届校园招聘全面启动","https://mp.weixin.qq.com/s/uviSpJZlQpPGThISubIPiQ","微信读书"
"北航就业","2025-11-13","招聘 | 思朗科技 | 2026届校园招聘公告","https://mp.weixin.qq.com/s/k95S5b4h1-Veqnt90wfgJg","微信读书"
"北航就业","2025-11-13","招聘 | 京能数字产业有限公司 | 2026届校园招聘","https://mp.weixin.qq.com/s/zfvhu2KpP7erBdhHBNuY-g","微信读书"
"北航就业","2025-11-13","宣讲 | 中国人民解放军第五三一一工厂 | 2026届校园招聘","https://mp.weixin.qq.com/s/fIaoj2xOxQL9-lit7fmaMA","微信读书"
"北航就业","2025-11-13","冬季促就业攻坚行动 | 招聘大礼包持续推送 | 重点企业招聘信息合辑（第1期）","https://mp.weixin.qq.com/s/66za6Hq23F_I6yFmqRONdA","微信读书"
"北航就业","2025-11-12","招聘 | 长江产业集团 | 2026届校园招聘","https://mp.weixin.qq.com/s/LP60hzbsF8nP3t5YtkAvnQ","微信读书"
"北航就业","2025-11-12","招聘 | 海南省财金集团有限公司 | 2025年秋季校园招聘公告","https://mp.weixin.qq.com/s/LY2GUO591LIWOceCwmFSHA","微信读书"
"北航就业","2025-11-12","邀请函 | 百万英才汇南粤（北航） | 2025年百千万工程招才引智人才对接会（北京站）","https://mp.weixin.qq.com/s/41aDeBK6T2GsW164AtK43A","微信读书"
"北航就业","2025-11-12","宣讲 | 上海机场集团 | 2026年度校园招聘正式启动","https://mp.weixin.qq.com/s/EyWnabGbXS0ARlwm_XPxyw","微信读书"
"北航就业","2025-11-12","宣讲 | 2026年湖北省定向选调生招录公告","https://mp.weixin.qq.com/s/OylhnJKB4qhV2ai0nVeg9Q","微信读书"
"北航就业","2025-11-11","招聘 | 杭州市北京航空航天大学国际创新研究院（北京航空航天大学国际创新学院） | 2025年第三批行政人员（聘用制）招聘公告","https://mp.weixin.qq.com/s/GYYOCn0gz6oPaMEGsq1gHg","微信读书"
"北航就业","2025-11-11","招聘 | 高瓴科技 | 第二批创新势力集结","https://mp.weixin.qq.com/s/XumBUZorPLUYWnTAwSBssw","微信读书"
"北航就业","2025-11-11","招聘 | 方太集团 | 2026届校园招聘正式启动","https://mp.weixin.qq.com/s/vMhw4xlmOWSr3FUvNKHzrQ","微信读书"
"北航就业","2025-11-11","宣讲 | 杭州市北京航空航天大学国际创新研究院（北京航空航天大学国际创新学院） | 专职辅导员岗位招聘","https://mp.weixin.qq.com/s/lCcCpVDfMVMsNEddWt4P8A","微信读书"
"北航就业","2025-11-11","公告 | 关于公开选聘2026年度珠海市干部队伍储备人才的公告","https://mp.weixin.qq.com/s/kRpopJpRNknnZMb197R1Tg","微信读书"
"北航就业","2025-11-11","公告 | 北京市各级机关 | 2026年度考试录用公务员公告","https://mp.weixin.qq.com/s/jftxJyVP2fgBPNUJxDfUTA","微信读书"
"北航就业","2025-11-10","招聘 | 中国进出口银行 | 2026届校园招聘正式启动","https://mp.weixin.qq.com/s/sB7FIjMfHUL4JKd2GqaHYg","微信读书"
"北航就业","2025-11-10","招聘 | 深圳市南山区 | 2025年招聘高层次紧缺专业人才","https://mp.weixin.qq.com/s/mfkmVahaV3SScWrbp7KfWA","微信读书"
"北航就业","2025-11-10","招聘 | 深圳市大寰机器人科技有限公司 | 2026届校招","https://mp.weixin.qq.com/s/ArSfCC5_Madtlg5wo-uH9Q","微信读书"
"北航就业","2025-11-10","招聘 | 前海开源基金 | 2026届校园招聘","https://mp.weixin.qq.com/s/CLFJuDMjhaxDbqfKcBN_hg","微信读书"
"北航就业","2025-11-10","宣讲 | 桂启新程 航向未来——广西2026年定向北京航空航天大学招录选调生宣讲会","https://mp.weixin.qq.com/s/7yj-bOg2BJdAkwCY5qoLiQ","微信读书"
"北航就业","2025-11-10","宣讲 | 重庆大学 | 2025年校园宣讲会","https://mp.weixin.qq.com/s/S2ZExBBhVkj_E5_wfpRrKQ","微信读书"
"北航就业","2025-11-10","双选 | 2025年山东高校“校长之约”北京站引才活动","https://mp.weixin.qq.com/s/p-kOhJ9fB5cROTYh2K5oHQ","微信读书"
"北航就业","2025-11-08","招聘 | 中交融资租赁有限公司 | 2026届校园招聘正式启动","https://mp.weixin.qq.com/s/6CUa57CuxUnlnSgK18XSqg","微信读书"
"北航就业","2025-11-08","招聘 | 易思维（杭州）科技股份有限公司 | 2026届校园招聘","https://mp.weixin.qq.com/s/mYgbrf8xn_NclUeqEjNIqQ","微信读书"
"北航就业","2025-11-08","招聘 | 思特威（上海）电子科技股份有限公司 | 2026届秋季校园招聘","https://mp.weixin.qq.com/s/laGjeH7geWQrisvCjAU8FQ","微信读书"
"北航就业","2025-11-08","招聘 | 江西省水利投资集团有限公司 | 2026届第一批次校园招聘","https://mp.weixin.qq.com/s/BJu1jcgcfRGT02j5V3TthQ","微信读书"
"北航就业","2025-11-08","招聘 | 第七届“雄安新区人才智力交流大会”邀请函","https://mp.weixin.qq.com/s/9mU9lmquiqDSMdku3SiQGA","微信读书"
"北航就业","2025-11-08","宣讲 | 中国证券登记结算有限责任公司2026年度招聘公告","https://mp.weixin.qq.com/s/lVsszzLP7E3iCes6B44tOw","微信读书"
"北航就业","2025-11-08","100套！免租半年！@毕业生，海淀这里的“入职礼”来了——","https://mp.weixin.qq.com/s/X5wrioFoJZOUhvaTT64QKw","微信读书"
"北航就业","2025-11-07","招聘 | 之江实验室 | 2025年北京招聘专场","https://mp.weixin.qq.com/s/P3ehsgnNpsZAjHGndxKA9g","微信读书"
"北航就业","2025-11-07","招聘 | 郑州易盛信息技术有限公司 | 2026届校园招聘","https://mp.weixin.qq.com/s/yarkzYT31YcF2MwbjfPO2A","微信读书"
"北航就业","2025-11-07","招聘 | 正浩EcoFlow | 2026届New Power全球校园招聘","https://mp.weixin.qq.com/s/qiSnPEvKbV90Ja2snN6aDw","微信读书"
"北航就业","2025-11-07","招聘 | 武汉科技大学 | 第三届香涛论坛全球邀约！","https://mp.weixin.qq.com/s/dNllxHSizGAGAB_sLytbmA","微信读书"
"北航就业","2025-11-07","招聘 | 金蝶国际软件集团有限公司 | 2026届全球校园招聘启动","https://mp.weixin.qq.com/s/B57BaGeUBqRuh8KVJyhhUg","微信读书"
"北航就业","2025-11-07","招聘 | 国家工业信息安全发展研究中心 | 2026届校园招聘","https://mp.weixin.qq.com/s/qGOYc7IhakOeN6xXOp_rMQ","微信读书"
"北航就业","2025-11-06","招聘 | 中央军委装备发展部 | 招考文职人员公告","https://mp.weixin.qq.com/s/qHsaV0shold4p5vv7UWqyg","微信读书"
"北航就业","2025-11-06","招聘 | 中国航天科工集团第三研究院第三十五研究所 | 2026届校园招聘","https://mp.weixin.qq.com/s/8fdWNiCRD00dmGYuOKOLvA","微信读书"
"北航就业","2025-11-06","招聘 | 易训工伤预防 | 2026届校园招聘正式启动","https://mp.weixin.qq.com/s/FyVWmANRQGEKjDisar89bg","微信读书"
"北航就业","2025-11-06","招聘 | 术锐机器人 | 2026届校园招聘","https://mp.weixin.qq.com/s/pvoyW67lgAxVcqzVbrFW2g","微信读书"
"北航就业","2025-11-06","招聘 | 青岛国信集团 | 2026届校园招聘正式启动","https://mp.weixin.qq.com/s/GF0hLLJFoOkenM-oTv9-IA","微信读书"
"北航就业","2025-11-06","招聘 | 埃特曼半导体 | 2026届校园招聘","https://mp.weixin.qq.com/s/gre8JkFAI7SnijZjCwtxkQ","微信读书"
"北航就业","2025-11-06","招聘 | 阿斯麦（上海）光刻设备科技有限公司 | 2026届校招开启","https://mp.weixin.qq.com/s/WXZDSqt1hgirXWjwizvLiw","微信读书"
"北航就业","2025-11-05","招聘 | 中国船舶集团第七〇三研究所 | 2026届校园招聘正式启动","https://mp.weixin.qq.com/s/fJ954AEIR1XwOQAUCQ3iEg","微信读书"
"北航就业","2025-11-05","招聘 | 新石器慧通（北京）科技有限公司 | 2026届校园招聘","https://mp.weixin.qq.com/s/MBRVjr4keuHFC01nKG4T-g","微信读书"
"北航就业","2025-11-05","招聘 | 厦门亿联网络 | 2026届校园招聘","https://mp.weixin.qq.com/s/wwIboM_DyEPwjBAO1QQoDg","微信读书"
"北航就业","2025-11-05","招聘 | 国防大学政治学院 | 2026年面向社会公开招考文职人员招录简章","https://mp.weixin.qq.com/s/mIWWHTLZGEU_Czqa8_7ANQ","微信读书"
"北航就业","2025-11-05","招聘 | 步步高实验学校 | 2026届校园招聘","https://mp.weixin.qq.com/s/vCaoDcZ0sVUM0Nv7B9mFow","微信读书"
"北航就业","2025-11-05","宣讲+双选 | 北京市顺义区2025年“国门英才荟”宣讲招聘会-北京航空航天大学站","https://mp.weixin.qq.com/s/E6OYFldANYPz2VYKd81sLQ","微信读书"
"北航就业","2025-11-05","宣讲 | 玻色量子 | 2026届秋季校招宣讲会-北航专场","https://mp.weixin.qq.com/s/j_5GI-M3tvS5wKjAPdN_IQ","微信读书"
"北航就业","2025-11-04","招聘 | 中国兵器工业计算机应用技术研究所 | 2026届校园招聘","https://mp.weixin.qq.com/s/tWykPaAzvTzU4c_3ms0v4A","微信读书"
"北航就业","2025-11-04","招聘 | 位图信息 | 2026 届校园招聘正式启动","https://mp.weixin.qq.com/s/8lNyqoRqgfP5oBQGqb3bZQ","微信读书"
"北航就业","2025-11-04","招聘 | 荣盛控股集团 | 2026届全球校园招聘正式启动","https://mp.weixin.qq.com/s/FgD03_7LCj9u4imvGD3ISw","微信读书"
"北航就业","2025-11-04","招聘 | 美亚光电 | 2026届校园招聘正式启动","https://mp.weixin.qq.com/s/PXZVUQoh9ym0gkbIQ51NvA","微信读书"
"北航就业","2025-11-04","招聘 | 金升阳科技 | 2026届校招正式启动","https://mp.weixin.qq.com/s/R87-9kdBtKRjVWeaseQpJw","微信读书"
"北航就业","2025-11-04","招聘 | 海南省财金集团有限公司 | 2026届校园招聘公告","https://mp.weixin.qq.com/s/Tg5Bp3DSNg26c_pvmzpXgw","微信读书"
"北航就业","2025-11-04","宣讲 | 中国航空集团有限公司 | 2026届校园招聘启动","https://mp.weixin.qq.com/s/Cvve0Zz06rYX1_MjoVQ5tA","微信读书"
"北航就业","2025-11-04","第三届全国大学生职业规划大赛北航校赛 报名启动！","https://mp.weixin.qq.com/s/N4x71ljkACo-EhQzI5-RvQ","微信读书"
"北航就业","2025-11-03","招聘 | 中国航空工业集团综合所 | 2026届校园招聘正式启航","https://mp.weixin.qq.com/s/jr57jt4rXNqCCyC_bD-R9A","微信读书"
"北航就业","2025-11-03","招聘 | 新东方 | 2026届全球联合校园招聘正式启动","https://mp.weixin.qq.com/s/ZUK67pDdnypVjgmOhPCzdw","微信读书"
"北航就业","2025-11-03","招聘 | 稳博投资 | 2026届量子飞跃计划秋季校园招聘正式启动","https://mp.weixin.qq.com/s/OeLjJZIB7kvYszDoD0abBQ","微信读书"
"北航就业","2025-11-03","招聘 | 深圳成谷科技 | 2026届秋季校园招聘正式启动","https://mp.weixin.qq.com/s/LMNkdnmNdpAuSGN-ipX3OQ","微信读书"
"北航就业","2025-11-03","招聘 | 华侨大学 | 诚邀海内外优秀人才加盟（2025-2026学年）","https://mp.weixin.qq.com/s/Dl2trP4KQ5UXL5TixU7o0Q","微信读书"
"北航就业","2025-11-03","招聘 | 宏工科技股份有限公司 | 2026届校园招聘启动","https://mp.weixin.qq.com/s/PqyYyayKQgaILBB4bHkD_A","微信读书"
"北航就业","2025-11-03","宣讲+双选 | 京能集团 | 2026年应届高校毕业生招聘宣讲会","https://mp.weixin.qq.com/s/eH-mun4fLPEj60DOH_-zlA","微信读书"
"北航就业","2025-11-03","宣讲 | 崂山国家实验室 | 2025年校园招聘宣讲会","https://mp.weixin.qq.com/s/Ln1HVLa9cV8aQx7kQ5j3Ww","微信读书"
"北航就业","2025-11-02","招聘 | 中国铁道科学研究集团有限公司机车车辆研究所 | 2026届校园招聘","https://mp.weixin.qq.com/s/ERr3cjeWTXKqqKoetO_9XQ","微信读书"
"北航就业","2025-11-02","招聘 | 天津港集团 | 2026届校园招聘","https://mp.weixin.qq.com/s/uCE9c-x8tdbDbI204uSjLw","微信读书"
"北航就业","2025-11-02","招聘 | 深圳市金证科技股份有限公司 | 2026届校园招聘","https://mp.weixin.qq.com/s/kOqGmW81kvKqPzgTrWOi8w","微信读书"
"北航就业","2025-11-02","招聘 | 三环集团 | 2026届校园招聘","https://mp.weixin.qq.com/s/tWB1L017AiheGcoEZTJUlg","微信读书"
"北航就业","2025-11-02","招聘 | 华润万象生活商业航道 | 2026届校园招聘","https://mp.weixin.qq.com/s/TSLuarLZyQTXPR9D-bJHPQ","微信读书"
"北航就业","2025-11-02","招聘 | 禾赛科技 | 2026届校园招聘","https://mp.weixin.qq.com/s/F_x9LxCjKl-IawYl1dt7zA","微信读书"
"北航就业","2025-11-02","招聘 | 海目星激光科技集团股份有限公司 | 2026届校园招聘","https://mp.weixin.qq.com/s/F0VPRTds6ksarY_25UU6iQ","微信读书"
"北航就业","2025-11-01","招聘 | RoboSense | 2026届校园招聘全球启动","https://mp.weixin.qq.com/s/Qmicc9O0MIIHq-OpYfZgCg","微信读书"
"北航就业","2025-11-01","招聘 | 中国航天科技集团有限公司五院五一三所 | 2026届秋季校园招聘","https://mp.weixin.qq.com/s/Qn4gUTv5l4s47U--lhTxkw","微信读书"
"北航就业","2025-11-01","招聘 | 郑煤机集团 | 2026届校园招聘全面启动","https://mp.weixin.qq.com/s/MLxZeNQOFsMWxV3jpdz3Mg","微信读书"
"北航就业","2025-11-01","招聘 | 锐捷网络 | 2026届校园招聘正式启动","https://mp.weixin.qq.com/s/3U4I0waOKaCxNTRHurO9kg","微信读书"
"北航就业","2025-11-01","招聘 | 米哈游 | 网申截止倒计时","https://mp.weixin.qq.com/s/3cBFFyAfFvtu3Vlg5FOkrA","微信读书"
"北航就业","2025-11-01","招聘 | 国药数字科技（北京）有限公司 | 2026届校园招聘","https://mp.weixin.qq.com/s/UlZlI68WUHXMTpiuWsYPHQ","微信读书"
"北航就业","2025-11-01","招聘 | 国泰君安期货有限公司 | 2026届校园招聘","https://mp.weixin.qq.com/s/PDzNkrNFday-Ri4DMy34hA","微信读书"
"北航就业","2025-11-01","招聘 | “慧聚英才 筑梦丰台”企业聚才引智之家2025年秋季京津冀地区线上招聘月活动","https://mp.weixin.qq.com/s/OwiYRud-0jSTBqMNMO57eA","微信读书"
"北航就业","2025-10-31","招聘 | 智平方 | 2026届大规模校园招聘启动","https://mp.weixin.qq.com/s/QWH9LuPCTuC5t3MtaW9EIA","微信读书"
"北航就业","2025-10-31","招聘 | 浙江海港 | 2026届校园招聘启动啦","https://mp.weixin.qq.com/s/UdkYuhEWrjNWjNgJ0EpdzQ","微信读书"
"北航就业","2025-10-31","招聘 | 天津农商银行 | 2026届校园招聘正式启动","https://mp.weixin.qq.com/s/CZjotoMvPLGai6jg2g8HoA","微信读书"
"北航就业","2025-10-31","招聘 | 四川中久数创科技有限公司 | 2026届校招全面启动","https://mp.weixin.qq.com/s/eBcbDtOK4GGuAzdIS0w9GQ","微信读书"
"北航就业","2025-10-31","招聘 | 麦科田 | 2026届“领航者招募计划”全球校招正式启动","https://mp.weixin.qq.com/s/iy3SJPacf4E1KcNnuu4Jgw","微信读书"
"北航就业","2025-10-31","招聘 | 联通在线信息科技有限公司 | 2026届校园招聘进行中","https://mp.weixin.qq.com/s/CS5IfQ_FzXG4qadsh5dN3Q","微信读书"
"北航就业","2025-10-31","通知 | 关于评选2025年国防科技奖学金的通知","https://mp.weixin.qq.com/s/87vZ7atITJwAiaoikgSuSA","微信读书"
"北航就业","2025-10-31","实习 | 阿里控股 | 大模型数据与评测智多星计划，日常实习生热招中","https://mp.weixin.qq.com/s/rTsBj5YZrPj_R1-VT9oKqg","微信读书"
"北航就业","2025-10-30","招聘 | 中国中煤能源集团有限公司 | 总部管培生计划全面启动","https://mp.weixin.qq.com/s/fSwKiJVURtps6t9Z2xkLKQ","微信读书"
"北航就业","2025-10-30","招聘 | 中国铁塔 | 2026届秋季校园招聘正式启动","https://mp.weixin.qq.com/s/fKZhlkMwrrSfciThoule_A","微信读书"
"北航就业","2025-10-30","招聘 | 佑驾创新 | 2026届全球校园招聘","https://mp.weixin.qq.com/s/0IFkivHfKnEnIrNHu1q-dg","微信读书"
"北航就业","2025-10-30","招聘 | 交通银行苏州分行 | 2026届校园招聘","https://mp.weixin.qq.com/s/t-bgs05DWErO_uAD1vjooQ","微信读书"
"北航就业","2025-10-30","招聘 | 国网智慧车联网技术有限公司 | 2026届校园招聘正式启动","https://mp.weixin.qq.com/s/OCnBxKYsOGtMV_4-sUM4wA","微信读书"
"北航就业","2025-10-30","招聘 | 公安部第三研究所 | 2026届应届生招聘正式启动","https://mp.weixin.qq.com/s/2tpMBWdwy1s2Oz0Ouz3hLQ","微信读书"
"北航就业","2025-10-30","招聘 | 点点互动 | 2026届应届生校园招聘启动","https://mp.weixin.qq.com/s/tw-16pxfas_CsJ-ACnUO0w","微信读书"
"北航就业","2025-10-30","选调 | 广西2026年定向北京航空航天大学招录选调生公告","https://mp.weixin.qq.com/s/BDhrUGls1zx8Ug24jkPoag","微信读书"
"北航就业","2025-10-29","招聘 | 中信信托 | 2026届校园招聘正式启动","https://mp.weixin.qq.com/s/4Z5xEbstHF9P0mxSj3Wcpg","微信读书"
"北航就业","2025-10-29","招聘 | 新华资产 | 2026届校园招聘正式启动","https://mp.weixin.qq.com/s/oiu83sLngEsPAhtqMAdD7w","微信读书"
"北航就业","2025-10-29","招聘 | 江苏银行常州分行 | 2026届校园招聘正式启动","https://mp.weixin.qq.com/s/hFtyVoEfSDGBwHgjk3Ek7w","微信读书"
"北航就业","2025-10-29","招聘 | 广东电网有限责任公司 | 2026年校园招聘公告","https://mp.weixin.qq.com/s/Lai3o9kvnaHrdc2XLhcI7Q","微信读书"
"北航就业","2025-10-29","招聘 | 歌尔丹拿 | 2026届校园招聘正式启动","https://mp.weixin.qq.com/s/VGc9PHJj55r8_hKXDDVgLw","微信读书"
"北航就业","2025-10-29","招聘 | 北汽集团 | 智能网联人才招聘火热进行中","https://mp.weixin.qq.com/s/Whn9EIUXNAMWbfPJh0drGQ","微信读书"
"北航就业","2025-10-29","招聘 | 埃夫特机器人 | 2026届“€智仕”校园招聘","https://mp.weixin.qq.com/s/-e56xPskkzXhAr-KBFb3FA","微信读书"
"北航就业","2025-10-29","用人单位邀请函 | 北京航空航天大学2026届毕业生综合双选会——学院路专场（三）","https://mp.weixin.qq.com/s/mNkkT586uFiQ2BzCCLlgVg","微信读书"
"北航就业","2025-10-18","招聘 | 未尔科技 | 2026届校园招聘正式启动","https://mp.weixin.qq.com/s/8Wzm1PRbQsog_BVpRxTybA","微信读书"
"北航就业","2025-10-18","招聘 | 百融云创 | 2026届校园招聘正式启动","https://mp.weixin.qq.com/s/jeMVL1avsrb_qUAlehKDxg","微信读书"
"北航就业","2025-10-18","宣讲+双选 | 空军装备修理企事业单位集中宣讲暨专场招聘会","https://mp.weixin.qq.com/s/FHn5-qWPDk1Mer3S_NGQkg","微信读书"
"北航就业","2025-10-18","宣讲 | 中国航空工业集团特种飞行器研究所 | 2026届校园招聘正式启动","https://mp.weixin.qq.com/s/sPzOXJAFabr2wZck6TSNFQ","微信读书"
"北航就业","2025-10-18","宣讲 | 中国东方电气集团有限公司 | 2026届校园招聘正式启动","https://mp.weixin.qq.com/s/PoiesIOc7cy0krW6nQlaqA","微信读书"
"北航就业","2025-10-18","宣讲 | 江苏省 | 2026年应届优秀大学毕业生选调政策宣讲会","https://mp.weixin.qq.com/s/wVAuhjWMw_6q39sq9dPlPg","微信读书"
"北航就业","2025-10-18","宣讲 | 国网信通产业集团有限公司 | 2026届校园招聘正式启动","https://mp.weixin.qq.com/s/zFZhmYUkZV1TXrw6P__PUw","微信读书"
"北航就业","2025-10-18","宣讲 | 北斗星通 | 2026届校园招聘","https://mp.weixin.qq.com/s/vOi_jdnJpYui05_iblE1xQ","微信读书"
"北航就业","2025-10-17","致用人单位 | 北航杭州国际校园2025年秋季实习暨就业双选会期待您来！","https://mp.weixin.qq.com/s/ztgbDay2HWo3NlYCbhZMhg","微信读书"
"北航就业","2025-10-17","招聘 | 中化商务 | “化成计划”第九期——2026届校园招聘正式启动！","https://mp.weixin.qq.com/s/bYlwSj1r1q2AjG_tL5gpZg","微信读书"
"北航就业","2025-10-17","招聘 | 上汽集团 | 2026届校园招聘启动啦","https://mp.weixin.qq.com/s/I8FS70wywtuGkR_47XnTGw","微信读书"
"北航就业","2025-10-17","招聘 | 上海霄元创新中心 | 2026届校园招聘","https://mp.weixin.qq.com/s/Kv4iHww6idE625jmXN1zoQ","微信读书"
"北航就业","2025-10-17","招聘 | 河北邮政 | 2026届校园招聘","https://mp.weixin.qq.com/s/X0jcr5yedC3fwfAg-MJEIA","微信读书"
"北航就业","2025-10-17","宣讲+双选 | 国家电投集团 | 2026届校园招聘会","https://mp.weixin.qq.com/s/yBSWUrtxdCCGHUgB2V-B9w","微信读书"
"北航就业","2025-10-17","宣讲 | 深圳市优必选科技股份有限公司 | 北航专场宣讲会——为机器人注入“北航魂”","https://mp.weixin.qq.com/s/uTROrtSaP2YweqoVK_heFg","微信读书"
"北航就业","2025-10-17","宣讲 | 海南国际商业航天发射有限公司 | 2026届校招公告","https://mp.weixin.qq.com/s/x6FEbdyVBXuUcXL19QZSXQ","微信读书"
"北航就业","2025-10-16","招聘 | 中国海关 | 欢迎报考北京海关","https://mp.weixin.qq.com/s/7qBQbLO6DmcE3yxvzyZT0w","微信读书"
"北航就业","2025-10-16","招聘 | 首届中关村校招季启动仪式暨海淀区2025年秋季综合双选会","https://mp.weixin.qq.com/s/xYDjguQjBxvpfTDQTrSfGw","微信读书"
"北航就业","2025-10-16","招聘 | 北京中医药大学 | 北京中医药大学2026年师资博士后招聘启事&北京中医药大学2026年公开招聘启事","https://mp.weixin.qq.com/s/oKjneHKawGEzEp0vmJ8-pw","微信读书"
"北航就业","2025-10-16","选调 | 贵州省2026年度定向部分高校选调优秀毕业生公告","https://mp.weixin.qq.com/s/ttBtzDJv9zMqB48bKRDQYw","微信读书"
"北航就业","2025-10-16","宣讲 | 中国航发贵州红林航空动力控制科技有限公司 | 2026届校园招聘正式启动","https://mp.weixin.qq.com/s/gUJkUmPU0_421HxCuzzm2w","微信读书"
"北航就业","2025-10-16","宣讲 | 智元机器人 | 2026届校园招聘正式启动","https://mp.weixin.qq.com/s/9le7hvjVPC24AWoY2NrEuA","微信读书"
"北航就业","2025-10-16","宣讲 | 艾利特机器人 | 2026届校园招聘","https://mp.weixin.qq.com/s/PuILAfDmD5MihPDCZvwPRQ","微信读书"
"北航就业","2025-10-16","双选 | “职起大运河·就在副中心”——北京城市副中心进校园系列活动","https://mp.weixin.qq.com/s/uJw_OOi9SYvc0nlDyz5hNQ","微信读书"
"北航就业","2025-10-15","招聘 | 中信机电制造集团有限公司 | 2026届校园招聘","https://mp.weixin.qq.com/s/h6Bk1v6D8SpCHFIkobWFHw","微信读书"
"北航就业","2025-10-15","招聘 | 中国民航信息集团有限公司 | 2026届校园招聘正式启动","https://mp.weixin.qq.com/s/8I1Q1YC3nWm5kwZklhcZAQ","微信读书"
"北航就业","2025-10-15","招聘 | 中共泰安市委党校 | 2025年公开招聘博士研究生公告","https://mp.weixin.qq.com/s/RmD0d_0758_SFn0-uKZYYw","微信读书"
"北航就业","2025-10-15","招聘 | 智洋创新 | 2026届校园招聘正式启动","https://mp.weixin.qq.com/s/gQ-ji88FdED1l7zh0TPQhQ","微信读书"
"北航就业","2025-10-15","招聘 | 武汉长盈通光电 | 2026届校园招聘","https://mp.weixin.qq.com/s/BTPP_2T_QyaE-mmVnEcfjQ","微信读书"
"北航就业","2025-10-15","宣讲 | 雄安新区 | 2026届校园引才","https://mp.weixin.qq.com/s/-BJd_NXt0Tk4iZvHlzLB6w","微信读书"
"北航就业","2025-10-15","宣讲 | 数据通信科学技术研究所（兴唐公司） | 2026届校园招聘—北京航空航天大学专场宣讲会","https://mp.weixin.qq.com/s/iA_T_pMzekngBsQu8HWxgg","微信读书"
"北航就业","2025-10-15","双选 | 2025年秋季全国博士、硕士研究生专场巡回双选会","https://mp.weixin.qq.com/s/28R7dFPv_K2JnmSlNNNCcQ","微信读书"
"北航就业","2025-10-14","招聘 | 中国建筑科学研究院有限公司构力科技（PKPM） | 2026届星火计划正式启动","https://mp.weixin.qq.com/s/jArPsbj5dPzvoi0GSv_3VA","微信读书"
"北航就业","2025-10-14","招聘 | 未岚大陆 | 2026届校园招聘全面启动","https://mp.weixin.qq.com/s/wpzxQJ-g1ganNo9u-VMb8g","微信读书"
"北航就业","2025-10-14","招聘 | 通用技术机床研究院 | 2026届校园招聘正式启动","https://mp.weixin.qq.com/s/mTJs2jEEbMIv7A-EY-ABDg","微信读书"
"北航就业","2025-10-14","招聘 | “星耀计划”校企实训：商业航天卫星制造专场&AI智能决策专场","https://mp.weixin.qq.com/s/xWtX6TW_k6V--f4JH-ff0Q","微信读书"
"北航就业","2025-10-14","宣讲 | 杭州极弱磁场国家重大科技基础设施研究院 | 2026届秋季校园招聘正式启动","https://mp.weixin.qq.com/s/c2HmbOou63PAU08MBz6NnA","微信读书"
"北航就业","2025-10-14","宣讲 | 国网数科控股公司 | 2026届校园招聘正式启动","https://mp.weixin.qq.com/s/4OolzNYfabNOXYpX1zLdXQ","微信读书"
"北航就业","2025-10-14","双选 | 中国海洋石油集团有限公司 | 2026届秋季校园招聘启动","https://mp.weixin.qq.com/s/b9t4DekxExtgc7yTujxyhA","微信读书"
"北航就业","2025-10-14","双选 | 重庆两江新区 | 2026届北京重点高校组团引才活动","https://mp.weixin.qq.com/s/_nO2wv5T4oarvq7ir-pePA","微信读书"
"北航就业","2025-10-13","招聘 | 中建八局南方公司、中建八局一公司、中建八局四公司、中建玖合、中建八局浙江公司 | 2026届校园招聘","https://mp.weixin.qq.com/s/m8yRweDcSnkjyieca3HgmQ","微信读书"
"北航就业","2025-10-13","招聘 | 兴业银行 | 2026届校园招聘全面启动","https://mp.weixin.qq.com/s/Y3LRDHmh0lJ3em0-btfYjw","微信读书"
"北航就业","2025-10-13","招聘 | 四川天府新区公开考核招聘30名事业单位工作人员","https://mp.weixin.qq.com/s/ODn3ODZOWHxEyc4KWVTAeQ","微信读书"
"北航就业","2025-10-13","招聘 | 国海证券 | 2026届秋季校园招聘正式启动","https://mp.weixin.qq.com/s/r79-rbG_l1skfdv1MDszBw","微信读书"
"北航就业","2025-10-13","招聘 | 1000优质岗位！广东惠州，最大诚意“职”等您来","https://mp.weixin.qq.com/s/nWBcCWBdsRTB9QI3yoPLiA","微信读书"
"北航就业","2025-10-13","宣讲 | 中信科移动通信技术股份有限公司 | 2026届校园招聘","https://mp.weixin.qq.com/s/1hAgYOKmJ9M2LZgJMvApag","微信读书"
"北航就业","2025-10-13","双选 | “京彩就业”北京航空航天大学2026届毕业生综合双选会--学院路第二场","https://mp.weixin.qq.com/s/zD7Mr-YljPE_hs9C3k-2CQ","微信读书"
"北航就业","2025-10-13","【第三轮通知】第四届高等学校就业创业国际论坛 国际专家抢先看！报名即将截止！","https://mp.weixin.qq.com/s/Fk6wCc_99-PjRD8Y14FVkg","微信读书"
"北航就业","2025-10-12","招聘活动预告 | 北京航空航天大学双选会&宣讲会预告（10.13-10.19）","https://mp.weixin.qq.com/s/PbwNcs45aO_VURBpm-ppKg","微信读书"
"北航就业","2025-10-12","招聘 | 它石智航 | 2026届校园招聘","https://mp.weixin.qq.com/s/YS9ej2JPLuHcH7CyaeakEQ","微信读书"
"北航就业","2025-10-12","招聘 | 深圳能源 | 2026届校园招聘","https://mp.weixin.qq.com/s/AD4js_YoZ2bl-QgFH4BShQ","微信读书"
"北航就业","2025-10-12","招聘 | 贝壳 | 2026届校园招聘","https://mp.weixin.qq.com/s/w5FflnuXZsWEMxpimJH9FA","微信读书"
"北航就业","2025-10-12","宣讲 | 中国人民财产保险 | 2026届校园招聘","https://mp.weixin.qq.com/s/oG4cuKqPVS1hkwD9kOkzgQ","微信读书"
"北航就业","2025-10-12","宣讲 | 微分智飞（杭州）科技有限公司 | 2026届校园招聘","https://mp.weixin.qq.com/s/LfyhEJoHI17jcOp6JH9GAw","微信读书"
"北航就业","2025-10-12","宣讲 | 施耐德电气 | 2026届校园招聘","https://mp.weixin.qq.com/s/--7iJyl_EVydwLjknMQUAA","微信读书"
"北航就业","2025-10-12","宣讲 | 北控水务集团 | 2026届校园招聘","https://mp.weixin.qq.com/s/A9zKC-64mQjLRuL1fZ1BZg","微信读书"
"北航就业","2025-10-11","招聘 | 中海地产 | 2026届校园招聘","https://mp.weixin.qq.com/s/EavUUkDLeyX0lsLVYrD4Ug","微信读书"
"北航就业","2025-10-11","招聘 | 中国银河金融控股有限责任公司 | 2026届“新苗计划”校园招聘公告","https://mp.weixin.qq.com/s/oS-vxn2XhMqrldZe6Fq9PQ","微信读书"
"北航就业","2025-10-11","招聘 | 途游游戏 | 2026届校园宣讲会","https://mp.weixin.qq.com/s/YU6cvwkd-r4WhRn7k7IfnQ","微信读书"
"北航就业","2025-10-11","招聘 | 久尺网络 | 2026届校园招聘","https://mp.weixin.qq.com/s/yfMSj4wSYTPO_yIHfhrruQ","微信读书"
"北航就业","2025-10-11","宣讲+双选 | 中国机械工业集团有限公司 | 2026届校园招聘","https://mp.weixin.qq.com/s/ulWdrFuOY1O1l4tn1uQq5w","微信读书"
"北航就业","2025-10-11","宣讲 | 中山联合光电科技股份有限公司 | 2026届校园招聘全面启动！","https://mp.weixin.qq.com/s/rDAD4vueBMfW_CWpbzZUww","微信读书"
"北航就业","2025-10-11","宣讲 | 瓴岳科技 | 2026届“登岳计划”校园招聘","https://mp.weixin.qq.com/s/pj223veb7eaISA7WrEYdKg","微信读书"
"北航就业","2025-10-11","宣讲 | 江苏华创微系统有限公司 | 2026届校园招聘正式启动","https://mp.weixin.qq.com/s/d0L3DbUXJOOWfLEQweiUpA","微信读书"
"北航就业","2025-10-10","招聘 | 紫金矿业 | 2026届金榜生全球校园招聘启动","https://mp.weixin.qq.com/s/umeANZ7xgkDJeutyXU1aZQ","微信读书"
"北航就业","2025-10-10","招聘 | 中国人寿保险股份有限公司 | 2026届校园招聘正式启动","https://mp.weixin.qq.com/s/Sj6vxyu8_xPMp9K82wHfTA","微信读书"
"北航就业","2025-10-10","招聘 | 中国航发商用航空发动机有限责任公司 | 2026届秋季校园招聘正式开启","https://mp.weixin.qq.com/s/c003PROChKUnFlWl--ZgDA","微信读书"
"北航就业","2025-10-10","招聘 | 哈尔滨电机厂有限责任公司 | 2026届校园招聘正式启动","https://mp.weixin.qq.com/s/bzf3YnHjPsCYngqPvuMCog","微信读书"
"北航就业","2025-10-10","招聘 | 东风日产 | 2026届校园招聘正式启动！","https://mp.weixin.qq.com/s/obT-LxiRnqMTxf7q7KwHwQ","微信读书"
"北航就业","2025-10-10","宣讲+双选 | 中国船舶集团有限公司 | 2026届高校毕业生专场招聘会","https://mp.weixin.qq.com/s/n64ouHOtLu_A8oMdR8AWTg","微信读书"
"北航就业","2025-10-10","宣讲 | 兴业银行北京分行 | 2026届校园招聘","https://mp.weixin.qq.com/s/o_4LuH2xHrItZ_t0mP8obg","微信读书"
"北航就业","2025-10-10","实习 | 恒生电子 | 2026届实习生招聘正式启动","https://mp.weixin.qq.com/s/aUgrkmsFbC0Zyf4XBuDlxg","微信读书"
"北航就业","2025-10-09","招聘 | 苏交科集团股份有限公司 | 2026届校园招聘正式启动","https://mp.weixin.qq.com/s/cgidi0HanejREkkKM8fRew","微信读书"
"北航就业","2025-10-09","招聘 | 斯伦贝谢 | 2026届秋季校园招聘全面启动","https://mp.weixin.qq.com/s/zlePcR-0nnulfRxr910l1w","微信读书"
"北航就业","2025-10-09","招聘 | 建信信托有限责任公司 | 2026届管理培训生计划正式启动","https://mp.weixin.qq.com/s/hEOVKj9W_6LsMfM2dS874w","微信读书"
"北航就业","2025-10-09","招聘 | 2025年湖南省促进高校毕业生就业创业专场招聘活动（北京站）","https://mp.weixin.qq.com/s/gea0x843x4R9l6a3o8Wkxg","微信读书"
"北航就业","2025-10-09","宣讲 | 华虹宏力 | 2026届校园招聘-北京航空航天大学专场宣讲会","https://mp.weixin.qq.com/s/j6aABn7Gcw95ns6C8tyRFQ","微信读书"
"北航就业","2025-10-09","宣讲 | 公安部 | 2026年度公务员招录宣讲会","https://mp.weixin.qq.com/s/XXXI1r2c8CRBPsvNNcSZcg","微信读书"
"北航就业","2025-10-09","双选 | 北京航空航天大学2026届毕业生大型综合双选会--沙河专场","https://mp.weixin.qq.com/s/wC6tNBAlRgTwfAVWDSQEIw","微信读书"
"北航就业","2025-10-09","【第二轮通知】第四届高等学校就业创业国际论坛 报名截止日期延长！名额有限，预报从速！","https://mp.weixin.qq.com/s/6m4Ozt3fu503nOXjm2zkSg","微信读书"
"北航就业","2025-10-08","招聘活动预告 | 北京航空航天大学双选会&宣讲会预告（10.9-10.12）","https://mp.weixin.qq.com/s/x_4YVNF5vVrRlmNhgtb54g","微信读书"
"北航就业","2025-10-08","招聘 | 中国农业银行四川省分行、中国农业银行湖南省分行、中国农业银行甘肃省分行 | 2026届校园招聘","https://mp.weixin.qq.com/s/AW6BL0nSieOS2WmrlVNd_Q","微信读书"
"北航就业","2025-10-08","招聘 | 中国电科3所 | 2026届校园招聘","https://mp.weixin.qq.com/s/O2tSiFRwJ-yJAJD6pqAWLA","微信读书"
"北航就业","2025-10-08","招聘 | 上海期货信息技术有限公司 | 2026届“期航生”校园招聘","https://mp.weixin.qq.com/s/tFLRkRXf5Er7we2egEkUlA","微信读书"
"北航就业","2025-10-08","招聘 | 蘑菇车联 | 2026届校园招聘","https://mp.weixin.qq.com/s/-w43IdkPqvuapi6o70flRg","微信读书"
"北航就业","2025-10-08","招聘 | 格力电器 | 2026届秋季校园招聘正式开启","https://mp.weixin.qq.com/s/IDHKMzT9_F2a_e1qgfGtcA","微信读书"
"北航就业","2025-10-08","招聘 | 北京北燃实业集团有限公司 | 2026届校园招聘","https://mp.weixin.qq.com/s/lLI0NCPfsk6aE7bKR0FI1A","微信读书"
"北航就业","2025-10-08","规模历届最大！令人心动的offer！","https://mp.weixin.qq.com/s/Zo86kgXpmjpstk01tNXwig","微信读书"
"北航就业","2025-10-07","招聘 | 中国电子科技集团公司第四十七研究所 | 2026届校园招聘正式启动","https://mp.weixin.qq.com/s/hgwSSKXbaxbr5m_EsVblBQ","微信读书"
"北航就业","2025-10-07","招聘 | 中国电子科技集团公司第七研究所 | 2026届校园招聘正式启动","https://mp.weixin.qq.com/s/7acun2VD5aoP6Hgesuexug","微信读书"
"北航就业","2025-10-07","招聘 | 合肥华思系统股份有限公司 | 2026届应届生招聘","https://mp.weixin.qq.com/s/AFXjDOM4VX33M6yidNqNJg","微信读书"
"北航就业","2025-10-07","招聘 | 国轩高科 | 2026届校招宣讲会北京博士专场","https://mp.weixin.qq.com/s/TfMAVmlLMubewm_NCBEO2w","微信读书"
"北航就业","2025-10-07","招聘 | 春秋航空股份有限公司 | 2026届专业培训生招募正式启动","https://mp.weixin.qq.com/s/zbQBKtAbjuKmwbwNGEJ1EQ","微信读书"
"北航就业","2025-10-07","招聘 | 北京市基础设施投资有限公司 | 2026届校园招聘正式启动","https://mp.weixin.qq.com/s/PZUKW2B7GOf6rZXxNaq9fQ","微信读书"
"北航就业","2025-10-07","宣讲+双选 | 航天一院 | 2026届校园招聘正式启动","https://mp.weixin.qq.com/s/4KshHjl9DqZnSv14dmHBRA","微信读书"
"北航就业","2025-10-07","宣讲 | 威海宝威新材料科技有限公司 | 2026届校园招聘","https://mp.weixin.qq.com/s/XzmqJTQWz8xd-3OoDR7OWg","微信读书"
"北航就业","2025-10-06","招聘 | 中科信工程咨询（北京）有限责任公司 | 2026届秋季校园招聘正式启动","https://mp.weixin.qq.com/s/uzOde_K4aRst_rVnVLE8Xw","微信读书"
"北航就业","2025-10-06","招聘 | 中国船舶集团第七一〇研究所 | 2026届校园招聘正式启动","https://mp.weixin.qq.com/s/W3TZKvyEAx8EL0EuykExBQ","微信读书"
"北航就业","2025-10-06","招聘 | 浙江交通集团技术研究总院 | 2026届校园招聘","https://mp.weixin.qq.com/s/kaqICdWV1tE4W_2YHX3-6g","微信读书"
"北航就业","2025-10-06","招聘 | 永赢基金管理有限公司 | 2026届秋季校园招聘启动","https://mp.weixin.qq.com/s/YXnKfTUlFtq3ompiOaH69g","微信读书"
"北航就业","2025-10-06","招聘 | 西安近代化学研究所 | 2026届校园招聘正式启动","https://mp.weixin.qq.com/s/u1v4Y0k7PlGOeCGQe6f1zg","微信读书"
"北航就业","2025-10-06","招聘 | 国寿投资保险资产管理有限公司 | 2026届校园招聘","https://mp.weixin.qq.com/s/vtmHZVhYD25iJV2SWiOMKw","微信读书"
"北航就业","2025-10-06","招聘 | 北方华创微电子 | 2026届校园招聘正式启动","https://mp.weixin.qq.com/s/5G7CG-IHR0vbOTIjrctDeA","微信读书"
"北航就业","2025-10-06","双选 | 北京航空航天大学2026届毕业生大型综合双选会--沙河专场","https://mp.weixin.qq.com/s/zM_x_Ohi6wrKzX9gLPLOQA","微信读书"
"北航就业","2025-10-05","招聘 | 中国银河证券CGS | 2026届校园招聘正式启动","https://mp.weixin.qq.com/s/fs4DeZjV7bTWknDgUBBJ-g","微信读书"
"北航就业","2025-10-05","招聘 | 中国建设银行 | 2026届校园招聘正式启动","https://mp.weixin.qq.com/s/aRvdq_SlHjHVsSPNniLfbw","微信读书"
"北航就业","2025-10-05","招聘 | 中国电子科技集团公司第十五研究所 | 2026届秋季校园招聘","https://mp.weixin.qq.com/s/vsu1dzLNNfiPnKbn45kErQ","微信读书"
"北航就业","2025-10-05","招聘 | 中国电子科技集团第三十四研究所 | 2026届校园招聘","https://mp.weixin.qq.com/s/OyoJMuezZwhifYygYuNRhA","微信读书"
"北航就业","2025-10-05","招聘 | 建信融通 | 2026届校园招聘火热开启","https://mp.weixin.qq.com/s/goXJDm7Xn3APv95_GujPRQ","微信读书"
"北航就业","2025-10-05","招聘 | 北京智芯微电子科技有限公司 | 2026届校园招聘正式启动","https://mp.weixin.qq.com/s/zV3yWGXQ0I-tHJWXgQPU-A","微信读书"
"北航就业","2025-10-05","宣讲 | 中电科航空电子有限公司 | 2026届秋季校园招聘","https://mp.weixin.qq.com/s/2YoTvhk0f4KrkRxp3qU7MA","微信读书"
"北航就业","2025-10-05","双选 | 2025年济南市“才聚泉城高校行” 北京航空航天大学专场引才活动","https://mp.weixin.qq.com/s/4AoaGohanVxuVuUnJqeTGQ","微信读书"
"北航就业","2025-10-04","招聘 | 中国科学院国家空间科学中心 | 2026届校园招聘","https://mp.weixin.qq.com/s/nZ_WCR9zSIAEnxSOOTUL6g","微信读书"
"北航就业","2025-10-04","招聘 | 中国建设银行北京市分行 | 2026届校园招聘","https://mp.weixin.qq.com/s/tw2tZO-BEtpfxgQUR2YSKQ","微信读书"
"北航就业","2025-10-04","招聘 | 中车科技创新有限公司 | 2026届全球招聘正式启动","https://mp.weixin.qq.com/s/B2zYARxlIyDOke3SushSdQ","微信读书"
"北航就业","2025-10-04","招聘 | 新东方教育科技集团 | 2026届全球联合校园招聘","https://mp.weixin.qq.com/s/PAB-ibSs4DcYhu_J-cUe9w","微信读书"
"北航就业","2025-10-04","招聘 | 河北建设投资集团有限责任公司 | 2026届校园招聘","https://mp.weixin.qq.com/s/tJVZzNoTHQBq8VDdt0RkEQ","微信读书"
"北航就业","2025-10-04","招聘 | 广州中望龙腾软件股份有限公司 | 2026届校园招聘","https://mp.weixin.qq.com/s/tWr-7vSwuDn1POtVjNCKYg","微信读书"
"北航就业","2025-10-04","选调 | 各省、地方选调生、公务员面向北京航空航天大学2026届毕业生招聘公告合辑","https://mp.weixin.qq.com/s/iyb8XibJPxvJVIL4_JrJog","微信读书"
"北航就业","2025-10-04","宣讲 | 海信集团 | 2026届全球校园招聘","https://mp.weixin.qq.com/s/JC9dDkOgWTLw6bXZqlc7vw","微信读书"
"北航就业","2025-10-03","招聘 | 中国中车集团有限公司 | 2026届校园招聘","https://mp.weixin.qq.com/s/-vKct39EHaLmhsK9jqnysw","微信读书"
"北航就业","2025-10-03","招聘 | 中国民生银行北京分行 | 2026届校园招聘","https://mp.weixin.qq.com/s/zkaTy5BrbNdc8dnVFwC8JA","微信读书"
"北航就业","2025-10-03","招聘 | 中国航天科工二院二十三所航天南湖电子信息技术股份有限公司 | 2026届校园招聘","https://mp.weixin.qq.com/s/1J4saXKxj-3gRNymSDbrsw","微信读书"
"北航就业","2025-10-03","招聘 | 烟台市“名企名校行”（北京站）暨博士专场招聘洽谈会","https://mp.weixin.qq.com/s/sDpsQ0z3dlmP5PbMwsIi8g","微信读书"
"北航就业","2025-10-03","招聘 | 芯和半导体科技（上海）股份有限公司 | 2026届校园招聘","https://mp.weixin.qq.com/s/Kiu1GlG2E1lnKwb0YtDFdg","微信读书"
"北航就业","2025-10-03","招聘 | 厦门航空 | 2026届校园招聘","https://mp.weixin.qq.com/s/6b2X1pN6i3-MgJ13cMuxJQ","微信读书"
"北航就业","2025-10-03","招聘 | 北方集成电路技术创新中心（北京）有限公司 | 2026届校园招聘","https://mp.weixin.qq.com/s/1tMPuA4QmdLh7ISd2_MMBw","微信读书"
"北航就业","2025-10-03","宣讲 | 中国科学院金属研究所 | 2025年秋季校园招聘","https://mp.weixin.qq.com/s/LzMT-T3eEmJGXk_uZYu4Eg","微信读书"
"北航就业","2025-10-02","招聘 | 中国移动物联网公司 | 2026届校园招聘正式启动","https://mp.weixin.qq.com/s/Vc5kSqIECVGsh0ZImQEftg","微信读书"
"北航就业","2025-10-02","招聘 | 中国人民保险集团 | 2026届全系统校园招聘火热进行中","https://mp.weixin.qq.com/s/27keYoU209fASAiiwCtUxA","微信读书"
"北航就业","2025-10-02","招聘 | 中国航天科工集团六院41所 | 2026届校园招聘","https://mp.weixin.qq.com/s/JTNhKWsWBzDVViXmR_3I7A","微信读书"
"北航就业","2025-10-02","招聘 | 中国航空工业集团新航 | 2026届校园招聘正式启动","https://mp.weixin.qq.com/s/4BaDTsiI27Npr2DtJ2Iamg","微信读书"
"北航就业","2025-10-02","招聘 | 中国航空工业集团设备工程 | 2026届校园招聘正式启动","https://mp.weixin.qq.com/s/NCWONg3qGlVxixb6cBa8Zw","微信读书"
"北航就业","2025-10-02","招聘 | 兆芯 | 2026届校园招聘正式启动","https://mp.weixin.qq.com/s/4HDT_C6qA8-ejyPFJBpCmw","微信读书"
"北航就业","2025-10-02","招聘 | 天津经开区管委会 | “泰达优培计划”校园招聘","https://mp.weixin.qq.com/s/NBLfBTv9y4vaVrR0Eqot_A","微信读书"
"北航就业","2025-10-02","招聘 | 哈尔滨锅炉厂有限责任公司 | 2026届全球校园招聘","https://mp.weixin.qq.com/s/ayKaKRE8BK6meOIoa1He4A","微信读书"
"北航就业","2025-10-01","招聘 | 中国人民解放军第五七一八工厂 | 2026届校园招聘","https://mp.weixin.qq.com/s/LKgtV86SFgKeYxzp6H5Qkg","微信读书"
"北航就业","2025-10-01","招聘 | 中国工商银行平台金融发展中心、四川省分行、深圳市分行、工银投资 | 2026届校园招聘正式启动","https://mp.weixin.qq.com/s/MbhTTTg0RsQ76kCXbnUQww","微信读书"
"北航就业","2025-10-01","招聘 | 中国兵器工业第二〇五研究所 | 2026届校园招聘正式启动","https://mp.weixin.qq.com/s/v8DPEkdCT9Eu2e7mtcavpQ","微信读书"
"北航就业","2025-10-01","招聘 | 中电云计算技术有限公司 | 2026届校园招聘正式启动","https://mp.weixin.qq.com/s/nRPsAFpl4LTJp4igZ9-kkQ","微信读书"
"北航就业","2025-10-01","招聘 | 中船集团七〇五所 | 2026届校园招聘开始啦","https://mp.weixin.qq.com/s/zSZ4Np6P407TlKKRbObYYQ","微信读书"
"北航就业","2025-10-01","招聘 | 中船集团第七一二所 | 2026届校园招聘正式启动","https://mp.weixin.qq.com/s/8eHhUhWFuKQwoge8QffAhg","微信读书"
"北航就业","2025-10-01","招聘 | 广联达 | 2026届校园招聘正式启动","https://mp.weixin.qq.com/s/FcauxgD3x26dGvjoHHa_Ew","微信读书"
"北航就业","2025-10-01","招聘 | 北京航天动力研究所 | 2026届校园招聘正式启动","https://mp.weixin.qq.com/s/3XJRa-W2vmGHrrqj4yHbzg","微信读书"
"北航就业","2025-09-30","招聘 | 中信出版集团、中信银行苏州分行、中信建投证券 | 2026届校园招聘","https://mp.weixin.qq.com/s/mleOLp4LV8O95nW32rCOpA","微信读书"
"北航就业","2025-09-30","招聘 | 中国光大银行 | 2026届秋季校园招聘正式启动","https://mp.weixin.qq.com/s/PGOzx4s7jhcXpzpdCBuPiw","微信读书"
"北航就业","2025-09-30","招聘 | 泰康基金 | 2026届秋季校园招聘","https://mp.weixin.qq.com/s/dswxV48hSacUdFf2HFTokw","微信读书"
"北航就业","2025-09-30","招聘 | 康明斯中国 | 2026届校园招聘","https://mp.weixin.qq.com/s/eewgGbc5hCgzTXUC68rqog","微信读书"
"北航就业","2025-09-30","招聘 | 国家开发银行辽宁省分行、黑龙江省分行 | 2026届校园招聘","https://mp.weixin.qq.com/s/ITmfBAx2TV-PFulRcqeZ2w","微信读书"
"北航就业","2025-09-30","招聘 | 东莞新兴产业投资有限公司 | 2026届校园招聘正式启动","https://mp.weixin.qq.com/s/BscXQbXzowXCaZyzCKdrrw","微信读书"
"北航就业","2025-09-30","选调 | 重庆市面向北京航空航天大学定向选调2026届急需紧缺专业应届优秀大学毕业生","https://mp.weixin.qq.com/s/GdCpQcJPzr_fgDZFkMGfZQ","微信读书"
"北航就业","2025-09-30","【邀请函】10月15日“京彩就业”北京航空航天大学2026届毕业生综合双选会","https://mp.weixin.qq.com/s/fxBPNTPMYK_40yN6fT3-Zw","微信读书"
"北航就业","2025-09-29","招聘 | ABB中国 | 2026届校园招聘正式启动","https://mp.weixin.qq.com/s/5JQC78QD51dwCaRJdlvrGw","微信读书"
"北航就业","2025-09-29","招聘 | 中国航天标准化与产品保证研究院 | 2026届校园招聘启事","https://mp.weixin.qq.com/s/Wqiov_xHy4ezgzEDC_ZQPg","微信读书"
"北航就业","2025-09-29","招聘 | 四川移动、北京移动、中移九天人工智能科技（北京）有限公司、中国移动数智化部、云南移动、内蒙古移动｜2026届校园招聘","https://mp.weixin.qq.com/s/uKjqKwI9QjMsmXr4lRF9YQ","微信读书"
"北航就业","2025-09-29","招聘 | 上海汽轮机厂 | 2026届校园招聘启动","https://mp.weixin.qq.com/s/SHqRnrAfkCbph4v6VarJ2g","微信读书"
"北航就业","2025-09-29","招聘 | 陕西投资集团 | 2026届高校毕业生秋季校园招聘","https://mp.weixin.qq.com/s/b5elszIB3U0anZ9LVqSUFw","微信读书"
"北航就业","2025-09-29","招聘 | 南海中远海运船务工程有限公司 | 2026届校园招聘正式开启","https://mp.weixin.qq.com/s/h8Mz6Va_btuaFskfnQWgFw","微信读书"
"北航就业","2025-09-29","招聘 | 国家开发银行 | 2026届校园招聘正式启动","https://mp.weixin.qq.com/s/Q0VfkNlh1QVK5yncfa1Cng","微信读书"
"北航就业","2025-09-29","招聘 | 安徽省农村信用社联合社 | 2026届校园招聘公告","https://mp.weixin.qq.com/s/pS_vwEqKFY1stGqo3td_oA","微信读书"
"北航就业","2025-09-28","招聘活动预告 | 北京航空航天大学双选会&宣讲会预告（9.28-9.30）","https://mp.weixin.qq.com/s/yKKCZyUIFRUj-0a0Xzh9gw","微信读书"
"北航就业","2025-09-28","招聘 | 中信证券 | 2026届校园招聘","https://mp.weixin.qq.com/s/uj63Xg6K1NcWifHRvSeOAg","微信读书"
"北航就业","2025-09-28","招聘 | 中欧基金 | 2026届校园招聘","https://mp.weixin.qq.com/s/kVBFmZxs-RF_DtiAHenOuQ","微信读书"
"北航就业","2025-09-28","招聘 | 国家开发银行大连市分行、宁夏分行 | 2026届校园招聘","https://mp.weixin.qq.com/s/aSsL004Ff4UTlAQLovk9SA","微信读书"
"北航就业","2025-09-28","招聘 | 工银金租、中国工商银行业务研发中心、北京市分行、苏州分行、远程银行中心、工银投资 | 2026届校园招聘","https://mp.weixin.qq.com/s/d-HElenVGjCqPOa1X1jkjg","微信读书"
"北航就业","2025-09-28","宣讲 | 苏州珂玛材料科技股份公司 | 2026届校园招聘","https://mp.weixin.qq.com/s/6EPCvnnj7YV49grhYwGnGg","微信读书"
"北航就业","2025-09-28","宣讲 | 上海宇量昇科技有限公司 | 2026届校园招聘","https://mp.weixin.qq.com/s/xt5EDGf67USoXiiFIC0Jjw","微信读书"
"北航就业","2025-09-28","宣讲 | 北京华丞电子有限公司 | 2026届校园招聘","https://mp.weixin.qq.com/s/ned-q_vWzyhyx_JHDFnz0w","微信读书"
"北航就业","2025-09-27","招聘 | 中航航空模拟系统有限公司 | 2026届校园招募计划","https://mp.weixin.qq.com/s/Nr7BvMqRtRlWwir2DyyJTg","微信读书"
"北航就业","2025-09-27","招聘 | 中国工商银行河北雄安分行 | 2026届校园招聘","https://mp.weixin.qq.com/s/DqTS8R12PSoQ9Pl2MThRIQ","微信读书"
"北航就业","2025-09-27","招聘 | 中国东方资产管理股份有限公司 | 2026届校园招聘正式启动","https://mp.weixin.qq.com/s/8j6ySs7uuCdGld2Gb6a0gw","微信读书"
"北航就业","2025-09-27","招聘 | 网易有道 | 2026届校园招聘","https://mp.weixin.qq.com/s/dv0SUlhFON_rf850BoXFMQ","微信读书"
"北航就业","2025-09-27","招聘 | 嘉实基金 | 2026届校园招聘","https://mp.weixin.qq.com/s/TI_IxU4zTMUctVyf12G6EA","微信读书"
"北航就业","2025-09-27","招聘 | 国家管网集团北京智网数科技术有限公司 | 2026届秋季校园招聘启动！","https://mp.weixin.qq.com/s/K95wZOIcfN83o-gB4gDkQA","微信读书"
"北航就业","2025-09-27","招聘 | 北京通用人工智能研究院 | 2026届全球校园招聘","https://mp.weixin.qq.com/s/FuxQ6AKrgD4OSant9CMPVg","微信读书"
"北航就业","2025-09-27","双选 | 京彩就业--北京航空航天大学2026届毕业生沙河校区综合双选会","https://mp.weixin.qq.com/s/91U0PevGovQL0sbtEXnEDA","微信读书"
"北航就业","2025-09-26","招聘 | 中航工业成都飞机设计研究所 | 2026届校园招聘","https://mp.weixin.qq.com/s/D1fx3OkdxsxbgI91z3klIQ","微信读书"
"北航就业","2025-09-26","招聘 | 中国移动总部、上海产业研究院、成都产业研究院、金科公司、在线营销服务中心 | 2026届校园招聘","https://mp.weixin.qq.com/s/3m3k9HOsrmnO9gZwoa8p-A","微信读书"
"北航就业","2025-09-26","招聘 | 中国联通研究院 | 2026届校园招聘正式启动","https://mp.weixin.qq.com/s/0YT6r_82GVRajx__L249OA","微信读书"
"北航就业","2025-09-26","招聘 | 中国航空工业集团津电 | 2026届校园招聘启动","https://mp.weixin.qq.com/s/pCCZ9qH_uU6J72HXEQlN1Q","微信读书"
"北航就业","2025-09-26","招聘 | 中国工商银行总行本部 | 2026届校园招聘正式启动","https://mp.weixin.qq.com/s/5E5rMV4SgdnVuZEYh4SaOA","微信读书"
"北航就业","2025-09-26","招聘 | 四川中久数创科技有限公司 | 2026届校招全面启动","https://mp.weixin.qq.com/s/SRvCY7u3g6NIdbtyB6A_SA","微信读书"
"北航就业","2025-09-26","宣讲+双选 | 2025年上海青浦区全国高校巡回寻才活动——北京航空航天大学站","https://mp.weixin.qq.com/s/eN-TLkgyug3TnKcZH33ZcQ","微信读书"
"北航就业","2025-09-26","第四届高等学校就业创业国际论坛（第一轮通知）","https://mp.weixin.qq.com/s/-WLGWfIgDnS6RXlAFpP-Cw","微信读书"
"北航就业","2025-09-25","招聘 | 中邮理财、中国邮政储蓄银行、北京分行、福建省分行、内蒙古分行 | 2026届校园招聘正式启动","https://mp.weixin.qq.com/s/4yZ7evOyi_mfleIAZQJ2lg","微信读书"
"北航就业","2025-09-25","招聘 | 中信银行 | 2026届校园招聘正式启动","https://mp.weixin.qq.com/s/UURKZiY5zX6SNzOkYXEPfQ","微信读书"
"北航就业","2025-09-25","招聘 | 中国船舶集团第七一四研究所 | 2026 届秋季校园招聘启动","https://mp.weixin.qq.com/s/U_CxpsruRTOPjRvB2ta0Tw","微信读书"
"北航就业","2025-09-25","招聘 | 双向同频·青蓝共赴2025年全国高层次人才校园招聘会","https://mp.weixin.qq.com/s/Z0-KJ7jXFvIszbziRNIwUA","微信读书"
"北航就业","2025-09-25","招聘 | 江南造船 | 2026届校园招聘启动","https://mp.weixin.qq.com/s/Dr0fUikszVeg0VcJZlZMMQ","微信读书"
"北航就业","2025-09-25","招聘 | 北京农商银行 | 2026年度“优培计划”招聘！","https://mp.weixin.qq.com/s/vYcoNAG0kK4fGcPzU68Whw","微信读书"
"北航就业","2025-09-25","宣讲+双选 | 国家管网集团 | 2026届秋季校园招聘","https://mp.weixin.qq.com/s/c7e6iLzfuIFI_nHxP3aYuw","微信读书"
"北航就业","2025-09-25","宣讲 | 中冶京诚工程技术有限公司 | 2026届校园招聘正式启动！","https://mp.weixin.qq.com/s/tYNeDoLvMyQdnP0y4Q2MiQ","微信读书"
"北航就业","2025-09-24","招聘 | 中国国新控股有限责任公司 | 2026届校园招聘正式开启","https://mp.weixin.qq.com/s/z2w7ec_rS_CIEJDuyCtSWg","微信读书"
"北航就业","2025-09-24","招聘 | 中国广核新能源控股有限公司 | 2026届校园招聘正式启动","https://mp.weixin.qq.com/s/lRazRfM-JiFOIdD6ShxuIA","微信读书"
"北航就业","2025-09-24","招聘 | 长沙市国有企业事业单位 | 硕博人才引进","https://mp.weixin.qq.com/s/GqQXKQsd5zyWT_fm_-itkQ","微信读书"
"北航就业","2025-09-24","招聘 | 欧莱雅（中国） | 2026届管理培训生招聘网申正式开启","https://mp.weixin.qq.com/s/dPi2jd-BZ68Ab_T7-bkS8Q","微信读书"
"北航就业","2025-09-24","宣讲+双选 | 中国核工业集团有限公司 | 2026届秋季校园招聘","https://mp.weixin.qq.com/s/qs0fL1h_U8iHJebPcsAXpQ","微信读书"
"北航就业","2025-09-24","宣讲 | 中国建筑材料科学研究总院有限公司 | 校园招聘公告","https://mp.weixin.qq.com/s/Hnzxxh40CWuZsCUKoDzaNw","微信读书"
"北航就业","2025-09-24","宣讲 | 深圳信步科技 | 2026届校园招聘","https://mp.weixin.qq.com/s/_HJwv4i3z2_m7PHFhmACdg","微信读书"
"北航就业","2025-09-24","宣讲 | 快手 | 2026届秋季校园招聘宣讲会","https://mp.weixin.qq.com/s/SwbYr5D_QpRxzMiqWSBiKA","微信读书"
"北航就业","2025-09-23","招聘 | 中国移动四川公司 | 2026秋季校园招聘正式启动","https://mp.weixin.qq.com/s/vl5imBa4i5qyFtmkgJAJNg","微信读书"
"北航就业","2025-09-23","招聘 | 中国工商银行软件开发中心 | 2026年度秋季校园招聘正式启动","https://mp.weixin.qq.com/s/9veJ3BkAE0cKoMYhnE4FEw","微信读书"
"北航就业","2025-09-23","招聘 | 梅特勒托利多 | 2026届秋招宣讲会北京航空航天大学专场","https://mp.weixin.qq.com/s/zx5dgzWoz-rv6IxBbS5uqw","微信读书"
"北航就业","2025-09-23","招聘 | 广州市黄埔区 | 2025年高校校园招聘","https://mp.weixin.qq.com/s/KMWQvQTLwTPJw_UpxAmYpA","微信读书"
"北航就业","2025-09-23","宣讲+双选 | 中国联通 | 2026届校园招聘","https://mp.weixin.qq.com/s/eiYlndo_qpEPDxUIo-QaYQ","微信读书"
"北航就业","2025-09-23","宣讲+双选 | 中国航天科工集团 | 2026届校园招聘北京航空航天大学专场","https://mp.weixin.qq.com/s/QOP5P9Jso3uS07rOWXcxug","微信读书"
"北航就业","2025-09-23","宣讲 | 中国电器科学研究院股份有限公司 | 2026届校园招聘正式启动","https://mp.weixin.qq.com/s/ugk4LE9Q3Ur_GoddS-X8Ug","微信读书"
"北航就业","2025-09-23","宣讲 | 人大附中亦庄新城学校 | 2025年公开招聘聘任制教师（第二批）公告","https://mp.weixin.qq.com/s/Zyzj90xm40sbSdCZHs6thA","微信读书"
"北航就业","2025-09-22","招聘 | 国家开发银行 | 2026届校园招聘","https://mp.weixin.qq.com/s/r1oJr9L1vWwwHL2Greotdg","微信读书"
"北航就业","2025-09-22","招聘 | 2025年西南政法大学优秀博士、博士后全国巡回洽谈会（北京站）公告","https://mp.weixin.qq.com/s/m_KdI-Sf0fxf0K1BS_gM4A","微信读书"
"北航就业","2025-09-22","宣讲 | 中国工商银行河北省分行 | 2026届校园招聘","https://mp.weixin.qq.com/s/nw2HZYYFoVXCBIekKolAKA","微信读书"
"北航就业","2025-09-22","宣讲 | 芯恩（青岛）集成电路有限公司 | 2026届校园招聘","https://mp.weixin.qq.com/s/K49IQsCHhp9svLNHy9pbew","微信读书"
"北航就业","2025-09-22","宣讲 | 西安爱生技术集团有限公司 | 2026届校园招聘","https://mp.weixin.qq.com/s/34P9tUjNPfyEPhWCJce_Zw","微信读书"
"北航就业","2025-09-22","宣讲 | 商汤科技 | 2026届校园招聘","https://mp.weixin.qq.com/s/SK_eYcpy7i7jYVkDmAm4iA","微信读书"
"北航就业","2025-09-22","宣讲 | 美团 | 2026届校园招聘","https://mp.weixin.qq.com/s/7NrM1_SgVkT7gr5tKEUL4Q","微信读书"
"北航就业","2025-09-22","双选 | 北京航空航天大学2026届毕业生首场大型综合双选会-学院路专场","https://mp.weixin.qq.com/s/xujTuAb5Bm_hZGa1VYadmA","微信读书"
"北航就业","2025-09-21","招聘活动预告 | 北京航空航天大学双选会&宣讲会预告（9.22-9.26）","https://mp.weixin.qq.com/s/jZat8TfmtJcaQZ44xrCTAQ","微信读书"
"北航就业","2025-09-21","招聘 | 联通数字科技有限公司、联通数据智能有限公司、江苏联通 | 2026届校园招聘","https://mp.weixin.qq.com/s/sYJAkLqAZcWI6M0ldcbJSA","微信读书"
"北航就业","2025-09-21","招聘 | 高博人才 | 2026届校园招聘","https://mp.weixin.qq.com/s/osXKTLPDQS8teWh_E8__Hw","微信读书"
"北航就业","2025-09-21","宣讲 | 中国航发沈阳发动机研究所 | 2026届校园招聘","https://mp.weixin.qq.com/s/5k0gFqEircx9yE9ewohdEA","微信读书"
"北航就业","2025-09-21","宣讲 | 中国电科芯片技术研究院 | 2026届校园招聘","https://mp.weixin.qq.com/s/jOTFROBGbi5TzZQ7rUwtnA","微信读书"
"北航就业","2025-09-21","宣讲 | 深信服科技 | 2026届校园招聘","https://mp.weixin.qq.com/s/5gzc5S2xZpMUQbOEWYB0oQ","微信读书"
"北航就业","2025-09-21","宣讲 | 寒武纪 | 2026届校园招聘","https://mp.weixin.qq.com/s/yFQszNOCmHvkK9YZqWz5zw","微信读书"
"北航就业","2025-09-21","宣讲 | 广州市海珠区事业单位 | 2026届校园招聘","https://mp.weixin.qq.com/s/5fzWJDFprqGNv0G2maCiPA","微信读书"
"北航就业","2025-09-20","招聘 | 河北省天然气有限责任公司 | 管培生招聘","https://mp.weixin.qq.com/s/sMkPauGKNqTvEqBULpYz9Q","微信读书"
"北航就业","2025-09-20","宣讲+双选 | 华为 | 2026届应届生招聘宣讲会北京航空航天大学专场","https://mp.weixin.qq.com/s/cpCdICR-0LbhoSmF8luk4Q","微信读书"
"北航就业","2025-09-20","宣讲 | 招商银行 | 2026届校园招聘宣讲会","https://mp.weixin.qq.com/s/_XTmAJsK-2hoqk6gS0i-lw","微信读书"
"北航就业","2025-09-20","宣讲 | 通号城市轨道交通技术有限公司 | 2026届校园招聘—北京航空航天大学站","https://mp.weixin.qq.com/s/g1GZX9L1AYB0G81Wd8YRCQ","微信读书"
"北航就业","2025-09-20","宣讲 | 九洲集团 | 2026届校园招聘正式启动","https://mp.weixin.qq.com/s/r75pJ-FxZ5QbmW-uaaKbYA","微信读书"
"北航就业","2025-09-20","宣讲 | 哈尔滨工大卫星技术有限公司 | 2026届校园招聘宣讲会","https://mp.weixin.qq.com/s/RaTyaNxzoPRu0XTYvo-87A","微信读书"
"北航就业","2025-09-20","宣讲 | 电科莱斯、二十八所 | 2026届校园招聘全面启动","https://mp.weixin.qq.com/s/dlvdYr7L9sKb2yxtsSPcYg","微信读书"
"北航就业","2025-09-20","双选 | 2025年陕西军工人才专场招聘活动","https://mp.weixin.qq.com/s/B2MmZyieoAMhbxIIgpcksQ","微信读书"
"北航就业","2025-09-19","招聘 | 来宁夏 向未来，有您才有“宁”专项活动——北京站","https://mp.weixin.qq.com/s/_ma-_OrFT50p0ojXJxIsdg","微信读书"
"北航就业","2025-09-19","招聘 | 北京空天技术研究所 | 2026届招聘全面启动","https://mp.weixin.qq.com/s/uJXKWPijChpQW7s_DJmRWw","微信读书"
"北航就业","2025-09-19","招聘 | 2025年浦东新区青年人才直通车北京秋季专场职等你来!","https://mp.weixin.qq.com/s/3ghsCE4XXuycnqtTLMnL2Q","微信读书"
"北航就业","2025-09-19","宣讲+双选 | 中国航天空气动力技术研究院（航天十一院） | 2026届校园招聘北京航空航天大学专场","https://mp.weixin.qq.com/s/Zi0mmLdIQ16e5gz6NeAUZg","微信读书"
"北航就业","2025-09-19","宣讲 | 字节跳动 | 2026届校园北京航空航天大学专场宣讲会","https://mp.weixin.qq.com/s/9zS4xSGJgNhYiGae07ie8g","微信读书"
"北航就业","2025-09-19","宣讲 | 中航科创有限公司 | 2026届校园招聘","https://mp.weixin.qq.com/s/XxYfEcjZu92Aytx07Px1gw","微信读书"
"北航就业","2025-09-19","宣讲 | 中国汽车工程研究院股份有限公司 | 2026届校园招聘","https://mp.weixin.qq.com/s/nkTCJ8lbOqsd01n9yWPSlA","微信读书"
"北航就业","2025-09-19","宣讲 | 怀柔实验室 | 2026届校园招聘北京航空航天大学专场","https://mp.weixin.qq.com/s/k8PuTsfWixH4Esfqt2-xGg","微信读书"
"北航就业","2025-09-18","招聘 | 中国民生银行 | 2026届全球校园招聘&实习直航计划同步启动","https://mp.weixin.qq.com/s/al0nuF14k_Nd2lGTzrInnw","微信读书"
"北航就业","2025-09-18","招聘 | 中国航空工业集团金航数码科技有限责任公司 | 2026届校园招聘正式启动","https://mp.weixin.qq.com/s/Kj0jghVHu-Ri_Q3mbiHVFg","微信读书"
"北航就业","2025-09-18","招聘 | 中国兵器北方夜视科技研究院集团有限公司 | 2026届校园招聘","https://mp.weixin.qq.com/s/0vZhfcUhIjtMGV0ZK_Xzgg","微信读书"
"北航就业","2025-09-18","招聘 | 中电科航空电子有限公司 | 2026届秋季校园招聘","https://mp.weixin.qq.com/s/f7AwEKpK64-l-FkUMrx9rA","微信读书"
"北航就业","2025-09-18","招聘 | 招商蛇口 | 2026届校园招聘正式启动","https://mp.weixin.qq.com/s/buwlCbldsMFgKTPzCTlFTA","微信读书"
"北航就业","2025-09-18","宣讲+双选 | 中国航空发动机集团有限公司 | 2026届校园招聘正式启动！","https://mp.weixin.qq.com/s/dNuelCv1P0BbLaiPJysEDA","微信读书"
"北航就业","2025-09-18","宣讲 | 歌尔股份有限公司 | 2026届精英计划","https://mp.weixin.qq.com/s/vPHgffrw15Zjx8F10b-cgg","微信读书"
"北航就业","2025-09-18","宣讲 | 北京市 | 2026年度定向选调和“优培计划”招聘应届优秀大学毕业生公告","https://mp.weixin.qq.com/s/zcNKBZXDl4eTfkqwOV5OrA","微信读书"
"北航就业","2025-09-17","宣讲+双选 | 中国机械科学研究总院集团有限公司 | 2026届校园招聘","https://mp.weixin.qq.com/s/pklWCyBYKZTAjSnyW10UxA","微信读书"
"北航就业","2025-09-17","宣讲+双选 | 中国兵器工业集团 | 2026届秋季校园招聘","https://mp.weixin.qq.com/s/8vpzRJygwnZIi-5dZC9tZA","微信读书"
"北航就业","2025-09-17","宣讲 | 西南交通大学 | 2025年秋季全球校园师资招聘简章","https://mp.weixin.qq.com/s/lgIpnj3pba4-NdhHkMLRiQ","微信读书"
"北航就业","2025-09-17","宣讲 | 天隼实验室 | 2026届博士校园招聘启动","https://mp.weixin.qq.com/s/CUCr_Y3piTowXZKdlRR0yg","微信读书"
"北航就业","2025-09-17","宣讲 | 荣耀 | 2026届全球校园招聘北京航空航天大学专场宣讲会","https://mp.weixin.qq.com/s/dhPkjKUvNs1Fj87_a7SS5w","微信读书"
"北航就业","2025-09-17","宣讲 | 宁德时代 | 2026届全球校招重磅加码","https://mp.weixin.qq.com/s/NhP9rIF5OQ_IF0gJmabKow","微信读书"
"北航就业","2025-09-17","宣讲 | 北京燕东微电子股份有限公司 | 2026届全球校园招聘启动","https://mp.weixin.qq.com/s/U3aTrfI3eiTXcesJymc1eg","微信读书"
"北航就业","2025-09-17","宣讲 | 北京汽车集团有限公司 | 2026届全球校园招聘","https://mp.weixin.qq.com/s/o3CX3sOR1BDvjxCdSOfD7Q","微信读书"
"北航就业","2025-09-16","宣讲 | 中兴通讯 | 2026届校招宣讲会北京航空航天大学专场","https://mp.weixin.qq.com/s/MaQHw661S4Tu_FmiutiSqA","微信读书"
"北航就业","2025-09-16","宣讲 | 中国邮政储蓄银行总行信息科技 | 2026届校园招聘","https://mp.weixin.qq.com/s/sYDcoRRiqAaD2OudbGepuA","微信读书"
"北航就业","2025-09-16","宣讲 | 中国电科电子科学研究院 | 2026届校园招聘正式启动","https://mp.weixin.qq.com/s/91RTZVXXwosWsNplvIKSzw","微信读书"
"北航就业","2025-09-16","宣讲 | 信息支援部队 | 北京航空航天大学专场宣讲双选会","https://mp.weixin.qq.com/s/LhERvjPJk84w4j1TdbOuIg","微信读书"
"北航就业","2025-09-16","宣讲 | 人保信息科技有限公司 | 2026届校园招聘—北京航空航天大学专场宣讲会","https://mp.weixin.qq.com/s/zdXCKRl5rHPRSGZD5DUGRg","微信读书"
"北航就业","2025-09-16","宣讲 | 国家某部委及其直属机构 | 2026年度公务员招录宣讲公告","https://mp.weixin.qq.com/s/HzMaTZvGVgJlwiMV4JgNcA","微信读书"
"北航就业","2025-09-16","宣讲 | 2026年度上海选调招录宣讲会（静安区北京航空航天大学专场）","https://mp.weixin.qq.com/s/1eSwRYwcd-qUCktsn-TitQ","微信读书"
"北航就业","2025-09-16","双选 | 中国电科集团 | 2026届校园招聘会","https://mp.weixin.qq.com/s/AMOQXcRbUY6Kold5yvobig","微信读书"
"北航就业","2025-09-15","招聘 | 中国移动通信集团广东公司 | 2026届秋季校园招聘全面启动","https://mp.weixin.qq.com/s/Qa8d-z8XRRdpnqc_1TOy8w","微信读书"
"北航就业","2025-09-15","招聘 | 2025年下半年海军直招军官","https://mp.weixin.qq.com/s/RQDhz_pGns8OlbFJtdpJjw","微信读书"
"北航就业","2025-09-15","宣讲+双选 | 中国航天电子技术研究院 | 2026届校园招聘","https://mp.weixin.qq.com/s/Au-WtymjezC1E1fFplDbjw","微信读书"
"北航就业","2025-09-15","宣讲 | 中国航发南方工业有限公司 | 2026届校园招聘正式启动","https://mp.weixin.qq.com/s/jigjsyVwKb3H6y8GJr3m0g","微信读书"
"北航就业","2025-09-15","宣讲 | 九号公司 | 2026届校招","https://mp.weixin.qq.com/s/AKNFlP7F94SWEOOTjDwcgQ","微信读书"
"北航就业","2025-09-15","宣讲 | 京东 | 2026届校园招聘全面启动","https://mp.weixin.qq.com/s/0gMT04pAWH3S3cUCJS8yWQ","微信读书"
"北航就业","2025-09-15","宣讲 | 金风科技 | 2026届全球校园招聘","https://mp.weixin.qq.com/s/X_xQSpGq3PMEv4hpNYmwMQ","微信读书"
"北航就业","2025-09-15","宣讲 | 国金证券 | 2026届校园招聘","https://mp.weixin.qq.com/s/nq-VKF_JMWKBFvMrz9G0iA","微信读书"
"北航就业","2025-09-14","招聘活动预告 | 北京航空航天大学双选会&宣讲会预告（9.15-9.21）","https://mp.weixin.qq.com/s/mcwXmLLa5m6JUhqPBRIlUQ","微信读书"
"北航就业","2025-09-14","招聘 | 中国铁路通信信号股份有限公司 | 2026届校园招聘","https://mp.weixin.qq.com/s/PBoD2xYcP4yY-nfH_hJbqQ","微信读书"
"北航就业","2025-09-14","招聘 | 中国船舶集团第八研究院 | 2026届校园招聘","https://mp.weixin.qq.com/s/G0_GG-uv9RQOhas_Lh2C_w","微信读书"
"北航就业","2025-09-14","招聘 | 度小满 | 2026届校园招聘","https://mp.weixin.qq.com/s/zddH4Wo6MCVa_jkPRDhFmg","微信读书"
"北航就业","2025-09-14","招聘 | 北京遥测技术研究所 | 2026届校园招聘","https://mp.weixin.qq.com/s/Jik_GsqZi1UguxId0eeFsw","微信读书"
"北航就业","2025-09-14","宣讲+双选 | 中国电子信息产业集团有限公司 | 2026届校园招聘","https://mp.weixin.qq.com/s/vKKHxw7nAHI3zbehaYB4zA","微信读书"
"北航就业","2025-09-14","宣讲 | 长光卫星 | 2026届校园招聘","https://mp.weixin.qq.com/s/9rtYye-nJd_2OU_jRYkXLw","微信读书"
"北航就业","2025-09-14","宣讲 | 一汽-大众汽车有限公司 | 2026届校园招聘","https://mp.weixin.qq.com/s/vtrL7QJSbPiffENnn0FL_w","微信读书"
"北航就业","2025-09-13","招聘 | 中国移动通信集团贵州有限公司 | 2026届校园招聘","https://mp.weixin.qq.com/s/Da46LJnEfnPZ4UaA8aT6Sg","微信读书"
"北航就业","2025-09-13","招聘 | 中国兵器科学研究院 | 2026届校园招聘公告","https://mp.weixin.qq.com/s/nfDQ1dk_hKSPWPCFZM_qOQ","微信读书"
"北航就业","2025-09-13","招聘 | 遨天科技 | 2026届校园招聘正式启动","https://mp.weixin.qq.com/s/iMxuOpZVXHmBP6VZ1XkVqw","微信读书"
"北航就业","2025-09-13","宣讲 | 中国科学院空天信息创新研究院 | 全国巡回2026届校招宣讲会！（第二弹）","https://mp.weixin.qq.com/s/HYNUge77QCnNE0H7oOxnaw","微信读书"
"北航就业","2025-09-13","宣讲 | 中国科学院空间应用工程与技术中心 | 2026届“航天之星”校园招聘","https://mp.weixin.qq.com/s/s98fc1ZPTeTeb0n2FFC-Nw","微信读书"
"北航就业","2025-09-13","宣讲 | 中国航空工业集团雷达所 | 2026届校园招聘正式启动","https://mp.weixin.qq.com/s/a0bnckhMbPTBTxW3mBO7Tg","微信读书"
"北航就业","2025-09-13","双选 | 中国商飞公司 | 2025-2026年秋季校园招聘正式启动","https://mp.weixin.qq.com/s/fbXOOM345BP-E95LkMTkYg","微信读书"
"北航就业","2025-09-13","双选 | 成都天府软件园 | 2025年秋季招聘校园行","https://mp.weixin.qq.com/s/i-R7YpvR9VsTDdwo4n7h9Q","微信读书"
"北航就业","2025-09-12","招聘 | 中国农业银行北京市分行 | 2026届校园招聘","https://mp.weixin.qq.com/s/GXcjiRL7_rY09p-kV1mkfQ","微信读书"
"北航就业","2025-09-12","招聘 | 中国航发北京航空材料研究院 | 2026届校园招聘正式启动","https://mp.weixin.qq.com/s/r3rltXYpYaTIMcU7c0hS9A","微信读书"
"北航就业","2025-09-12","招聘 | 广州海格通信集团股份有限公司 | 2026届秋季校园招聘正式启动","https://mp.weixin.qq.com/s/-eMmKiOKUu9sn2enzaRABQ","微信读书"
"北航就业","2025-09-12","招聘 | 广发银行 | 2026届金融科技类校园招聘公告","https://mp.weixin.qq.com/s/fiN_ZMQusbtnFk34Xe8Bbg","微信读书"
"北航就业","2025-09-12","宣讲 | 中国科学院沈阳自动化研究所 | 2025年秋季招聘","https://mp.weixin.qq.com/s/nej_mXmXZxyVFX7EjNFkAg","微信读书"
"北航就业","2025-09-12","宣讲 | 中国航天科工集团第十总体设计部 | 2026届校园招聘正式启动","https://mp.weixin.qq.com/s/QzNJxE56AtIOzdJV7iweVg","微信读书"
"北航就业","2025-09-12","宣讲 | 中国兵器工业集团航空弹药研究院有限公司 | 2026届校园招聘启幕","https://mp.weixin.qq.com/s/CtK5iKEfUjoVHPLkMmryOQ","微信读书"
"北航就业","2025-09-12","双选 | 工信就业-中博汇高层次人才洽谈会2025年度秋季巡回招聘会","https://mp.weixin.qq.com/s/JieO5wx4phR9Xb6rG12B8g","微信读书"
"北航就业","2025-09-11","招聘 | 宁波市 | 2025年下半年宁波市北仑区（开发区）公开招聘事业单位工作人员（港城英才）公告","https://mp.weixin.qq.com/s/6vMiFZF6vsNxuAZWCSKMGw","微信读书"
"北航就业","2025-09-11","招聘 | 极智嘉 | 2026届全球校园招聘正式启动","https://mp.weixin.qq.com/s/B3LOOsH4TNOyLqP2huhsNg","微信读书"
"北航就业","2025-09-11","招聘 | 工银科技 | 2026届校园招聘","https://mp.weixin.qq.com/s/0xRM3OY_TBlTpe59cYbAsQ","微信读书"
"北航就业","2025-09-11","招聘 | 北京航天试验技术研究所 | 2026届校园招聘正式启动!","https://mp.weixin.qq.com/s/LO7Iuig7OVFlDS7Q1Koxag","微信读书"
"北航就业","2025-09-11","选调 | 上海市 | 2026年度上海市选调生招录启动","https://mp.weixin.qq.com/s/bXCWNr6bRzmo8ZSbnmQHVg","微信读书"
"北航就业","2025-09-11","宣讲 | 中国信科 · 武汉光迅科技股份有限公司 | 2026届校招宣讲会来啦！","https://mp.weixin.qq.com/s/tJXImn5cZg1oOnW6h0G5MA","微信读书"
"北航就业","2025-09-11","宣讲 | 深圳市新凯来技术有限公司 | 2026届校园招聘正式启动","https://mp.weixin.qq.com/s/JWrWFs9OPQufa7nrrc3kqQ","微信读书"
"北航就业","2025-09-11","双选 | 中国航天科技集团五院 | 2026届校园招聘启动","https://mp.weixin.qq.com/s/Eu6qgcuYoFoeMKCGnFYSvA","微信读书"
"北航就业","2025-09-10","招聘 | Momenta | 2026届Mstar顶尖人才计划招聘全球启动","https://mp.weixin.qq.com/s/CfX_gyyMEN6Xj7SnpS_oUQ","微信读书"
"北航就业","2025-09-10","招聘 | 中国工商银行天津市分行 | 2026届秋季校园招聘正式启动","https://mp.weixin.qq.com/s/fHgMiXmXVsDhN6HtInMxfw","微信读书"
"北航就业","2025-09-10","招聘 | 中国电子科技集团公司第十一研究所 | 2026届校园招聘","https://mp.weixin.qq.com/s/n1t_HSi63Jhy-ZGuTVydew","微信读书"
"北航就业","2025-09-10","招聘 | 国机重型装备集团股份有限公司 | 2026届校园招聘","https://mp.weixin.qq.com/s/PGY1Kc63fbOU3WGyyfLvBw","微信读书"
"北航就业","2025-09-10","宣讲 | 中航科创有限公司 | 2026届校园招聘正式启动","https://mp.weixin.qq.com/s/fdFJVQ2j_UzfwnB8gM7hFQ","微信读书"
"北航就业","2025-09-10","宣讲 | 中国航发哈尔滨东安发动机有限公司 | 2026届校园招聘","https://mp.weixin.qq.com/s/iz0p_kBLGTJTtT7HAb8oCg","微信读书"
"北航就业","2025-09-10","宣讲 | 北方激光研究院有限公司 | 2026届校园招聘正式启动","https://mp.weixin.qq.com/s/Mmh0Ezfa001KeTmSByshIw","微信读书"
"北航就业","2025-09-10","双选 | 军事航天部队2025年直招军官","https://mp.weixin.qq.com/s/XsOeFPNXzOfMGrGCjxAh5Q","微信读书"
"北航就业","2025-09-09","招聘 | 中邮保险 | 2026届校园招聘","https://mp.weixin.qq.com/s/jGAtvvdp6YeXgpCpDTDbjg","微信读书"
"北航就业","2025-09-09","招聘 | 中国一汽 | 2026届全球校园招聘正式启动","https://mp.weixin.qq.com/s/3RthvUbIdz_MTyg12anI8g","微信读书"
"北航就业","2025-09-09","招聘 | 中国工商银行江苏省分行 | 2026届校园招聘正式启动","https://mp.weixin.qq.com/s/2y2XxnVHr9_4QPpaq_JJsw","微信读书"
"北航就业","2025-09-09","招聘 | 中国电子科技集团公司第十研究所 | 2026届秋季校园招聘","https://mp.weixin.qq.com/s/D7gKwMeE9GOEMQL64s5tyA","微信读书"
"北航就业","2025-09-09","招聘 | 中国兵器工业第203研究所 | 2026届校园招聘","https://mp.weixin.qq.com/s/EFceWVVb6eCJYYr1qqaG7Q","微信读书"
"北航就业","2025-09-09","招聘 | 中电信量子信息科技集团有限公司 | 2026届招新啦","https://mp.weixin.qq.com/s/gMml0u9jAnX9H23B89o2Bw","微信读书"
"北航就业","2025-09-09","宣讲 | 中国航发动力股份有限公司 | 2026届校园招聘正式启动","https://mp.weixin.qq.com/s/UVqbkRkZXWT7PmuZKqNbyQ","微信读书"
"北航就业","2025-09-09","双选 | 2025年秋季全国博士、硕士研究生暨国防军工类专场巡回双选会-北京航空航天大学站","https://mp.weixin.qq.com/s/DAWeWNgZXEAmV8PiC7eGeA","微信读书"
"北航就业","2025-08-29","招聘 | WebEye网眼 | 2026届校招正式启动","https://mp.weixin.qq.com/s/jgXQmTZX8UUxsWnBr65JtA","微信读书"
"北航就业","2025-08-29","招聘 | FunPlus | 2026届校园招聘正式开启！","https://mp.weixin.qq.com/s/cBJJjHwhd6h7wUcxPh4OpQ","微信读书"
"北航就业","2025-08-29","招聘 | 中国航天科技集团有限公司上海航天技术研究院 | 2026届校园招聘启动","https://mp.weixin.qq.com/s/WWFziCE622LqTdYeUpDczA","微信读书"
"北航就业","2025-08-29","招聘 | 中国航空工业集团洪都 | 2025年秋季招聘正式启动","https://mp.weixin.qq.com/s/MOqrxsjEe-JK0M35f60hQg","微信读书"
"北航就业","2025-08-29","招聘 | 中国电信集团有限公司 | 2026届校园招聘全面启动！","https://mp.weixin.qq.com/s/qPzTW41GyRafmNslxB4YMg","微信读书"
"北航就业","2025-08-29","招聘 | 一汽解放汽车有限公司 | 2026届全球校园招聘","https://mp.weixin.qq.com/s/BW7WCLZx9xJtER6nqWsTHg","微信读书"
"北航就业","2025-08-29","招聘 | 陕西黄河集团有限公司 | 2026届校园招聘","https://mp.weixin.qq.com/s/yWL5vej76oh3L4vCgn0jJA","微信读书"
"北航就业","2025-08-29","招聘 | 清昴智能丨2026届校园招聘正式启动！","https://mp.weixin.qq.com/s/7g8rOkAO3nE3FH1RfE6cpA","微信读书"
"北航就业","2025-08-28","招聘 | OBSBOT寻影 | 2026届全球校园招聘正式启动","https://mp.weixin.qq.com/s/_3X1trO0Py-OG9ctzsjNUA","微信读书"
"北航就业","2025-08-28","招聘 | 中国航空工业集团自控所 | 2026届校园招聘公告","https://mp.weixin.qq.com/s/vr0rgStwwzZmcOqK6Zyr4A","微信读书"
"北航就业","2025-08-28","招聘 | 中船科技股份有限公司 | 2026届秋季校园招聘简章","https://mp.weixin.qq.com/s/QN_wKLjQCfs8LbCGXAWkxA","微信读书"
"北航就业","2025-08-28","招聘 | 网易游戏雷火 | 2026届秋季校园招聘全球启动","https://mp.weixin.qq.com/s/E7ipxD5zitWFEEOSb_A-ZQ","微信读书"
"北航就业","2025-08-28","招聘 | 深圳市昇维旭技术有限公司 | 2026届校园招聘正式启动","https://mp.weixin.qq.com/s/VTJ5Az_FHwNqwO4Uy2hf4w","微信读书"
"北航就业","2025-08-28","招聘 | 深圳市鹏芯微集成电路制造有限公司 | 2026届校园招聘正在进行中","https://mp.weixin.qq.com/s/iL2oDKkv8IIj1SiKZ5R7UQ","微信读书"
"北航就业","2025-08-28","招聘 | 上海宇量昇科技有限公司 | 2026届校园招聘正式启动","https://mp.weixin.qq.com/s/Xjk1lSK9HzNNMC6d-YE9bw","微信读书"
"北航就业","2025-08-28","招聘 | 广电运通集团 | 2026届校园招聘正式启动","https://mp.weixin.qq.com/s/0OgrUCEyQMt9Jc4GNRla2g","微信读书"
"北航就业","2025-08-27","招聘 | 卓越教育 | 2026届校园招聘正式启动","https://mp.weixin.qq.com/s/FyuvkWXk4x98UDtaxR5MrQ","微信读书"
"北航就业","2025-08-27","招聘 | 中国科学院上海技术物理研究所 | 2026届校园招聘","https://mp.weixin.qq.com/s/fSWGM7mZlFcFpUVbinYypA","微信读书"
"北航就业","2025-08-27","招聘 | 中国航天科工集团六院41所 | 2026届校园招聘","https://mp.weixin.qq.com/s/uODpfHzVcGXczwNB8VWPqQ","微信读书"
"北航就业","2025-08-27","招聘 | 诺瓦星云 | 2026届校园招聘全面开启","https://mp.weixin.qq.com/s/dsXRWC4GCeO-_yT8oZznjw","微信读书"
"北航就业","2025-08-27","招聘 | 汇川技术 | 2026届校园招聘全面启动","https://mp.weixin.qq.com/s/By8a8nsZdNSEYdR_lj5lbQ","微信读书"
"北航就业","2025-08-27","招聘 | 航天五院通信与导航卫星总体部 | 2026届校园招聘全面启动","https://mp.weixin.qq.com/s/mxy4AXmSLynt_EpGT2r1WA","微信读书"
"北航就业","2025-08-26","招聘 |【学生邀请函】“博聚楚天·共建支点”湖北省2025年博士、博士后空中双选会","https://mp.weixin.qq.com/s/mrUQIYS4hDNi-fUgFv88_Q","微信读书"
"北航就业","2025-08-26","招聘 | 中国航天科工集团第二研究院 | 2026届校园招聘","https://mp.weixin.qq.com/s/BQEhJMP-oDUV_r_zOoivwQ","微信读书"
"北航就业","2025-08-26","招聘 | 中国电子科技集团公司第十研究所 | 2026届秋季校园招聘","https://mp.weixin.qq.com/s/Bm-uoZ4j3_qS1aM6ObPVDg","微信读书"
"北航就业","2025-08-26","招聘 | 银河通用机器人 | 2026届校园招聘正式启动","https://mp.weixin.qq.com/s/RpgVhU3DvMYLpIq27oYtuw","微信读书"
"北航就业","2025-08-26","招聘 | 新东方 | 江苏省域26届提前批即将开启，快人一步抢占Offer先机！","https://mp.weixin.qq.com/s/7TVoJ5bgRIsaXILWgULFzQ","微信读书"
"北航就业","2025-08-26","招聘 | 虎牙 | 2026届校园招聘启动","https://mp.weixin.qq.com/s/rYdFUnVumH6dtWsklPexgw","微信读书"
"北航就业","2025-08-26","招聘 | 德州仪器 | 2026届秋季校园招聘全面开启","https://mp.weixin.qq.com/s/fci2Y4iDn1DBO1FpM1RaBw","微信读书"
"北航就业","2025-08-26","招聘 | 北京经纬恒润科技股份有限公司 | 2026届博士校园招聘","https://mp.weixin.qq.com/s/RaPyk05HkPkzz3j-3L_TLA","微信读书"
"北航就业","2025-08-25","致用人单位 | 北京航空航天大学2025年秋季校园招聘活动安排","https://mp.weixin.qq.com/s/YkFhiBbFoX5Y2ZZ5WpLrxA","微信读书"
"北航就业","2025-08-25","招聘 | 中国航天科工二院二十三所 | 2026届校园招聘开启","https://mp.weixin.qq.com/s/IjkjqaHRB2wRoa90-0IShw","微信读书"
"北航就业","2025-08-25","招聘 | 越疆机器人 | 2026届全球校园招聘正式启动","https://mp.weixin.qq.com/s/PzOj49mIZEh7_msqfNxmMQ","微信读书"
"北航就业","2025-08-25","招聘 | 上海人工智能实验室 | 2026届全球校招开启","https://mp.weixin.qq.com/s/1KRUJqM6xAjc9d3YRIpT4g","微信读书"
"北航就业","2025-08-25","招聘 | 南方基金 | 2026届专场校园招聘全球启动","https://mp.weixin.qq.com/s/fn8RCElanYbyeeZk7EBRaA","微信读书"
"北航就业","2025-08-25","招聘 | 理想汽车 | 2026届校园招聘正式启动","https://mp.weixin.qq.com/s/8KDlmdfMQXYK5V7l-4Ss-A","微信读书"
"北航就业","2025-08-25","招聘 | 恒生 | 2026届校园招聘正式启动","https://mp.weixin.qq.com/s/02LJwHwdp_aERWvpVZK2Bw","微信读书"
"北航就业","2025-08-25","招聘 | 海光信息技术股份有限公司 | 2026届校园招聘","https://mp.weixin.qq.com/s/ZmXqIDPI714IpvHExh7UEQ","微信读书"
"北航就业","2025-08-23","招聘 | TCL | 2026届校园招聘","https://mp.weixin.qq.com/s/euPBEvWFbcO05yRW_aSogQ","微信读书"
"北航就业","2025-08-23","招聘 | 中国电科五十五所 | 2026届校园招聘正式启动","https://mp.weixin.qq.com/s/w4A7fdSn4URr8UWNxkjLdw","微信读书"
"北航就业","2025-08-23","招聘 | 平安银行佛山分行 | 2026届秋季校园招聘","https://mp.weixin.qq.com/s/XVVZolJvAiZnFYT2qW4n_g","微信读书"
"北航就业","2025-08-23","招聘 | 龙湖集团 | 2026届仕官生校园招聘启动","https://mp.weixin.qq.com/s/yYu8D0UxZ0OaOGFyfviRag","微信读书"
"北航就业","2025-08-23","招聘 | 德勤 | 2026届校园招聘启动","https://mp.weixin.qq.com/s/GdA1iDWEnNeX7PAdpVx7sg","微信读书"
"北航就业","2025-08-23","招聘 | 春秋航空 | 2026届校园招聘正式启动","https://mp.weixin.qq.com/s/mGKlomcE1JEYDAJa3OkqxQ","微信读书"
"北航就业","2025-08-23","招聘 | 阿里控股 | 2026届秋季应届生招聘正式启动","https://mp.weixin.qq.com/s/mK1W5FePuKZ7rOjvpHmSYw","微信读书"
"北航就业","2025-08-22","招聘 | 中国科学院宁波材料所 | 激光极端制造研究中心诚聘优秀博士后","https://mp.weixin.qq.com/s/7l7JpPA5zI0WyIZKkKrqDg","微信读书"
"北航就业","2025-08-22","招聘 | 远景动力 | 2026届校招正式启动","https://mp.weixin.qq.com/s/midHYtXo9iUi2RVGKigKSQ","微信读书"
"北航就业","2025-08-22","招聘 | 西北橡胶塑料研究设计院有限公司 | 2025年校园招聘","https://mp.weixin.qq.com/s/kydJv65cgcSqJHcP2hZkSA","微信读书"
"北航就业","2025-08-22","招聘 | 三一重能 | 2026届校园招聘即刻启动","https://mp.weixin.qq.com/s/O2ScTBLRyZx30bKHTF1j9w","微信读书"
"北航就业","2025-08-22","招聘 | 睿创微纳 | 2026届校园招聘","https://mp.weixin.qq.com/s/YCHmASLh_5uzqgJouJSxkQ","微信读书"
"北航就业","2025-08-22","招聘 | 河北雄安太芯电子科技有限公司 | 2026届招聘全面开启！","https://mp.weixin.qq.com/s/P9mW308n2ToXkaYyxOpsEw","微信读书"
"北航就业","2025-08-22","【招新啦】北航就业中心学生助理岗位开启！解锁职场技能+一手招聘资讯，等你加入～","https://mp.weixin.qq.com/s/hsSp-FIF3qHs0C_19fJHhw","微信读书"
"北航就业","2025-08-21","招聘 | 中国科学院新疆理化技术研究所 | 2025年引进博士人才招聘公告","https://mp.weixin.qq.com/s/TxaHUW9y0lV9537P0FGHiA","微信读书"
"北航就业","2025-08-21","招聘 | 中国华腾工业有限公司 | 2026届招聘全面开启","https://mp.weixin.qq.com/s/rv11PP9XO-ALR54HZWWYiA","微信读书"
"北航就业","2025-08-21","招聘 | 武汉信息网络学院（武汉网络安全大学，暂定名） | 2025年总量备案制管理人员招聘公告","https://mp.weixin.qq.com/s/5yWS2APcYxr3lBiqWsqaiQ","微信读书"
"北航就业","2025-08-21","招聘 | 零跑汽车 | 2026届校园招聘研发提前批","https://mp.weixin.qq.com/s/eQQkKVe46-BY9GDn_Mflsw","微信读书"
"北航就业","2025-08-21","招聘 | 联合飞机 | 2026届战略人才储备计划，定义低空新纪元","https://mp.weixin.qq.com/s/y5rOL2pweonPxoatHboy4Q","微信读书"
"北航就业","2025-08-21","招聘 | 康冠科技 | 2026届校园招聘正式启动","https://mp.weixin.qq.com/s/39mEfUuI3qqm5oFBAqQ6qg","微信读书"
"北航就业","2025-08-20","招聘 | 中国航天科技集团有限公司第八研究院第八设计部 | 2026届校园招募令正式发布","https://mp.weixin.qq.com/s/7kQqgSGuQ9P2IVPkCmu5gw","微信读书"
"北航就业","2025-08-20","招聘 | 鹰角网络 | 2026届秋季校园招聘","https://mp.weixin.qq.com/s/aKrE3vyjCAe4judPCOrxtQ","微信读书"
"北航就业","2025-08-20","招聘 | 去哪儿旅行 | 2026届秋季校园招聘","https://mp.weixin.qq.com/s/EdwB7N0tF3XVUIcE8lsdkw","微信读书"
"北航就业","2025-08-20","招聘 | 宁德时代 | 2026届全球校园招聘正式启动","https://mp.weixin.qq.com/s/s6ZXZOBfl-et94zXe86ZDg","微信读书"
"北航就业","2025-08-20","招聘 | 经纬恒润 | 2026届校园招聘","https://mp.weixin.qq.com/s/zCXSEl9Hqgx3djSg2l9HUQ","微信读书"
"北航就业","2025-08-20","招聘 | 百度 | 2026届TPG AIDU计划面向全球招募顶尖AI人才","https://mp.weixin.qq.com/s/UFAuxPQdxfSjQcd3P_vkiA","微信读书"
"北航就业","2025-08-19","招聘+实习 | 安永 | 2025-2026秋季校园招聘及审计寒假实习生招聘网申正式启动","https://mp.weixin.qq.com/s/bR5HX5N8rAMwMHlMRMH9xA","微信读书"
"北航就业","2025-08-19","招聘 | 美的集团 | 2026届校园招聘全面启动","https://mp.weixin.qq.com/s/KX1wwiXkK5-OjXY0CxZJ9w","微信读书"
"北航就业","2025-08-19","招聘 | 蚂蚁集团 | 2026届秋季校园招聘开启","https://mp.weixin.qq.com/s/HQZPZHJWguhct-6TYZcecQ","微信读书"
"北航就业","2025-08-19","招聘 | 瓴岳科技 | 2026届“登岳计划”校园招聘","https://mp.weixin.qq.com/s/z9ioi2JkVKF0tBAQX_Siow","微信读书"
"北航就业","2025-08-19","招聘 | 度小满 | 2026届校园招聘","https://mp.weixin.qq.com/s/pW1k7SifEz0RZiZrT3gIdw","微信读书"
"北航就业","2025-08-19","招聘 | 滴滴 | 2026届秋季校招正式启动","https://mp.weixin.qq.com/s/STJZeBLMcB-rP_R_EnbCrQ","微信读书"
"北航就业","2025-08-19","招聘 | 安克创新 | 2026届全球校园招聘正式启动","https://mp.weixin.qq.com/s/4s6TI9S2C-VO_1yomkAdeA","微信读书"
"北航就业","2025-08-18","招聘 | TP-LINK | 2026届秋季校园招聘正式启动","https://mp.weixin.qq.com/s/UxFKLthAgP31hmfSSqC86g","微信读书"
"北航就业","2025-08-18","招聘 | 中国航空制造技术研究院 | 2026届校园招聘","https://mp.weixin.qq.com/s/uDj6s7E_qPz45GcjE75XLA","微信读书"
"北航就业","2025-08-18","招聘 | 芯原股份 | 2026届校园招聘正式启动","https://mp.weixin.qq.com/s/o3pQoPEpe8aNNAQVMfaj1w","微信读书"
"北航就业","2025-08-18","招聘 | 徽商银行总行 | 管培生（徽星计划）2026年校园招聘公告","https://mp.weixin.qq.com/s/g20baLKFkcBl5B-toamqfQ","微信读书"
"北航就业","2025-08-18","开放日 | 嘉实基金 | 2026届科技校招开放日活动","https://mp.weixin.qq.com/s/7aU2k6Y87niv9QS_FkoIxw","微信读书"
"北航就业","2025-08-18","公告 | 国防科技大学试验训练基地(西安) | 2026人才引进公告","https://mp.weixin.qq.com/s/2jm7jFsMUAAUVXjSP77uhw","微信读书"
"北航就业","2025-08-15","招聘 | vivo | 2026届全球校园招聘正式启动","https://mp.weixin.qq.com/s/74ApD5_r8zjO9xivaTOAEw","微信读书"
"北航就业","2025-08-15","校园大使 | 春秋航空 | 2026届全国校园大使招募启动","https://mp.weixin.qq.com/s/siad4D57PaFB9ExEuCrvrw","微信读书"
"北航就业","2025-08-14","招聘 | 中国航空工业集团成飞 | 2026届校园招聘正式启动","https://mp.weixin.qq.com/s/D1WuKF1Y6kbktk4yOpMFGQ","微信读书"
"北航就业","2025-08-14","招聘 | 招商银行网络科技 | 2026届秋季校园招聘全球启动","https://mp.weixin.qq.com/s/kTIQH2euhGPA_2f2fvK9kQ","微信读书"
"北航就业","2025-08-14","招聘 | 寒武纪 | 2026届校园招聘","https://mp.weixin.qq.com/s/QyEI-YHMHvJEyd_nfvALnA","微信读书"
"北航就业","2025-08-13","招聘 | 中物院高性能数值模拟软件中心 | 2026届校招提前批火热开启","https://mp.weixin.qq.com/s/qdtncAIVW-BE5QshGBkPdQ","微信读书"
"北航就业","2025-08-13","招聘 | 星宸科技股份有限公司 | 2026届校园招聘正式启动","https://mp.weixin.qq.com/s/xMMLenDQKQ9ZwAqqtLx3cQ","微信读书"
"北航就业","2025-08-13","招聘 | 航天科工集团智能科技研究院有限公司 | 2026届校园招聘","https://mp.weixin.qq.com/s/Kr0ToetW-BRb1iKYi90ltA","微信读书"
"北航就业","2025-08-13","招聘 | 歌尔股份有限公司 | 2026届精英岗位校园招聘","https://mp.weixin.qq.com/s/PawPsQdugkigK2Jrzmy1nQ","微信读书"
"北航就业","2025-08-12","招聘 | 完美世界 | 2026届秋季校园招聘正式启动","https://mp.weixin.qq.com/s/7XYFar1QsyuGDqCI4U6lrw","微信读书"
"北航就业","2025-08-12","招聘 | 普华永道 | 2026届校园招聘正式开启","https://mp.weixin.qq.com/s/f7jyXiMuds5_EspWuv_pwA","微信读书"
"北航就业","2025-08-12","用人单位邀请函 | 北京航空航天大学2026届毕业生大型综合双选会","https://mp.weixin.qq.com/s/dsTULA9VYk4DOX267wJSEw","微信读书"
"北航就业","2025-08-11","招聘 | 中国电子科技集团公司第三十八研究所 | 2026届校园招聘","https://mp.weixin.qq.com/s/Gy7oFemOCjhVHHOG_K75Kw","微信读书"
"北航就业","2025-08-11","招聘 | 沐曦集成电路(上海)股份有限公司 | 2026届校园招聘正式启动","https://mp.weixin.qq.com/s/jHZlNmw5776QH0yX48VXCg","微信读书"
"北航就业","2025-08-11","招聘 | 哈尔滨工大卫星技术有限公司 | 2026届“星动力”招聘","https://mp.weixin.qq.com/s/EZcmHNnMQjrsvyteJGa6Tw","微信读书"
"北航就业","2025-08-09","招聘 | 长光卫星 | 2026届校园招聘正式启动","https://mp.weixin.qq.com/s/qf3SOxie08wLkIZ_SYSU4Q","微信读书"
"北航就业","2025-08-09","招聘 | 远景能源 | 2026届校园招聘","https://mp.weixin.qq.com/s/kzBfA6Z3JmteYFFNYrGsVQ","微信读书"
"北航就业","2025-08-09","招聘 | 猿辅导集团 | 2026届校园招聘正式启动","https://mp.weixin.qq.com/s/t3ouq2C4r3z6EogLE_zZsw","微信读书"
"北航就业","2025-08-09","招聘 | 联想 | 2026届校园招聘全面启动","https://mp.weixin.qq.com/s/ik52OOF0jRYqhfllUX2ZTQ","微信读书"
"北航就业","2025-08-09","招聘 | 基恩士 | 2026届秋季校园招聘正式启动","https://mp.weixin.qq.com/s/dMPxgNuojRMFYdZKack8oA","微信读书"
"北航就业","2025-08-09","招聘 | 爱学习教育集团 | 校园招聘正式启动","https://mp.weixin.qq.com/s/K4-yU0cS28OTlGLdT_n6Yg","微信读书"
"北航就业","2025-08-09","招聘 | 阿里巴巴灵犀互娱 | 2026届秋季校园招聘正式启动","https://mp.weixin.qq.com/s/R88H4k1hd1GKd872gVwmwQ","微信读书"
"北航就业","2025-08-08","招聘 | 腾讯 | 2026届校园招聘全球启动","https://mp.weixin.qq.com/s/HBARmVuJLJ-NiW5aS6e_wA","微信读书"
"北航就业","2025-08-08","招聘 | 北方华创科技集团股份有限公司 | 2026届校招提前批正式启动！","https://mp.weixin.qq.com/s/gwgQ5EEfz3CeLojz_qKG5g","微信读书"
"北航就业","2025-08-08","招聘 | 阿里云 | 2026届应届生招聘","https://mp.weixin.qq.com/s/grLhoTpGT5qUlLADAiyfzw","微信读书"
"北航就业","2025-08-07","招聘 | 中国航天科工集团第三研究院第三十一研究所 | 2026年自培研究生招生全面启动","https://mp.weixin.qq.com/s/CJEqI5SIo8Rc-BibOTVbZw","微信读书"
"北航就业","2025-08-07","夏令营 | 中国船舶集团有限公司第七一五研究所 | 夏令营邀请函","https://mp.weixin.qq.com/s/r0LsOaBTN_WyGuYau0AZdw","微信读书"
"北航就业","2025-08-07","开放日 | 北京航天试验技术研究所 | 2025年所区开放日活动邀请函","https://mp.weixin.qq.com/s/5zjDZNHcSfS_KYULW41JOw","微信读书"
"北航就业","2025-08-06","招聘 | 用友 | 2026届校招高潜人才计划正式启动","https://mp.weixin.qq.com/s/DBokHqXnZ9a9brBY97668w","微信读书"
"北航就业","2025-08-06","招聘 | 迅雷集团 | 2026届校园招聘正式启动","https://mp.weixin.qq.com/s/EvK1lo_NCAnOfYnPtYH42w","微信读书"
"北航就业","2025-08-06","招聘 | 芯恩 | 2026届校园招聘启动","https://mp.weixin.qq.com/s/l7GnTnmNhZoEHtfb-eB6gA","微信读书"
"北航就业","2025-08-06","招聘 | 淘天集团 | 2026届秋季应届生招聘全球启动","https://mp.weixin.qq.com/s/nX_qkUHP6xKQ1UaY1uhY8g","微信读书"
"北航就业","2025-08-06","招聘 | 蚂蚁集团 | 2026届Plan A人才专项招募启动","https://mp.weixin.qq.com/s/HFDevPRlwWFvVCCYnIBSyQ","微信读书"
"北航就业","2025-08-05","招聘 | 字节跳动 | 2026届校园招聘启动","https://mp.weixin.qq.com/s/o19HoyQJVsY2-ZRShDl-Qg","微信读书"
"北航就业","2025-08-05","招聘 | 小米集团 | 2026届全球校园招聘正式启动","https://mp.weixin.qq.com/s/uJcD9VMdKTZ_xVZdIHN2UA","微信读书"
"北航就业","2025-08-05","招聘 | 杭州高新区（滨江）北航杭研院2026届硕博专场邀你在线投递","https://mp.weixin.qq.com/s/k2QZRZqbb-qCG9yWFzqsWA","微信读书"
"北航就业","2025-08-05","招聘 | 高拓讯达（北京）微电子股份有限公司 | 2026届校园招聘火热进行中","https://mp.weixin.qq.com/s/hi84Hpy8ACwyS5vU9TYi8w","微信读书"
"北航就业","2025-08-05","招聘 | 博迈医疗 | 2026届校园招聘全面启动","https://mp.weixin.qq.com/s/5AJDCN_d4oI5MqKHCLv-iA","微信读书"
"北航就业","2025-08-04","招聘 | 中国航天科工集团三院三十一所 | 2026届校园招聘全面启动","https://mp.weixin.qq.com/s/itY7PZN52mVzkLdYbfwmFA","微信读书"
"北航就业","2025-08-04","招聘 | 上海民用航空控制与导航系统有限公司 | 飞控新星2026届校园招聘公告","https://mp.weixin.qq.com/s/hN9y2v8AtRXbNUIaHfXs4w","微信读书"
"北航就业","2025-08-04","招聘 | 河南省科学院超硬材料产业技术研究院 | 2025年校园招聘正式启动","https://mp.weixin.qq.com/s/HJCpb_TfTRT1FM1hLLVtlA","微信读书"
"北航就业","2025-08-04","实习 | 银行间市场清算所股份有限公司 | 2025年实习生招募公告","https://mp.weixin.qq.com/s/np16zgbEULPHy2P3cwCrIw","微信读书"
"北航就业","2025-08-04","开放日 | 中国人民解放军第五七一三工厂 | 2025暑期开放日","https://mp.weixin.qq.com/s/WKQQJ3hjSvLQNHGRrkhqlw","微信读书"
"北航就业","2025-08-02","招聘 | 中微公司 | 2026届博士生专项招聘正式启动！","https://mp.weixin.qq.com/s/phB9YcNhPIsBYdLYh4EvzA","微信读书"
"北航就业","2025-08-02","招聘 | 招银网络科技 | 2026届秋季校园招聘全球启动！","https://mp.weixin.qq.com/s/ZIQLfGr4HVr4Ydbd3wyLJw","微信读书"
"北航就业","2025-07-31","招聘 | 卓驭 | 2026届校园招聘正式启动&卓驭顶尖人才招聘","https://mp.weixin.qq.com/s/rGZZV_NE9QHPHpupcXicfw","微信读书"
"北航就业","2025-07-31","招聘 | 辽宁材料实验室 | “辽聚理想，材聚未来” 2026届招聘","https://mp.weixin.qq.com/s/r_rOsFBDq_qLTkF0uIxUDQ","微信读书"
"北航就业","2025-07-31","招聘 | 快手 | 2026届全球秋季校园招聘启动","https://mp.weixin.qq.com/s/iyFbytV-Ce8tOzfgcmQ6qg","微信读书"
"北航就业","2025-07-31","招聘 | 禾赛科技 | 2026届校招提前批","https://mp.weixin.qq.com/s/4v8h-PFqjmDDWIvek-5pgg","微信读书"
"北航就业","2025-07-31","招聘 | 海尔智家 | 2026届顶尖人才项目正式启动","https://mp.weixin.qq.com/s/lZjxRVY9Xu8t7mR7EcigeA","微信读书"
"北航就业","2025-07-30","招聘 | 商汤科技 | 2026届校园招聘全球启动！","https://mp.weixin.qq.com/s/VZFs26t1p3ydVbqL6HZXkw","微信读书"
"北航就业","2025-07-30","招聘 | 佧森航空 | 2025届校园招聘简章","https://mp.weixin.qq.com/s/z-Z0NXQE1dIXIENS2dl21w","微信读书"
"北航就业","2025-07-30","开放日 | 中国电科产业基础研究院 | 2026届暑期开放日邀请函","https://mp.weixin.qq.com/s/8h9Z5S7UvpSVXrhRWHi6DQ","微信读书"
"北航就业","2025-07-29","招聘 | 天津大学纳米中心&宣怀学院 | 高薪诚聘科研英才","https://mp.weixin.qq.com/s/THYW4itUcMd-WXDxeEnc5Q","微信读书"
"北航就业","2025-07-29","招聘 | 美团 | 2026届校园招聘","https://mp.weixin.qq.com/s/-EEnIoTNOIrbInu1JPRmBQ","微信读书"
"北航就业","2025-07-29","招聘 | 百度Apollo | 2026届校招提前批正式启动","https://mp.weixin.qq.com/s/CEuPpMPvyn6hYV7zEOhtfg","微信读书"
"北航就业","2025-07-29","招聘 | 阿里灵犀互娱 | 2026届策划&游戏开发提前批限时抢跑","https://mp.weixin.qq.com/s/vXpFW1Zw8-6mZaCPpYHgbg","微信读书"
"北航就业","2025-07-29","实习 | 普华基础软件股份有限公司 | 2025年高校实习生招聘","https://mp.weixin.qq.com/s/p1TmXd4k7AhshHSmZEC17A","微信读书"
"北航就业","2025-07-29","公告 | 呼和浩特市 | 2025年第四批事业单位人才引进公告","https://mp.weixin.qq.com/s/mNO5x30OAuVPHoOws2hncA","微信读书"
"北航就业","2025-07-28","招聘 | 中国钢研科技集团有限公司 | 高层次人才招聘公告","https://mp.weixin.qq.com/s/y5QNOTXjjY4VBT-JzMiqeA","微信读书"
"北航就业","2025-07-28","开放日 | 中国航空工业集团特种所 | 暑期开放日正式启动","https://mp.weixin.qq.com/s/-JLHQWu5g93PrMMZOV4PqA","微信读书"
"北航就业","2025-07-27","招聘 | 中国航空工业集团津电 | 2025届博士招聘","https://mp.weixin.qq.com/s/6aesLe_pS4T0zsR6R084Eg","微信读书"
"北航就业","2025-07-27","招聘 | 搜狐畅游 | 2026届秋季校园招聘提前批正式启动","https://mp.weixin.qq.com/s/PtfHw6X-LzEMKdSaVdsPbQ","微信读书"
"北航就业","2025-07-27","招聘 | 韶音科技 | 2026届提前批校园招聘启动","https://mp.weixin.qq.com/s/B0mSl34IU38dwH_ybe0Uug","微信读书"
"北航就业","2025-07-27","招聘 | 山东省科学院海洋仪器仪表研究所 | 高层次人才（博士及博士后）招聘简章","https://mp.weixin.qq.com/s/KYmVvuNaL-aKzO0qrPc_XA","微信读书"
"北航就业","2025-07-27","招聘 | 国机重装 | 博士人才暑期参访行暨2026届校园招聘提前批邀请函","https://mp.weixin.qq.com/s/MCF86SBP6ABTZzpLbP4ljQ","微信读书"
"北航就业","2025-07-25","招聘 | 珠海莫界科技有限公司 | 2025届招聘","https://mp.weixin.qq.com/s/6W7gW-ZBqWF0qjqO22wSnw","微信读书"
"北航就业","2025-07-25","招聘 | 网易游戏雷火 | 2026届秋招绿色通道报名限时开启","https://mp.weixin.qq.com/s/exR066zZftbqEuCvKW1lcQ","微信读书"
"北航就业","2025-07-25","招聘 | 京东 | 2026届校园招聘全面启动！","https://mp.weixin.qq.com/s/bm96LAQEEFglq9YA1wB5kw","微信读书"
"北航就业","2025-07-25","招聘 | 河北省 | 博士人才招引专项活动邀请函","https://mp.weixin.qq.com/s/ibKGYST54VOQqn6EA01CQQ","微信读书"
"北航就业","2025-07-25","招聘 | 北京人才发展战略研究院 | 2025年招录公告","https://mp.weixin.qq.com/s/H2udfacBU-dc7rjovFKn4Q","微信读书"
"北航就业","2025-07-24","招聘 | 智元机器人 | 2026届校园招聘正式启动","https://mp.weixin.qq.com/s/WOQLBW-l9hI3VwuB3secHw","微信读书"
"北航就业","2025-07-24","招聘 | 深圳信步科技 | 2026届校招提前批启动","https://mp.weixin.qq.com/s/qPfEnA-59S26TsxGw5lRRw","微信读书"
"北航就业","2025-07-24","开放日 | 郑州商品交易所 | 暑期Openday活动招收启事","https://mp.weixin.qq.com/s/rlHeINuIju0_DSrYIe341Q","微信读书"
"北航就业","2025-07-23","招聘 | 中国航天科工三院三部 | 2026年度校园招聘正式启动","https://mp.weixin.qq.com/s/vhg5bePOrrWcfQTXTHLHAQ","微信读书"
"北航就业","2025-07-23","开放日 | 中国航空工业集团航宇救生装备有限公司 | 第五届硕博开放日，等你报名！","https://mp.weixin.qq.com/s/OS09c-U1FxSrcT1y9Gu5_w","微信读书"
"北航就业","2025-07-23","开放日 | 中国航发商用航空发动机有限责任公司 | 2025年企业开放日报名开启！","https://mp.weixin.qq.com/s/ZOfMWfsM2c0xRCFtzsgIrw","微信读书"
"北航就业","2025-07-22","招聘 | 三一重能股份有限公司 | 2026届提前批正式启动","https://mp.weixin.qq.com/s/YzPgcybIlazJozQXEroEnw","微信读书"
"北航就业","2025-07-22","校园大使 | 搜狐 | 2025年校园大使招募正式启动","https://mp.weixin.qq.com/s/9ch_u6Xe2PRcoZg1CuTmfg","微信读书"
"北航就业","2025-07-22","比赛 | 抖音AI创变者计划2025报名开启","https://mp.weixin.qq.com/s/peY-YpNm5WLy0Vi94oiqDQ","微信读书"
"北航就业","2025-07-21","招聘 | 中国兵器工业计算机应用技术研究所 | 招聘计划","https://mp.weixin.qq.com/s/SWwIQNStaVwE-a4_JzE-BA","微信读书"
"北航就业","2025-07-21","招聘 | 中国兵器工业导航与控制技术研究所 | 2026届校园招聘","https://mp.weixin.qq.com/s/zjRHDh5OqOypPsobw54lXg","微信读书"
"北航就业","2025-07-21","招聘 | 上海宇量昇科技有限公司 | 2026届校招提前批正式启动","https://mp.weixin.qq.com/s/rG4Y7j4zh4Zjp6MgWlv4lA","微信读书"
"北航就业","2025-07-21","补招 | 中航贵州飞机有限责任公司补招","https://mp.weixin.qq.com/s/njXdj5aZNujgyeldY7O8Zg","微信读书"
"北航就业","2025-07-19","招聘 | 北京国望光学科技有限公司 | 2026届秋季校招提前批正式启动","https://mp.weixin.qq.com/s/zXasQ_XwG4TfIqsdKAuYrw","微信读书"
"北航就业","2025-07-19","夏令营 | 中国电信 | 2026届博士夏令营正式启动","https://mp.weixin.qq.com/s/Ux3o_osf_blIbXPD_W2QIg","微信读书"
"北航就业","2025-07-17","招聘 | OPPO | 2026届全球校招正式开启","https://mp.weixin.qq.com/s/t7XabUU4TdzVlwRYKIlYMQ","微信读书"
"北航就业","2025-07-17","招聘 | 中国科学院水生生物研究所 | 2025年度特别研究助理引才招聘公告","https://mp.weixin.qq.com/s/5BDA5BUCNjtsAK9kNdiGBA","微信读书"
"北航就业","2025-07-17","招聘 | 中国航空工业集团 | 金航数码博士后科研工作站招聘正式启动","https://mp.weixin.qq.com/s/DUvWG7ZBXHFymsucAnFhgw","微信读书"
"北航就业","2025-07-17","招聘 | 网易游戏互娱 | 2026届校园招聘启动","https://mp.weixin.qq.com/s/DqB-ZEN2GFxLRx-nYn8YkQ","微信读书"
"北航就业","2025-07-17","暑期实践 | “山海慧聚·智引未来”海内外博士（后）烟台对接交流活动","https://mp.weixin.qq.com/s/2Q4y8P9fzy7hbFjhAhi-MA","微信读书"
"北航就业","2025-07-17","开放日 | 中国空气动力研究与发展中心 | 暑期开放日重磅开启","https://mp.weixin.qq.com/s/Qsv5dYCT1yH7CsiQ71FFgA","微信读书"
"北航就业","2025-07-17","开放日 | 德州仪器 | 2026届秋招Open Day","https://mp.weixin.qq.com/s/s0clbjG72zHvRBe_y5a1Ug","微信读书"
"北航就业","2025-07-16","招聘 | 小米 | 2026届顶尖人才校园招聘全面启动","https://mp.weixin.qq.com/s/ZkUMpWey3zvoVvR_pgBmKw","微信读书"
"北航就业","2025-07-16","招聘 | 科大讯飞 | 2026届飞凡计划正式启动！放宽年限还免笔试！","https://mp.weixin.qq.com/s/ULTphJUIADqXxBtCzHbsGA","微信读书"
"北航就业","2025-07-16","招聘 | 暨南大学 | 2025年博士后招聘公告","https://mp.weixin.qq.com/s/bRxVRAjE_l26_lWz2liRsw","微信读书"
"北航就业","2025-07-16","暑期实践 | 安徽 | 2025年青年学子“暑期安徽行”","https://mp.weixin.qq.com/s/fLqPd8A9Ly_2P95Dn0h41Q","微信读书"
"北航就业","2025-07-16","开放日 | 乾元国家实验室 | 2025年暑期开放日正式启动","https://mp.weixin.qq.com/s/otrwl6YEHXdqFKZTNxKIAw","微信读书"
"北航就业","2025-07-14","中国航天科工三院三部2026年自培研究生招生正式启动","https://mp.weixin.qq.com/s/OTfsYQ7WDR_YYnPdWUtONw","微信读书"
"北航就业","2025-07-14","招聘 | 英特工程仿真技术（大连）有限公司 | 2025年招聘简章","https://mp.weixin.qq.com/s/80Xt08qc873hpb4vUzqoUw","微信读书"
"北航就业","2025-07-14","招聘 | 滴滴 | 2026届秋季校招提前批正式启动","https://mp.weixin.qq.com/s/NM3w1Bm8V8ZtmmRDaSjNYg","微信读书"
"北航就业","2025-07-14","招聘 | 地平线 | 2026届秋季校园招聘正式启动","https://mp.weixin.qq.com/s/yh7t2D0Xy9-Cjy2JkHWyyg","微信读书"
"北航就业","2025-07-14","招聘 | 百度 | 2026届校园招聘正式启动","https://mp.weixin.qq.com/s/0M888SQxoAfvl5ayphkgqQ","微信读书"
"北航就业","2025-07-14","实习 | 中国科学院微小卫星创新研究院 | 实习生招聘","https://mp.weixin.qq.com/s/K5Vh_M1p7KlTI4hm15tDFA","微信读书"
"北航就业","2025-07-12","招聘 | 兴业银行 | Touch CIB•数字兴业科技挑战赛（暨数字化人才提前批）正式开启","https://mp.weixin.qq.com/s/xGk0ijAU-5E2ExAs_COtag","微信读书"
"北航就业","2025-07-12","招聘 | 米哈游 | 2026届校园招聘技术提前批启动","https://mp.weixin.qq.com/s/H_gWSOnRuPiQAOQe8YEuXg","微信读书"
"北航就业","2025-07-12","开放日 | 太行国家实验室 | 2025年博士硕士研究生OpenDay交流活动正式启动","https://mp.weixin.qq.com/s/ijDeILjdUyiFhGdCBPwcXw","微信读书"
"北航就业","2025-07-11","致用人单位 | 就业末班车已开通：2025届毕业生补招岗位征集！","https://mp.weixin.qq.com/s/ZNq_SRyMqO14JSLzZn5aUg","微信读书"
"北航就业","2025-07-11","开放日 | 中国航空工业集团南京机电 | 2025硕博开放日等你启航","https://mp.weixin.qq.com/s/1-yyTkraplN95LkLY-tWxw","微信读书"
"北航就业","2025-07-11","开放日 | 中国兵器工业集团第二〇二研究所 | 2026届暑期开放日正式启动","https://mp.weixin.qq.com/s/q8Ieh1tJZw3RuVY2pKvQ7A","微信读书"
"北航就业","2025-07-10","招聘 | 上海民航职业技术学院 | 2025年度招聘公告","https://mp.weixin.qq.com/s/zuIQafFP0SXv2gwQU0KYOA","微信读书"
"北航就业","2025-07-10","招聘 | 美团 | 2026届校招「AI产品经理提前批」正式启动！","https://mp.weixin.qq.com/s/pA5arJFArZ6Q31Y974EfNw","微信读书"
"北航就业","2025-07-10","双选 | 北京航空航天大学2025届毕业生及2026届实习生双选会","https://mp.weixin.qq.com/s/pNolTHmj3UCJowU3Ekvivw","微信读书"
"北航就业","2025-06-27","致用人单位 | 就业末班车已开通：2025届毕业生补招岗位征集！","https://mp.weixin.qq.com/s/C2Ixq9oGS39odAaTMTAjuw","微信读书"
"北航就业","2025-06-27","招聘 | 虹软科技 | 2026届校园招聘SP专场火热开启","https://mp.weixin.qq.com/s/IkMZh6rOJ9sWUtOTucHBmg","微信读书"
"北航就业","2025-06-27","招聘 | 河南省科学院激光制造研究所 | 2025年校园招聘正式启动","https://mp.weixin.qq.com/s/CwzjcwaSRvSjedpSSVNDoQ","微信读书"
"北航就业","2025-06-27","暑期实践 | 中国航天科技集团有限公司第五研究院 | 2026届暑期实习实践招聘","https://mp.weixin.qq.com/s/pAMLOTEeYRGxydCzousdBg","微信读书"
"北航就业","2025-06-27","实习 | 中航机载系统共性技术有限公司 | 2026届暑期实习生（校招提前批）招募中","https://mp.weixin.qq.com/s/9IUPU8Wm800z8_Mv6RLkKg","微信读书"
"北航就业","2025-06-27","开放日 | 中国航空研究院 | 2025年度博士专场开放日正式启动","https://mp.weixin.qq.com/s/Fs1nuKkIqjI6Idbif1LQTQ","微信读书"
"北航就业","2025-06-26","招聘 | 湖南金叶烟草薄片有限责任公司 | 2025年公开招聘","https://mp.weixin.qq.com/s/NI6-gKdtSBQbNNzVbVIoag","微信读书"
"北航就业","2025-06-26","招聘 | 河南省科学院光资源与环境科学研究所 | 2025年校园招聘正式启动","https://mp.weixin.qq.com/s/qYmvhclJcRuxuK8V85uqpA","微信读书"
"北航就业","2025-06-26","暑期实践 | 华夏基金 | 2025年暑期大学生训练营","https://mp.weixin.qq.com/s/Aqhk_Y0_AlkaKfE0FMdaBg","微信读书"
"北航就业","2025-06-26","实习 | 中国信通院 | 2025年“星海计划”暑期实习项目正式启动","https://mp.weixin.qq.com/s/mGaf2msm7HAMoBWtE5YU2w","微信读书"
"北航就业","2025-06-26","开放日 | 中国航发贵州黎阳航空动力有限公司/中国航发贵阳发动机设计研究所 | 暑期开放周招募","https://mp.weixin.qq.com/s/Y1yhS0XA13pMH3tewb80rw","微信读书"
"北航就业","2025-06-26","开放日 | 中国电科五十五所 | 2025年暑期博士开放日邀请函","https://mp.weixin.qq.com/s/l9E5q62kht27oSJu7dxshA","微信读书"
"北航就业","2025-06-26","开放日 | 中国电科第十四研究所 | 2026届暑期开放日邀请函","https://mp.weixin.qq.com/s/fxNxgmfvlimxU-eL9Qd7Yg","微信读书"
"北航就业","2025-06-25","招聘 | 小鹏汽车 | 2026届「探索者计划」全球校园招聘启动","https://mp.weixin.qq.com/s/ijZEdPsdoveP-4vAZ-UVIg","微信读书"
"北航就业","2025-06-25","研学游学就来雄安！免费入住人才驿站，还可参与抽奖打卡！","https://mp.weixin.qq.com/s/eyeRhVj9GE2mq6nx6j5_8Q","微信读书"
"北航就业","2025-06-25","暑期实践 | 无锡高新区产业科技创新人才实训学院 | 暑假班报名启动","https://mp.weixin.qq.com/s/TD823grk_6HokzPsHk8kZw","微信读书"
"北航就业","2025-06-25","开放日 | 中国航空工业集团雷达所 | 2025年暑期开放日","https://mp.weixin.qq.com/s/oy0LVGR8QTFoC8H3DwYQXw","微信读书"
"北航就业","2025-06-25","开放日 | 西南技术物理研究所 | 2025年暑期开放日邀请函","https://mp.weixin.qq.com/s/KOlh3D5Y3hI-u-v3H2pljw","微信读书"
"北航就业","2025-06-24","招聘 | 北京汽车国际发展有限公司 | 2025届校园招聘","https://mp.weixin.qq.com/s/HfftDHbFh5cCepg94IgPOQ","微信读书"
"北航就业","2025-06-24","夏令营 | 中国兵器工业第二〇三研究所 | 2025年暑期夏令营","https://mp.weixin.qq.com/s/tA2B-G0ztmtczp9eC1Pgdw","微信读书"
"北航就业","2025-06-24","开放日 | 中国飞行试验研究院 | 2025年暑期开放日","https://mp.weixin.qq.com/s/UmxMLGFa8VOldFp1Xx3rYA","微信读书"
"北航就业","2025-06-24","比赛 | 京津冀社保卡“一卡通”应用创新大赛公告","https://mp.weixin.qq.com/s/RfIMIDwB6QIe5DArGlDwvg","微信读书"
"北航就业","2025-06-23","AI青春，IN杭州！杭州2025青春潮创季即将因AI而来","https://mp.weixin.qq.com/s/Lc-0z1lDrBDwVOkbTSmydQ","微信读书"
"北航就业","2025-06-23","招聘 | 潍柴雷沃智慧农业科技股份有限公司 | 智耕沃土 收获未来","https://mp.weixin.qq.com/s/dU63QbBST-pg_7XMfGOP7g","微信读书"
"北航就业","2025-06-23","招聘 | 北京市工程咨询股份有限公司国资国企咨询事业部 | 人才招募令","https://mp.weixin.qq.com/s/b_b-zCocz0kLIRw-aew3dg","微信读书"
"北航就业","2025-06-23","实习 | 商汤 | AI先锋「顶尖实习生计划」向全球招募！","https://mp.weixin.qq.com/s/hBb37LASFRxL_AyRKo6dSQ","微信读书"
"北航就业","2025-06-21","招聘 | 杭州市北京航空航天大学国际创新研究院 | 2025年第二批行政人员招聘公告","https://mp.weixin.qq.com/s/QpVIAJrMLkPLIIqVYA81tA","微信读书"
"北航就业","2025-06-20","招聘 | 中国航空工业集团 | 2025年纪检监察人员校园招聘公告","https://mp.weixin.qq.com/s/1oLxPt4PmbbLuqiK-bj0Rg","微信读书"
"北航就业","2025-06-20","招聘 | 运城职业技术大学 | 2025年人才引进公告","https://mp.weixin.qq.com/s/7vwlyki-CN8x65fz3JSUaw","微信读书"
"北航就业","2025-06-20","夏令营 | 中国兵器工业集团 | 2026届博士研学夏令营","https://mp.weixin.qq.com/s/LlHSaTeQzu30oPrVKQCNOw","微信读书"
"北航就业","2025-06-20","夏季促就业攻坚行动 | 招聘大礼包持续推送 | 重点企业招聘信息合辑（第29期）","https://mp.weixin.qq.com/s/ZvSNaGa2sxIlCtzL-Bw4Pg","微信读书"
"北航就业","2025-06-19","招聘 | 丰台区教育系统面向北京高校大学生就业实习双选会","https://mp.weixin.qq.com/s/4sPcQ4RLHqOF457KeJAbSw","微信读书"
"北航就业","2025-06-19","实习 | 宁波市 | 面向北京航空航天大学发布暑期来甬实习岗位需求","https://mp.weixin.qq.com/s/FWLh7z_VBehz9wCR88MDRA","微信读书"
"北航就业","2025-06-19","实习 | 北京市朝阳区机关单位 | 2025年暑期实习生招募公告","https://mp.weixin.qq.com/s/WkvT40ys-jojLZm-yKgvfA","微信读书"
"北航就业","2025-06-19","开放日 | 中国航发燃气轮机有限公司 | 暑期开放日","https://mp.weixin.qq.com/s/EWGItC2et_-TpB3Keq-EFQ","微信读书"
"北航就业","2025-06-18","招聘 | 中国人民银行清算总中心直属企业银清科技有限公司 | 2025年二季度招聘公告","https://mp.weixin.qq.com/s/jrLeFyzBmlomRwOG4OuAhg","微信读书"
"北航就业","2025-06-18","实习 | 中国航天科技集团有限公司第五研究院总体设计部 | 2026届暑期实习招聘启动！","https://mp.weixin.qq.com/s/KRJs54KXNdG4MmGplGvHHw","微信读书"
"北航就业","2025-06-18","实习 | 苏交科集团股份有限公司 | 2026届“J-STAR”转正实习生招聘正式启动","https://mp.weixin.qq.com/s/lzFz7GQ1LdkbRS1hBel5Ow","微信读书"
"北航就业","2025-06-17","招聘 | 米哈游 | 线下引擎技术沙龙报名启动","https://mp.weixin.qq.com/s/f2QPaTsW71Fs8UPSQFlz5g","微信读书"
"北航就业","2025-06-17","夏令营 | 西安机电信息技术研究所 | 第二届暑期夏令营","https://mp.weixin.qq.com/s/lgjgMh2BGZEeijqJT4UTuQ","微信读书"
"北航就业","2025-06-17","开放日 | 中国航发四川燃气涡轮研究院&中国航发成都发动机有限公司 | 2025年暑期开放日正式启动","https://mp.weixin.qq.com/s/vmU_e-b3V-ph2UvFwcLpPg","微信读书"
"北航就业","2025-06-17","开放日 | 沈阳飞机设计研究所 | 2025年暑期开放日招募正式启动","https://mp.weixin.qq.com/s/AD72DdxgrzcSlb_2ThRz_g","微信读书"
"北航就业","2025-06-17","海淀安居直通车进校园活动，驶入第七站北京航空航天大学！","https://mp.weixin.qq.com/s/G34hP85sK58gR4E5dPq09w","微信读书"
"北航就业","2025-06-16","招聘+实习 | 腾讯 | 2026届青云计划全球启动","https://mp.weixin.qq.com/s/qbjPWtWn1VJblZpy13SE1g","微信读书"
"北航就业","2025-06-16","招聘 | 以谦投资 | 招聘研究助理","https://mp.weixin.qq.com/s/wj2DALiMOatrpK7gnbEn_w","微信读书"
"北航就业","2025-06-16","暑期实践 | 苏州市吴中区 | 2025年“名校优生吴中行”优秀大学生暑期实践活动","https://mp.weixin.qq.com/s/lkYLXUi_6dgVaq24H6jmjg","微信读书"
"北航就业","2025-06-16","暑期实践 | 济南 | 2025“大学生追梦济南” 暑期实习训练营活动报名开启","https://mp.weixin.qq.com/s/DhsdW1TIQVzWtnHUIbDL8A","微信读书"
"北航就业","2025-06-16","实习 | 中国民航科学技术研究院 | 资产管理处招聘实习生","https://mp.weixin.qq.com/s/UdPmOInlqo19AzuyDPq70A","微信读书"
"北航就业","2025-06-16","实习 | 康耐仕 | 2025猎头实习生招聘","https://mp.weixin.qq.com/s/Fzh-03G57AXOPbiqCDb_lw","微信读书"
"北航就业","2025-06-15","招聘 | 中国证券投资者保护基金有限责任公司 | 2025年应届毕业生公开招聘公告","https://mp.weixin.qq.com/s/oEzT4ovAbFV56PNPWJrv8w","微信读书"
"北航就业","2025-06-15","宣讲 | 中欧基金 | 2026届暑期实习生招聘","https://mp.weixin.qq.com/s/KGZl6FplzwCNfR0vHsE4GQ","微信读书"
"北航就业","2025-06-14","招聘 | 京东TGT | 顶尖青年技术天才计划全球启动！","https://mp.weixin.qq.com/s/ZT9ic_7oIAVucuJOhT87JQ","微信读书"
"北航就业","2025-06-14","夏令营 | 中国电器科学研究院股份有限公司 | 2026届硕博精英夏令营","https://mp.weixin.qq.com/s/QnKqWlU9LR4UZfmq8wv4WA","微信读书"
"北航就业","2025-06-14","实习 | 智元机器人 | 2026届暑期实习生招募正式启动！","https://mp.weixin.qq.com/s/hs5vQQObfBGcerUQfZomVA","微信读书"
"北航就业","2025-06-14","实习 | 门头沟区 | 2025年暑期大学生政务见习营邀请函","https://mp.weixin.qq.com/s/Mv3CMPPVPcrJi1rIccXZrQ","微信读书"
"北航就业","2025-06-14","实习 | 梅赛德斯-奔驰 | 实习测试","https://mp.weixin.qq.com/s/brsic39sUBclO484ifhiFw","微信读书"
"北航就业","2025-06-13","招聘 | 北京电子城高科技集团股份有限公司 | 管培生招聘","https://mp.weixin.qq.com/s/yWsDPFt3mYUfTMpbklMkYw","微信读书"
"北航就业","2025-06-13","夏令营 | 中国船舶科学研究中心深海技术科学太湖实验室 | 2025年夏令营活动报名开始啦！","https://mp.weixin.qq.com/s/0_zcCI7s5DE9XHoJV2mG-A","微信读书"
"北航就业","2025-06-13","夏季促就业攻坚行动 | 招聘大礼包持续推送 | 重点企业招聘信息合辑（第28期）","https://mp.weixin.qq.com/s/M56N5lC6Tvf4m4zrsAzkjg","微信读书"
"北航就业","2025-06-13","双选 | 2025年北航杭州国际校园实习暨就业双选会","https://mp.weixin.qq.com/s/UvQNHGChGFrWaInpLzSOag","微信读书"
"北航就业","2025-06-13","实习 | 山西省 | 2025年大学生来晋（在晋）实习实训正式启动！","https://mp.weixin.qq.com/s/yr0Alhl5kNnab8MkB51wQQ","微信读书"
"北航就业","2025-06-12","招聘 | 小红书 |「REDstar 顶尖人才计划」线下沙龙邀你共赴技术前沿","https://mp.weixin.qq.com/s/oDo1DcoKwGciONlh3HJOHw","微信读书"
"北航就业","2025-06-12","招聘 | 千名博士项目对接暨人才引进签约洽谈会——北京站","https://mp.weixin.qq.com/s/NEEuVO4ItfqiGB1IiV0heg","微信读书"
"北航就业","2025-06-12","招聘 | 空天信息大学（筹） | 招聘简章","https://mp.weixin.qq.com/s/P53bqGOaAlW9h8ydRAXxLg","微信读书"
"北航就业","2025-06-12","宣讲 | 韶音科技 | 2026届提前批校招北京航空航天大学专场宣讲会","https://mp.weixin.qq.com/s/9RZfJqZ9i3GJCZeVuNck1g","微信读书"
"北航就业","2025-06-12","开放周 | 中国电子科技集团公司第十研究所 | “未来十所人”2025年暑期开放周邀请函","https://mp.weixin.qq.com/s/OO7lp1r14n9HynGBf6TV3Q","微信读书"
"北航就业","2025-06-11","招聘 | 新东方江苏省域 | 2026届校招提前批","https://mp.weixin.qq.com/s/ey98NxFipTMLajjScrK1bA","微信读书"
"北航就业","2025-06-11","招聘 | 人大附中亦庄新城学校 | 2025年公开招聘聘任制教师（第二批）公告","https://mp.weixin.qq.com/s/Qv57FXAIQ_vK1HnCjhn4Jw","微信读书"
"北航就业","2025-06-11","招聘 | 昌吉学院 | 2025年高层次人才（团队）引进线上宣讲会公告","https://mp.weixin.qq.com/s/guZmzGgS_Wh6jBj60Le39A","微信读书"
"北航就业","2025-06-11","实习 | 中物院高性能数值模拟软件中心 | 2025年暑期实习招聘","https://mp.weixin.qq.com/s/AoFwvkueMRG0-zCnNA1Rxw","微信读书"
"北航就业","2025-06-11","青春赴基层，奋斗正当时！2025届选调生出征仪式暨岗前培训、2026届“未来英才”公考培训班开营仪式","https://mp.weixin.qq.com/s/VzftBtvzXFuKyQX0vcTg9A","微信读书"
"北航就业","2025-06-10","招聘 | 人民邮电出版社 | 2025年度校园招聘正式启动","https://mp.weixin.qq.com/s/fPVLnwyUkD2n7PwW8CDL8Q","微信读书"
"北航就业","2025-06-10","招聘 | 浦东新区 | 2025年“青年人才直通车”暑期浦东行火热招募！","https://mp.weixin.qq.com/s/y2gFCO7HJNEOdMiiNrh5UA","微信读书"
"北航就业","2025-06-10","开放日 | 中国航空工业集团直升机所 | 2026届校园开放日活动邀请函","https://mp.weixin.qq.com/s/utK7U_fBpqHdk-4MUJXl0g","微信读书"
"北航就业","2025-06-10","开放日 | 中船动力（集团）有限公司 | 2025年企业开放日","https://mp.weixin.qq.com/s/GxOSxLhwaw7lv11jAsb3Dw","微信读书"
"北航就业","2025-06-09","招聘 | 三一重能研究院 | 2025届校园招聘急招岗位补录","https://mp.weixin.qq.com/s/h94CCtn_ox9fDhaVo8ONUQ","微信读书"
"北航就业","2025-06-09","宣讲 | 长鑫存储 | 2026届校园招聘提前批","https://mp.weixin.qq.com/s/vwI83I9zC3i3i1YqYD3BKg","微信读书"
"北航就业","2025-06-09","实习 | 宁波市海曙区 | 2025年暑期实习岗位大放送","https://mp.weixin.qq.com/s/tt0m2o6gaOn5trlexzWAZg","微信读书"
"北航就业","2025-06-07","招聘+实习 | TP-link联洲 | 2026届提前批校园招聘暨实习生招聘正式启动","https://mp.weixin.qq.com/s/zXOGSU-1UVihBprQT-Enjw","微信读书"
"北航就业","2025-06-07","招聘 | 中国一汽 | 2025年夏季校园招聘正式启动","https://mp.weixin.qq.com/s/8GHoaK99AvxZFn4ZUBKzow","微信读书"
"北航就业","2025-06-07","开放日 | 阿里淘天 | T-Star Lab 技术Openday 报名开放","https://mp.weixin.qq.com/s/myAsp7ve1p9ZRkrjSgsheQ","微信读书"
"北航就业","2025-06-06","招聘 | 睿创微纳 | 2026届校园招聘正式启动","https://mp.weixin.qq.com/s/vLQ0oKPm0xcuHVz87zBy7g","微信读书"
"北航就业","2025-06-06","招聘 | 联合飞机 | 接班人计划提前批招募正式启动","https://mp.weixin.qq.com/s/ZzwLneXXIbvp26niAiWPFg","微信读书"
"北航就业","2025-06-06","招聘 | 哈尔滨工大卫星技术有限公司 | 2026届“星动力”招聘","https://mp.weixin.qq.com/s/0G2AgjJutP0jM_Lzma3oVQ","微信读书"
"北航就业","2025-06-06","实习 | 大连商品交易所 | 2025年度暑期实习生招收简章","https://mp.weixin.qq.com/s/_9TPCg8nwkXkvg5RhBw2Ew","微信读书"
"北航就业","2025-06-06","实习 | 超聚变 | 2026届实习生招聘计划正式启动","https://mp.weixin.qq.com/s/6AYyvvA5aygrsiJp8DacJQ","微信读书"
"北航就业","2025-06-06","春风行动 | 中国航空工业集团机载第五届重点高校宣讲/双选会","https://mp.weixin.qq.com/s/XxuJGR56npJyOnwvF6gZvw","微信读书"
"北航就业","2025-06-05","招聘+实习 | 深信服科技 | X-STAR顶尖人才校招引进暨暑期实习计划全球启动","https://mp.weixin.qq.com/s/qRXFxGURRcUJ0iT6e3iwnA","微信读书"
"北航就业","2025-06-05","夏季促就业攻坚行动 | 招聘大礼包持续推送 | 重点企业招聘信息合辑（第27期）","https://mp.weixin.qq.com/s/iQrrNyE6Cetlmz8UysjqwA","微信读书"
"北航就业","2025-06-05","实习 | 中国航空工业集团自控所 | 2025 年暑期实习正式开启","https://mp.weixin.qq.com/s/ReXYyciKN7Pbw34NSCCFAw","微信读书"
"北航就业","2025-06-05","开放日 | 中国航发南方工业有限公司 | 2025年暑期开放日重磅启航","https://mp.weixin.qq.com/s/hA2EHVESGCdsiV8VE6_I5w","微信读书"
"北航就业","2025-06-04","致用人单位 | 北航杭州国际校园2025年春季实习暨就业双选会期待您来！","https://mp.weixin.qq.com/s/NTwmgHYIY6rCljeNoS2lYA","微信读书"
"北航就业","2025-06-04","招聘 | 中国电子技术标准化研究院 | 2025年招聘","https://mp.weixin.qq.com/s/hzq51dao7F-Sw281hItDzg","微信读书"
"北航就业","2025-06-04","招聘 | 交通运输部公路科学研究所智能交通研究中心 | 2025年博士后招收公告","https://mp.weixin.qq.com/s/odNnuRKSkeNW-Mgmlb97zg","微信读书"
"北航就业","2025-06-04","开放日 | 中国电科38所 | 2025年暑期博士开放日活动邀请函","https://mp.weixin.qq.com/s/xEsiWH0n_N-cuHgwvRWiVA","微信读书"
"北航就业","2025-06-03","招聘 | 中国航空工业集团机载 | 2025年优秀毕业生双选会","https://mp.weixin.qq.com/s/IVEcR2T8EU8TlzunRpl2Fg","微信读书"
"北航就业","2025-06-03","招聘 | 微步在线 | 2026届校园招聘","https://mp.weixin.qq.com/s/saXbKxl3EybhDFQfAu5uEg","微信读书"
"北航就业","2025-06-03","招聘 | 特变电工西安电气科技有限公司 | 2025年校园招聘","https://mp.weixin.qq.com/s/pWZo2p0aZYvxfLw9pPQdRA","微信读书"
"北航就业","2025-06-03","招聘 | 上海民航职业技术学院 | 2025年度招聘公告","https://mp.weixin.qq.com/s/pbXAYKsTZ_zdkSW_7S3dnQ","微信读书"
"北航就业","2025-05-31","招聘 | 中国电子科技集团公司第三研究所 | 2025届校园招聘","https://mp.weixin.qq.com/s/J-vgHOcf2cHa3F1OyoMQ6A","微信读书"
"北航就业","2025-05-31","招聘 | 空天信息大学（筹） | 2025年博士招聘活动","https://mp.weixin.qq.com/s/MgkyqsSnomahWcIVDzThrg","微信读书"
"北航就业","2025-05-31","实习 | 北京移动 | 2025年“育英计划”实习生招募正式开启","https://mp.weixin.qq.com/s/54A8yCK_dB7FQLObghA_Dw","微信读书"
"北航就业","2025-05-31","开放日 | 中国航空工业集团光电所 | 2025年暑期开放日","https://mp.weixin.qq.com/s/G6EWm0BF28EkwAxdSlKcxw","微信读书"
"北航就业","2025-05-30","招聘 | 中国航天科技集团有限公司第五研究院第五一三所 | 2025届校园招聘","https://mp.weixin.qq.com/s/5gkQMvyeMVEXhyDG1Z2gog","微信读书"
"北航就业","2025-05-30","招聘 | 中国船舶集团有限公司系统工程研究院、中船电子科技有限公司 | 2025届春季招聘公告","https://mp.weixin.qq.com/s/HE1qi8aw0ZwzVkizYGCYwA","微信读书"
"北航就业","2025-05-30","招聘 | 韶音科技 | 2026届提前批校园招聘启动","https://mp.weixin.qq.com/s/1IErvK_aUwxL8mo05dg4YQ","微信读书"
"北航就业","2025-05-30","招聘 | 哈尔滨锅炉厂有限责任公司 | 2025届全球校园招聘","https://mp.weixin.qq.com/s/WSQvFsHv2ogWuKdKCjhYZw","微信读书"
"北航就业","2025-05-29","招聘 | 字节跳动 | 筋斗云人才计划启动","https://mp.weixin.qq.com/s/mOZE-AEuv4-kJkCnpyUB_g","微信读书"
"北航就业","2025-05-29","招聘 | 荣耀 | “全球百万雄鹰计划”正式开启","https://mp.weixin.qq.com/s/ABR8mZ1f8Z-KFiTGv64Q8A","微信读书"
"北航就业","2025-05-29","实习 | 中国电信天翼云 | 2026届暑期实习生招聘正式启动","https://mp.weixin.qq.com/s/3BQISco4M9KnBbrYqs8tVQ","微信读书"
"北航就业","2025-05-29","实习 | 小天才科技 | 2026届实习招聘正式启动","https://mp.weixin.qq.com/s/V_m3yQ_4Oegx3guW8IfB1g","微信读书"
"北航就业","2025-05-28","招聘 | 中国兵工物资集团有限公司 | 2026届毕业生暑期夏令营招聘","https://mp.weixin.qq.com/s/X-476VP8R08FyZju4dgZ1A","微信读书"
"北航就业","2025-05-28","招聘 | 千名博士项目对接暨人才引进签约洽谈会——北京站","https://mp.weixin.qq.com/s/Lf81994CAI-zMBRu2DN4Kw","微信读书"
"北航就业","2025-05-28","夏季促就业攻坚行动 | 招聘大礼包持续推送 | 重点企业招聘信息合辑（第26期）","https://mp.weixin.qq.com/s/9Gieiz9f_tu3nFp-Uf-8aA","微信读书"
"北航就业","2025-05-28","开放日 | 中国航空工业集团洪都 | 2025年企业开放日招募来啦！","https://mp.weixin.qq.com/s/pzx8-q8xUHYLPDZvYNJ4fg","微信读书"
"北航就业","2025-05-27","招聘 | 宇通集团 | 2026届提前批启动","https://mp.weixin.qq.com/s/gzAGOWuMWl5LARHohExTlw","微信读书"
"北航就业","2025-05-27","招聘 | 汉江师范学院 | 诚聘博士人才！配偶事业编+子女入学无忧！","https://mp.weixin.qq.com/s/DfMfY06opxLJHkMZl6IBDA","微信读书"
"北航就业","2025-05-27","实习 | 华为财经 | 2025年勇敢星实习计划正式启动","https://mp.weixin.qq.com/s/ts8HLk3CsTOOF8dy7Va7Hw","微信读书"
"北航就业","2025-05-27","开放日 | 中船动力（集团）有限公司 | 2025年企业开放日","https://mp.weixin.qq.com/s/GG_wDVTzipnAojvbpm4VEA","微信读书"
"北航就业","2025-05-27","春风行动 | 航天一院2026届暑期实践招聘会","https://mp.weixin.qq.com/s/lZRAiPDr9BGRmDo4wxFnxA","微信读书"
"北航就业","2025-05-26","招聘 | 中国科学院新疆理化技术研究所 | 引进博士人才招聘公告","https://mp.weixin.qq.com/s/TSX_VIN-5PS9N-yUtypNvA","微信读书"
"北航就业","2025-05-26","招聘 | 浩吉铁路股份有限公司 | 2025年校园招聘公告","https://mp.weixin.qq.com/s/AD6E3pEsA7knmZNC6l-tWw","微信读书"
"北航就业","2025-05-26","宣讲 | 歌尔股份有限公司 | 2026届精英计划校园招聘宣讲会","https://mp.weixin.qq.com/s/Cam22NyPNvoNcDL0EqR8zQ","微信读书"
"北航就业","2025-05-26","夏季促就业攻坚行动 | 招聘大礼包持续推送 | 重点企业招聘信息合辑（第25期）","https://mp.weixin.qq.com/s/7f_TpffLcN1IkQM_ETxMqQ","微信读书"
"北航就业","2025-05-26","春风行动 | 中核集团2026届提前批校园招聘-专场招聘会","https://mp.weixin.qq.com/s/rE_qhcRSQ665-KNw_NmJqw","微信读书"
"北航就业","2025-05-24","招聘 | 中国进出口银行总行 | 2025年系统开发岗专项校园招聘","https://mp.weixin.qq.com/s/JcHSYjO_FYzldG-U3CywUA","微信读书"
"北航就业","2025-05-24","招聘 | 中国电子科技集团公司第十二研究所 | 2025年校园招聘正式启动","https://mp.weixin.qq.com/s/bXQeplRc7xGPhvanvttk7g","微信读书"
"北航就业","2025-05-24","招聘 | 江苏省高校招生就业指导服务中心 | 2025年公开招聘博士的公告","https://mp.weixin.qq.com/s/B8SyCAt3HuqqtPoTcRRsvw","微信读书"
"北航就业","2025-05-24","实习 | 2025年港澳台大学生暑期实习活动（北京）招募","https://mp.weixin.qq.com/s/5l9vDV-tk92L48lUKwAjsg","微信读书"
"北航就业","2025-05-23","招聘 | 中国科学院空天信息创新研究院 | 2026届校招提前批暨交流日活动开启报名","https://mp.weixin.qq.com/s/lmfm9Lp13qz8JM4nXjUH3Q","微信读书"
"北航就业","2025-05-23","招聘 | 中国电子科技集团公司第四十一研究所电子测试技术重点实验室 | 2025年招聘","https://mp.weixin.qq.com/s/zURoNUSTW1e_ZiCdtdgf3w","微信读书"
"北航就业","2025-05-23","招聘 | 南京江北新区 | 定向选聘2025届名校优生公告","https://mp.weixin.qq.com/s/Jqy3I2KFB6zPAH1z2_98PA","微信读书"
"北航就业","2025-05-23","招聘 | 济南历城控股集团有限公司 | 2025年校园招聘公告","https://mp.weixin.qq.com/s/CK_hs4Vhe9OfptAkTJGCRw","微信读书"
"北航就业","2025-05-23","招聘 | 海尔智家 | 2026届顶尖人才项目正式启动","https://mp.weixin.qq.com/s/g_Ukdd3XRn7ldVSD-t9ysQ","微信读书"
"北航就业","2025-05-23","招聘 | 遨天科技 | 诚邀海内外优秀博士后科研人才逐梦太空","https://mp.weixin.qq.com/s/NLDh3_wKYksBn5rUvlHGCA","微信读书"
"北航就业","2025-05-22","招聘 | 长飞光纤光缆股份有限公司 | 2026届校园招聘正式启动","https://mp.weixin.qq.com/s/LBFDMP7gz5uVpHdUXNF_4A","微信读书"
"北航就业","2025-05-22","招聘 | 青岛市城阳区 | 2025年优秀青年干部人才选育计划","https://mp.weixin.qq.com/s/ySledrUKgpGXmLzC-7BLgA","微信读书"
"北航就业","2025-05-22","招聘 | 辽宁科技大学 | 2025年公开招聘高层次和急需紧缺人才公告","https://mp.weixin.qq.com/s/7u68RZua-BDEXoiPB6D7uw","微信读书"
"北航就业","2025-05-22","招聘 | “百名博士雄安行”参访交流活动邀请函","https://mp.weixin.qq.com/s/Ren4-ZdNJc3euqOIZSm-Xg","微信读书"
"北航就业","2025-05-22","实习 | 中国航空工业集团第一飞机设计研究院 | 2025年实习生招聘正式启动","https://mp.weixin.qq.com/s/AR6zDhPlmoqce9M2KTTidw","微信读书"
"北航就业","2025-05-21","招聘 | 中国民族语文翻译中心（局） | 2025年公开招聘公告","https://mp.weixin.qq.com/s/eWLgj_JYCJU-hSPUCS5wHw","微信读书"
"北航就业","2025-05-21","招聘 | 顺丰科技 | 春季校园招聘","https://mp.weixin.qq.com/s/LvnVsqvwEhR1xaBDxtwv5g","微信读书"
"北航就业","2025-05-21","招聘 | 北京精密机电控制设备研究所博士后科研工作站 | 2025年招聘公告","https://mp.weixin.qq.com/s/FncT3n-17_RK3D4uylPiTQ","微信读书"
"北航就业","2025-05-21","招聘 | 2025“北京西城·高校发展联盟”西城专场实习双选暨博士人才招募会","https://mp.weixin.qq.com/s/YK_GiqHGZajoqaqk6FIC-Q","微信读书"
"北航就业","2025-05-21","夏季促就业攻坚行动 | 招聘大礼包持续推送 | 重点企业招聘信息合辑（第24期）","https://mp.weixin.qq.com/s/S_I7GV4Lwz68pFvhGfXDjw","微信读书"
"北航就业","2025-05-20","招聘 | 思特威电子科技 | 2025届春季校园招聘","https://mp.weixin.qq.com/s/pUPgjvxyFLuHqVR_31RjrA","微信读书"
"北航就业","2025-05-20","招聘 | 梅特勒托利多 | 2026届提前批校园招聘北京航空航天大学专场","https://mp.weixin.qq.com/s/S3dRH40F4biA89a38ykqgA","微信读书"
"北航就业","2025-05-20","招聘 | 河南工程学院 | 2025年高层次人才招聘简章","https://mp.weixin.qq.com/s/QwDR3bntG-YYlBeOcqWbiA","微信读书"
"北航就业","2025-05-20","招聘 | 哈尔滨理工大学 | 2025年招聘","https://mp.weixin.qq.com/s/tt2fVaxeztcbuyNjrGNMrA","微信读书"
"北航就业","2025-05-20","实习+招聘 | 中航技进出口有限责任公司 | 登机梯已就位，让“暑”于你的梦想启航！","https://mp.weixin.qq.com/s/eABds_nrAw1cO6zYrB-eQA","微信读书"
"北航就业","2025-05-19","招聘 | AAC瑞声科技 | 2025校园招聘春招补录正式启动","https://mp.weixin.qq.com/s/P0lBABf2QwWK5xwwp4EMKg","微信读书"
"北航就业","2025-05-19","招聘 | 银行间市场清算所股份有限公司 | 2025届春季校园招聘公告","https://mp.weixin.qq.com/s/Ojv53JXaKZTyvEOyn4NMsw","微信读书"
"北航就业","2025-05-19","招聘 | 宁波工程学院 | 2025年高层次人才（教师）招聘公告","https://mp.weixin.qq.com/s/UtJHDp1pCrUJp0Lobw0iYw","微信读书"
"北航就业","2025-05-19","实习 | 中国航发哈尔滨东安有限公司 | 2026届实习生招聘计划","https://mp.weixin.qq.com/s/C6rkcQhWKQpSO53WhjkZpQ","微信读书"
"北航就业","2025-05-19","实习 | 比亚迪 | 研发领域实习生招聘","https://mp.weixin.qq.com/s/v9x3UrUOXMuA89umQDMm0A","微信读书"
"北航就业","2025-05-17","招聘 | 人大附中亦庄新城学校 | 2025年教师招聘","https://mp.weixin.qq.com/s/UpY9BhfY9gdbGRNdZls_yg","微信读书"
"北航就业","2025-05-17","招聘 | 哈尔滨电气集团佳木斯电机股份有限公司 | 招聘信息","https://mp.weixin.qq.com/s/ubCG8TAUB9Myhy3fn2AAdA","微信读书"
"北航就业","2025-05-17","宣讲 | 中国科学院光电技术研究所 | 研究生招生宣讲会","https://mp.weixin.qq.com/s/L1tNIfQyeBUNPb42cy-c5A","微信读书"
"北航就业","2025-05-16","招聘 | 延边大学 | 博士硕士教师招聘","https://mp.weixin.qq.com/s/FpwwsrozZpQgyZMUvyGn9Q","微信读书"
"北航就业","2025-05-16","招聘 | 国家大剧院 | 2025年度公开招聘专业技术人员公告","https://mp.weixin.qq.com/s/3zxCpKtzbsWWbwuxNuxGDg","微信读书"
"北航就业","2025-05-16","招聘 | 大连商品交易所 | 飞创信息技术有限公司招聘公告","https://mp.weixin.qq.com/s/XVaK9CxXWSKJdDAdj0n2FQ","微信读书"
"北航就业","2025-05-16","实习 | 上海民用航空控制与导航系统有限公司 | 2026届暑期实习生计划（校招提前批）","https://mp.weixin.qq.com/s/P-NeyvP8pQ7tKipxgjeK8Q","微信读书"
"北航就业","2025-05-15","招聘 | 中国（教育部）留学服务中心 | 2025年度公开招聘公告（非事业编制）","https://mp.weixin.qq.com/s/fSt-fif5mPrRQ2royudxZA","微信读书"
"北航就业","2025-05-15","招聘 | 天津大学低维电子材料和先进装备生态 | 专任研究人员招聘","https://mp.weixin.qq.com/s/tXuK0ophbIWDqzFmLEzPtQ","微信读书"
"北航就业","2025-05-15","实习 | 百万英才汇南粤·向南而行2025年南山区大学生实习节","https://mp.weixin.qq.com/s/mHUlyNE6OLHNaFAJYPW2CQ","微信读书"
"北航就业","2025-05-14","招聘 | 宁德时代 | 2025届春招","https://mp.weixin.qq.com/s/sjyQrbtWwvYrvzssR2K7Nw","微信读书"
"北航就业","2025-05-14","夏季促就业攻坚行动 | 招聘大礼包持续推送 | 重点企业招聘信息合辑（第23期）","https://mp.weixin.qq.com/s/f9VyFgkMRNkQFYrRm2zutg","微信读书"
"北航就业","2025-05-14","实习 | 中国移动信息技术中心 | 2026届”智行者实习生招聘正式启动","https://mp.weixin.qq.com/s/jyhMX7TkeFzAd67zDPtCRQ","微信读书"
"北航就业","2025-05-14","实习 | 商汤科技 | AI新青年系列大模型实习生招聘专项火热启动！","https://mp.weixin.qq.com/s/4ThZyFkXoGJoLPOwDgRQLQ","微信读书"
"北航就业","2025-05-14","实习 | 春秋航空 | 2026届实习生招募正式启动！","https://mp.weixin.qq.com/s/ahItEHWJ7ai4eDaCykcmJg","微信读书"
"北航就业","2025-05-13","招聘 | 中车株洲电力机车研究所有限公司 | 2025年追光训练营正式启动","https://mp.weixin.qq.com/s/2MvqCRfeKbb0tkw-isqWVQ","微信读书"
"北航就业","2025-05-13","招聘 | 长春大学 | 招聘简章","https://mp.weixin.qq.com/s/piq_ckF9eM1lOwoXxTztmw","微信读书"
"北航就业","2025-05-13","招聘 | 东风汽车集团有限公司 | 2025年全球博士招募正式启动","https://mp.weixin.qq.com/s/JQ8c-tAKVIg3ZrdpHo0IKQ","微信读书"
"北航就业","2025-05-13","宣讲 | 国家某部委直属机构 | 2026届公务员招录动员会","https://mp.weixin.qq.com/s/jbivLs-uFKSJitwRdajQKQ","微信读书"
"北航就业","2025-05-13","实习 | 南银理财有限责任公司 | 2026届暑期实习生暨校园招聘正式启动","https://mp.weixin.qq.com/s/5R6In9RdU8mjYIMIRGnP_Q","微信读书"
"北航就业","2025-04-28","招聘 | 中国质量检验检测科学研究院 | 2025年度第一批公开招聘","https://mp.weixin.qq.com/s/dQeRTNw9n6yvtY1L5-3eug","微信读书"
"北航就业","2025-04-28","招聘 | 中国石油兰州石化公司 | 2025年春季高校毕业生招聘","https://mp.weixin.qq.com/s/6pLSyS2sB0nD4ml_BbNn8A","微信读书"
"北航就业","2025-04-28","招聘 | 中国电子科技集团公司第十二研究所 | 2025年春季校园招聘","https://mp.weixin.qq.com/s/4Z0YIqPXhryn-J2f7fRzow","微信读书"
"北航就业","2025-04-28","招聘 | 兴业银行济南分行 | 2025校园招聘","https://mp.weixin.qq.com/s/Bz8qajE5MWVO9ImFUMM7YA","微信读书"
"北航就业","2025-04-28","招聘 | 晓培优 | 2025校园招聘","https://mp.weixin.qq.com/s/vcc1-JWWeX44D9wK2vf0Og","微信读书"
"北航就业","2025-04-28","公告 | 拉萨市 | 2025年急需紧缺人才引进公告&高层次人才引进公告","https://mp.weixin.qq.com/s/XuaWMfnWBqDuGY61Y9n9-A","微信读书"
"北航就业","2025-04-27","招聘 | 智谱华章 | Z计划企业联合招聘行动（17家AI企业）","https://mp.weixin.qq.com/s/QiHbYH0AFaDdWj1j_UY4-Q","微信读书"
"北航就业","2025-04-27","招聘 | 航天科工财务有限责任公司 | 数据治理岗位招聘启事","https://mp.weixin.qq.com/s/mJJ7dtyMz8taj5yVSSAsjg","微信读书"
"北航就业","2025-04-27","用人单位邀请函 | 北京航空航天大学2025年春季就业暨实习综合双选会","https://mp.weixin.qq.com/s/NER1fxEyMsyLIP6JfknTvA","微信读书"
"北航就业","2025-04-25","招聘 | 中国计量科学研究院 | 2025年校园招聘","https://mp.weixin.qq.com/s/VGG6-5cq8q71Vup4y3Gpgg","微信读书"
"北航就业","2025-04-25","招聘 | 湖北菲利华石英玻璃股份有限公司 | 2025届春招补录","https://mp.weixin.qq.com/s/l2coBSDzHe2KMJ8SSoKl5w","微信读书"
"北航就业","2025-04-25","招聘 | 航空工业贵阳航空电机有限公司 | 2025届校园招聘","https://mp.weixin.qq.com/s/m8ldGliQdiYftYBD68zbgA","微信读书"
"北航就业","2025-04-25","公告 | 中国人民解放军国防大学 | “卓越后备师资”工程招生公告","https://mp.weixin.qq.com/s/FpNIKwhE5G1cs8FDh3xwaQ","微信读书"
"北航就业","2025-04-25","公告 | 云南省大理州 | 2025年高层次专业化“霞光人才”引进公告","https://mp.weixin.qq.com/s/JpWA5HNgO59_5NtkAUn0rA","微信读书"
"北航就业","2025-04-25","春季促就业攻坚行动 | 招聘大礼包持续推送 | 重点企业招聘信息合辑（第16期）","https://mp.weixin.qq.com/s/YEpvRlgOu1DHwgQatCZ8Pg","微信读书"
"北航就业","2025-04-24","招聘 | 烟台南山学院 | 2025年诚聘海内外优秀人才","https://mp.weixin.qq.com/s/dNRWMuAAfgNmhuI_3ve3aA","微信读书"
"北航就业","2025-04-24","招聘 | 新乡医学院数理医学院 | 招聘简章","https://mp.weixin.qq.com/s/x-x2wujQe8ZqjPPKyriFRg","微信读书"
"北航就业","2025-04-24","招聘 | 市场监管总局直属单位 | 2025年度第一批公开招聘公告","https://mp.weixin.qq.com/s/cztMJ9WfipLSyzc3K7jqMw","微信读书"
"北航就业","2025-04-24","招聘 | 泉城实验室 | 招聘公告","https://mp.weixin.qq.com/s/EYs5Rq6BxUiG40ujN29BVA","微信读书"
"北航就业","2025-04-24","用人单位邀请函 | 北京航空航天大学2025年春季实习生专场双选会","https://mp.weixin.qq.com/s/FcEhyCCO4zYJ3cMOC_M8fg","微信读书"
"北航就业","2025-04-24","实习 | 泰康保险集团 | 2025年泰YOUNG实习生招聘计划进行中","https://mp.weixin.qq.com/s/zeWGW9-GCsoz2s5oNXX4lA","微信读书"
"北航就业","2025-04-23","招聘 | 中国航天科技集团有限公司五院五一三所 | 2025届校园招聘","https://mp.weixin.qq.com/s/DQcN-HuTGpJt-UbwukFFow","微信读书"
"北航就业","2025-04-23","招聘 | 中国电子科技集团第十研究所 | 2025年博士专场招聘启动","https://mp.weixin.qq.com/s/VQEJM-w-3t764UUYripNeA","微信读书"
"北航就业","2025-04-23","招聘 | 清华大学天津高端装备研究院 | 2025届春季校园招聘","https://mp.weixin.qq.com/s/PUSXxuRa8is8PVK0sQcb4w","微信读书"
"北航就业","2025-04-23","招聘 | 东北大学 | 2025年专任教师招聘启事","https://mp.weixin.qq.com/s/0Rpp-y63RWmAlWMe2HwQNQ","微信读书"
"北航就业","2025-04-23","招聘 | 2025年“百名博士太湖行”报名开启&博士后招聘公告","https://mp.weixin.qq.com/s/R76bWIiNgBeYnCgC6knFeQ","微信读书"
"北航就业","2025-04-23","实习 | 零跑汽车 | 2026届校招实习生招聘正式启动","https://mp.weixin.qq.com/s/PV08ruVZkaUj_b6KYeh11w","微信读书"
"北航就业","2025-04-22","招聘 | 中国一汽 | 2025春季校园招聘正式启动","https://mp.weixin.qq.com/s/TRXKpKCeFvIhCslXTP3INA","微信读书"
"北航就业","2025-04-22","招聘 | 西北工业大学 | 海洋研究院诚聘博士后","https://mp.weixin.qq.com/s/XXZPdCHwoRXZgZwcfCWj3w","微信读书"
"北航就业","2025-04-22","招聘 | 埃特曼半导体 | 2025届校园招聘","https://mp.weixin.qq.com/s/n6XlGhIQnzWnekeBUjfkTg","微信读书"
"北航就业","2025-04-22","实习 | 淘天集团 | 2026届春季实习生招聘持续进行中","https://mp.weixin.qq.com/s/QKNi2a6VuZlTxFkGOuQC7g","微信读书"
"北航就业","2025-04-22","公告 | 青岛市崂山区2025年“崂选计划”第二批选聘公告","https://mp.weixin.qq.com/s/XiIlTVkOCajSLGqGc-Zitw","微信读书"
"北航就业","2025-04-22","春季促就业攻坚行动 | 招聘大礼包持续推送 | 重点企业招聘信息合辑（第15期）","https://mp.weixin.qq.com/s/dcqMcYBqtLKKsVqXWFT08A","微信读书"
"北航就业","2025-04-21","招聘 | 京东技术沙龙-北京航空航天大学专场","https://mp.weixin.qq.com/s/swv-cV0ijvbz9seGshOmEg","微信读书"
"北航就业","2025-04-21","招聘 | 哈尔滨电机厂有限责任公司 | 2025年校园招聘","https://mp.weixin.qq.com/s/SW3BpuTOE0FCqQBCyK32cA","微信读书"
"北航就业","2025-04-21","双选 | 北京航空航天大学2025届毕业生综合双选会-学院路专场（三）","https://mp.weixin.qq.com/s/kFZr5mt_4K64Vxna8jEU7Q","微信读书"
"北航就业","2025-04-20","招聘活动预告 | 北京航空航天大学双选会&宣讲会预告（4.21-4.27）","https://mp.weixin.qq.com/s/7nOE9SfAWa1o2OO1PrXiPw","微信读书"
"北航就业","2025-04-20","招聘 | 360集团 | 2025春招补录已开启","https://mp.weixin.qq.com/s/0CBK-l15WCSfZDk7NvfLzw","微信读书"
"北航就业","2025-04-20","宣讲 | 滴滴 | 2026届秋储实习生招聘正式启动！","https://mp.weixin.qq.com/s/fIzax0SEo69OpugP7Y_uBA","微信读书"
"北航就业","2025-04-19","招聘 | 2025年春季全国博士、博士后高层次人才巡回签约洽谈会-北京站","https://mp.weixin.qq.com/s/ol7-PKl5pm7kTfhgE9HQig","微信读书"
"北航就业","2025-04-19","春季促就业攻坚行动 | 招聘大礼包持续推送 | 重点企业招聘信息合辑（第14期）","https://mp.weixin.qq.com/s/aVf398pbqmigTq4jmrsCRg","微信读书"
"北航就业","2025-04-19","北航第十届航天文化节 | 首届国防科技行业专场推介会 | 与你不见不散！","https://mp.weixin.qq.com/s/MsM1bO3DixrKWpkDhv51zg","微信读书"
"北航就业","2025-04-18","宣讲 | 中兴通讯 | 2026届实习生选拔暨中兴捧月大赛推介宣讲会","https://mp.weixin.qq.com/s/kc239N2wMoz7uJ-RV3FiFg","微信读书"
"北航就业","2025-04-18","双选 | 番禺区“百万英才汇南粤”北京航空航天大学招聘会","https://mp.weixin.qq.com/s/Q3fUiarJL4UWVPmxLEOiwg","微信读书"
"北航就业","2025-04-18","城市介绍 | 请查收来自广州的城市简历，“粤聚英才 粤见未来” 4月19日春季招聘活动（北京站）即将启动","https://mp.weixin.qq.com/s/kvFxqm4TzbACzynVD_J25A","微信读书"
"北航就业","2025-04-17","招聘 | 中国电子科技集团第三十八研究所 | 2025博士招聘","https://mp.weixin.qq.com/s/LmwQ69LzA9R9pjCkUnM7aw","微信读书"
"北航就业","2025-04-17","招聘 | 中国船舶集团有限公司第七一八研究所 | 招聘公告","https://mp.weixin.qq.com/s/i4SxjlIx9JiJ_NDvu8oOyw","微信读书"
"北航就业","2025-04-17","招聘 | 中国船舶集团有限公司第七〇三研究所 | 2025届校园招聘正式启航！","https://mp.weixin.qq.com/s/M6IGIFZCRg2HaijWBTh1GQ","微信读书"
"北航就业","2025-04-17","招聘 | 四川省绵阳市 | 2025年上半年事业单位招才引智第一批招聘公告（北京场）","https://mp.weixin.qq.com/s/cAhPeBLzEaZVWmirocWaZA","微信读书"
"北航就业","2025-04-17","招聘 | 阿里大文娱集团 | 2026届春季校招正式启动啦！","https://mp.weixin.qq.com/s/BzazDmfvtXrn0Kqw83YgRg","微信读书"
"北航就业","2025-04-17","宣讲 | 京东物流JDYOUNG实习生招聘专场宣讲会","https://mp.weixin.qq.com/s/UgPLqM11l7Fg7mKOO9Y1nA","微信读书"
"北航就业","2025-04-17","领航春招 开启职业征途 —— 毕业无忧！就业手续全攻略&避坑指南！","https://mp.weixin.qq.com/s/X3bf4Mex7ZIsO7f0OF9Zzw","微信读书"
"北航就业","2025-04-16","招聘 | 国海证券 | 2025届春季校园招聘","https://mp.weixin.qq.com/s/eZpkT-Q0LC4ivnsaoW4oxQ","微信读书"
"北航就业","2025-04-16","宣讲 | 中国商飞公司 | 2025年春季校园招聘宣讲会","https://mp.weixin.qq.com/s/HQvKz6kK8hC7tdB6f05o8w","微信读书"
"北航就业","2025-04-16","春季促就业攻坚行动 | 招聘大礼包持续推送 | 重点企业招聘信息合辑（第13期）","https://mp.weixin.qq.com/s/utYN0WtuYsm5Mii_NwJPEA","微信读书"
"北航就业","2025-04-16","春风行动 | 航天科工三院春季招聘和暑期社会实践招募北京航空航天大学专场","https://mp.weixin.qq.com/s/9h7M-T9l2pau_c3kHOCu4w","微信读书"
"北航就业","2025-04-15","招聘+实践 | 中国航天科工集团第三研究院 | 2025年春季校园招聘暨暑期社会实践招募宣讲正式启动","https://mp.weixin.qq.com/s/iH9TdVW3zMey8W8yh1Hzbg","微信读书"
"北航就业","2025-04-15","招聘 | 中央和国家机关工委所属事业单位 | 2025年度公开招聘应届毕业生公告","https://mp.weixin.qq.com/s/26GcOakUJwCtfNHvW82VZw","微信读书"
"北航就业","2025-04-15","招聘 | 无锡财通融咨租赁有限公司 | 2025届春季校园招聘","https://mp.weixin.qq.com/s/yiesweE_0RRBCK92g1O6SA","微信读书"
"北航就业","2025-04-15","招聘 | 乾元国家实验室 | 2025届春季校招正式启动","https://mp.weixin.qq.com/s/CmHtUi1yqZXLYYnb2C4CKw","微信读书"
"北航就业","2025-04-15","招聘 | 北京三五二环保科技有限公司 | 新风计划-352管理培训生校园招聘正式启动","https://mp.weixin.qq.com/s/NpgdRCp0a5QAya4LeVTiaw","微信读书"
"北航就业","2025-04-15","双选 | 沈阳市2025年“智汇兴沈”系列引才活动（北京站）——走进北京航空航天大学","https://mp.weixin.qq.com/s/vHFNa4rHM630Jp9ppahklQ","微信读书"
"北航就业","2025-04-14","招聘 | 人大附中亦庄新城学校 | 2025年春季教师招聘","https://mp.weixin.qq.com/s/ucuZQUS1pyHUbYhqq06iLw","微信读书"
"北航就业","2025-04-14","招聘 | 人大附中苏州学校 | 2025年春季教师招聘","https://mp.weixin.qq.com/s/vaiaMRByVpNpOWTD5X64Kw","微信读书"
"北航就业","2025-04-14","双选 | 北京航空航天大学2025届毕业生春季综合双选会-沙河第二场","https://mp.weixin.qq.com/s/maAmXgKbvSCbNDCJw5IACg","微信读书"
"北航就业","2025-04-14","双选 | “京彩就业”北京航空航天大学2025届毕业生综合双选会-学院路专场（二）","https://mp.weixin.qq.com/s/q_NT2rckGy_kBbr1JSckrA","微信读书"
"北航就业","2025-04-13","招聘活动预告 | 北京航空航天大学双选会&宣讲会预告（4.14-4.20）","https://mp.weixin.qq.com/s/kaBfoNmqeXmdUIIxg6Fkzg","微信读书"
"北航就业","2025-04-12","实习 | 小米集团 | 2026届转正实习招聘正式启动","https://mp.weixin.qq.com/s/444HQYAJvzO3gAjsDehP_Q","微信读书"
"北航就业","2025-04-12","实习 | 小红书 | 「REDstar顶尖实习生计划」全球启动！","https://mp.weixin.qq.com/s/hL0vGRJo0eM5sR4yb2GlOw","微信读书"
"北航就业","2025-04-11","招聘 | 中国科学院兰州化学物理研究所 | 2025年人才招聘启事","https://mp.weixin.qq.com/s/D8L8-tni5El49XT6b1nu1g","微信读书"
"北航就业","2025-04-11","招聘 | 济源职业技术学院 | 2025年公开招聘","https://mp.weixin.qq.com/s/zZhHIvRrenSEJnh5BAyYug","微信读书"
"北航就业","2025-04-11","双选 | “京彩就业”北京航空航天大学2025届毕业生综合双选会-学院路专场（二）","https://mp.weixin.qq.com/s/Ka6qjlQOeJd1m3sAYX6tYg","微信读书"
"北航就业","2025-04-11","实习 | 招商银行 | 梦工场实习指南：除了Offer，这里还有啥？","https://mp.weixin.qq.com/s/rDoXbtfVqk9bujvpOo1kGw","微信读书"
"北航就业","2025-04-11","实习 | 网易游戏（互娱） | 2026届实习生培养项目正式启动","https://mp.weixin.qq.com/s/cyx4Qyl30jBtSFxNVLq6kQ","微信读书"
"北航就业","2025-04-10","招聘 | 三峡能源 | 2025年春季校园招聘","https://mp.weixin.qq.com/s/JUDJzJ2ABwRS2Q30TTupgg","微信读书"
"北航就业","2025-04-10","招聘 | 湖南省融资担保集团 | 2025年校园招聘正式启动","https://mp.weixin.qq.com/s/HWZYdT-oqzOd-6d0qeQfJQ","微信读书"
"北航就业","2025-04-10","招聘 | 贵州省烟草专卖局（公司）| 2025年招聘公告","https://mp.weixin.qq.com/s/WxwEN4S1N_c8Lerk_hnH0A","微信读书"
"北航就业","2025-04-10","招聘 | 格力电器 | 2025届春季校园招聘","https://mp.weixin.qq.com/s/fUSiYbxLTUI6t3FJcM14kA","微信读书"
"北航就业","2025-04-10","用人单位邀请函 | 北京航空航天大学2025年春季实习生专场双选会","https://mp.weixin.qq.com/s/FOM05900gx0Y-9qTw6lyOQ","微信读书"
"北航就业","2025-04-10","宣讲 | 中国光大银行金融科技板块 | 2025春季校园招聘","https://mp.weixin.qq.com/s/C7smuGqKlPfWoLrDvXXoZQ","微信读书"
"北航就业","2025-04-10","实习 | 顺丰科技 | 2026届暑期实习生招聘正式启动","https://mp.weixin.qq.com/s/kRXiCEorWdzR1Kx_MQDNCQ","微信读书"
"北航就业","2025-04-10","春季促就业攻坚行动 | 招聘大礼包持续推送 | 重点企业招聘信息合辑（第12期）","https://mp.weixin.qq.com/s/AGSU7dwUuEUA9zMNikldNA","微信读书"
"北航就业","2025-04-09","招聘 | 中国联通 | 新苗计划2025春招启动！","https://mp.weixin.qq.com/s/jliyQwRtnP6mx96pqIBKpA","微信读书"
"北航就业","2025-04-09","招聘 | 正浩EcoFlow | 2025春季补录","https://mp.weixin.qq.com/s/fEDiTQrsP-g4UP75tTeu1A","微信读书"
"北航就业","2025-04-09","招聘 | 西南交通大学 | 2025年全球求贤榜","https://mp.weixin.qq.com/s/4TLIVje-psOUljyn5L_oIw","微信读书"
"北航就业","2025-04-09","招聘 | 青岛西海岸新区 | 2025年“优选计划”选聘公告","https://mp.weixin.qq.com/s/VS0HRPLaU6tU54Ahly7Z9Q","微信读书"
"北航就业","2025-04-09","招聘 | 江西省金融控股集团有限公司 | 2025年春季校园招聘","https://mp.weixin.qq.com/s/qYUMlz2qFN3CTQxCe4gALg","微信读书"
"北航就业","2025-04-09","招聘 | 凤凰出版传媒集团 | 2025年春季招聘","https://mp.weixin.qq.com/s/MorZKAG5HYT2V9gfCzZIQw","微信读书"
"北航就业","2025-04-09","宣讲 | 中国光大银行北京分行 | 2025年春季校园招聘正式启动！","https://mp.weixin.qq.com/s/3c9o9bt-2wK8GjlJsx-FhA","微信读书"
"北航就业","2025-04-09","“航天文化节”首届国防科技行业专场推介会——用人单位邀请函","https://mp.weixin.qq.com/s/joyGNt6oO72snqxNpZpBNA","微信读书"
"北航就业","2025-04-08","招聘｜国防科技大学外国语学院 | 招聘","https://mp.weixin.qq.com/s/UET5r_wo1Y-w4qkmWsYKOQ","微信读书"
"北航就业","2025-04-08","招聘 | 中物院高性能数值模拟软件中心 | 春招急聘（北京、绵阳）","https://mp.weixin.qq.com/s/-3KoRrYLPd7O_yjlvEIWaQ","微信读书"
"北航就业","2025-04-08","招聘 | 中国航天科工二院二〇八所 | 春季校园招聘正式启动","https://mp.weixin.qq.com/s/GBGtZKTAZ1haK3d2kltccg","微信读书"
"北航就业","2025-04-08","招聘 | 中国光大银行 | 2025年春季校园招聘正式启动","https://mp.weixin.qq.com/s/0MNGcrjqL_AEmgsiLfEB4w","微信读书"
"北航就业","2025-04-08","招聘 | 星火教育 | 2025届校园招聘","https://mp.weixin.qq.com/s/sSop-1ldMIeaekouXc568w","微信读书"
"北航就业","2025-04-08","招聘 | 广东省农村信用社联合社 | 2025届春季校园招聘","https://mp.weixin.qq.com/s/IaTQd4Z6m1NPiLbrKOmCtg","微信读书"
"北航就业","2025-04-08","春季促就业攻坚行动 | 招聘大礼包持续推送 | 重点企业招聘信息合辑（第11期）","https://mp.weixin.qq.com/s/h1Vs2vNhdSfv5TDnDkusBg","微信读书"
"北航就业","2025-04-07","招聘 | 中国邮政储蓄银行北京分行 | 2025年春季校园招聘","https://mp.weixin.qq.com/s/_9j-tkX9LydH8bE_xknyDg","微信读书"
"北航就业","2025-04-07","双选 | 中国航天科工集团第二研究院 | 2025校园春招暨暑期实践团招募正式启动","https://mp.weixin.qq.com/s/Q6qIA3BtRQLQlWhdKhZ_hA","微信读书"
"北航就业","2025-04-06","招聘 | 中国航天科工集团第六研究院41所 | 2025届校园招聘正式启动","https://mp.weixin.qq.com/s/sYDZXU67-YsHgzTXPA3Uxw","微信读书"
"北航就业","2025-04-06","宣讲 | 金砖国家未来网络研究院中国分院 | 2025届校园招聘","https://mp.weixin.qq.com/s/lRrOABECpMDOUBJQI-LvSA","微信读书"
"北航就业","2025-04-06","双选会&宣讲会预告 | 北京航空航天大学（04.07-04.13）","https://mp.weixin.qq.com/s/qOb6kayvs5ejuW8Nx8rPcA","微信读书"
"北航就业","2025-04-06","实习 | 贝壳找房 | 2025届实习生招聘燃动开启！","https://mp.weixin.qq.com/s/HvZH8UOWenXQcQHFk0knTw","微信读书"
"北航就业","2025-04-05","招聘 | 克拉玛依市企事业单位组团 | 2025届招聘","https://mp.weixin.qq.com/s/cPAtcMZF8U20wzMZajasjg","微信读书"
"北航就业","2025-04-05","宣讲 | 中国航空研究院及所属各招生培养单位 | 2025年硕士研究生调剂宣讲会","https://mp.weixin.qq.com/s/flQ9wau-M6XIfz_IRFM9mg","微信读书"
"北航就业","2025-04-03","招聘 | 卓望公司 | 2025届春季校园招聘正式启动","https://mp.weixin.qq.com/s/Xkcekxk5MHllHH3J-qlp3w","微信读书"
"北航就业","2025-04-03","招聘 | 中国兵器工业集团航空弹药研究院有限公司 | 2025届校园招聘","https://mp.weixin.qq.com/s/03LFFcCjFvgMcWrDZTMTbQ","微信读书"
"北航就业","2025-04-03","招聘 | 学而思 | 2025届春季校园招聘启动","https://mp.weixin.qq.com/s/XuosVOsY3DwCV8QPeUiv6A","微信读书"
"北航就业","2025-04-03","招聘 | 武汉市江夏区区属国有企业 | 公开招聘管培生","https://mp.weixin.qq.com/s/5Slud13_VryB-Gnli6c8sg","微信读书"
"北航就业","2025-04-03","招聘 | 河南省科学院量子材料与物理研究所 | 公开招聘","https://mp.weixin.qq.com/s/G3nwctMegx2nAke95BIjww","微信读书"
"北航就业","2025-04-03","调剂 | 中国航发北京航空材料研究院 | 2025年硕士研究生招生调剂启动","https://mp.weixin.qq.com/s/Pi0nbPlip9hKxQZhu3g1nA","微信读书"
"北航就业","2025-04-03","春季促就业攻坚行动 | 招聘大礼包持续推送 | 重点企业招聘信息合辑（第10期）","https://mp.weixin.qq.com/s/GYaYQw7nb708Utlc_k15sA","微信读书"
"北航就业","2025-04-02","招聘 | 中建二局第一建筑工程有限公司 | 2025届校园招聘","https://mp.weixin.qq.com/s/yVpbsCS0R4QBc9WryEtn7Q","微信读书"
"北航就业","2025-04-02","招聘 | 中国刑事警察学院 | 2025年招聘","https://mp.weixin.qq.com/s/Jt2-ScvvV_I1YmfjBHVBZw","微信读书"
"北航就业","2025-04-02","招聘 | 宇通集团 | 25届春招启动通知","https://mp.weixin.qq.com/s/ve18XA9k3jVCoBOykgFVgg","微信读书"
"北航就业","2025-04-02","招聘 | 大同经济技术开发区管委会所属事业单位 | 2025年春季公开招聘博士研究生公告","https://mp.weixin.qq.com/s/85wrOz1Z2N1LorLHM-DLPA","微信读书"
"北航就业","2025-04-02","用人单位邀请函 | 北京航空航天大学2025届毕业生综合双选会-学院路专场（三）","https://mp.weixin.qq.com/s/FsBL0j2LJvctz3AEDozYGQ","微信读书"
"北航就业","2025-04-02","实习 | 荣耀 | 2025年实习生“逐梦计划”全球启动","https://mp.weixin.qq.com/s/-CtPmj8qTGRSew58vnUlMA","微信读书"
"北航就业","2025-04-02","调剂 | 哈尔滨船舶锅炉涡轮机研究所 | 2025年全日制硕士研究生调剂通知","https://mp.weixin.qq.com/s/pPnqXtN-MGhKxqYxhVJhCQ","微信读书"
"北航就业","2025-04-01","招聘 | 烟台黄渤海新区 | 2025年考选优秀毕业生简章","https://mp.weixin.qq.com/s/SSMALBVzUEWNemzK67Yxeg","微信读书"
"北航就业","2025-04-01","招聘 | 深圳深港科技创新合作区发展有限公司 | 2025春季校园招聘计划","https://mp.weixin.qq.com/s/Lti4CXbdn7F0cO3kSuYEcQ","微信读书"
"北航就业","2025-04-01","招聘 | 广银理财有限责任公司 | 2025年春季校园招聘","https://mp.weixin.qq.com/s/gXl9kIGKLSxy0XiMco7jNw","微信读书"
"北航就业","2025-04-01","招聘 | 高途教育科技集团 | 2025届招聘","https://mp.weixin.qq.com/s/HUqOuWtq-zXdfj3PXliTAQ","微信读书"
"北航就业","2025-04-01","用人单位邀请函 | 北京航空航天大学2025届毕业生春季综合双选会-沙河专场（二）","https://mp.weixin.qq.com/s/9xF6VNHRUKwEgVwHDXOFOg","微信读书"
"北航就业","2025-04-01","实习 | 理想汽车 | 2026届实习生招聘项目正式启动","https://mp.weixin.qq.com/s/eBhytWSIxSyCqc_jbwtLIQ","微信读书"
"北航就业","2025-04-01","春季促就业攻坚行动 | 招聘大礼包持续推送 | 重点企业招聘信息合辑（第9期）","https://mp.weixin.qq.com/s/C0aOkOzb1GkdQ3mHVVp_PQ","微信读书"
"北航就业","2025-03-31","招聘 | 中国电子科技集团公司第九研究所 | 2025届校园招聘","https://mp.weixin.qq.com/s/ZXaopL5dzSyIXI2pwj5bnQ","微信读书"
"北航就业","2025-03-31","招聘 | 四川农商联合银行 | 2025年春季校园招聘","https://mp.weixin.qq.com/s/bapdD358T-qctzOGMMEAzg","微信读书"
"北航就业","2025-03-31","招聘 | 汇丰科技 | 2025春季校园招聘","https://mp.weixin.qq.com/s/U4l8VnzV09AnbV7yw3VcyA","微信读书"
"北航就业","2025-03-31","招聘 | 河北建投交通投资有限责任公司 | 2025年春季优秀人才引进计划","https://mp.weixin.qq.com/s/xJc87ZhnrUSDFpMfE_1KBA","微信读书"
"北航就业","2025-03-31","双选 | 茅台集团 | 2025年高校引才","https://mp.weixin.qq.com/s/8YlpwRBQkgHs09OJTuGuTQ","微信读书"
"北航就业","2025-03-31","公告 | 国防科技大学试验训练基地 | 2025人才引进公告","https://mp.weixin.qq.com/s/TobcTDj6MzxuIMCaKvlrKg","微信读书"
"北航就业","2025-03-31","公告 | 北京经济技术开发区 | 面向2025年应届毕业生公开招聘北京经济技术开发区管理委员会专业雇员公告","https://mp.weixin.qq.com/s/0COR_5uuK_8xtfw8AQTEBg","微信读书"
"北航就业","2025-03-30","招聘 | 中建八局浙江建设有限公司 | 2025届春季校园招聘正式启动！","https://mp.weixin.qq.com/s/E_mlLf_aTz6qdnpVisR_Hw","微信读书"
"北航就业","2025-03-30","招聘 | 中国能源建设集团有限公司 | 2025届全球春季校园招聘","https://mp.weixin.qq.com/s/gb8iFDxxyItzqvhPW0rZvg","微信读书"
"北航就业","2025-03-30","招聘 | 中国机械科学研究总院集团有限公司 | 2025届春季校园招聘启动","https://mp.weixin.qq.com/s/PkcXLy-zz6xiiOQlFjns6w","微信读书"
"北航就业","2025-03-30","招聘 | 北京联通 | 新苗计划2025春招启动！","https://mp.weixin.qq.com/s/qB4aaJ0fV4SKU6RiC9Ungw","微信读书"
"北航就业","2025-03-30","双选会&宣讲会预告 | 北京航空航天大学（03.31-04.06）","https://mp.weixin.qq.com/s/0e9UINICDDp0CRfIRLhuQg","微信读书"
"北航就业","2025-03-28","招聘 | 中国航空研究院/航空工业智航院 | 2025届春季校园招聘","https://mp.weixin.qq.com/s/2DtHQ56OR6NKUoTVX29WSA","微信读书"
"北航就业","2025-03-28","招聘 | 中国电科41所依爱消防 | 2025年招聘补录","https://mp.weixin.qq.com/s/LomrkAbTbduAPXrl17Lqkw","微信读书"
"北航就业","2025-03-28","招聘 | 金山办公 | 2025届春季校园招聘正式启动","https://mp.weixin.qq.com/s/2mq5xet2nWj6CQqX3NwGEA","微信读书"
"北航就业","2025-03-28","宣讲 | 招商银行 | 第9季数字金融训练营（2026校招提前批）正式启动","https://mp.weixin.qq.com/s/9IUOASL3w0V2OBGrdDcV-w","微信读书"
"北航就业","2025-03-28","宣讲 | 海尔智家 | 智领计划春季校园招聘正式启动","https://mp.weixin.qq.com/s/BGmB5PitQ7At2GwfwhGV4g","微信读书"
"北航就业","2025-03-28","公告 | 北京市西城区 | 2025年区管企业培优生公开招聘公告","https://mp.weixin.qq.com/s/WkbXvvCRTpahjuo2d4Z_lA","微信读书"
"北航就业","2025-03-27","招聘 | 中国民航信息集团有限公司 | 2025校园招聘","https://mp.weixin.qq.com/s/sbHrzYX-xZJog1JFwY5cMQ","微信读书"
"北航就业","2025-03-27","招聘 | 中电云计算技术有限公司 | 2025春季校园招聘","https://mp.weixin.qq.com/s/_m0ACaJrq2D1OdsYg4kt1g","微信读书"
"北航就业","2025-03-27","招聘 | 华思系统 | 2025年春季校园招聘","https://mp.weixin.qq.com/s/t5wm5iN0D-mIVC-NgB6vFQ","微信读书"
"北航就业","2025-03-27","招聘 | 北京中关村学院×中关村人工智能研究院 | 2025年春季校园招聘","https://mp.weixin.qq.com/s/fgZXE3nfzfkwLclingkC-A","微信读书"
"北航就业","2025-03-27","宣讲 | 国防科技大学 | 2025年校园招聘","https://mp.weixin.qq.com/s/oqUybp1JQvK5mNazQR1X8g","微信读书"
"北航就业","2025-03-27","双选 | 中国兵器工业集团 | 2025届春季校园招聘","https://mp.weixin.qq.com/s/Mj4FdUvVzKTnPrTacJju6A","微信读书"
"北航就业","2025-03-27","公告 | 北京教育考试院 | 2025年公开招聘公告","https://mp.weixin.qq.com/s/xNtteKFshrc7mS-FKoZlqw","微信读书"
"北航就业","2025-03-27","春季促就业攻坚行动 | 招聘大礼包持续推送 | 重点企业招聘信息合辑（第8期）","https://mp.weixin.qq.com/s/Y8eOKHfFlZEavJt1DzgPQA","微信读书"
"北航就业","2025-03-26","招聘 | 中航工业未来飞行训练装备技术协同创新中心（北京） | 2025年博士招聘","https://mp.weixin.qq.com/s/WQCsWh6336kB7iTDyok1jw","微信读书"
"北航就业","2025-03-26","招聘 | 茅台集团 | 2025年高校应届毕业生人才引进","https://mp.weixin.qq.com/s/KwYTPFs7rj633Pda7LtjQw","微信读书"
"北航就业","2025-03-26","招聘 | 嘉实基金 | 2026届校园招聘全面开启","https://mp.weixin.qq.com/s/kC8DbmYFOydc2yzH8xKCRg","微信读书"
"北航就业","2025-03-26","招聘 | 华夏幸福基业股份有限公司 | 2025届校园招聘","https://mp.weixin.qq.com/s/sN9AdrkSp3zuDdmWc_HieQ","微信读书"
"北航就业","2025-03-26","招聘 | 航天科技集团五院北京空间科技信息研究所 | 2025届校园招聘全面启动","https://mp.weixin.qq.com/s/xdd8kzVUbcq1Kzt11vkBVA","微信读书"
"北航就业","2025-03-26","宣讲 | 空军工程大学 | 2025年人才引进宣介会","https://mp.weixin.qq.com/s/2srkzrOxny47PzOLiCs-ag","微信读书"
"北航就业","2025-03-26","公告 | 铜陵市在安徽省2025年度定向选调生招录中同步开展“名校优才”招引工作","https://mp.weixin.qq.com/s/IKzGlhDCCUFyoKttM2vhDg","微信读书"
"北航就业","2025-03-26","公告 | 火箭军 | 2025年上半年火箭军直接选拔招录普通高等学校应届毕业生公告","https://mp.weixin.qq.com/s/erkyV815SSi4voD_1e31Eg","微信读书"
"北航就业","2025-03-25","招聘 | 商汤 | 2025年度春季校园招聘启动","https://mp.weixin.qq.com/s/BmGDGPTiwgEuE2ugY0vR0w","微信读书"
"北航就业","2025-03-25","招聘 | 冀银金融租赁股份有限公司 | 2025年度校园招聘高燃启动","https://mp.weixin.qq.com/s/4h7i6G4FTeCDOn6cpktEQQ","微信读书"
"北航就业","2025-03-25","招聘 | 东风汽车集团 | 2025届春季校园招聘正式启动","https://mp.weixin.qq.com/s/lSxwYg7ZUNpX-NwhX5guug","微信读书"
"北航就业","2025-03-25","宣讲 | 春秋航空 | 2025年度春季校园招聘正式启动","https://mp.weixin.qq.com/s/JM1ppddhXTQaIUaHWjztEw","微信读书"
"北航就业","2025-03-25","公告 | 马鞍山市在安徽省2025年度定向招录选调生中同步开展人才引进","https://mp.weixin.qq.com/s/yPCcHonGxqdDMWabFMfj4w","微信读书"
"北航就业","2025-03-25","春季促就业攻坚行动 | 招聘大礼包持续推送 | 重点企业招聘信息合辑（第7期）","https://mp.weixin.qq.com/s/2MYvFg9lVZVCwhxwCSlcBA","微信读书"
"北航就业","2025-03-25","比赛 | 2025第十五届“中兴捧月”全球精英挑战赛正式启动","https://mp.weixin.qq.com/s/azhGjJLR_Unc5wSkAsgsCg","微信读书"
"北航就业","2025-03-24","招聘 | 中航工业江西洪都航空工业集团有限责任公司 | 2025年博士招聘公告","https://mp.weixin.qq.com/s/s1ZrTsBpaSlwTVzyMXW2ig","微信读书"
"北航就业","2025-03-24","招聘 | 长江产业投资集团有限公司 | 2025届校园招聘（第二阶段）正式启动","https://mp.weixin.qq.com/s/3EqIdr7QGBSGUOzh6ax0AQ","微信读书"
"北航就业","2025-03-24","招聘 | 网易游戏雷火 | 春季校园招聘启动！","https://mp.weixin.qq.com/s/TTxeu0prl_fCdmedXMiW4A","微信读书"
"北航就业","2025-03-24","招聘 | 苏州高新区 | 面向海内外引进120名高素质专业化人才","https://mp.weixin.qq.com/s/PnbN1hV0ki8xj2dABhBrag","微信读书"
"北航就业","2025-03-24","招聘 | 深圳航天东方红卫星有限公司 | 2025年招聘","https://mp.weixin.qq.com/s/g9ukXcM3iXQvmhTqgvc3jA","微信读书"
"北航就业","2025-03-24","招聘 | 71352部队 | 2025年度陆军直接选拔招录军","https://mp.weixin.qq.com/s/zZ4oxoabwW4ZqhtWbKyHog","微信读书"
"北航就业","2025-03-24","宣讲 | 国防大学政治学院直招军官招聘宣讲会","https://mp.weixin.qq.com/s/ygEWGowNgGUuSmU6jBK4IQ","微信读书"
"北航就业","2025-03-24","双选 | 北京航空航天大学2025届毕业生春季综合双选会-沙河专场","https://mp.weixin.qq.com/s/zhUT6ZUym8l_9owc-AlMyw","微信读书"
"北航就业","2025-03-23","招聘 | 中电科发展规划研究院 | 2025届春季校园招聘正式启动","https://mp.weixin.qq.com/s/pOHnGpI5ZUNUj0Mp9OTjvg","微信读书"
"北航就业","2025-03-23","招聘 | 无锡市 | 2025年无锡市事业单位公开选调海内外优秀青年人才公告","https://mp.weixin.qq.com/s/UZXCrqN8DjWiFQzby_pS-Q","微信读书"
"北航就业","2025-03-23","招聘 | 无锡市 | 2025年无锡市国有企业公开选调海内外优秀青年人才公告","https://mp.weixin.qq.com/s/zVtQYIhODOftLkOowWBGig","微信读书"
"北航就业","2025-03-23","招聘 | 人大附中亦庄新城学校 | 2025届春季招聘","https://mp.weixin.qq.com/s/TpSXzDu3nBXjhZsd9K51NA","微信读书"
"北航就业","2025-03-23","招聘 | 联想 | 2025届春季校招全面启动","https://mp.weixin.qq.com/s/uhiuPqluKsFI7Ia1pUFoqQ","微信读书"
"北航就业","2025-03-23","招聘 | 承德承实高级中学 | 2025年教师招聘公告","https://mp.weixin.qq.com/s/6oatHiAJ-BPPL9emytsi6g","微信读书"
"北航就业","2025-03-23","宣讲 | 威海宝威新材料科技有限公司 | 2025届校园招聘","https://mp.weixin.qq.com/s/UEECML3EyTSczVVfREAl-g","微信读书"
"北航就业","2025-03-23","双选会&宣讲会预告 | 北京航空航天大学（03.24-03.30）","https://mp.weixin.qq.com/s/lv2wuzPLDqHKXEskoXe8iw","微信读书"
"北航就业","2025-03-22","招聘 | 中国金电集团及下属子公司 | 2025年度春季招聘","https://mp.weixin.qq.com/s/mZJot1mHoEu9xrIl87KzeQ","微信读书"
"北航就业","2025-03-22","招聘 | 中国建设银行厦门市分行 | 2025年度春季校园招聘","https://mp.weixin.qq.com/s/prM7uYoO7D64tXy5uCZkcQ","微信读书"
"北航就业","2025-03-22","招聘 | 中国工商银行河北省分行 | 2025年度春季校园招聘","https://mp.weixin.qq.com/s/ZSUORRNrjClIpDwkJ_rP4Q","微信读书"
"北航就业","2025-03-22","招聘 | 贵州OPPO | 2025届春季校园招聘","https://mp.weixin.qq.com/s/sj5vBmD0ST4gw7PejamTJQ","微信读书"
"北航就业","2025-03-22","招聘 | 北京市海淀区 | “筑基育才 京彩就业”海淀教育系统人才供需专场洽谈会","https://mp.weixin.qq.com/s/YpnaisCmjoy3dgGfqVmvhw","微信读书"
"北航就业","2025-03-22","招聘 | 北京师范大学 | 2025年事业编制管理岗位招聘启事","https://mp.weixin.qq.com/s/GthsRBpljW-Bl549clqAUw","微信读书"
"北航就业","2025-03-22","宣讲 | 腾讯 | 2025实习生招聘宣讲会","https://mp.weixin.qq.com/s/1alBkBVIs-iDCGOkjJJy4Q","微信读书"
"北航就业","2025-03-22","宣讲 | 华为 | 2026届实习生招聘宣讲会","https://mp.weixin.qq.com/s/oMNBa80pYKikZ1sGjNgyyA","微信读书"
"北航就业","2025-03-21","招聘 | 中航工业未来智能作战管理系统技术协同创新中心(北京) | 2025届春季校园招聘","https://mp.weixin.qq.com/s/cQCSJXVVjX7UM_xPknSwMw","微信读书"
"北航就业","2025-03-21","招聘 | 中国铁塔 | 2025年春季校园招聘正式启动！","https://mp.weixin.qq.com/s/nPucLF2LjhTMeKw_21b2EQ","微信读书"
"北航就业","2025-03-21","招聘 | 中国建设银行 | 2025年度春季校园招聘正式启动","https://mp.weixin.qq.com/s/r82g7_VM85q3yWvmIoRC4A","微信读书"
"北航就业","2025-03-21","招聘 | 天成航材 | 2025届校园招聘正式启动！","https://mp.weixin.qq.com/s/afTfr19uUs65YLD4D_lDWg","微信读书"
"北航就业","2025-03-21","招聘 | 北京市密云区教育委员会 | 诚挚面向2025年应届毕业生召开双选会的通知","https://mp.weixin.qq.com/s/14mL3VUR5oGlR7T81xcQPA","微信读书"
"北航就业","2025-03-21","招聘 | “活力绍兴 智引全球”2025年绍兴招才引智专列启动仪式 ​","https://mp.weixin.qq.com/s/MS5xZp8EmOrpCJLuQqUtXQ","微信读书"
"北航就业","2025-03-21","空中双选会 | 北京航空航天大学·理聘2025春季线上双选会活动邀请函","https://mp.weixin.qq.com/s/leAN_qhtqk6WJ9brlx5TQQ","微信读书"
"北航就业","2025-03-21","春季促就业攻坚行动 | 招聘大礼包持续推送 | 重点企业招聘信息合辑（第6期）","https://mp.weixin.qq.com/s/Zm3nlI6bNlQdwbrC_WgArA","微信读书"
"北航就业","2025-03-20","招聘 | 中航工业光电所 | 2025届春季校园招聘","https://mp.weixin.qq.com/s/zK3J9oEOXx_sTb7dm6PkvA","微信读书"
"北航就业","2025-03-20","招聘 | 中国移动总部 | 2025届春季校招岗位上线","https://mp.weixin.qq.com/s/E2aYjJA5kr-xZ9nEu0rPvQ","微信读书"
"北航就业","2025-03-20","招聘 | 中国工商银行平台金融发展中心 | 2025年春季校园招聘","https://mp.weixin.qq.com/s/WzwADVR3zk73M_S7wQq5KA","微信读书"
"北航就业","2025-03-20","招聘 | 中国工商银行河北雄安分行 | 2025年度春季校园招聘正式启动","https://mp.weixin.qq.com/s/ZhB7nUI0MopLm9GR2N9OUQ","微信读书"
"北航就业","2025-03-20","招聘 | 北京联通 | 2025届春季校园招聘","https://mp.weixin.qq.com/s/zXxOHia9TB3noldrBvH9VA","微信读书"
"北航就业","2025-03-20","招聘 | 2025年上半年军队直接选拔招录军（警）官全面开启","https://mp.weixin.qq.com/s/fRwPpa6RizW33fa0nCT_RA","微信读书"
"北航就业","2025-03-20","宣讲 | 百度 | 2026届暑期实习生招聘","https://mp.weixin.qq.com/s/10V2g0Z-fIFHTqaUcOL17g","微信读书"
"北航就业","2025-03-20","实习 | 南方基金 | 2026届春季校园招聘正式启动","https://mp.weixin.qq.com/s/muxk2mLeDv5qqSA78btHVw","微信读书"
"北航就业","2025-03-19","招聘 | 中国南方电网广东电网有限责任公司 | 2025年春季校园招聘正式启动","https://mp.weixin.qq.com/s/XrC3nHxQwxGpTvv0se8s9g","微信读书"
"北航就业","2025-03-19","招聘 | 智洋创新科技股份有限公司 | 2025届春季校园招聘正式启动","https://mp.weixin.qq.com/s/VqjVLwXSUMGnhVP_Gdrdrw","微信读书"
"北航就业","2025-03-19","招聘 | 浙江荣盛控股集团有限公司 | 2025届春季校园招聘","https://mp.weixin.qq.com/s/FEQHiQ5ym3yCGD8_kCxHXA","微信读书"
"北航就业","2025-03-19","招聘 | 山东新华医疗器械股份有限公司 | 2025年春季校园招聘正式启动","https://mp.weixin.qq.com/s/uuHw9dmx4F9nke8U49iogw","微信读书"
"北航就业","2025-03-19","招聘 | 快手 | 2025春季校园招聘启动","https://mp.weixin.qq.com/s/zFy1LpwiirqyrkbPsR77fg","微信读书"
"北航就业","2025-03-19","招聘 | 国防科技大学电子对抗学院 | 2025年度人才引进公告","https://mp.weixin.qq.com/s/eXffJRSwGli3UUKPL6S7PQ","微信读书"
"北航就业","2025-03-19","招聘 | 工银科技 | 2025年度春季校园招聘","https://mp.weixin.qq.com/s/8jMq8uPAj7Xz_OZ8Zy7s_A","微信读书"
"北航就业","2025-03-19","招聘 | 北京大学长沙计算与数字经济研究院 | 2025届春季校园招聘火热进行中","https://mp.weixin.qq.com/s/qdQ8Ed6enlF2bnY6IWn9HA","微信读书"
"北航就业","2025-03-18","招聘 | 中国移动终端公司 | 2025春季校园招聘全面启动","https://mp.weixin.qq.com/s/WyRr7ymiHlmlQSu0XwOnsw","微信读书"
"北航就业","2025-03-18","招聘 | 中国旅游集团 | 2025校园招聘","https://mp.weixin.qq.com/s/UX9QMiD6hpwg9lSNrWO6tg","微信读书"
"北航就业","2025-03-18","招聘 | 联合飞机 | 2025春招热启：低空领军人才培养计划","https://mp.weixin.qq.com/s/1H7yCpwGoht0Qmn65pXbvA","微信读书"
"北航就业","2025-03-18","招聘 | 海军航空大学 | 2025年上半年直接选拔招录军官宣讲会","https://mp.weixin.qq.com/s/t0vir-LQmA0RQUMRD3Y3CQ","微信读书"
"北航就业","2025-03-18","招聘 | 国家国防科技工业局军工项目审核中心 | 2025届校园招聘启动","https://mp.weixin.qq.com/s/uY2Bp_58tbDX4ZXK3XMkZA","微信读书"
"北航就业","2025-03-18","宣讲+双选 | 军事航天部队 | 直接选拔招录军官和文职招聘","https://mp.weixin.qq.com/s/wuoPL8Jjk6sj8o7c-6LIfw","微信读书"
"北航就业","2025-03-18","实习 | 招商银行信用卡 | 2026届暑期实习生招聘","https://mp.weixin.qq.com/s/P8c_Mvv_nsUaAoPmOPZyoA","微信读书"
"北航就业","2025-03-18","春季促就业攻坚行动 | 招聘大礼包持续推送 | 重点企业招聘信息合辑（第5期）","https://mp.weixin.qq.com/s/Z3FH_csxlmR4cqSTwLdY4A","微信读书"
"北航就业","2025-03-17","招聘 | 中国航空工业集团北京青云航空仪表有限公司 | 2025校园招聘","https://mp.weixin.qq.com/s/EmcRFZQtqMXOQoHA_QLUdA","微信读书"
"北航就业","2025-03-17","招聘 | 中国电子科技集团公司第三十八研究所 | 博士专场开放日","https://mp.weixin.qq.com/s/4YEhb2QXQwsgF52JbcomAw","微信读书"
"北航就业","2025-03-17","招聘 | 赛尔网络 | 2025届春季校园招聘全面启动","https://mp.weixin.qq.com/s/4h3Vd1UIpF5KA05fgXBrHA","微信读书"
"北航就业","2025-03-17","招聘 | 理想汽车 | 2025春季校园招聘正式启动","https://mp.weixin.qq.com/s/fu_aTDZDTZiipq80iAb8RQ","微信读书"
"北航就业","2025-03-17","招聘 | 合肥市产业投资控股（集团）有限公司 | 2025届春季校园招聘正式启动","https://mp.weixin.qq.com/s/NNcRzDh9kf8T8EBPlJrs8w","微信读书"
"北航就业","2025-03-17","双选 | 北京航空航天大学2025届毕业生春季大型综合双选会","https://mp.weixin.qq.com/s/bRp_Llia_rn6tNILRLvyeg","微信读书"
"北航就业","2025-03-17","实习 | 中欧基金 | 2026届暑期实习生招聘启动","https://mp.weixin.qq.com/s/v97mL3OP2zU-APLZK0Y3lA","微信读书"
"北航就业","2025-03-17","实习 | 美的集团 | 2025暑期实习招聘正式启动","https://mp.weixin.qq.com/s/15ymwz9eSX4a2lFtv6kdxw","微信读书"
"北航就业","2025-03-06","招聘 | 中国原子能科学研究院 | @学子们，春日不“蕉绿”，原子能院等你来！","https://mp.weixin.qq.com/s/5oQBBMHZqWjBJst5C3usvQ","微信读书"
"北航就业","2025-03-06","招聘 | 小米集团 | 2025届春季校园招聘正式启动","https://mp.weixin.qq.com/s/xT_w61630uRmg4mv9ICcLA","微信读书"
"北航就业","2025-03-06","招聘 | 苏交科集团 | 2025届春季校园招聘正式启动！","https://mp.weixin.qq.com/s/Fn9KWAoymQa1VuVPIEnBWQ","微信读书"
"北航就业","2025-03-06","招聘 | 深圳市城市交通规划设计研究中心 | 2025届春季校园招聘—正式启动！","https://mp.weixin.qq.com/s/cBJiZNhQH4-zDacfu3CZLQ","微信读书"
"北航就业","2025-03-06","招聘 | 湖北省黄石市 | 专项引进急需紧缺人才公告","https://mp.weixin.qq.com/s/DTyybqXk7umqkDmOe2pUQg","微信读书"
"北航就业","2025-03-06","招聘 | 广东移动 | 2025春季校园招聘全面启动！","https://mp.weixin.qq.com/s/UCgmrPemOvWf7QYAuBveaw","微信读书"
"北航就业","2025-03-06","领航春招 开启职业征途 —— 就业互学沙龙（第三十四期）来啦！","https://mp.weixin.qq.com/s/c0bDp59a9pPwOqvWIProlA","微信读书"
"北航就业","2025-03-06","春季促就业攻坚行动 | 招聘大礼包持续推送 | 重点企业招聘信息合辑（第2期）","https://mp.weixin.qq.com/s/d7h8sqCu2-ut1ycHxs1C_g","微信读书"
"北航就业","2025-03-05","招聘 | 中国移动 | 2025届春季校园招聘全面启动","https://mp.weixin.qq.com/s/RI5Ydu4Sp-V9g6jQBhMYvw","微信读书"
"北航就业","2025-03-05","招聘 | 中国电信云计算研究院 | 2025届春季校园招聘开启","https://mp.weixin.qq.com/s/BUaT6l0wfpgIlw2zYSTzFQ","微信读书"
"北航就业","2025-03-05","招聘 | 格力电器 | 2025届春季校园招聘","https://mp.weixin.qq.com/s/_o7AImqbxTQYSmhZbmIyhQ","微信读书"
"北航就业","2025-03-05","招聘 | 度小满 | 2025届春季校园招聘启动","https://mp.weixin.qq.com/s/1e9jEGmzr_o2q1yxmFnL9Q","微信读书"
"北航就业","2025-03-05","招聘 | 贝壳找房 | 2025届ADC春招正式开启","https://mp.weixin.qq.com/s/m5JoFKGbnldzJfRakOR4qA","微信读书"
"北航就业","2025-03-05","实习 | OPPO | 2026 届寻梦实习招聘正式启动","https://mp.weixin.qq.com/s/3zWv6KdDQ0AW7fzo0I6x3g","微信读书"
"北航就业","2025-03-05","实习 | 京东 | 2025年 JD YOUNG 实习生招聘全面启动","https://mp.weixin.qq.com/s/pEpL2ZmoTk6WzKytnWkBxQ","微信读书"
"北航就业","2025-03-05","春季促就业攻坚行动 | 招聘大礼包持续推送 | 重点企业招聘信息合辑（第1期）","https://mp.weixin.qq.com/s/qDyfVkETLxmGZA5xL8SHGg","微信读书"
"北航就业","2025-03-04","招聘 | 中航工业自控所 | 2025春季招聘开启","https://mp.weixin.qq.com/s/4DulXbI2vMKawkOIS1OMYw","微信读书"
"北航就业","2025-03-04","招聘 | 中航工业第一飞机设计研究院 | 2025届春季校园招聘正式启航","https://mp.weixin.qq.com/s/t6t_pzgqD7gT_hL57v7ISg","微信读书"
"北航就业","2025-03-04","招聘 | 清华大学能动系 | 博士招聘","https://mp.weixin.qq.com/s/5tB-_szJAKHfIlBuAh0i2w","微信读书"
"北航就业","2025-03-04","招聘 | 蚂蚁集团 | 2025年春季校园招聘启动","https://mp.weixin.qq.com/s/ju6354CuKQOA5vSVrJl20Q","微信读书"
"北航就业","2025-03-04","招聘 | 科大讯飞 | 2025届春季校园招聘正式启动","https://mp.weixin.qq.com/s/3e4GuEOTnZKFO_M6qyzTVQ","微信读书"
"北航就业","2025-03-04","招聘 | 北方集成电路技术创新中心（北京）有限公司 | 2025届春季校园招聘全面启动","https://mp.weixin.qq.com/s/2MgyP7mWZsEbTNgszieXCQ","微信读书"
"北航就业","2025-03-04","宣讲 | 中国空空导弹研究院 | 2025春季校园招聘","https://mp.weixin.qq.com/s/fV1z4MCEPr6lGvMKgo8L5g","微信读书"
"北航就业","2025-03-04","宣讲 | 上海宇量昇科技有限公司 | 2025届校园招聘","https://mp.weixin.qq.com/s/RtMWKvCpv2btvUIoOOOFWA","微信读书"
"北航就业","2025-03-03","招聘 | 中国科学院金属研究所 | 2025校园招聘","https://mp.weixin.qq.com/s/_vZRbGDDDR8eaZKOmNMoMw","微信读书"
"北航就业","2025-03-03","招聘 | 新东方 | 2025春季全球联合校园招聘正式启动","https://mp.weixin.qq.com/s/bpLXOo-HcSKYmCGvNR_IzA","微信读书"
"北航就业","2025-03-03","招聘 | 滴滴 | 2025春季校园招聘正式启动","https://mp.weixin.qq.com/s/cTWaRdlvftH8F2Hd8w9aHA","微信读书"
"北航就业","2025-03-03","宣讲 | 百奥几何 | AI蛋白设计公司2025年北航宣讲会","https://mp.weixin.qq.com/s/fb5412yxe6yf7Q9FBrD29Q","微信读书"
"北航就业","2025-03-03","实习 | 淘天集团 | 2026届春季实习生招聘全球启动","https://mp.weixin.qq.com/s/xaXTeYgdY_TPrqRhswwwtA","微信读书"
"北航就业","2025-03-03","比赛 | 北方华创 | 2025集创赛北方华创邀您共出发","https://mp.weixin.qq.com/s/2PzP9p2IOPNkU83d9bSTig","微信读书"
"北航就业","2025-03-02","招聘 | 中物院高性能数值模拟软件中心 | 2025届春招来袭！","https://mp.weixin.qq.com/s/Q6kbCRVwZSJoHYkAt-4KzA","微信读书"
"北航就业","2025-03-02","招聘 | 数据通信科学技术研究所（兴唐公司） | 2025年校园招聘","https://mp.weixin.qq.com/s/VzAYhOVYX8_IaP6CSfWDtA","微信读书"
"北航就业","2025-03-02","招聘 | 航天一院北京航天万源科技有限公司 | 2025届校园招聘","https://mp.weixin.qq.com/s/f2pXemVI-ST4EPWHUGWFRw","微信读书"
"北航就业","2025-03-02","招聘 | 北京地铁 | 2025届校园招聘","https://mp.weixin.qq.com/s/Qz4K7TysHU-IKSshbpo6WQ","微信读书"
"北航就业","2025-03-02","招聘 | 北京北航天宇长鹰无人机科技有限公司 | 2025年校园招聘","https://mp.weixin.qq.com/s/D0yGK7azcxiE3DhnOQgC2Q","微信读书"
"北航就业","2025-03-02","双选会&宣讲会预告 | 北京航空航天大学（03.03-03.09）","https://mp.weixin.qq.com/s/78T4khPMUA4wdpzwENJ4Gg","微信读书"
"北航就业","2025-03-01","招聘 | 中国电信北京公司 | 2025春季校园招聘火热进行中","https://mp.weixin.qq.com/s/bc3Y8t6RH-4K_-JbKyVhjA","微信读书"
"北航就业","2025-03-01","招聘 | 烟台市 | 2025年青年干部人才“菁英计划”选聘公告","https://mp.weixin.qq.com/s/edGfyBLhcP5ja-cIY4Fhgg","微信读书"
"北航就业","2025-03-01","招聘 | 学而思 | 2025届春季校园招聘正式启动","https://mp.weixin.qq.com/s/D0Yy0lm-j0VwWd9ZxRb73w","微信读书"
"北航就业","2025-03-01","招聘 | 深圳成谷科技 | 2025届春季校园招聘启动","https://mp.weixin.qq.com/s/EVBGTXhrXhiAkPBBgVxQ0g","微信读书"
"北航就业","2025-03-01","招聘 | 零跑汽车 | 2025届春季校园招聘正式启动","https://mp.weixin.qq.com/s/zdh0vt_zpTDOzJV6CaQ4MQ","微信读书"
"北航就业","2025-03-01","招聘 | 爱学习 | 2025届春季校园招聘正式启动","https://mp.weixin.qq.com/s/M9POukVhrTOaD78uOiI79w","微信读书"
"北航就业","2025-03-01","宣讲 | 中国航天科工二院二十五所 | 2025届毕业生春季校园招聘","https://mp.weixin.qq.com/s/_MRRvAgah9WyRKnMdOa9Vg","微信读书"
"北航就业","2025-02-28","招聘 | 中信银行 | 2025年春季校园招聘正式启动","https://mp.weixin.qq.com/s/-TyZ9kxxYMEQHAhg91UX3Q","微信读书"
"北航就业","2025-02-28","招聘 | 中建四局第一建设有限公司 | 邀你共赴2025届春季校园招聘","https://mp.weixin.qq.com/s/rhXIwfS8WZdYEgjY0mIEtw","微信读书"
"北航就业","2025-02-28","招聘 | 中核大唐庄河核电有限公司 | 2025年校园招聘正式开启","https://mp.weixin.qq.com/s/DvbfcyzgM1FeI6c_QCWvIQ","微信读书"
"北航就业","2025-02-28","招聘 | 中航工业天津航空机电有限公司 | 2025届校园招聘","https://mp.weixin.qq.com/s/AGESFb9pFEbsHBGMUGmAiw","微信读书"
"北航就业","2025-02-28","招聘 | 中国人民解放军第五三一一工厂 | 2025届校园招聘","https://mp.weixin.qq.com/s/_D4Actk3RTwPK9FpCHKYOQ","微信读书"
"北航就业","2025-02-28","招聘 | 中国船舶集团系统工程研究院 | 2025年春季招聘正式启动","https://mp.weixin.qq.com/s/OEryGD_34rPapFRxtYLnpQ","微信读书"
"北航就业","2025-02-28","招聘 | 南航珠海翔翼航空技术有限公司 | 春季招聘来啦！","https://mp.weixin.qq.com/s/m90LBooQL4WbsCR8lOfIIA","微信读书"
"北航就业","2025-02-28","宣讲 | 中航工业哈尔滨飞机工业集团有限责任公司 | 2025届校园招聘正式启动","https://mp.weixin.qq.com/s/vHblH5LlYfjDe7JsdNcZ6w","微信读书"
"北航就业","2025-02-27","招聘 | Unity中国 | 2025届春季校园招聘正式启动","https://mp.weixin.qq.com/s/SVbI4JIxyjGnW36NShLsGw","微信读书"
"北航就业","2025-02-27","招聘 | 中移互联网 | 2025届春季校园招聘火热进行中","https://mp.weixin.qq.com/s/kiuV-paN-X9hcXI-Tspukw","微信读书"
"北航就业","2025-02-27","招聘 | 中国南山集团 | 2025届春季校园招聘正式启动","https://mp.weixin.qq.com/s/FtDDT2nksJST6SVV3sP9mA","微信读书"
"北航就业","2025-02-27","招聘 | 永赢基金 | 2025届春季校园招聘正式启动","https://mp.weixin.qq.com/s/Mv-IazdqHzG4T0gLZxH5ow","微信读书"
"北航就业","2025-02-27","招聘 | 三七互娱 | 2025届春季校园招聘&实习生招聘启动","https://mp.weixin.qq.com/s/MT_UdMuWsuVtclTgB7zPLg","微信读书"
"北航就业","2025-02-27","招聘 | 北京农商银行 | 2025春季校园招聘正式启动","https://mp.weixin.qq.com/s/46FBEYMl4UGxcLQBoNzdaQ","微信读书"
"北航就业","2025-02-27","宣讲 | 美团 | 2025届春季校园招聘启动","https://mp.weixin.qq.com/s/UPcgG9v7lRd7uc0Mzjkksg","微信读书"
"北航就业","2025-02-27","实习 | 阿里云 | 2026届实习生招聘全球启动","https://mp.weixin.qq.com/s/t5hV-qKozNCVBeiGvvJPVQ","微信读书"
"北航就业","2025-02-26","助梦护航 点亮职业未来 —— 春季学期就业互学沙龙重磅来袭！！","https://mp.weixin.qq.com/s/2VkZXZpFM-rPaOWb0Py4Lw","微信读书"
"北航就业","2025-02-26","招聘 | TCL | 2025届春季校园招聘正式启动","https://mp.weixin.qq.com/s/5jqvXKIlu1IBKOPWvYJydA","微信读书"
"北航就业","2025-02-26","招聘 | 中国一汽 | 2025届春季校园招聘正式启动","https://mp.weixin.qq.com/s/WC0_bWbh2C-ArQ5mUqpAjg","微信读书"
"北航就业","2025-02-26","招聘 | 中国核工业集团有限公司 | 2025届春季校园招聘正式启动","https://mp.weixin.qq.com/s/tLnuiyBbKBIeQEbqXw4xOQ","微信读书"
"北航就业","2025-02-26","招聘 | 中工国际工程股份有限公司 | 2025届春季校园招聘","https://mp.weixin.qq.com/s/UyHF4DdS1ukKxhINJ-Bz_A","微信读书"
"北航就业","2025-02-26","招聘 | 招银网络科技 | 2025届春季校园招聘正式启动","https://mp.weixin.qq.com/s/rMH9djuF3o_eJ8Li31Z3gA","微信读书"
"北航就业","2025-02-26","招聘 | 招商银行深圳分行 | 2025届春季校园招聘","https://mp.weixin.qq.com/s/RWADamGnV3a3vAPC4ClULg","微信读书"
"北航就业","2025-02-26","实习 | 腾讯 | 2025年实习生招聘全球启动","https://mp.weixin.qq.com/s/Fa9DwTK-pfPryb4fop0aJA","微信读书"
"北航就业","2025-02-25","招聘 | 中国建筑第八工程局有限公司南方公司 | 2025届春季招聘正式启动","https://mp.weixin.qq.com/s/58BozKCF8Xf26Mb2ts3wMg","微信读书"
"北航就业","2025-02-25","招聘 | 中国辐射防护研究院 | 2025届春季招聘正式启动","https://mp.weixin.qq.com/s/i8OxpLupgYhP6kRd-6Jjsg","微信读书"
"北航就业","2025-02-25","招聘 | 中国电科电子科学研究院 | 2025届校园招聘","https://mp.weixin.qq.com/s/RxzLptZLp4l3snqQwPvN_w","微信读书"
"北航就业","2025-02-25","招聘 | 长春大学 | 2025届博士人才引进","https://mp.weixin.qq.com/s/Mh2rTvKCYdEX9Lc5EqL2LA","微信读书"
"北航就业","2025-02-25","招聘 | 影石Insta360 | 2025届春季校园招聘为你开启啦","https://mp.weixin.qq.com/s/-ahAfaYRjCYTDF4Z0zMpGg","微信读书"
"北航就业","2025-02-25","招聘 | 深圳市中兴微电子技术有限公司 | 2025届校园招聘北京地区岗位专项","https://mp.weixin.qq.com/s/G_aLuaObIkZlNl8jhBvSvA","微信读书"
"北航就业","2025-02-25","招聘 | 上海证券交易所 | 2025届信息技术类人才专项招聘公告","https://mp.weixin.qq.com/s/EtUbQkQSt53qvO-6OMkHUQ","微信读书"
"北航就业","2025-02-25","宣讲 | 招商银行北京分行 | 2025届春季校园招聘","https://mp.weixin.qq.com/s/7mX_WgxaXoJKPxcZx_z2TA","微信读书"
"北航就业","2025-02-24","招聘 | 中国人民人寿保险股份有限公司 | 2025年校园招聘公告","https://mp.weixin.qq.com/s/AAs8we3E392kuL6NfTi6Lw","微信读书"
"北航就业","2025-02-24","招聘 | 中国航发沈阳黎明航空发动机有限责任公司 | 2025届春季校园招聘开启","https://mp.weixin.qq.com/s/i0oD5TwzXNDjsjAvjbYNEQ","微信读书"
"北航就业","2025-02-24","招聘 | 亿联网络 | 2025届春招正式启动","https://mp.weixin.qq.com/s/b4i3x38fpASsYuZ3wViUJA","微信读书"
"北航就业","2025-02-24","招聘 | 国家广播电视总局北京地球站 | 2025年招聘简章","https://mp.weixin.qq.com/s/GHo--yVJwFNoY_l2PWkj4A","微信读书"
"北航就业","2025-02-24","招聘 | 北京术锐 | 2025春季校园招聘启动！","https://mp.weixin.qq.com/s/5W6fQbeSkLOkfLfTDsKwVw","微信读书"
"北航就业","2025-02-24","招聘 | 北京师范大学珠海校区 | 2025年专职辅导员招聘启事","https://mp.weixin.qq.com/s/PQ6uYWCQgOmfhw3IJs00Ug","微信读书"
"北航就业","2025-02-24","实习 | 兴业银行北京分行 | 2026届“未来兴”实习生计划招幕启动！","https://mp.weixin.qq.com/s/XB2Jkxu5gQo5k9KbNjnWfA","微信读书"
"北航就业","2025-02-22","招聘 | 中国电子科技集团公司第十研究所 | 2025届春季校园招聘正式启幕","https://mp.weixin.qq.com/s/51U13u0XUoDGRy8hFWusqw","微信读书"
"北航就业","2025-02-22","招聘 | 中国电子技术标准化研究院 | 2025年校园招聘公告","https://mp.weixin.qq.com/s/T76ciiDT--pSdBbQozZ5hw","微信读书"
"北航就业","2025-02-22","招聘 | 航空工业成都飞机设计研究所 | 2025春季招聘补录","https://mp.weixin.qq.com/s/VdrHIvJUIYagEmthhj7oKA","微信读书"
"北航就业","2025-02-22","宣讲 | 上海宇量昇科技有限公司 | 2025届春季招聘持续进行中","https://mp.weixin.qq.com/s/IbpNl5jzpaWhoZYT3-xosA","微信读书"
"北航就业","2025-02-21","招聘 | 中芯国际 | 2025届校招持续进行中","https://mp.weixin.qq.com/s/DOthFUOWSEr0pFevRXqvSA","微信读书"
"北航就业","2025-02-21","招聘 | 中建八局第一建设有限公司 | 2025届春季校园招聘正式启动！","https://mp.weixin.qq.com/s/fUMukUqmsjX0WpLH5mFpkA","微信读书"
"北航就业","2025-02-21","招聘 | 中国华腾工业有限公司 | 2025届招聘","https://mp.weixin.qq.com/s/mFcIL6oMEpFTrPd7Xy9MSg","微信读书"
"北航就业","2025-02-21","招聘 | 中国兵器装备集团有限公司 | 2025届春季校园招聘全面启动","https://mp.weixin.qq.com/s/gWorzat8MYdf75qI4eBq1Q","微信读书"
"北航就业","2025-02-21","招聘 | 金航数码科技有限责任公司 | 2025届春季校园招聘正式启动","https://mp.weixin.qq.com/s/kumyNxrNeQxr8WkLQkj7og","微信读书"
"北航就业","2025-02-21","招聘 | 合肥经济技术开发区 | 向全球人才发出“招贤令”","https://mp.weixin.qq.com/s/1amrCclAF_YpR-ByoNBcvw","微信读书"
"北航就业","2025-02-21","招聘 | 北京环卫集团 | 2025届校园招聘正式启动！","https://mp.weixin.qq.com/s/W8s5MIE_WyWc4ds1IX-tQw","微信读书"
"北航就业","2025-02-20","招聘 | 搜狐畅游 | 2025届春招提前批火热开启!","https://mp.weixin.qq.com/s/HHepmMEkACe0kQ02OI4WHg","微信读书"
"北航就业","2025-02-20","招聘 | 韶音科技集团 | 春季校园招聘正式启动","https://mp.weixin.qq.com/s/A5zoRlAFQwara60YH7zzeQ","微信读书"
"北航就业","2025-02-20","招聘 | 京东 | 2025管理培训生春季招聘火热启动！","https://mp.weixin.qq.com/s/7WyVBdsmFP0D-v2GorvVcQ","微信读书"
"北航就业","2025-02-20","招聘 | 京东 | 2025博士管培生项目持续热招中！","https://mp.weixin.qq.com/s/0b0tCC2lxwCmXaq_1pR0qg","微信读书"
"北航就业","2025-02-20","招聘 | 货拉拉 | 2025技术先锋春招正式启动","https://mp.weixin.qq.com/s/piGFaKCdM7QOxiwuqNp3Bw","微信读书"
"北航就业","2025-02-20","招聘 | 北京市丰台区教育科学研究院 | 2025年招聘启事","https://mp.weixin.qq.com/s/-2pDxp1DWInEtj1xEYsmaw","微信读书"
"北航就业","2025-02-19","招聘 | vivo | 2025春季校园招聘+暑期实习","https://mp.weixin.qq.com/s/9_5NTX7zoEItmfWAffE08g","微信读书"
"北航就业","2025-02-19","招聘 | 中国供销集团 | 2025届校园招聘火热进行中","https://mp.weixin.qq.com/s/bCCuV-eeNNyrmVzW10w__w","微信读书"
"北航就业","2025-02-19","招聘 | 深圳信步科技 | 2025校园招聘","https://mp.weixin.qq.com/s/g_nGS28XcY3CFq6X16iwUQ","微信读书"
"北航就业","2025-02-19","招聘 | 九号公司 | 2025春季校园招聘正式启动","https://mp.weixin.qq.com/s/bfetOHRqVBWFUVBA3czwNw","微信读书"
"北航就业","2025-02-18","招聘 | 中国航天科工集团第六研究院41所 | 2025届校园招聘正式启动","https://mp.weixin.qq.com/s/QBTvpkt98dJv9DsWk5gjog","微信读书"
"北航就业","2025-02-18","招聘 | 中国航空工业集团公司济南特种结构研究所 | 2025届校园招聘正式启动","https://mp.weixin.qq.com/s/FbsyvRcI9354olstCYaBtA","微信读书"
"北航就业","2025-02-18","招聘 | 中国电子科技集团公司第三研究所 | 2025届校园招聘正式启动","https://mp.weixin.qq.com/s/QES-2l6KOpZdbJoBVQO0CA","微信读书"
"北航就业","2025-02-18","招聘 | 中国电信 | 2025春季校园招聘全面启动","https://mp.weixin.qq.com/s/RO_ScjHsJxJrIU-YJrvWqA","微信读书"
"北航就业","2025-02-18","招聘 | 上海航天八部 | 2025届硕博士校园招聘宣传公告","https://mp.weixin.qq.com/s/TY71VH80sszpETC0DaJ85Q","微信读书"
"北航就业","2025-02-18","招聘 | 航天科技集团九院九部 |  2025届校园招聘正式启动","https://mp.weixin.qq.com/s/15385U4stIuq7rOirzAwig","微信读书"
"北航就业","2025-02-18","用人单位邀请函 | 北京航空航天大学2025届毕业生春季大型综合双选会","https://mp.weixin.qq.com/s/wC3F0q8c3lPopF5HJhGRpg","微信读书"
"北航就业","2025-02-17","招聘 | TP-Link联洲 | 2025届春季校园招聘正式启动","https://mp.weixin.qq.com/s/vDLwy8hY9s5DT54LvT3g2Q","微信读书"
"北航就业","2025-02-17","招聘 | 中航工业郑飞 | 招聘公告","https://mp.weixin.qq.com/s/UolNHMja54_kv7pX6qLGng","微信读书"
"北航就业","2025-02-17","招聘 | 中国航天科工三院三部 | 2025年度春季招聘公告","https://mp.weixin.qq.com/s/k9ElRXdDiCNbx91sgoepPQ","微信读书"
"北航就业","2025-02-17","招聘 | 网易有道 | 2025春季校园招聘正式开启","https://mp.weixin.qq.com/s/EvdfL2bZqBPYq1zsOeZkOA","微信读书"
"北航就业","2025-02-17","招聘 | 上海民用航空控制与导航系统有限公司 | 2025届校园招聘公告","https://mp.weixin.qq.com/s/6T8wlbFjy6IE65OfPX0PqA","微信读书"
"北航就业","2025-02-17","招聘 | 康冠科技 | 2025届春季校园招聘正式启动","https://mp.weixin.qq.com/s/ksjMwYUW5eNsODT6eeynsg","微信读书"
"北航就业","2025-02-14","招聘 | 中国航空工业集团北京青云航空仪表有限公司 | 2025年校园招聘正式启动","https://mp.weixin.qq.com/s/5e21tYBRBvCi-m9epfyxYA","微信读书"
"北航就业","2025-02-14","招聘 | 中国电子科技集团公司第十五研究所 | 2025届校园招聘","https://mp.weixin.qq.com/s/LcFbEOnxK2eFJNen_K41qw","微信读书"
"北航就业","2025-02-14","招聘 | 中国兵器工业集团航空弹药研究院有限公司 | 2025届校园招聘","https://mp.weixin.qq.com/s/1lgfhjw8JNOfTi50HAslgQ","微信读书"
"北航就业","2025-02-14","招聘 | 哈尔滨锅炉厂有限责任公司 | 2025年全球校园招聘","https://mp.weixin.qq.com/s/PJ3WZZ1oSZQg9PlAXn38tA","微信读书"
"北航就业","2025-02-13","致用人单位 | 北京航空航天大学2025年春季校园招聘活动安排","https://mp.weixin.qq.com/s/U2BAl6RTqv-lDEdW_oPIfg","微信读书"
"北航就业","2025-02-13","招聘 | 云南省某机关 | 2025年度招录专业人才公告","https://mp.weixin.qq.com/s/izo7OR4Qv5kzjC_CitUKhQ","微信读书"
"北航就业","2025-02-13","招聘 | 青岛市崂山区 | 2025年“崂选计划”第一批专额选聘公告","https://mp.weixin.qq.com/s/rgOpPeKQmVNCnjFxXZfhLQ","微信读书"
"北航就业","2025-02-12","招聘 | 中国人民银行清算总中心直属企业银清科技有限公司 | 2025年春季招聘公告","https://mp.weixin.qq.com/s/MJ5ChTDjDOCO94Z_hTO-dA","微信读书"
"北航就业","2025-02-12","招聘 | 湖北省荆州市 | 2025年度人才引进校园招聘公告","https://mp.weixin.qq.com/s/-QMQkhWnCBx4c9DgM71Wcw","微信读书"
"北航就业","2025-02-12","招聘 | 东莞海昌 | 2025年校园招聘正式启动","https://mp.weixin.qq.com/s/Ua9de6ZXFFzC7bq9yDkhLA","微信读书"
"北航就业","2025-02-12","北京航空航天大学就业指导服务中心恭祝大家元宵佳节快乐！","https://mp.weixin.qq.com/s/mBEIpmo9h93cigZFpYJGEg","微信读书"
"北航就业","2025-02-11","招聘 | 北京电控 | “启航之星”管培生招聘正式开启","https://mp.weixin.qq.com/s/Dm7gl8kTbAA9hS7tUMLctA","微信读书"
"北航就业","2025-02-10","招聘 | OPPO | 2025届校招补招正式开启","https://mp.weixin.qq.com/s/ewt2G73QkfGnZkn2UdZT9w","微信读书"
"北航就业","2025-02-10","招聘 | 青岛市即墨区 | 2025年“优秀青年人才选育计划（中小学教师）”公告","https://mp.weixin.qq.com/s/aqU4MdwflxAcoSdGxZRDoQ","微信读书"
"北航就业","2025-02-10","招聘 | 国家某部委直属事业单位校园招聘","https://mp.weixin.qq.com/s/jKd85fK4Qcikl-cOUIgcgA","微信读书"
"北航就业","2025-02-09","北京航空航天大学就业指导服务中心学生助理招募来啦","https://mp.weixin.qq.com/s/aGlkWNNwARZkwTRwOjXbVA","微信读书"
"北航就业","2025-01-28","拜年啦！北航就业祝大家：前程螣螣‌，生活蠖蠖‌；事业蟠蟠‌，巳巳如意‌！","https://mp.weixin.qq.com/s/mGZnkbkN7Skmh-JKAfT9VQ","微信读书"
"北航就业","2025-01-27","北京航空航天大学就业指导服务中心致用人单位的感谢信","https://mp.weixin.qq.com/s/1l_GLi1QN-akNX21QIN2TA","微信读书"
"北航就业","2025-01-24","招聘 | 长沙市望城区 | 2025年事业引才博士公开引进公告","https://mp.weixin.qq.com/s/cC-cEM51RoN6Ok9ja0iMeg","微信读书"
"北航就业","2025-01-24","招聘 | 四川vivo | 校园招聘","https://mp.weixin.qq.com/s/h6Iq3xJblmmrcb91s8YIiA","微信读书"
"北航就业","2025-01-24","招聘 | 青岛胶东临空经济示范区管理委员会 | 2025年公开选聘工作人员简章","https://mp.weixin.qq.com/s/4g62GltELMvervQN5k-K7Q","微信读书"
"北航就业","2025-01-24","实践 | 华晨宝马 | 2025华晨宝马冬季“湃”对冬令营邀请你加入","https://mp.weixin.qq.com/s/kM7akioKzfX0xgQyjIQllQ","微信读书"
"北航就业","2025-01-20","用人单位邀请函 | 北京航空航天大学2025届毕业生春季大型综合双选会","https://mp.weixin.qq.com/s/6TY8ou7bqTCRCyLzXBtfzA","微信读书"
"北航就业","2025-01-17","筑梦暖冬不打烊，寒假 “职” 达新气象——招聘活动不停航","https://mp.weixin.qq.com/s/Db-pxde3pATp8sIlNPi5Gg","微信读书"
"北航就业","2025-01-17","招聘 | 国防科技大学电子对抗学院｜2025年度人才引进公告","https://mp.weixin.qq.com/s/ouki1HCgeFkfldj6RRrT9g","微信读书"
"北航就业","2025-01-15","筑梦暖冬不打烊，寒假 “职” 达新气象——就业指导不断线","https://mp.weixin.qq.com/s/YO3m_Q9PmR6REgBWn-k9LA","微信读书"
"北航就业","2025-01-15","招聘 | 中核浙能能源有限公司 | 2025届校园招聘正式开启","https://mp.weixin.qq.com/s/laOJJEllQfTujUGJb2-bxg","微信读书"
"北航就业","2025-01-15","招聘 | 造物时代 | 2025 年校园招募计划","https://mp.weixin.qq.com/s/hnU7SK4Bsb0418vlft0Qag","微信读书"
"北航就业","2025-01-14","筑梦暖冬不打烊，寒假 “职” 达新气象——春招活动抢先看","https://mp.weixin.qq.com/s/Wm6QyWG0KKlHnG-KuqapNA","微信读书"
"北航就业","2025-01-13","筑梦暖冬不打烊，寒假 “职” 达新气象——就业手续随时办","https://mp.weixin.qq.com/s/Pt6YlTuVHRDjBfDt2tqQfg","微信读书"
"北航就业","2025-01-13","招聘 | 普华永道 | 新年新机遇，校园招聘火热进行中！","https://mp.weixin.qq.com/s/wK3uaNtcL2YcRR0-3eBrpA","微信读书"
"北航就业","2025-01-13","招聘 | 国务院发展研究中心有关直属事业单位 | 2025年度公开招聘工作人员公告","https://mp.weixin.qq.com/s/AjW89XJ_5h1OQVF2JJqQSg","微信读书"
"北航就业","2025-01-10","招聘 | 中国航天科工集团第三总体设计部 | 2025年度校园招聘正式启动","https://mp.weixin.qq.com/s/dTaYiwWleFu22QoKLy8WtQ","微信读书"
"北航就业","2025-01-09","招聘 | 壹思唯国际教育 | 2025届校园招聘研后专场","https://mp.weixin.qq.com/s/LMGs5mJjQKhT2HMz1zdjww","微信读书"
"北航就业","2025-01-09","双选 | 寒假暖心行动2025年1月、2月双选会来袭","https://mp.weixin.qq.com/s/JJFngX78IDEmeFcvBFtukw","微信读书"
"北航就业","2025-01-08","招聘 | 顺德区 | 顺德区招录公务员新秀269名","https://mp.weixin.qq.com/s/ZrcwL_Bvl0BYjBe5tE0jFQ","微信读书"
"北航就业","2025-01-08","选调 | 西藏自治区 | 2025年度定向选调应届优秀大学毕业生公告","https://mp.weixin.qq.com/s/fyMh0ZchpdLYsjKI1mpBvA","微信读书"
"北航就业","2025-01-07","招聘 | 新东方北京国际 | 2025届研后返乡专场空中宣讲会","https://mp.weixin.qq.com/s/V6OeNoyNmNWofyqghCUsyw","微信读书"
"北航就业","2025-01-07","招聘 | 空中能力层装备研究院 | 2025届校园招聘","https://mp.weixin.qq.com/s/HxPv-ZMqp8VCMgXgNr49FA","微信读书"
"北航就业","2025-01-07","选调 | 河北省 | 2025年度面向有关院校定向招录选调生公告","https://mp.weixin.qq.com/s/qzPcsyiOUqlL9JH4O8X0HQ","微信读书"
"北航就业","2025-01-01","招聘 | 河北银行 | 2025届校园招聘正式启动！","https://mp.weixin.qq.com/s/G8jex2dTIObnVVTRdfaIYw","微信读书"
"北航就业","2025-01-01","喜迎元旦 | 2025，祝大家万事皆可期，共赴锦绣程！","https://mp.weixin.qq.com/s/ZyxSI1NcZtKS1YALbfurgw","微信读书"
"北航就业","2024-12-31","招聘 | 中国兵器工业试验测试研究院 | 2025届校园招聘","https://mp.weixin.qq.com/s/dR-m9TALtIS3rczItJcwMA","微信读书"
"北航就业","2024-12-31","招聘 | 辽宁科技大学 | 诚聘四海英才","https://mp.weixin.qq.com/s/iDNTwSVBGQSPQdnSAYyOTQ","微信读书"
"北航就业","2024-12-31","招聘 | 东风汽车 | 2025届校园招聘","https://mp.weixin.qq.com/s/xW8ke6w_Y947SdyOF1DMZQ","微信读书"
"北航就业","2024-12-30","招聘 | 中航工业未来飞行训练装备技术协同创新中心（北京） | 2025年博士招聘","https://mp.weixin.qq.com/s/VLcrCjG_amf4oWmvj9Wtqg","微信读书"
"北航就业","2024-12-30","招聘 | 通用环球医疗技术服务（天津）有限公司 | 2025届校园招聘","https://mp.weixin.qq.com/s/how9hcA8XlTqiNs44RRM-A","微信读书"
"北航就业","2024-12-30","招聘 | 淘天集团 | 2025届秋招补招","https://mp.weixin.qq.com/s/E_yqtwG20ldNLYy-SMez4g","微信读书"
"北航就业","2024-12-30","招聘 | 交通运输部所属事业单位 | 2025年度第二批统一公开招聘公告","https://mp.weixin.qq.com/s/F6op83m4DsxH8ZrKbjkqAQ","微信读书"
"北航就业","2024-12-30","招聘 | 格力电器 | 2025届秋招进行时","https://mp.weixin.qq.com/s/2rSlNaS2iXRrFfoqIFXy3A","微信读书"
"北航就业","2024-12-27","招聘 | 中工国际工程股份有限公司 | 2025届秋季校园招聘","https://mp.weixin.qq.com/s/fZkoxs5AY9LLbEdp39JDyw","微信读书"
"北航就业","2024-12-27","招聘 | 上海术理智能科技有限公司 | 2025届校园招聘","https://mp.weixin.qq.com/s/tdzfihoB-yoDC7rtfpf3Rg","微信读书"
"北航就业","2024-12-27","招聘 | 科华基团 | 2025届校园招聘研后补录","https://mp.weixin.qq.com/s/wsL0COY7TkhDBudkwvdcWQ","微信读书"
"北航就业","2024-12-27","选调 | 山西省 | 2025年面向北京航空航天大学选调优秀高校毕业生公告","https://mp.weixin.qq.com/s/RIoRv5KV-Sf3WTf29yBsEg","微信读书"
"北航就业","2024-12-26","招聘 | 科华集团 | 研发团队期待你的加入！","https://mp.weixin.qq.com/s/jkbPrZ8hFkif42lUKYwDXg","微信读书"
"北航就业","2024-12-26","招聘 | 格力电器 | 25届秋招进行时","https://mp.weixin.qq.com/s/Yv4m08dRkYxsuAO7jeOl8g","微信读书"
