公众号,发布日期,文章标题,文章链接,来源
"国科大就业","2026-09-20","中粮集团2027届校园招聘正式启动","https://mp.weixin.qq.com/s/Awq0V9gdI9WGsZustVBLIw","微信读书"
"国科大就业","2026-09-20","招聘｜哈电电机2027届校园招聘正式启动","https://mp.weixin.qq.com/s/lYk4wJvEPDxqTsYhZkcuWA","微信读书"
"国科大就业","2026-09-20","招聘 | 招商银行信用卡2027届秋季校园招聘正式开启！","https://mp.weixin.qq.com/s/Ta7yj7ph7hdUe7TfSj7UmA","微信读书"
"国科大就业","2026-09-20","招聘 | 北京站 | 药明生物2027届校招—精英面对面","https://mp.weixin.qq.com/s/vA-XERXADKmvfN6XgGfjXA","微信读书"
"国科大就业","2026-09-20","用人单位邀请函 | 10月13日 中国科学院水生生物研究所专场招聘会邀您参加！","https://mp.weixin.qq.com/s/mNoDkqQ-f5DrluGgq4nGNg","微信读书"
"国科大就业","2026-09-20","宣讲会 | 9月24日 新安股份2027届校园招聘正式启动","https://mp.weixin.qq.com/s/3q268M_ed7bPsx4cNWenRg","微信读书"
"国科大就业","2026-09-20","宣讲会 | 9月24日 理工雷科2027校园招聘","https://mp.weixin.qq.com/s/mDqQxRsuC1supeqG71LNTw","微信读书"
"国科大就业","2026-09-20","活动预告 | 就业指导系列讲座——简历 面试指导","https://mp.weixin.qq.com/s/S-yxaWv1GALeK8PR99k1Iw","微信读书"
"国科大就业","2026-09-19","招聘 | 华能澜沧江水电股份有限公司2027年校园招聘正式启动！","https://mp.weixin.qq.com/s/-V06Nv_LHQbjVa4Z46iiDQ","微信读书"
"国科大就业","2026-09-19","招聘 | 北京全路通信信号研究设计院集团有限公司","https://mp.weixin.qq.com/s/K0w6i2OP2_YVCOML0CB5Zw","微信读书"
"国科大就业","2026-09-19","宣讲会 | 9月23日 中微公司2027「登峰计划」校园招聘全面启动","https://mp.weixin.qq.com/s/zXLB6GX1uSToQzfBGu6nHg","微信读书"
"国科大就业","2026-09-19","宣讲会 | 9月23日 中国移动九天人工智能科技公司2027秋季校园招聘正式启动！","https://mp.weixin.qq.com/s/6lTPrYOwpgsNqAKaA5sLPw","微信读书"
"国科大就业","2026-09-19","宣讲会 | 9月23日 算能2027届校招正式启动！","https://mp.weixin.qq.com/s/bYVG0_0l3S4Q1wxUsPt2cw","微信读书"
"国科大就业","2026-09-19","宣讲会 | 9月23日 华友钴业2027校园招聘正式启动！","https://mp.weixin.qq.com/s/Z5fsyDMwWuLrCTcX6ATvUQ","微信读书"
"国科大就业","2026-09-19","宣讲会 | 9月23日 国机金刚石(河南)有限公司2027届校园招聘正式启动！","https://mp.weixin.qq.com/s/VLzck4KQ-W87b33_DSgQug","微信读书"
"国科大就业","2026-09-19","宣讲会 | 9月23日 国防科技大学2026年度高层次科技创新人才招聘","https://mp.weixin.qq.com/s/Ahs_XOXJpk53eGMxxYlqgg","微信读书"
"国科大就业","2026-09-18","招聘 | MetaApp2027届秋季校园招聘&实习招聘正式启动！","https://mp.weixin.qq.com/s/3L6vdMPUYeAurcDoqSMVRQ","微信读书"
"国科大就业","2026-09-18","招聘 | 中欧基金2027届卓越之星校园招聘启动！","https://mp.weixin.qq.com/s/KcZ-DU1EhwmpdsCYTLbJxg","微信读书"
"国科大就业","2026-09-18","招聘 | 中国中化氯碱事业部2027年校园招聘正式启动！","https://mp.weixin.qq.com/s/y7ouWpaMac-txphiqEbUmw","微信读书"
"国科大就业","2026-09-18","招聘 | 贵州移动2027秋季校园招聘","https://mp.weixin.qq.com/s/EqAkRjZSM4t6nMFBtRfDOg","微信读书"
"国科大就业","2026-09-18","宣讲会｜9月22日 中冶京诚2027届校园招聘正式启动！","https://mp.weixin.qq.com/s/3uGF-XxWRYY-_gFfZDBCjg","微信读书"
"国科大就业","2026-09-18","宣讲会 | 9月22日 长江存储2027届全球校园招聘启动","https://mp.weixin.qq.com/s/5MKFL9xuCaHsynIi6bWtKw","微信读书"
"国科大就业","2026-09-18","宣讲+双选 | 9月22日 中国电信2027校园招聘全面启动！","https://mp.weixin.qq.com/s/DHhLJLhod9IqTDlJ2TlRHw","微信读书"
"国科大就业","2026-09-18","校外双选 | 9月22日“津彩未来 就在滨海”第五届滨城高层次人才招引大会“金秋引才季”暨“百日千万招聘”专项行动","https://mp.weixin.qq.com/s/flBR2OWen1qYvC2AH7mKow","微信读书"
"国科大就业","2026-09-17","宣讲会丨9月22日 中证股转科技有限公司2026年校园招聘","https://mp.weixin.qq.com/s/pr2h-P4zGYe4RneQmz08Zw","微信读书"
"国科大就业","2026-09-17","宣讲会丨9月22日 2027届沐曦股份校园招聘","https://mp.weixin.qq.com/s/X3UF8MrKyFxxxOaGFJbHZQ","微信读书"
"国科大就业","2026-09-17","宣讲会 | 9月22日 浪潮2027届校招|中国科学院大学校园宣讲会来啦！","https://mp.weixin.qq.com/s/9lLrfZmpuDqge1ABHKl7Kg","微信读书"
"国科大就业","2026-09-17","宣讲会 | 9月22日 酷睿程2027届校园招聘正式启动","https://mp.weixin.qq.com/s/yb_8_SyEMk5Lt86QDjzpzQ","微信读书"
"国科大就业","2026-09-17","宣讲会 | 9月22日 晶盛机电2027届秋季校园招聘全面启动！","https://mp.weixin.qq.com/s/VZ51vKENx-ox9wo0zS_OMQ","微信读书"
"国科大就业","2026-09-17","宣讲会 | 9月21日 “梦想靠岸”招商银行北京分行2027校园招聘","https://mp.weixin.qq.com/s/pN4xd_bOObosIZvabm7BXw","微信读书"
"国科大就业","2026-09-17","宣讲会 | 9月20日 云深处2027全球校招｜期待与你一起奔向智能新时代","https://mp.weixin.qq.com/s/NUpZvQbEIHUqn51aqeNMNg","微信读书"
"国科大就业","2026-09-17","活动预告 | 就业指导系列讲座——简历 面试指导","https://mp.weixin.qq.com/s/hsc5TL4AuvKwixP0UxSDfA","微信读书"
"国科大就业","2026-09-16","招聘｜北京农商银行2027年度“优培计划”招聘正式启动！","https://mp.weixin.qq.com/s/0-UASshNqYRF4a-Ynf4CjA","微信读书"
"国科大就业","2026-09-16","招聘 | 通用技术机床研究院2027年校园招聘","https://mp.weixin.qq.com/s/MVi8cy76Ve3w2yiPf45Jvw","微信读书"
"国科大就业","2026-09-16","招聘 | 圣邦微电子2027校园招聘火热开启","https://mp.weixin.qq.com/s/R8UJKZ6m2CgpSy2uIqOnkQ","微信读书"
"国科大就业","2026-09-16","招聘 | 三星(中国)半导体2027届校园招聘正式启动","https://mp.weixin.qq.com/s/VMkmY5r8a6QHxVGrZaJdbA","微信读书"
"国科大就业","2026-09-16","宣讲会 | 9月19日 Aidite爱迪特2027校园招聘正式启动！","https://mp.weixin.qq.com/s/FnZWlit9V4Vkt69rsHzFaw","微信读书"
"国科大就业","2026-09-16","宣讲会 | 9月19日 中建八局三公司2027届“新砼人”秋季校园招聘正式启动","https://mp.weixin.qq.com/s/4_Qug0PEdGmzDvG9unlF_A","微信读书"
"国科大就业","2026-09-16","宣讲会 | 9月18日 华为终端BG 硬工AI人才技术交流会-国科大专场来啦","https://mp.weixin.qq.com/s/ju8MEwbovOv98x5LA5IEYw","微信读书"
"国科大就业","2026-09-16","参会单位更新 | 9月18日 “京彩就业”中国科学院大学2027届毕业生秋季首场双选会","https://mp.weixin.qq.com/s/JjnHeeLu5GKE7Jgds0oYMA","微信读书"
"国科大就业","2026-09-15","招聘 | 中国工商银行平台金融发展中心2027年度校园招聘","https://mp.weixin.qq.com/s/r9N5VD48hclhdZL3mCsoHA","微信读书"
"国科大就业","2026-09-15","招聘 | 浙江移动2027校园秋招正式启动","https://mp.weixin.qq.com/s/9xv-pzz1Rzv0qvY-PY8I5w","微信读书"
"国科大就业","2026-09-15","招聘 | 融通梦想 链动未来 | 2027校园招聘火热开启","https://mp.weixin.qq.com/s/dVtil1D6ks_p5sv6B4eGpQ","微信读书"
"国科大就业","2026-09-15","招聘 | 北京移动2027秋季校园招聘高能开启！","https://mp.weixin.qq.com/s/AHZH1JxAHP1e5ijH_KD0hg","微信读书"
"国科大就业","2026-09-15","宣讲会 | 9月18日 燕东微2027全球校园招聘正式启动！","https://mp.weixin.qq.com/s/Pc1jhMVbSCj8u3iSxmJhmQ","微信读书"
"国科大就业","2026-09-15","宣讲会 | 9月18日 京东方2027全球校园招聘正式启动","https://mp.weixin.qq.com/s/_B0vRKreqGlRb5pKM53CYw","微信读书"
"国科大就业","2026-09-15","宣讲会 | 9月18日 地平线2027届校招技术沙龙","https://mp.weixin.qq.com/s/PCJwkHvBuuNSyE9efxl--A","微信读书"
"国科大就业","2026-09-15","活动预告 | 就业指导系列讲座——简历 面试指导","https://mp.weixin.qq.com/s/7RLeR38rwEpHhxtUPozBbQ","微信读书"
"国科大就业","2026-09-14","招聘 | 中国工商银行北京市分行2027年度校园招聘正式启动","https://mp.weixin.qq.com/s/mAPa1S8jg_ZTDpXALEATwg","微信读书"
"国科大就业","2026-09-14","宣讲会 | 9月17日 山东核电有限公司2027年校园招聘—中国科学院大学宣讲会","https://mp.weixin.qq.com/s/AsiZwCFkIDoXCARbcbbPHg","微信读书"
"国科大就业","2026-09-14","宣讲会 | 9月16日 中车山东风电公司2027年校园招聘","https://mp.weixin.qq.com/s/cXX8sSx-kWYajTi28dcV5Q","微信读书"
"国科大就业","2026-09-14","宣讲会 | 9月16日 理想汽车2027校园招聘-中国科学院大学站","https://mp.weixin.qq.com/s/0BEUndWxI3wULgolelqNIA","微信读书"
"国科大就业","2026-09-14","宣讲会 | 9月16日 工业和信息化部电子第五研究所2027届校园招聘正式启动","https://mp.weixin.qq.com/s/hTe5FpjxSBoCg40SER0Xcg","微信读书"
"国科大就业","2026-09-14","宣讲会 | 9月15日 MindFlow｜“AI领航员计划”，2027届校招","https://mp.weixin.qq.com/s/lEQRy4bt-gSDmyWss-MDWQ","微信读书"
"国科大就业","2026-09-14","宣讲+双选 | 9月17日 字节跳动2027校园招聘宣讲会火热来袭！","https://mp.weixin.qq.com/s/ZTF40xuVUwkuedk0xRgWRg","微信读书"
"国科大就业","2026-09-14","活动预告 | 就业指导系列讲座——解码校招面试技巧","https://mp.weixin.qq.com/s/4KwsKwoevu3dCoDs8OcqeA","微信读书"
"国科大就业","2026-09-13","招聘 | 中国移动物联网公司2027校园招聘正式启动","https://mp.weixin.qq.com/s/O0m41zJ0j8aKi9iO28D8FQ","微信读书"
"国科大就业","2026-09-13","招聘 | 移动研究院2027校园招聘全面启动！","https://mp.weixin.qq.com/s/joJHyt_Z7CaVYcXf-QeBQg","微信读书"
"国科大就业","2026-09-13","招聘 | 经纬开物2027届校园招聘正式启动！","https://mp.weixin.qq.com/s/6QZXULcFFttgTTvp_FhY-Q","微信读书"
"国科大就业","2026-09-13","招聘 | 建发集团2027届校园招聘正式启动","https://mp.weixin.qq.com/s/uhrjLmWYtAvcm2CJx3jFmA","微信读书"
"国科大就业","2026-09-13","宣讲会 | 9月16日 TCL华星2027届校招正式启动","https://mp.weixin.qq.com/s/fffsKD4gAds2aLUWDiP-2Q","微信读书"
"国科大就业","2026-09-13","宣讲会 | 9月16日 芯联集成2027届校园招聘正式启动","https://mp.weixin.qq.com/s/ApEX0hno3NY9UQ_t-aa6TA","微信读书"
"国科大就业","2026-09-13","活动预告 | 就业指导系列讲座——简历 面试指导","https://mp.weixin.qq.com/s/0GESp6B68_xNXtlsIEk02Q","微信读书"
"国科大就业","2026-09-13","参会单位更新 | 9月14日 【中国科学院大学博士/博后专场】—工信就业-中博汇高层次人才洽谈会2026年度秋季全国巡回招聘会","https://mp.weixin.qq.com/s/NwCx91e844eUlus6LdFkyQ","微信读书"
"国科大就业","2026-09-12","招聘 | 中国石油启动2026年秋季高校毕业生招聘！","https://mp.weixin.qq.com/s/6VLS0IvLvpB-e2Em2GNwpQ","微信读书"
"国科大就业","2026-09-12","招聘 | 国家能源集团低碳院2027校园招聘正式启动","https://mp.weixin.qq.com/s/I5WHhJig5Drf4i7jcHbIuQ","微信读书"
"国科大就业","2026-09-12","招聘 | 东方电气集团2027届校园招聘正式启动！","https://mp.weixin.qq.com/s/_xA4D8WfOVXDigUbeUsunQ","微信读书"
"国科大就业","2026-09-12","宣讲会 | 9月16日 中兴通讯2027届校园招聘宣讲会","https://mp.weixin.qq.com/s/V-l9OCmU5CaUsiqoC-KjIQ","微信读书"
"国科大就业","2026-09-12","宣讲会 | 9月16日 兆易创新2027届校园招聘正式启动","https://mp.weixin.qq.com/s/VXi-iQG7XP813Z-sIqMK6w","微信读书"
"国科大就业","2026-09-12","宣讲会 | 9月16日 上海华力2027届秋季校园招聘正式启动","https://mp.weixin.qq.com/s/spliAN91YFVzY2UDYGLHcg","微信读书"
"国科大就业","2026-09-12","宣讲会 | 9月16日 理想汽车2027校园招聘宣讲行程更新啦","https://mp.weixin.qq.com/s/x9XKRhMfakmRqRlxpxH6sg","微信读书"
"国科大就业","2026-09-12","宣讲会 | 9月16日 成都华微2027校园招聘正式启动","https://mp.weixin.qq.com/s/7ChS70IIEQ9kBsGktwdbrg","微信读书"
"国科大就业","2026-09-11","宣讲会 | 9月17日 北京市2027年度定向选调和“优培计划”招聘应届优秀大学毕业生政策宣讲会","https://mp.weixin.qq.com/s/GspF6R5KSH2K7J7gMQiWcA","微信读书"
"国科大就业","2026-09-11","宣讲会 | 9月16日 国家某部委及其直属机构2027年度公务员招录宣讲公告","https://mp.weixin.qq.com/s/RoxdnZ6Mh-VLexDF7O1LJg","微信读书"
"国科大就业","2026-09-11","宣讲会 | 9月15日 中国电科第十四研究所2027届校园招聘正式启动！","https://mp.weixin.qq.com/s/4VKovA2T8s5quMJS1_UJMQ","微信读书"
"国科大就业","2026-09-11","宣讲会 | 9月15日 宝洁研发部国科大专场","https://mp.weixin.qq.com/s/zPrT2LeldU_sifWHpzs7Cw","微信读书"
"国科大就业","2026-09-11","宣讲+双选 | 9月16日 华为应届生招聘-中国科学院大学宣讲会","https://mp.weixin.qq.com/s/Xx9hV-mjv6jfmptcOWB6MA","微信读书"
"国科大就业","2026-09-11","就业讲堂 | 干货！结构化面试备考攻略来了","https://mp.weixin.qq.com/s/-rgTqGNXkto0xtOs7Ty_xw","微信读书"
"国科大就业","2026-09-11","北京市2027年度定向选调和“优培计划”招聘应届优秀大学毕业生公告","https://mp.weixin.qq.com/s/kORRC6UySYpB5UX5-02VFg","微信读书"
"国科大就业","2026-09-11","《筑梦基层》——国科大选调生经验分享交流会","https://mp.weixin.qq.com/s/Mz-T9BP6g1UhJGDtTN0d3g","微信读书"
"国科大就业","2026-09-10","招聘 | FunPlus2027届校园招聘全球启动！","https://mp.weixin.qq.com/s/7jbbrSaOjoxYPKA8lcQSJw","微信读书"
"国科大就业","2026-09-10","招聘 | 科华集团2027届全球校园招聘正式启动！","https://mp.weixin.qq.com/s/hWXDjivfiTy9R0jPExae4Q","微信读书"
"国科大就业","2026-09-10","招聘 | 2027届新浪集团管培生项目正式启动 成长不设限","https://mp.weixin.qq.com/s/RFPBjBQRa_n7Eh_NKZjIjQ","微信读书"
"国科大就业","2026-09-10","宣讲会 | 9月14日 睿创微纳2027“追光者”校园招聘全面启动","https://mp.weixin.qq.com/s/m3OkG5X6RZr5q8k1OKXy6A","微信读书"
"国科大就业","2026-09-10","宣讲会 | 9月14日 比亚迪2027校园招聘","https://mp.weixin.qq.com/s/BF5bKCXFMVdnnDzgn03gUA","微信读书"
"国科大就业","2026-09-10","宣讲会 | 9月11日 北京-芯跃迁2027届秋招进行时","https://mp.weixin.qq.com/s/3XOBbPxoAKai2C7BvVJ7XQ","微信读书"
"国科大就业","2026-09-10","宣讲+双选 | 9月14日 网络空间部队直接选拔招录普通高等学校应届毕业生","https://mp.weixin.qq.com/s/7mP7P9LykSWcy8kn1JdWzQ","微信读书"
"国科大就业","2026-09-10","百度AIDU计划 · 技术开放日火热报名中","https://mp.weixin.qq.com/s/IeMyKiqvhYRyfH3IhrmGkQ","微信读书"
"国科大就业","2026-09-09","招聘 | 昆仑万维2027届校园招聘CEO管理培训生计划正式启动","https://mp.weixin.qq.com/s/4_SUnVlmgsdfsARcUtpj7g","微信读书"
"国科大就业","2026-09-09","招聘 | 百川智能「源点」顶尖人才计划正式启动！","https://mp.weixin.qq.com/s/unRqM-0ZzcWnc7o0wzInOw","微信读书"
"国科大就业","2026-09-09","邀请函 | 9月29日 中国科学院大学南京学院暨卓越研究生联合培养合作高校2027届硕士博士毕业生专场招聘会","https://mp.weixin.qq.com/s/42prEitafOuljCz5cXZwGw","微信读书"
"国科大就业","2026-09-09","宣讲会 | 9月15日 百度2027届校园招聘正式启动！","https://mp.weixin.qq.com/s/sdDKyEis0h9fTTY16PyB4g","微信读书"
"国科大就业","2026-09-09","宣讲+双选 | 9月15日 2026年中关村百校联盟校园招聘团-中国科学院大学综合双选会","https://mp.weixin.qq.com/s/JJC47qnOMuhV51CtVSFCPQ","微信读书"
"国科大就业","2026-09-09","校外双选 | “好年华 聚福州”城市引才推介会暨双选会（北京站）活动情况介绍","https://mp.weixin.qq.com/s/vqklOyRik7t--_kqeRM6nQ","微信读书"
"国科大就业","2026-09-09","活动预告 | 就业指导系列讲座——简历 面试指导","https://mp.weixin.qq.com/s/_bZR8X11MkSJIcrRlI3g8w","微信读书"
"国科大就业","2026-09-09","参会单位更新 | 9月14日 【中国科学院大学博士/博后专场】—工信就业-中博汇高层次人才洽谈会2026年度秋季全国巡回招聘会","https://mp.weixin.qq.com/s/L0F9LU6pZyqyqD2a-ZGjwQ","微信读书"
"国科大就业","2026-09-08","招聘｜中冶京诚2027届校园招聘正式启动！","https://mp.weixin.qq.com/s/kXeWtDYv8aEb0jWY0jy7-g","微信读书"
"国科大就业","2026-09-08","招聘 | 中国移动金科公司｜2027校园招聘启动！","https://mp.weixin.qq.com/s/wyDJBIOUc2TO8v-K-gg7Ew","微信读书"
"国科大就业","2026-09-08","招聘 | 中国移动集团总部｜2027校园招聘火热进行中！","https://mp.weixin.qq.com/s/hIj7fl78hHZr-GdOMQaZzg","微信读书"
"国科大就业","2026-09-08","宣讲会 | 9月11日 快手2027全球校园招聘正式启动","https://mp.weixin.qq.com/s/7bEobgRtUXYqP-Jz1-0qyw","微信读书"
"国科大就业","2026-09-08","宣讲+双选 | 9月11日 小米人才日来啦！","https://mp.weixin.qq.com/s/MmgIpkilJbQWuekuOCCqLA","微信读书"
"国科大就业","2026-09-08","活动预告 | 就业指导系列讲座——简历 面试指导","https://mp.weixin.qq.com/s/YQN_Mhb1MWCSdnwN80wdQw","微信读书"
"国科大就业","2026-09-08","大赛通知 | 中国国际大学生创新大赛(2026)国科大校内选拔赛报名延期通知","https://mp.weixin.qq.com/s/ThRdM3VgAACWkMWdHfHOpw","微信读书"
"国科大就业","2026-09-08","【致用人单位】10月11日，中国科学院物理研究所2026年秋季专场双选会邀请函","https://mp.weixin.qq.com/s/7HiykozcQZgwhfZeopZCGg","微信读书"
"国科大就业","2026-09-07","招聘 | 中移互联网公司2027校园招聘火热进行中！","https://mp.weixin.qq.com/s/CsxFRJDWbgY5g24ptzzc0A","微信读书"
"国科大就业","2026-09-07","招聘 | 中国移动终端公司2027秋季校园招聘全面启动","https://mp.weixin.qq.com/s/rASNetfRrys3Wx7JLAGT5w","微信读书"
"国科大就业","2026-09-07","招聘 | 【燕东微2027届校园招聘】博士生专场即将开启","https://mp.weixin.qq.com/s/ZuSXWYZHzo6DB-Dt7XYYEg","微信读书"
"国科大就业","2026-09-07","宣讲会丨9月10日 天隼实验室2027届校园招聘正式启幕","https://mp.weixin.qq.com/s/y6MDIOYSIPBCaSa19D9lXQ","微信读书"
"国科大就业","2026-09-07","宣讲会 | 9月10日 中芯国际2027届校园招聘正式启动","https://mp.weixin.qq.com/s/JHEVaL8v5-CouRyjwcEtqQ","微信读书"
"国科大就业","2026-09-07","宣讲会 | 9月10日 美团 2027 届校园招聘全球启动！","https://mp.weixin.qq.com/s/HOsrUZMVXA0XTqNaPwg_pw","微信读书"
"国科大就业","2026-09-07","宣讲会 | 9月10日 金发科技2027届全球校园招聘正式启动！","https://mp.weixin.qq.com/s/4Den385A6li2teQtPhkvIA","微信读书"
"国科大就业","2026-09-07","活动预告 | 就业指导系列讲座——秋招求职建议与选择","https://mp.weixin.qq.com/s/n3-Ea_m1aH6P4mS-aNAWQA","微信读书"
"国科大就业","2026-09-05","招聘丨中国一汽2027全球校园招聘","https://mp.weixin.qq.com/s/kYgxlmXUoX8HqwOvKYReGQ","微信读书"
"国科大就业","2026-09-05","招聘 | 中信集团总部2027年校园招聘全面启动","https://mp.weixin.qq.com/s/B69eFY9kZsvIaJq39SkD2g","微信读书"
"国科大就业","2026-09-05","招聘 | 中国移动在线营销服务中心2027校园招聘正式启动","https://mp.weixin.qq.com/s/rQAKERH1wI4bHNVdaYGRrg","微信读书"
"国科大就业","2026-09-05","招聘 | 易方达基金2027届校园招聘—AI人才专场","https://mp.weixin.qq.com/s/gDHp_hhAfuTwuj04md502g","微信读书"
"国科大就业","2026-09-05","招聘 | 成都新易盛通信技术股份有限公司27届校园招聘","https://mp.weixin.qq.com/s/xsbLn9OIu_ze9eV_wZkpaw","微信读书"
"国科大就业","2026-09-05","宣讲会 | 9月9日 中国东方资产2027年度校园招聘正式启动","https://mp.weixin.qq.com/s/rmGpz2JSAhTvS97RpeaIVQ","微信读书"
"国科大就业","2026-09-05","宣讲+双选 | 9月9日 中国移动2027校园招聘—中国科学院大学专场","https://mp.weixin.qq.com/s/9ZJ8ejKaTDKAKGNegvxdOg","微信读书"
"国科大就业","2026-09-05","就业讲堂 | 劳动合同能变更吗？","https://mp.weixin.qq.com/s/WR0O9XVyZEC_rKS5-cmu_w","微信读书"
"国科大就业","2026-09-04","招聘 | 易方达基金2027届校园招聘","https://mp.weixin.qq.com/s/REahqxBqhqiMWAcbiW1PZg","微信读书"
"国科大就业","2026-09-04","招聘 | 2027联通研究院校园招聘，正式启动！","https://mp.weixin.qq.com/s/wnXBLu3e8SviNKDyjrzx7g","微信读书"
"国科大就业","2026-09-04","招聘 | “梦想靠岸”招商银行北京分行2027校园招聘","https://mp.weixin.qq.com/s/2wZS5aVaufEavjC2fdRktA","微信读书"
"国科大就业","2026-09-04","邀请函 | 9月23日 高博人才“新质引擎·智领未来”全国巡回博士、博士后高层次人才专场签约洽谈会—中国科学院大学站","https://mp.weixin.qq.com/s/YEyHYCzEwsAxYnGH-35KoA","微信读书"
"国科大就业","2026-09-04","邀请函 | 【大连】中国科学院大连化物所2026年秋季硕博专场招聘会邀请函","https://mp.weixin.qq.com/s/TEZhLxJM0ObhUfaXRZjRyg","微信读书"
"国科大就业","2026-09-04","宣讲会 | 9月8日 DJI 大疆 2027“拓疆者”校园招聘全面开启！","https://mp.weixin.qq.com/s/0thzanKinuGqr0EXIsRJTw","微信读书"
"国科大就业","2026-09-04","宣讲会 | 9月8日 北方华创微电子2027届全球校园招聘全面开启","https://mp.weixin.qq.com/s/Rcw9-ojvk6RjI4jDYhJpxg","微信读书"
"国科大就业","2026-09-04","宣讲+双选 | 9月8日 信息支援部队直接选拔招录军官","https://mp.weixin.qq.com/s/WUq9-WYmpxS-32mqatSWmA","微信读书"
"国科大就业","2026-09-03","招聘｜中信银行2027年校园招聘正式启动","https://mp.weixin.qq.com/s/rSmHCted0IiX5e5UdxX1Bw","微信读书"
"国科大就业","2026-09-03","招聘 | 中冶南方都市环保2027届校园招聘正式启动！","https://mp.weixin.qq.com/s/NaYuc3S1tIM64CwZiEwxGA","微信读书"
"国科大就业","2026-09-03","招聘 | 网易有道2027秋季校园招聘正式启动","https://mp.weixin.qq.com/s/tGlnQuKQxUAee6GBUyXa1g","微信读书"
"国科大就业","2026-09-03","招聘 | 完美世界2027秋季校园招聘正式启动！","https://mp.weixin.qq.com/s/IeCOrPE6O2a_kUWFUmBuBA","微信读书"
"国科大就业","2026-09-03","招聘 | 零跑汽车2027届校园招聘全球启动！","https://mp.weixin.qq.com/s/Ai4BbX6Pji8u_W__PR0ruw","微信读书"
"国科大就业","2026-09-03","招聘 | 海艺科技2027届校园招聘，正式启动！","https://mp.weixin.qq.com/s/V4veWM4SrpHILmzA0wlyzg","微信读书"
"国科大就业","2026-09-03","招聘 | 鼎阳科技2027届校园招聘正式开启！","https://mp.weixin.qq.com/s/fy7Voi07ke6KsWMje4TaSw","微信读书"
"国科大就业","2026-09-03","就业讲堂 | 申请劳动仲裁的具体程序是什么？","https://mp.weixin.qq.com/s/u24X-btLzCvHQAEii2wR-A","微信读书"
"国科大就业","2026-09-02","招聘｜光启2027届校园招聘正式启动","https://mp.weixin.qq.com/s/FoIl8WUip-ht0SY8r7weYw","微信读书"
"国科大就业","2026-09-02","招聘 | 质见万象 诚赴新光 | SGS 2027校园招聘正式启动！","https://mp.weixin.qq.com/s/zzoQ1n6vlsJVRM-6BVJ97g","微信读书"
"国科大就业","2026-09-02","招聘 | 航空工业成飞2027届校园招聘正式启动！","https://mp.weixin.qq.com/s/Fq_Ts5Z52_mEDq2fcaZydg","微信读书"
"国科大就业","2026-09-02","招聘 | 国泰海通证券股份有限公司湖南分公司2027届校园招聘正式启动","https://mp.weixin.qq.com/s/z-_YXKdY88972gLEyIUEig","微信读书"
"国科大就业","2026-09-02","招聘 | 菲亚兰德集团2027届校园招聘正式启动！","https://mp.weixin.qq.com/s/dvSbjRb1M5D3FlJVrdAicg","微信读书"
"国科大就业","2026-09-02","邀请函 | 9月22日 中国科学院化学研究所秋季专场招聘会参会单位招募中","https://mp.weixin.qq.com/s/ZdIECDM-_Vu9awkPhPFDJw","微信读书"
"国科大就业","2026-09-02","邀请函 | 9月15日 中国科学院大学杭州高等研究院2026年秋季校园招聘会","https://mp.weixin.qq.com/s/5r10DTBUJvXmqoyfAGtqjA","微信读书"
"国科大就业","2026-09-02","“京彩助梦・成功就业”9月线上公益讲座预告","https://mp.weixin.qq.com/s/BZu_agfXIOoi4p02lUDhmw","微信读书"
"国科大就业","2026-09-01","招聘 | 中兴通讯2027届校园招聘正式启动","https://mp.weixin.qq.com/s/iBlOd9mFygTdzNEwMM9BRA","微信读书"
"国科大就业","2026-09-01","招聘 | 中国人民保险集团2027届统筹校园招聘正式启动！","https://mp.weixin.qq.com/s/2Zcob_1xoaWtereTR2sbhQ","微信读书"
"国科大就业","2026-09-01","招聘 | 招银云创2027届校园招聘正式启动！","https://mp.weixin.qq.com/s/hCWxbnsqSDiASitD4ZG3CA","微信读书"
"国科大就业","2026-09-01","招聘 | 唯捷创芯2027届校招正式开启","https://mp.weixin.qq.com/s/vZSEfXDTbutUBEVB4dh1nQ","微信读书"
"国科大就业","2026-09-01","招聘 | 上海宇量昇科技有限公司2027届校园招聘","https://mp.weixin.qq.com/s/aL8M-Cp-qFPPC0xQ4nizhQ","微信读书"
"国科大就业","2026-09-01","招聘 | 北方集成电路技术创新中心2027届校园招聘全面启动！","https://mp.weixin.qq.com/s/bzsru2zF9XJ2lSFlHhqYhA","微信读书"
"国科大就业","2026-09-01","邀请函 | 9月22日「千校招聘线路」中国科学院大学2027届毕业生秋季大型校园招聘会","https://mp.weixin.qq.com/s/rTWNHuxukmtLzZUr3tTDjw","微信读书"
"国科大就业","2026-09-01","邀请函 | 9月10日 中研博硕2026年秋季全国博士、博士后高层次人才巡回签约洽谈会--中国科学院大学站","https://mp.weixin.qq.com/s/BH79Cc0U-3BcNR4iCdMdCw","微信读书"
"国科大就业","2026-08-31","招聘 | 中际旭创2027届全球校园招聘正式启动！","https://mp.weixin.qq.com/s/qnrrz95qTfkmu9jo6q-SxA","微信读书"
"国科大就业","2026-08-31","招聘 | 中国久远CAE软件事业部2027届校园招聘火热开启！","https://mp.weixin.qq.com/s/lYDMtl_T_D7DQJYBQTzJZg","微信读书"
"国科大就业","2026-08-31","招聘 | 知象光电2027届秋季校园招聘正式启动！","https://mp.weixin.qq.com/s/OxlArNDi_TFiRZFaX0izRQ","微信读书"
"国科大就业","2026-08-31","招聘 | 金钢科技2027秋招正式启动","https://mp.weixin.qq.com/s/wkS7-1cRNubk9oyAvNKH-Q","微信读书"
"国科大就业","2026-08-31","招聘 | 金发科技|2027届校招岗位清单！","https://mp.weixin.qq.com/s/PZMcbFVd6gPnHn5WAcb7Eg","微信读书"
"国科大就业","2026-08-31","招聘 | 航空工业洪都2027届校园招聘正式启动","https://mp.weixin.qq.com/s/odeciNbXsFruug-Dxn9c8g","微信读书"
"国科大就业","2026-08-31","宣讲会 | 荣耀27届校招宣讲 | 9月3日 中国科学院大学专场","https://mp.weixin.qq.com/s/57FDEp4uNnyiqv8TLfH6Pg","微信读书"
"国科大就业","2026-08-31","就业讲堂 | @职场新人：签合同警惕这几个陷阱！","https://mp.weixin.qq.com/s/9KbPuX3_1udiOFYCTJLFCA","微信读书"
"国科大就业","2026-08-29","招聘丨日立能源2027届校园招聘正式启动","https://mp.weixin.qq.com/s/7ewfsBQ8x--youOMkic-Tg","微信读书"
"国科大就业","2026-08-29","招聘 | 中国航发南方工业有限公司2027届校园招聘正式启动","https://mp.weixin.qq.com/s/B8_Ie3_beywfaTw-LZJoOg","微信读书"
"国科大就业","2026-08-29","招聘 | 中国电科五十五所2027届校园招聘正式启动","https://mp.weixin.qq.com/s/vAAxeNL66mbXBULebZ1nUg","微信读书"
"国科大就业","2026-08-29","招聘 | 理想汽车2027校园招聘正式启动","https://mp.weixin.qq.com/s/Cg60v8SIGj4mziMAlN1N6A","微信读书"
"国科大就业","2026-08-29","招聘 | 巨一科技2027届校园招聘正式启动","https://mp.weixin.qq.com/s/Tub8wKHu4n8Im4MVVnzJ3g","微信读书"
"国科大就业","2026-08-29","招聘 | 电科金仓2027校园招聘火热启动","https://mp.weixin.qq.com/s/eqswU7cReJJ0zEGpMk42fg","微信读书"
"国科大就业","2026-08-29","招聘 | 北京国望光学科技有限公司2027届秋季校园招聘正式启动","https://mp.weixin.qq.com/s/IQu0RUXS0Hr8iWjK4r9ODQ","微信读书"
"国科大就业","2026-08-29","小红书REDstar·2027顶尖人才计划：让技术进入真实世界，创造下一个可能","https://mp.weixin.qq.com/s/jcKeSfWGGa98HmFV3ov_nA","微信读书"
"国科大就业","2026-08-28","招聘 | 兆芯2027校园招聘正式启动","https://mp.weixin.qq.com/s/ld3PLbM0wowjNFiOVTmliQ","微信读书"
"国科大就业","2026-08-28","招聘 | 算能2027届AI天才招聘正式启动","https://mp.weixin.qq.com/s/p7ZHQNmIOvlSiSOYeoq_cA","微信读书"
"国科大就业","2026-08-28","招聘 | 酷睿程2027届校园招聘正式启动","https://mp.weixin.qq.com/s/X1k1zTKP425ErQzBnUsUnw","微信读书"
"国科大就业","2026-08-28","招聘 | 徽商银行总行管培生（徽星计划）2027年校园招聘公告","https://mp.weixin.qq.com/s/xG0iujUsTacrC0_JrFU2jw","微信读书"
"国科大就业","2026-08-28","招聘 | 高拓讯达2027届校园招聘火热进行中","https://mp.weixin.qq.com/s/eyQc-xlpMpw8CfLH_UzCCg","微信读书"
"国科大就业","2026-08-28","招聘 | 趁年轻 耀精彩！机械革命2027届校园招聘正式启动","https://mp.weixin.qq.com/s/JpLNAXp6ViPmaldXBMw-FA","微信读书"
"国科大就业","2026-08-28","招聘 | 2027届禾迈股份校园招聘正式启动","https://mp.weixin.qq.com/s/NqeChQdj64NZEs3yOcF43w","微信读书"
"国科大就业","2026-08-28","宁德时代2027届全球校园招聘正式启动","https://mp.weixin.qq.com/s/59ECoOCMzN-lf5qdEAubTA","微信读书"
"国科大就业","2026-08-27","招聘 | TCL华星2027届秋季校园招聘正式启动！","https://mp.weixin.qq.com/s/YnA1rZUHZ9QqEwBR1oMNOA","微信读书"
"国科大就业","2026-08-27","招聘 | 卓识基金2027校园招聘正式启动","https://mp.weixin.qq.com/s/6nu3FD24nPN08a1akEeISw","微信读书"
"国科大就业","2026-08-27","招聘 | 中久数创2027届校园招聘正式启动！","https://mp.weixin.qq.com/s/e7gYjeZIyIG_xPI6nAuQUQ","微信读书"
"国科大就业","2026-08-27","招聘 | 携程集团2027届秋季校园招聘正式启动！","https://mp.weixin.qq.com/s/cb3eZZeb9xOD2jdFTv3o5A","微信读书"
"国科大就业","2026-08-27","招聘 | 诺瓦星云2027届校园招聘正式启动！","https://mp.weixin.qq.com/s/UA1zMdWkuX9Kqn8mflgV9A","微信读书"
"国科大就业","2026-08-27","招聘 | 海尔智家2027届全球校园招聘正式启动！","https://mp.weixin.qq.com/s/q4jc99woZN_paPhJYLIzgQ","微信读书"
"国科大就业","2026-08-27","就业讲堂｜试用期里可以随意解聘？","https://mp.weixin.qq.com/s/0iCmrWbjrPdoDqZFypafNA","微信读书"
"国科大就业","2026-08-27","大赛通知 | 中国国际大学生创新大赛（2026）| 中国科学院大学校内选拔赛报名启动","https://mp.weixin.qq.com/s/eTJ60x4DA11ZGV30QeJ1-g","微信读书"
"国科大就业","2026-08-26","招聘丨永芯科技2027校园招聘正式启动！","https://mp.weixin.qq.com/s/wR8yidseF7LtgfBHkLhh5w","微信读书"
"国科大就业","2026-08-26","招聘｜成都华微2027校园招聘正式启动","https://mp.weixin.qq.com/s/whLkq9nZ4ELxJ-tL9we3Fw","微信读书"
"国科大就业","2026-08-26","招聘 | 中物院高性能数值模拟软件中心招聘","https://mp.weixin.qq.com/s/I5hqW3KOLS8TYH5L3eFxKA","微信读书"
"国科大就业","2026-08-26","招聘 | 中科芯2027届校园招聘正式启动","https://mp.weixin.qq.com/s/85OPwYvBBlAbixNNwRg2yQ","微信读书"
"国科大就业","2026-08-26","招聘 | 千里科技2027届校园招聘正式启动！","https://mp.weixin.qq.com/s/HjZZcUMEQJ5D6ejsKeQBUA","微信读书"
"国科大就业","2026-08-26","招聘 | 平安银行北京分行2027届秋季校园招聘","https://mp.weixin.qq.com/s/m93TFm7xWmwsj_Zy6pjaOg","微信读书"
"国科大就业","2026-08-26","招聘 | 北京证券交易所 全国股转公司2026年人员招聘公告","https://mp.weixin.qq.com/s/1AcLkhxJBCJ9NKEOA8DBWQ","微信读书"
"国科大就业","2026-08-26","邀请函 |【天津】9月22日 中国科学院天津工业生物技术研究所合成生物与生物制造领域人才双选会邀请函","https://mp.weixin.qq.com/s/-87mVdpqgwE8NG51DYaGUw","微信读书"
"国科大就业","2026-08-25","招聘 | 中国航天科技集团商业卫星有限公司 2027 届校招（提前批）专项活动","https://mp.weixin.qq.com/s/PKknAEyN-O6Hte2Ht83KIg","微信读书"
"国科大就业","2026-08-25","招聘 | 亚马逊2027校园招聘正式启动！","https://mp.weixin.qq.com/s/M2MpRh0PqvXCVsaVWwvPXw","微信读书"
"国科大就业","2026-08-25","招聘 | 昇维旭2027校园招聘正式启动","https://mp.weixin.qq.com/s/K3lgx4nGKsoy60-nTvrIQw","微信读书"
"国科大就业","2026-08-25","招聘 | 康冠科技2027届校园招聘正式启动！","https://mp.weixin.qq.com/s/ws1cY9n6uQrHMiqASiAiHg","微信读书"
"国科大就业","2026-08-25","招聘 | 工大卫星27届校园招聘正式启动","https://mp.weixin.qq.com/s/9HnoZHpi9MluOFjND_8IMg","微信读书"
"国科大就业","2026-08-25","招聘 | 度小满2027校园招聘启动","https://mp.weixin.qq.com/s/PvUs3ukEa2RN58Y-N2kOeA","微信读书"
"国科大就业","2026-08-25","宣讲会 | 8月31日 吉利G-top前沿Π·专场邀请函","https://mp.weixin.qq.com/s/eSKve0gTwh9cH4LVrW-eKg","微信读书"
"国科大就业","2026-08-25","就业讲堂 | 没签劳动合同，能主张两倍工资吗？","https://mp.weixin.qq.com/s/1QUO4CC1pKIv_CAcgsjzTA","微信读书"
"国科大就业","2026-08-24","招聘｜台积电2027届秋招正式启动！","https://mp.weixin.qq.com/s/Ju7SEDekqMwdOr2R4N3zHA","微信读书"
"国科大就业","2026-08-24","招聘 | BMW集团管培生项目正式启动","https://mp.weixin.qq.com/s/ycxxtJWli-SZ4gHnZ4M5ig","微信读书"
"国科大就业","2026-08-24","招聘 | 小鹏集团2027届「探索者计划」全球校园招聘启动","https://mp.weixin.qq.com/s/b-Lob1ExzikP02Fl4wg-tQ","微信读书"
"国科大就业","2026-08-24","招聘 | 西北化工研究院2027年度校园招聘","https://mp.weixin.qq.com/s/_5gWTpOqM4PZmVbkcVAAKg","微信读书"
"国科大就业","2026-08-24","招聘 | 海信集团2027届全球校园招聘正式启动！","https://mp.weixin.qq.com/s/t42WUMzX-ndNI3Y6LplfFQ","微信读书"
"国科大就业","2026-08-24","招聘 | 海康威视2027校园招聘正式启动！","https://mp.weixin.qq.com/s/6Zp55u8F8Xx2_G6M8Dm3LQ","微信读书"
"国科大就业","2026-08-24","招聘 | 安居成都，启航动力心未来——中国航发成都发动机有限公司2027届校园招聘","https://mp.weixin.qq.com/s/nFzbo6f1E4c606pWGKxOgA","微信读书"
"国科大就业","2026-08-24","大赛通知 | 首届“北京大学全球金融 AI 智能体创新大赛”诚邀各位同学参加","https://mp.weixin.qq.com/s/lS4xRQ1DTjEqfupwUlH8YQ","微信读书"
"国科大就业","2026-08-23","招聘｜英特尔2027校园招聘正式启动！","https://mp.weixin.qq.com/s/2SYMyaYd1EDL-Chov3wFHQ","微信读书"
"国科大就业","2026-08-23","招聘｜经纬恒润2027校园招聘正式启航——恒星计划 智启未来","https://mp.weixin.qq.com/s/EuuizLee0Vjcjna6dw6RKg","微信读书"
"国科大就业","2026-08-23","招聘｜广发证券2027届秋季校园招聘正式启动","https://mp.weixin.qq.com/s/sn6-8FYkbf4b_kLG1Y0OPQ","微信读书"
"国科大就业","2026-08-23","招聘 | 中科飞测2027届校园招聘正式启动","https://mp.weixin.qq.com/s/nztj8qVrEX4vTNDW2b_bBQ","微信读书"
"国科大就业","2026-08-23","招聘 | 美团 2027 届校园招聘全球启动！","https://mp.weixin.qq.com/s/wVPImSpXcnlfgylvQ_FpUg","微信读书"
"国科大就业","2026-08-23","邀请函丨9月18日 “京彩就业”中国科学院大学2027届毕业生秋季首场双选会","https://mp.weixin.qq.com/s/gcxu7BSOnfGqPtqelpED3A","微信读书"
"国科大就业","2026-08-22","中国科学院大学2026年秋季校园招聘活动邀请函","https://mp.weixin.qq.com/s/JmuwhCR3tV7miRIaoBAU5Q","微信读书"
"国科大就业","2026-08-22","招聘 | CVTE2027届秋季校园招聘启动！","https://mp.weixin.qq.com/s/LY-K21AfcEtBA_cSsA8YKQ","微信读书"
"国科大就业","2026-08-22","招聘 | 中微公司2027「登峰计划」校园招聘全面启动","https://mp.weixin.qq.com/s/HhZhNrM9eaktTHpE_gq9eQ","微信读书"
"国科大就业","2026-08-22","招聘 | 优必选科技股份有限公司2027届校园招聘","https://mp.weixin.qq.com/s/VqlOqXtwCZAcRpgH3PILrg","微信读书"
"国科大就业","2026-08-22","招聘 | 奥比校招 | 2027届算法岗位投递指南","https://mp.weixin.qq.com/s/D-E-fn8b7nNcIC9jSSWPzQ","微信读书"
"国科大就业","2026-08-22","招聘 | 2027届朗坤科技全球校园招聘|循绿而生，智造未来","https://mp.weixin.qq.com/s/5aafj43Ud08QUZdNSRxt6g","微信读书"
"国科大就业","2026-08-22","就业讲堂 | 实习不是走形式！教你科学规划实习经历","https://mp.weixin.qq.com/s/cwUdk3yQ6_--J5wf4woRkw","微信读书"
"国科大就业","2026-08-22","@全球博士：集合！ 来广州南沙开启AI+海洋科技“深蓝副本”","https://mp.weixin.qq.com/s/REy9cT2RulrAe4HwcZAZ8w","微信读书"
"国科大就业","2026-08-21","招聘 | DEXMAL 原力灵机 2027 届校园招聘正式启动！","https://mp.weixin.qq.com/s/Yyvrcm7lfBX8tkMxr4R4Tw","微信读书"
"国科大就业","2026-08-21","招聘 | 长光卫星2027届校园招聘正式启动！","https://mp.weixin.qq.com/s/3_QvkK-PAN67KfyT7t0d2Q","微信读书"
"国科大就业","2026-08-21","招聘 | 焕然芯生 智敬未来 | 瑞芯微电子2027届校园招聘正式启动","https://mp.weixin.qq.com/s/qok3pEd1kwaxiDv0WJv29A","微信读书"
"国科大就业","2026-08-21","招聘 | 比亚迪2027届全球校园招聘正式启动！","https://mp.weixin.qq.com/s/3JtGM4rVKQnoB1yestIWgw","微信读书"
"国科大就业","2026-08-21","招聘 | 北京理工大学2026年B系列专职辅导员招聘公告","https://mp.weixin.qq.com/s/CwwSfgT0H7lGLIujqeJaMA","微信读书"
"国科大就业","2026-08-21","双选会 | 9月14日 工信就业-中博汇高层次人才洽谈会2026年度秋季全国巡回招聘会-中国科学院大学博士/博后专场","https://mp.weixin.qq.com/s/8m_fZ6ej_ac53B8tm2tw4A","微信读书"
"国科大就业","2026-08-20","招聘 | 群核科技星核人才计划顶尖技术人才专项全球启动","https://mp.weixin.qq.com/s/NSdNK4TSzaMd90QSNcjt5Q","微信读书"
"国科大就业","2026-08-20","招聘 | 洛阳钼业2027届“矿世奇才”校园招聘正式启动!","https://mp.weixin.qq.com/s/3Fmja51N_bDZWjTok4XNug","微信读书"
"国科大就业","2026-08-20","招聘 | 联合电子2027校园招聘正式启动","https://mp.weixin.qq.com/s/_M-akSo7uZPfHJCXP-4UFQ","微信读书"
"国科大就业","2026-08-20","招聘 | 吉利控股集团2027届全球校园招聘正式启动","https://mp.weixin.qq.com/s/X8QFlHmHRx2OH7bfdyQzVw","微信读书"
"国科大就业","2026-08-20","荣耀2027届校园招聘全球启动","https://mp.weixin.qq.com/s/GkL7myI7Sm95J7GBylv3aw","微信读书"
"国科大就业","2026-08-19","招聘｜宁德新能源(ATL)2027届全球校招正式启动","https://mp.weixin.qq.com/s/3iuFfianhwMuKmKio3ju3A","微信读书"
"国科大就业","2026-08-19","招聘 | 中国东方2027年度校园招聘正式启动","https://mp.weixin.qq.com/s/nU3RUQgj1MH5CGLid-0hUg","微信读书"
"国科大就业","2026-08-19","招聘 | 雪川农业集团2027届全球校园招聘正式启动！","https://mp.weixin.qq.com/s/WlDBjCoP5d5_-KpvU0yU1A","微信读书"
"国科大就业","2026-08-19","招聘 | 美团 2027 届校园招聘全球启动！","https://mp.weixin.qq.com/s/ev-TJSL-5Fp7RkSVxMJSww","微信读书"
"国科大就业","2026-08-19","招聘 | 恒生2027校园招聘正式启动","https://mp.weixin.qq.com/s/R45N1Z8a_oH2ea9Etj8h7Q","微信读书"
"国科大就业","2026-08-19","招聘 | 报名截止至今天16:00 | 浙江省省属事业单位2026年下半年集中公开招聘人员公告","https://mp.weixin.qq.com/s/1R0L7L2mmYe_nS82ayRijQ","微信读书"
"国科大就业","2026-08-19","芯光耀未来 | 上海光通信有限公司2027届校园招聘正式启动！","https://mp.weixin.qq.com/s/q8ddW3JAPv54nDqNa0F1IA","微信读书"
"国科大就业","2026-08-19","就业讲堂 | 面试掌握主动权，三招就够了！","https://mp.weixin.qq.com/s/wZcxJqSf9emCMmnhUUQM4w","微信读书"
"国科大就业","2026-08-18","招聘 | OBSBOT 寻影2027届全球校园招聘正式启动！","https://mp.weixin.qq.com/s/pJy8ymTZs9F8JvvmjjEj7w","微信读书"
"国科大就业","2026-08-18","招聘 | 欣旺达2027届全球校园招聘正式启动！","https://mp.weixin.qq.com/s/1T4IVtM7ee67f4pihyLOEQ","微信读书"
"国科大就业","2026-08-18","招聘 | 三七互娱2027秋季校园招聘启动！","https://mp.weixin.qq.com/s/6MswYavuNjy0UzE7D0iZzA","微信读书"
"国科大就业","2026-08-18","招聘 | 三环集团2027届校园招聘启动啦！","https://mp.weixin.qq.com/s/HbXpAhpZlFWL1XQ_R1ex3Q","微信读书"
"国科大就业","2026-08-18","招聘 | 鹏芯微2027届校园招聘正式启动！","https://mp.weixin.qq.com/s/KbbLgQq-iDWx0YPsA4fUBg","微信读书"
"国科大就业","2026-08-18","招聘 | 绿能星计划—华宝新能2027全球校园招聘正式启动！","https://mp.weixin.qq.com/s/YlkoPFK83oAv3499T3Dqdw","微信读书"
"国科大就业","2026-08-18","招聘 | 2027届纳芯微电子校园招聘正式启动","https://mp.weixin.qq.com/s/n00z211ZdWDVXbBFhCDX3A","微信读书"
"国科大就业","2026-08-18","远景能源2027届全球校园招聘正式启动！","https://mp.weixin.qq.com/s/_8vRVPVw-dCXKsZHNCzvGg","微信读书"
"国科大就业","2026-08-17","招聘丨电科博微、38所2027届校园招聘正式启动！","https://mp.weixin.qq.com/s/11xMoDdsZs_AnmCBTKwobg","微信读书"
"国科大就业","2026-08-17","招聘｜新紫光集团下属产业公司 2027 届校园招聘启动！","https://mp.weixin.qq.com/s/QyzyhtQ4pLbCqA-JBjugVQ","微信读书"
"国科大就业","2026-08-17","招聘 | BIGO｜2027届校园招聘技术专场正式启动！","https://mp.weixin.qq.com/s/sOmfUWABcR6LPsLnh5Zf7w","微信读书"
"国科大就业","2026-08-17","招聘 | 小鹏集团2027届「探索者计划」校招空宣预告，带你锁定心仪Offer！","https://mp.weixin.qq.com/s/jbSKNTOrP0EnRn_xk-4Qmg","微信读书"
"国科大就业","2026-08-17","招聘 | 腾讯CDG 2027 校园招聘全面启动","https://mp.weixin.qq.com/s/d_NU4l49koDzGp2HyZ9mZA","微信读书"
"国科大就业","2026-08-17","招聘 | 顺丰科技2027届校园招聘提前批启动！","https://mp.weixin.qq.com/s/zdc0ga8LHrhrTZaHWSSg7A","微信读书"
"国科大就业","2026-08-17","招聘 | 点点互动2027应届生校园招聘正式启动！","https://mp.weixin.qq.com/s/59DKGt-WJmcrk5Ck9YJ5mQ","微信读书"
"国科大就业","2026-08-17","华为2027届应届生招聘启动","https://mp.weixin.qq.com/s/pMIOt2Ixhovh_BvhMvF7aw","微信读书"
"国科大就业","2026-08-14","招聘 | 新华三集团2027届校园招聘全球启动","https://mp.weixin.qq.com/s/GhPVOiFG3NoqIeczY6HThQ","微信读书"
"国科大就业","2026-08-14","招聘 | 三安集成2027届校园招聘火热开启！","https://mp.weixin.qq.com/s/MoJb9KKg1jvFGoJTdTvJLA","微信读书"
"国科大就业","2026-08-14","招聘 | “青春赴星海·未来闪芯光”海光信息2027届校园招聘正式启动！","https://mp.weixin.qq.com/s/ngUjh9m9SjvZDXIuoytpsQ","微信读书"
"国科大就业","2026-08-14","滴滴2027届校园招聘正式启动！","https://mp.weixin.qq.com/s/pRPP3BEMNjnFJZ4DY8e6Cw","微信读书"
"国科大就业","2026-08-13","招聘｜迅雷2027校园招聘","https://mp.weixin.qq.com/s/dzRUQpU59oWRkYk1bNL6Nw","微信读书"
"国科大就业","2026-08-13","招聘｜微步在线2027届校招开启啦~欢迎投递！","https://mp.weixin.qq.com/s/sm-prAxRbg1y12DUlvGP0w","微信读书"
"国科大就业","2026-08-13","招聘｜高德地图2027届应届生招聘正式启动！","https://mp.weixin.qq.com/s/jnJjiTzY9aGy2_k0uHlf-A","微信读书"
"国科大就业","2026-08-13","招聘 | MPS芯源系统2027校园招聘正式启动！","https://mp.weixin.qq.com/s/yZcgfq-xCeRM-YDooyRZ3g","微信读书"
"国科大就业","2026-08-13","招聘 | 中芯国际2027届校园招聘正式启动","https://mp.weixin.qq.com/s/b5kiqei2wAGsut-BUo1Ttg","微信读书"
"国科大就业","2026-08-13","招聘 | 砺算科技2027校园招聘职位开启","https://mp.weixin.qq.com/s/pAqa6zv0lN9V7EAVnq9MWg","微信读书"
"国科大就业","2026-08-13","有鹅选鹅！腾讯2027校园招聘全球启动","https://mp.weixin.qq.com/s/oxz98Rm_TJXu9nTRXmM2Zw","微信读书"
"国科大就业","2026-08-13","“京彩助梦 成功就业”8月线上公益讲座预告","https://mp.weixin.qq.com/s/Ruaw7W9VDrwlYK6YzflCDA","微信读书"
"国科大就业","2026-08-12","招聘｜中国航发2027届校园招聘","https://mp.weixin.qq.com/s/I-OCre9JiiQ-hDqiNEybIA","微信读书"
"国科大就业","2026-08-12","招聘｜阳光电源2027届全球校园招聘正式启动！","https://mp.weixin.qq.com/s/wi9S4Y5A16S_3YYEoatFew","微信读书"
"国科大就业","2026-08-12","招聘 | 龙湖集团2027届仕官生校园招聘正式启动","https://mp.weixin.qq.com/s/uAw2kUFuIzyE3yl8Sc9dWA","微信读书"
"国科大就业","2026-08-12","招聘 | 联想2027校园招聘宣讲会行程公布 | 解锁真实工作体验","https://mp.weixin.qq.com/s/fiWJiHnI_RtUztXqQd0k7A","微信读书"
"国科大就业","2026-08-12","招聘 | 晶丰明源2026年秋季校园招聘正式启动！","https://mp.weixin.qq.com/s/zIRvQByvBS_IPfRvXwjm0Q","微信读书"
"国科大就业","2026-08-12","招聘 | 江苏高科技投资集团有限公司2026年夏季招聘公告","https://mp.weixin.qq.com/s/Qelq_3g2MdoNJa0b5F-30w","微信读书"
"国科大就业","2026-08-12","邀请函丨华为2027届顶尖AI人才招聘专项行动--顶尖人才峰会暨挑战课题发布会","https://mp.weixin.qq.com/s/8JX55sAA2cufVc0PGIxDaw","微信读书"
"国科大就业","2026-08-11","AI Star Program 顶尖技术人才招募正式启动！","https://mp.weixin.qq.com/s/wbUaDW4dOLD9kZlTfsSpmw","微信读书"
"国科大就业","2026-08-11","招聘丨拓竹科技2027届校园招聘正式启动","https://mp.weixin.qq.com/s/Q6agyaoRtzYwF57M0B3EjA","微信读书"
"国科大就业","2026-08-11","招聘丨去哪儿旅行2027届校园招聘正式启动","https://mp.weixin.qq.com/s/hhQfJR9HQXPmuwb0J6lexA","微信读书"
"国科大就业","2026-08-11","招聘 | Shopee研发中心2027届校园招聘，全球招募！","https://mp.weixin.qq.com/s/KAbgmDldPjHMcOPWrcL7vw","微信读书"
"国科大就业","2026-08-11","招聘 | 亿联网络2027届校园招聘提前批正式启动","https://mp.weixin.qq.com/s/jwF2PT77KuNKO25IbzYlEA","微信读书"
"国科大就业","2026-08-11","招聘 | 上场，与世界交手 | 地平线2027届秋季校园招聘","https://mp.weixin.qq.com/s/L8BTqQxRw18vXKJ1s5db6g","微信读书"
"国科大就业","2026-08-11","招聘 | 九坤投资专项英才计划——“揽月计划”校园招聘正式启动！","https://mp.weixin.qq.com/s/HWV4dLw2gASxETLjkf39jw","微信读书"
"国科大就业","2026-08-11","招聘 | 安永秋季应届毕业生招聘及审计寒假实习生招聘，网申启动！","https://mp.weixin.qq.com/s/LW6JuWunoakUM8-qxgxndQ","微信读书"
"国科大就业","2026-08-10","招聘｜光大证券2027校园招聘正式启动","https://mp.weixin.qq.com/s/fWL_dlgB-etWLwuc6YweFQ","微信读书"
"国科大就业","2026-08-10","招聘｜德州仪器2027届秋季校园招聘全面开启","https://mp.weixin.qq.com/s/hcU7Ty5nGcPOUX3k7AB_AQ","微信读书"
"国科大就业","2026-08-10","招聘 | 中微公司2027届「登峰计划」校园招聘博士提前批启动","https://mp.weixin.qq.com/s/oHoUBPcYLYwOTDimjldd8A","微信读书"
"国科大就业","2026-08-10","招聘 | 中国东方资产2027年度校园招聘正式启动","https://mp.weixin.qq.com/s/ifwd9RHF8mdRU9tx_FvWCg","微信读书"
"国科大就业","2026-08-10","招聘 | 淘宝闪购2027届应届生招聘正式启动","https://mp.weixin.qq.com/s/a5Q48UsEG7yLZ0gKY0PD8w","微信读书"
"国科大就业","2026-08-10","招聘 | 蚂蚁集团 2027 校园招聘正式启动！","https://mp.weixin.qq.com/s/9ucoyTbrijhGavf9vQdJAg","微信读书"
"国科大就业","2026-08-10","招聘 | 阿里云智能集团2027届应届生招聘全球启动！","https://mp.weixin.qq.com/s/dnACmS38z2ktVIaHy5VuJg","微信读书"
"国科大就业","2026-08-10","小米2027届全球校园招聘正式启动","https://mp.weixin.qq.com/s/fgMwhaXRb_N7Az9QxvVTlg","微信读书"
"国科大就业","2026-08-08","招聘 | 远景能源2027届全球校园招聘正式启动！","https://mp.weixin.qq.com/s/gFMPYEMWoe2f6NML7-_94Q","微信读书"
"国科大就业","2026-08-08","招聘 | 燕东微2027届校园招聘博士生专场即将开启！","https://mp.weixin.qq.com/s/a22JJ_8RoLOmiKHr1m9Elw","微信读书"
"国科大就业","2026-08-08","招聘 | 鹏新旭27届博士招聘正式启动！","https://mp.weixin.qq.com/s/WFxqVca4yTWe2RQDq8NVug","微信读书"
"国科大就业","2026-08-08","寒武纪2027届校园招聘正式启动","https://mp.weixin.qq.com/s/lXVMF6m_bp6FoR64WC7kGw","微信读书"
"国科大就业","2026-08-07","招聘｜叠纸游戏2027校园招聘启动","https://mp.weixin.qq.com/s/Ks9ERuzyG2vfyyzANbmPZw","微信读书"
"国科大就业","2026-08-07","招聘 | 中泰证券2027届秋季校园招聘启动","https://mp.weixin.qq.com/s/yMiSrdFBwrKXRhBzIOkmEQ","微信读书"
"国科大就业","2026-08-07","招聘 | 中国电信天翼云2027届校园招聘全面启动！","https://mp.weixin.qq.com/s/7ndtfRezyTyjBCZA7kwuaA","微信读书"
"国科大就业","2026-08-07","招聘 | 睿创微纳2027“追光者”校园招聘全面启动","https://mp.weixin.qq.com/s/8Rk85KB6gqzPv-pjWzyWeA","微信读书"
"国科大就业","2026-08-07","招聘 | 联想2027校园招聘全面启动！","https://mp.weixin.qq.com/s/RyX1ELKhBCQLFq4_8PA9gw","微信读书"
"国科大就业","2026-08-07","招聘 | 哔哩哔哩2027届秋季校园招聘正式启动！","https://mp.weixin.qq.com/s/rIVsllN97vJ11uz8jDhnNg","微信读书"
"国科大就业","2026-08-07","招聘 | 毕马威2027秋季校园招聘正式启动","https://mp.weixin.qq.com/s/z3uvp-_uhwliavoMI8S7CQ","微信读书"
"国科大就业","2026-08-07","就业讲堂 | 线上签合同避坑指南：如何确认电子劳动合同平台是否合规？","https://mp.weixin.qq.com/s/zrrw4gaP2SwdPXO81QBEzQ","微信读书"
"国科大就业","2026-08-06","招聘 | Momenta 2027 Mstar顶尖人才计划全球招聘正式启动","https://mp.weixin.qq.com/s/oYQOxQ75qujDLSz1SmrCPw","微信读书"
"国科大就业","2026-08-06","招聘 | 米哈游2027校园招聘正式启动！","https://mp.weixin.qq.com/s/TFwmv2hZnr0v4Jqd8vrLxQ","微信读书"
"国科大就业","2026-08-06","招聘 | 江苏中烟2026年度公开招收博士后研究人员公告","https://mp.weixin.qq.com/s/tYIvKhiaZn7ioiFxB_5Qdw","微信读书"
"国科大就业","2026-08-06","招聘 | 创维集团2027届全球校园招聘正式启动！","https://mp.weixin.qq.com/s/ABoGj5pqgwUoF4R94oAhjg","微信读书"
"国科大就业","2026-08-06","招聘 | 阿里国际｜2027届应届生招聘正式启动！","https://mp.weixin.qq.com/s/2SMQp16R8S6xq5Uo4S_aMw","微信读书"
"国科大就业","2026-08-06","招聘 | 2027 普华永道校园招聘正式开启","https://mp.weixin.qq.com/s/qXIkTPo0x1VnUwnoa9Oagw","微信读书"
"国科大就业","2026-08-06","芯恩2027届校园招聘正式启动！","https://mp.weixin.qq.com/s/2tt5qFxv5s0ckM-N6EeO6g","微信读书"
"国科大就业","2026-08-06","2027空天院校招提前批暨交流日活动即将开启","https://mp.weixin.qq.com/s/Ljlp1uFgkCldgaOeihG2vw","微信读书"
"国科大就业","2026-08-05","字节跳动 2027 校园招聘正式启动！","https://mp.weixin.qq.com/s/Szm5DWkFqYma3uwgo8is2Q","微信读书"
"国科大就业","2026-08-05","招聘｜招商银行·招银网络科技2027届秋季校园招聘全球启动！","https://mp.weixin.qq.com/s/TBB0D7R8LcOcNHHRuAo3VQ","微信读书"
"国科大就业","2026-08-05","招聘 | 宇石空间2027届校招&实习生计划正式启动！","https://mp.weixin.qq.com/s/5c3TtbW_PdjDvGGSeiHw4w","微信读书"
"国科大就业","2026-08-05","招聘 | 思勰投资2027校园招聘","https://mp.weixin.qq.com/s/88jb7JrWyFewtDki2ezBPA","微信读书"
"国科大就业","2026-08-05","招聘 | 浪潮集团2027届校园招聘提前批正式启动！","https://mp.weixin.qq.com/s/Fto4Rhhgu27BsmhONcl1AQ","微信读书"
"国科大就业","2026-08-05","招聘 | 晋华集成电路2027年校园招聘","https://mp.weixin.qq.com/s/xfVM1hCoBk9n8sBYkTcnAA","微信读书"
"国科大就业","2026-07-31","招聘丨腾讯音乐娱乐集团技术大咖校园招聘启动","https://mp.weixin.qq.com/s/4yJrqlohZJ8ZiLmJ44z4bw","微信读书"
"国科大就业","2026-07-31","招聘｜新凯来光学类岗位招聘","https://mp.weixin.qq.com/s/vWqdYfXARS2WOQzC8EWQYw","微信读书"
"国科大就业","2026-07-31","招聘 | OPPO O-Star 顶尖人才计划","https://mp.weixin.qq.com/s/B_tuvyt0-X4b82Dv5LRyJw","微信读书"
"国科大就业","2026-07-31","招聘 | 芯原股份2027届校园招聘正式启动","https://mp.weixin.qq.com/s/w70vLiA9nEPV0f7_y54BTw","微信读书"
"国科大就业","2026-07-31","九天揽月 | 中国移动九天公司全球AI人才招募！","https://mp.weixin.qq.com/s/5CC31uM64KJIOmX4tVV1Zw","微信读书"
"国科大就业","2026-07-30","招聘 | 卓驭2027届校招正式启动 | 驭见未来·智能一切移动","https://mp.weixin.qq.com/s/snP3hgb-tg4wEpkcwwOw7Q","微信读书"
"国科大就业","2026-07-30","招聘 | 中国融通集团2026届夏季校园招聘","https://mp.weixin.qq.com/s/NtFDfaw_0c0okIkPyx1JBg","微信读书"
"国科大就业","2026-07-30","招聘 | 影石2027届秋季校园招聘启动","https://mp.weixin.qq.com/s/QaxEpAky4Nj34iG26x3Oaw","微信读书"
"国科大就业","2026-07-30","招聘 | 高标科技2027校园招聘全面启动！","https://mp.weixin.qq.com/s/74aNnbb4eSqfzaH1aPHnnQ","微信读书"
"国科大就业","2026-07-30","招聘 | 阿里云2027届阿里星人才计划招聘启动","https://mp.weixin.qq.com/s/hYyzaUAyeMha_4YLpTNjjA","微信读书"
"国科大就业","2026-07-30","苏纳2027届全球校园招聘提前批OpenDay 正式开启，邀你探企！","https://mp.weixin.qq.com/s/aMgDxFXzs4gxyKTTow7QRA","微信读书"
"国科大就业","2026-07-29","招聘丨四方股份2027届校招提前批正式启动","https://mp.weixin.qq.com/s/qpax7ZJSBaIklkHHyo_CaQ","微信读书"
"国科大就业","2026-07-29","招聘丨金升阳2027届电源研发岗提前批招聘正式启动！","https://mp.weixin.qq.com/s/-yCAl-QgPyF1ajYkKj48HA","微信读书"
"国科大就业","2026-07-29","招聘 | 文远知行WeRide2027届校园招聘正式启动！","https://mp.weixin.qq.com/s/Dj-QqmiC0yXj8q6cur-DqA","微信读书"
"国科大就业","2026-07-29","招聘 | 网易游戏（互娱）2027届校园招聘正式启动！","https://mp.weixin.qq.com/s/DTXgCRXYKyorNZhYuERFmw","微信读书"
"国科大就业","2026-07-29","招聘 | 理想汽车2027届顶尖技术人才专项“理想+”计划全面启动","https://mp.weixin.qq.com/s/aMs2bNMqqftDoevvnnbhBw","微信读书"
"国科大就业","2026-07-29","招聘 | 比亚迪26届应届生补录半导体团队专场","https://mp.weixin.qq.com/s/eDkqyb1lDmI_5StX2BzjhQ","微信读书"
"国科大就业","2026-07-29","招聘 | 百度IDG智能驾驶事业群组2027届校招进行时！","https://mp.weixin.qq.com/s/dN3ms5gt8DZWdnPpj8NL2A","微信读书"
"国科大就业","2026-07-29","深信服[X-STAR]2027届顶尖人才校招引进提前批正式启动","https://mp.weixin.qq.com/s/_HZoDON701HKVWsv_ScaYQ","微信读书"
"国科大就业","2026-07-28","招聘｜爱凡哲投资2027届秋季招聘正式启动","https://mp.weixin.qq.com/s/ROgPWW-CRIHKTHdBTg1OZQ","微信读书"
"国科大就业","2026-07-28","招聘 | 韶音科技2027届提前批校园招聘启动！","https://mp.weixin.qq.com/s/53IjjeT0s9rXpGkUTm_XZQ","微信读书"
"国科大就业","2026-07-28","科大讯飞2027届秋季校园招聘全面启动！","https://mp.weixin.qq.com/s/SHgFeRzD9XV8mW2qSLel1g","微信读书"
"国科大就业","2026-07-27","招聘｜虹软科技2027 秋招提前批正式开启，速投！","https://mp.weixin.qq.com/s/o0crzlQlCQG2msmoccLjZQ","微信读书"
"国科大就业","2026-07-27","招聘 | 无人区计划 深圳信步科技27届提前批启动","https://mp.weixin.qq.com/s/3-XRywjlMR0Y0R9mCF3VLw","微信读书"
"国科大就业","2026-07-27","招聘 | 凯莱英医药集团（天津）股份有限公司2027届夏令营开始报名！","https://mp.weixin.qq.com/s/_zoPJ1ibYDAudMphT-6zTw","微信读书"
"国科大就业","2026-07-27","招聘 | 2026年张家港市国有企业专业化青年人才公开招聘公告","https://mp.weixin.qq.com/s/r2P6uHBSsTs7k3dNBIzHCQ","微信读书"
"国科大就业","2026-07-27","实习丨2026年辉瑞中国研发AI Pilot实习生项目正式启动","https://mp.weixin.qq.com/s/uYDnMxFlWelou1KyZpNIyA","微信读书"
"国科大就业","2026-07-27","开放日｜北京航天试验技术研究所2026年所区开放日正式邀约","https://mp.weixin.qq.com/s/p6y1F8WmpfWFEiwdBdyG7g","微信读书"
"国科大就业","2026-07-25","招聘｜科大讯飞2027届校招星火夏令营邀请函","https://mp.weixin.qq.com/s/B4EIzKJDNW5RR9x7O4M4TA","微信读书"
"国科大就业","2026-07-25","招聘｜华金证券27届校园招聘正式启动","https://mp.weixin.qq.com/s/XMNHed0eEF2EPPU1mLHI2g","微信读书"
"国科大就业","2026-07-25","招聘 | 中国科学院植物研究所科研和支撑岗位招聘启事","https://mp.weixin.qq.com/s/5ce8w5I6L_1a2bK8V4T3rw","微信读书"
"国科大就业","2026-07-25","招聘 | 网易游戏雷火 27 届秋季校招全球启动！","https://mp.weixin.qq.com/s/XPjDNoJzf6njlq6lDxhEDQ","微信读书"
"国科大就业","2026-07-25","招聘 | 兵器未来科学家2027届博士招聘提前批正式启动","https://mp.weixin.qq.com/s/39bPgmSv4s2PTGb6NRvPfw","微信读书"
"国科大就业","2026-07-25","课程预告 | 教育部“互联网+就业指导”公益直播课：机械装备制造行业发展趋势和职业机会","https://mp.weixin.qq.com/s/8DSkjJaoCyfyFaZk0NKCfQ","微信读书"
"国科大就业","2026-07-25","就业讲堂 | 薪资栏空着就让签字？这份合同千万别落笔","https://mp.weixin.qq.com/s/BO2AbF4gdY3S5u1nkYVECA","微信读书"
"国科大就业","2026-07-25","2027届比亚迪博士校园招聘正式开启！","https://mp.weixin.qq.com/s/6NjLr1SnHCaJgMYFxi8eTw","微信读书"
"国科大就业","2026-07-23","招聘丨米哈游2027校园招聘技术提前批启动","https://mp.weixin.qq.com/s/Uqmer_Gr8bBEMFwbXT_Lbg","微信读书"
"国科大就业","2026-07-23","招聘｜宇树科技2027届校园招聘正式启动","https://mp.weixin.qq.com/s/rMVrjEag-ZcO1vq0D2uRsQ","微信读书"
"国科大就业","2026-07-23","招聘｜商汤科技2027届「无限原力」人才计划全球启动","https://mp.weixin.qq.com/s/Qq4-qP5akfXzTprFUNweuA","微信读书"
"国科大就业","2026-07-23","招聘 | 天翼云顶尖青年技术人才校园招聘项目开启","https://mp.weixin.qq.com/s/Tj75N4jBerU-mmKmQZFPnw","微信读书"
"国科大就业","2026-07-23","招聘 | 百度2027届校园招聘正式启动！","https://mp.weixin.qq.com/s/RYWFrOFDFaOjnurMYhGyIQ","微信读书"
"国科大就业","2026-07-23","腾讯2027青云计划校招启动 | AI时代，为什么腾讯值得选择？","https://mp.weixin.qq.com/s/xSmskfa9vhflK_-KdhZ1eQ","微信读书"
"国科大就业","2026-07-22","招聘 | vivo 产品总经理储备计划｜全球招聘启动","https://mp.weixin.qq.com/s/FIP-Jp8uDRA2-zlrzdaO1w","微信读书"
"国科大就业","2026-07-22","招聘 | 新易盛2027届秋招提前批&开放日正式启动！","https://mp.weixin.qq.com/s/ts2bdxWO4U0efcB5l_fkoQ","微信读书"
"国科大就业","2026-07-22","招聘 | 快手2027届秋招校园大使启动招募！","https://mp.weixin.qq.com/s/GQ7Cl_6PDnTKFfSyrugTbw","微信读书"
"国科大就业","2026-07-22","招聘 | 艾为电子2027届校园招聘正式启动！","https://mp.weixin.qq.com/s/hCEfAEdQuxT1wqaOcuroNQ","微信读书"
"国科大就业","2026-07-22","邀请函 | 国科大杭州高等研究院诚邀共赴26秋招之约，广纳优秀人才","https://mp.weixin.qq.com/s/2xVUi_vwLkQXesxpOEPrLw","微信读书"
"国科大就业","2026-07-22","实习｜恒丰银行总行2027届实习生招聘启事","https://mp.weixin.qq.com/s/qQtioq1yxE1cWx9lsadGxw","微信读书"
"国科大就业","2026-07-22","开放日 | 航空工业成飞2026年暑期开放日","https://mp.weixin.qq.com/s/Xv9eo7Po0P2Cyf--wfReJQ","微信读书"
"国科大就业","2026-07-17","中国电科第四十七研究所暑期开放日邀请函","https://mp.weixin.qq.com/s/PVCoXjdQe1rrkoZGcBT9fg","微信读书"
"国科大就业","2026-07-17","招聘 | 鹰角网络2027秋季校园招聘提前批启动！","https://mp.weixin.qq.com/s/L1dyXbmRbcPwloWUHnC_LQ","微信读书"
"国科大就业","2026-07-17","第五届石家庄“海石杯”高层次人才创新创业大赛正式开启","https://mp.weixin.qq.com/s/gsHCTg5h_xGHpMgsY6jH2A","微信读书"
"国科大就业","2026-07-16","OPPO 2027届全球校园招聘启动！点亮世界，趁现在！","https://mp.weixin.qq.com/s/CDaLK5LmmgD6OtUi1v3-BA","微信读书"
"国科大就业","2026-07-16","招聘｜RoboSense | 2027届全球校园招聘提前批","https://mp.weixin.qq.com/s/W9T_qqdEkDpKOSMV8J6Yqg","微信读书"
"国科大就业","2026-07-16","招聘 | 智元2027届校园招聘全面启动！","https://mp.weixin.qq.com/s/Wi_-nTBRmKsjxG29_WiTYw","微信读书"
"国科大就业","2026-07-16","招聘 | 杰华特“芯耀青春 聚力远航” 2027届校园招聘正式启动","https://mp.weixin.qq.com/s/Q2bASj8YszYyKfHFIQP0oA","微信读书"
"国科大就业","2026-07-16","国机重装博士人才暑期参访","https://mp.weixin.qq.com/s/9GIj4zwcNFLIQZsJgX_5cA","微信读书"
"国科大就业","2026-07-15","中国电信2026年博士夏令营全面启航","https://mp.weixin.qq.com/s/z2lP5JgAPHa4338RR2BIvA","微信读书"
"国科大就业","2026-07-15","招聘 | 拼多多集团-PDD 2027届校招提前批启动！","https://mp.weixin.qq.com/s/byoSCv-VfdmSqfnGpZCdCQ","微信读书"
"国科大就业","2026-07-15","招聘 | 伽利略2027全球校招正式启动","https://mp.weixin.qq.com/s/xmcn-htLp3kkVniNdsxVAg","微信读书"
"国科大就业","2026-07-15","招聘 | 点点互动Elite Program+校招启动！项目再升级！8月31日前免笔试！","https://mp.weixin.qq.com/s/1BO8CeAjYTLg3LIbrNCH5Q","微信读书"
"国科大就业","2026-07-15","开放日报名 | 太行国家实验室2026年博士研究生OpenDay交流活动正式启动","https://mp.weixin.qq.com/s/VDIeU4O1owUA25O93OqVsg","微信读书"
"国科大就业","2026-07-15","就业讲堂 | 职场新人必看：“试岗期” ≠“试用期”，无薪都是陷阱！","https://mp.weixin.qq.com/s/A_kgJp8s2fQNuzp2yunZ1g","微信读书"
"国科大就业","2026-07-15","就业讲堂 | 线上求职先查证！辨别无证招聘中介，避免求职受骗","https://mp.weixin.qq.com/s/ZgTsCGPT07elv9E1NKCmww","微信读书"
"国科大就业","2026-07-15","航天智能院2027届校园招聘正式启动！","https://mp.weixin.qq.com/s/dpj6KFCT2pRgP99_yKtV-g","微信读书"
"国科大就业","2026-07-14","招聘｜百度2027管理培训生计划正式启动","https://mp.weixin.qq.com/s/hyeYBoRUka06Sw-r6PsxPQ","微信读书"
"国科大就业","2026-07-14","招聘 | 兆易创新2027校园招聘提前批正式启动","https://mp.weixin.qq.com/s/vZJfyOYNFJ6zgbpO1zM5-A","微信读书"
"国科大就业","2026-07-14","招聘 | 两天直通offer！字节跳动2027校园招聘 AI 产品经理早鸟通道正式启动","https://mp.weixin.qq.com/s/dkiYNhc1_pifoCCwTHPP9w","微信读书"
"国科大就业","2026-07-14","招聘 | 科华集团2027届校园招聘提前批","https://mp.weixin.qq.com/s/1HJI1bpXDURCIKJeXHdQ5g","微信读书"
"国科大就业","2026-07-14","实习 | 2026全球知名高校优秀青年人才暑期实践项目正式启动！","https://mp.weixin.qq.com/s/LIsVmFhu9o7xqTVYtBJORA","微信读书"
"国科大就业","2026-07-14","实习 | 2026年淄博市大学生就业体验暑假营","https://mp.weixin.qq.com/s/apvotLNHOtma5orELjbZWg","微信读书"
"国科大就业","2026-07-14","实习 | “万名学子连云港行”暑期活动开始啦！","https://mp.weixin.qq.com/s/gNjHx5ZCAbmOQc1vf7l4qA","微信读书"
"国科大就业","2026-07-14","快手2027快Star顶尖技术人才计划全球启动","https://mp.weixin.qq.com/s/1tbgkGNmnqhBNiTmCf54HQ","微信读书"
"国科大就业","2026-07-13","中国航天科技集团有限公司第五研究院513所暑期实践开放周","https://mp.weixin.qq.com/s/Hd6bRdK_HffbRJVxnlPutA","微信读书"
"国科大就业","2026-07-13","招聘 | 元戎启行2027秋季校园招聘正式启动！","https://mp.weixin.qq.com/s/Kwb2xr7qxOcslxaYRKqUgw","微信读书"
"国科大就业","2026-07-13","招聘 | 新和成2027届招聘提前批招聘","https://mp.weixin.qq.com/s/zp-m9GGmQ_jzbLQ5NARt8w","微信读书"
"国科大就业","2026-07-13","招聘 | 蔚来AGI超星计划，与我们一同改变真实世界","https://mp.weixin.qq.com/s/dgb5VQhiDWuG-m_z4dpJMw","微信读书"
"国科大就业","2026-07-13","探索无界 智启未来｜超聚变2027届校招OPEN DAY报名开启","https://mp.weixin.qq.com/s/GqP8u-_4rP3FpN2AL-mU0w","微信读书"
"国科大就业","2026-07-13","就业讲堂 | 职场小贴士｜违反服务期约定，违约金有上限吗？","https://mp.weixin.qq.com/s/VbgIFZtsTEweNE3NpWkfYA","微信读书"
"国科大就业","2026-07-13","就业讲堂 | 非全日制员工能与多个单位订立劳动合同吗？","https://mp.weixin.qq.com/s/IJkX_HCVNf6Ue8_pQntzVQ","微信读书"
"国科大就业","2026-07-13","【NAURA校招】北方华创2027届校招提前批｜锁定你的“芯” offer","https://mp.weixin.qq.com/s/qEN4a0wTh8YFdktKUh67fg","微信读书"
"国科大就业","2026-07-08","招聘｜北京物资学院2026年第二批公开招聘","https://mp.weixin.qq.com/s/-50enUsTxBTBqVePHF2V9g","微信读书"
"国科大就业","2026-07-08","招聘 | 微步在线2027届校招开启啦~欢迎投递！","https://mp.weixin.qq.com/s/9Cxp8s9zr-yJBeXSxqGy7Q","微信读书"
"国科大就业","2026-07-08","招聘 | 斯达半导体股份有限公司招聘简章","https://mp.weixin.qq.com/s/WeurPUa2MjTTnZnoh3OFbg","微信读书"
"国科大就业","2026-07-08","招聘 | 辽宁科技大学招聘公告","https://mp.weixin.qq.com/s/BMl6Ji0igfFmU1SCgrnMhg","微信读书"
"国科大就业","2026-07-08","小鹏集团2027届「探索者计划」全球校园招聘启动","https://mp.weixin.qq.com/s/w6ghRu3F_zzTLuFzd8UhEg","微信读书"
"国科大就业","2026-07-07","招聘丨阳光电源2027届全球校园招聘提前批","https://mp.weixin.qq.com/s/k8u5TCHIGNbCQu1F_La6Iw","微信读书"
"国科大就业","2026-07-07","招聘 | 中茵微2027届校招启动","https://mp.weixin.qq.com/s/LwrwXhNbNN4yDYpZdlVyNA","微信读书"
"国科大就业","2026-07-07","招聘 | 中国长征火箭有限公司2027届校园招聘","https://mp.weixin.qq.com/s/hYCx8nALAsJMmpKJOdgwCg","微信读书"
"国科大就业","2026-07-07","招聘 | 电科思仪2026届校园招聘开启","https://mp.weixin.qq.com/s/py6CSc05oNhtnKsRoy8WBg","微信读书"
"国科大就业","2026-07-07","招聘 | 北京纵横机电科技有限公司招聘","https://mp.weixin.qq.com/s/Vfb-R9kDKPWivX02MgAaUw","微信读书"
"国科大就业","2026-07-07","实习 | 小红书27届「Product Engineer 产品工程师」暑期实习项目火热招募中！","https://mp.weixin.qq.com/s/wdWSvm8DuGr5Nag5v3-rxA","微信读书"
"国科大就业","2026-07-07","华为2027届顶尖AI人才招聘","https://mp.weixin.qq.com/s/gWv_3QiIxOFBnV9GMPbGEg","微信读书"
"国科大就业","2026-07-06","中国航天科工集团第六研究院2027届校园招聘提前批暨2026年暑期开放日全面启动","https://mp.weixin.qq.com/s/9xG3buUeTboZrZenw8cMfQ","微信读书"
"国科大就业","2026-07-06","招聘｜新和成2027届校园招聘提前批启动","https://mp.weixin.qq.com/s/Ij87uFKEVZn9QWqLNrCzpg","微信读书"
"国科大就业","2026-07-06","招聘｜理想汽车2027届实习生招聘项目启动","https://mp.weixin.qq.com/s/YY2YCJSFE9ztiG0tqV2fRQ","微信读书"
"国科大就业","2026-07-06","招聘｜百度2027管理培训生计划启动","https://mp.weixin.qq.com/s/cw8kmDmd-V4LC_78OelvQw","微信读书"
"国科大就业","2026-07-06","招聘 | 中国空空导弹研究院2027届毕业生暑期开放日报名开始","https://mp.weixin.qq.com/s/RlLanQH5otZVr-ENfjM2uA","微信读书"
"国科大就业","2026-07-06","京东方2027届「先锋京英计划」全球校园招聘正式启动","https://mp.weixin.qq.com/s/CSIfZy9gz4lQlMemFj6I1g","微信读书"
"国科大就业","2026-07-06","奔赴常州，逐梦未来！苏荟英才·“常宝”有约  常州青年人才周活动招募令","https://mp.weixin.qq.com/s/W6Yh2FohjsIeql7vHQ0iIg","微信读书"
"国科大就业","2026-07-04","招聘 | 山西大学2026年公开招聘专职辅导员公告","https://mp.weixin.qq.com/s/aIBQq5tjMmM8S8aDmIh0RA","微信读书"
"国科大就业","2026-07-04","邀桂籍学子回乡！2026年第十四届 “广西籍学子回家看看” 活动正式开启招募","https://mp.weixin.qq.com/s/sS6P4mncTtK59JV3TVbacw","微信读书"
"国科大就业","2026-07-03","DJI 大疆 2027“拓疆者”校园招聘全面开启！","https://mp.weixin.qq.com/s/DsAA6_pqEeBIQ6PCzOWK6A","微信读书"
"国科大就业","2026-07-03","中国航发涡轮院&中国航发成发2026年暑期开放日正式启动!","https://mp.weixin.qq.com/s/iYiE6BvP14jFnr7vK7jXxQ","微信读书"
"国科大就业","2026-07-03","招聘 | 深圳中学面向社会招聘优秀教师","https://mp.weixin.qq.com/s/_EbKnDZS-77YcUdlsymkIg","微信读书"
"国科大就业","2026-07-03","招聘 | 宁德时代2027届暑期Offer加速营即将开营！来宁德，领offer！","https://mp.weixin.qq.com/s/UBTCzhZM5PZ8IiuUrUN6Og","微信读书"
"国科大就业","2026-07-03","实习｜学而思网校2027届提前批“超级实习生”招募正式启动！","https://mp.weixin.qq.com/s/ful-n2kt09KMkPENQwFsIQ","微信读书"
"国科大就业","2026-07-03","深圳先进光源研究院2026年博士开放日","https://mp.weixin.qq.com/s/J9ucLn2Zm96XmKMBVxtu2g","微信读书"
"国科大就业","2026-07-02","招聘丨中国一汽2026夏季校园招聘","https://mp.weixin.qq.com/s/Zyj3D7oQ6YdZuvrm9To97w","微信读书"
"国科大就业","2026-07-02","招聘 | 新石器26届补录&27届实习招募","https://mp.weixin.qq.com/s/z3Q83TXTc6wu1SjRXtn2sA","微信读书"
"国科大就业","2026-07-02","实习 | 中物院软件中心2026年暑期实习启动！","https://mp.weixin.qq.com/s/eyRApdmaWWntVw12VP5RfQ","微信读书"
"国科大就业","2026-07-02","实习 | 新华三集团2027届“实习体验生”招聘正式启动！","https://mp.weixin.qq.com/s/kSiYoI6eVO18wGn1cv4zqw","微信读书"
"国科大就业","2026-07-02","实习 | 奇瑞捷豹路虎2027届FREE UP实习生项目」正式启动","https://mp.weixin.qq.com/s/P_r7m1I1MHyHBxFTMEfEhg","微信读书"
"国科大就业","2026-07-02","实习 | 360集团飞扬实习生岗位上新","https://mp.weixin.qq.com/s/SUHGTjtiaCXY8Glj5OPbyg","微信读书"
"国科大就业","2026-07-02","京东2027TET管理培训生招募正式启动！","https://mp.weixin.qq.com/s/MvpTUpYgYF8OM7t0j6zhKg","微信读书"
"国科大就业","2026-06-12","云链世界 智创未来 | 6月13日 千名博士项目对接暨人才引进签约洽谈会—上海站","https://mp.weixin.qq.com/s/XIo4INFYJHuwWt5XF6nILQ","微信读书"
"国科大就业","2026-06-12","夏令营 | 中核集团2026年博士夏令营扬帆起航","https://mp.weixin.qq.com/s/r_GhuCEZXc3pxzUF607AJw","微信读书"
"国科大就业","2026-06-12","实习｜中国工商银行深圳市分行2026年星令营暑期实习正式启动！","https://mp.weixin.qq.com/s/2_-xS_Kr5p-dxDdXAkhnAA","微信读书"
"国科大就业","2026-06-12","实习 | 建设银行2026年度暑期实习生项目开启","https://mp.weixin.qq.com/s/p6fpmJFech6oYmSyVD5csQ","微信读书"
"国科大就业","2026-06-12","阿里星热爱之旅 | 学术开放日6月29日杭州场","https://mp.weixin.qq.com/s/GpNkzDKyDxoAPRFn7FEs6w","微信读书"
"国科大就业","2026-06-12","【百度2027届AIDU计划】中国科学院大学专场技术沙龙","https://mp.weixin.qq.com/s/d7VKJUc_6Nk9XF2zMc_9TA","微信读书"
"国科大就业","2026-06-11","招聘 | TP-LINK2027届提前批校园招聘正式启动!","https://mp.weixin.qq.com/s/zqHtzCv_JPr8zMll4BGuTw","微信读书"
"国科大就业","2026-06-11","招聘 | 工大卫星2027届校园招聘正式启动","https://mp.weixin.qq.com/s/DECCDy02SKUrCNWhmcY_bg","微信读书"
"国科大就业","2026-06-11","双选会 | 6月16日 华为京津东北地区博士双选会-中国科学院大学专场","https://mp.weixin.qq.com/s/c7UZy_lMHsp3nqFfOT2kMQ","微信读书"
"国科大就业","2026-06-11","实习｜好未来学而思2027暑期实习转正招聘 正式启动！","https://mp.weixin.qq.com/s/jDBQRUj7MevuMk9hm6Ko2A","微信读书"
"国科大就业","2026-06-11","实习 | 迈瑞医疗2027届暑期实习生招聘正式启动！","https://mp.weixin.qq.com/s/lIONHZnyuCG4Xnjnr8Bvaw","微信读书"
"国科大就业","2026-06-11","课程预告 | 国科大2027届公考笔试训练营启航在即！","https://mp.weixin.qq.com/s/i3hxsIcUHjlutMnIJPWItA","微信读书"
"国科大就业","2026-06-11","就业讲堂 | 发生劳动争议先别急，仲裁前您还可以这么做","https://mp.weixin.qq.com/s/wGV0SKL5tM5Vbg1tslwYuA","微信读书"
"国科大就业","2026-06-10","招聘 | 小米2027全球顶尖人才校园招聘正式启动","https://mp.weixin.qq.com/s/fV3401eJoXaI5cHsU-pkow","微信读书"
"国科大就业","2026-06-10","招聘 | “荆彩人生·就在荆门”  2026年荆门市赴北京高校开展高层次人才招引活动","https://mp.weixin.qq.com/s/7Ip8Hm2xzUgNsP7ue5KtUQ","微信读书"
"国科大就业","2026-06-10","双选会 | 山东省博士（后）人才招聘活动-中国科学院大学专场（6月17日）","https://mp.weixin.qq.com/s/n4VlEMj7YFDM3pHO73KQtA","微信读书"
"国科大就业","2026-06-10","青年向新，创想未来丨第五届杜邦青年创新大赛正式启动！","https://mp.weixin.qq.com/s/f_rQqEtymfqdsgs3_vAYYQ","微信读书"
"国科大就业","2026-06-10","就业讲堂 | 试用期vs实习期，核心差异大揭秘！","https://mp.weixin.qq.com/s/eTDAWi6pQonzjyOhmIlW3w","微信读书"
"国科大就业","2026-06-10","诚邀英才！中国科学院大学招聘全球高层次人才","https://mp.weixin.qq.com/s/G80F8knHhPCgUkjG6eIq6w","微信读书"
"国科大就业","2026-06-09","招聘 | 宇通集团2027届校园招聘提前批正式启动","https://mp.weixin.qq.com/s/gsV-xYIDjqHb3OnDeFYY6w","微信读书"
"国科大就业","2026-06-09","招聘 | 美团2027届北斗计划全球启动","https://mp.weixin.qq.com/s/d4PsvCUygBOOPOcilH4xHQ","微信读书"
"国科大就业","2026-06-09","招聘 | 国防科技大学电子科学学院电子科学系2026年人才引进公告","https://mp.weixin.qq.com/s/_7uRv3VCzVzRvoIm6Fp08A","微信读书"
"国科大就业","2026-06-09","宣讲会 | 6月16日 韶音科技27届校招提前批国科大专场宣讲会！","https://mp.weixin.qq.com/s/mts8F95ErVDMGD8INm-rOg","微信读书"
"国科大就业","2026-06-09","实习 | 中国银河证券2027届暑期实习项目正式启动","https://mp.weixin.qq.com/s/mvQZhrDKEHzZ01yXWrzmwA","微信读书"
"国科大就业","2026-06-09","开放日 | 航空工业洪都2026年企业开放日来啦！","https://mp.weixin.qq.com/s/mFm7NhO6BJU_XfPSaiP0pw","微信读书"
"国科大就业","2026-06-09","就业讲堂 | 有些套路，从劳动合同就开始了……","https://mp.weixin.qq.com/s/7ocNLQptJAU50XN2hVKQZg","微信读书"
"国科大就业","2026-06-08","招聘 | 中国航天科技集团第一研究院2027届校园招聘提前批","https://mp.weixin.qq.com/s/as1U6lHRP56fXjkbVIEfkw","微信读书"
"国科大就业","2026-06-08","招聘 | 齐齐哈尔医学院2026年诚邀海内外博士加盟！","https://mp.weixin.qq.com/s/D83P2VB58gryUP29QhA3kA","微信读书"
"国科大就业","2026-06-08","招聘 | 江苏省农业科学院“紫金人才”计划诚邀海内外英才","https://mp.weixin.qq.com/s/SDUkkCAbjr1klOE3dNwC5g","微信读书"
"国科大就业","2026-06-08","招聘 | 歌尔2027届精英计划正式启动","https://mp.weixin.qq.com/s/TUX03I-xqYIiwiD4zOKaGQ","微信读书"
"国科大就业","2026-06-08","招聘 | “砥志笃行 立潮湾区” 华润集团2026年博士后招聘","https://mp.weixin.qq.com/s/0YLRUyII180ox4D48Aozxw","微信读书"
"国科大就业","2026-06-08","实习｜中国工商银行2026年星令营暑期实习正式启动","https://mp.weixin.qq.com/s/RI4PDSX5BjaFzZh9LAbwOg","微信读书"
"国科大就业","2026-06-08","实习 | “从地球出发” 中科宇航2026暑期实习生招聘","https://mp.weixin.qq.com/s/JGFdou1JF6gMcEY0XccZMA","微信读书"
"国科大就业","2026-06-08","山东省博士（后）人才招聘活动-中国科学院大学专场","https://mp.weixin.qq.com/s/anjKNuBNlOdryUX9ksKJrg","微信读书"
"国科大就业","2026-06-05","招商银行·招银网络科技｜2027届校园大使全球招募开启","https://mp.weixin.qq.com/s/dzdpsi9l84HaasHk-3dYDQ","微信读书"
"国科大就业","2026-06-05","招聘｜中船集团第七一六研究所2026届校园招聘","https://mp.weixin.qq.com/s/exDyhmXm6QOfTRZA_uugXg","微信读书"
"国科大就业","2026-06-05","双选会 | 6月10日 天津滨海高新区紧缺人才专项行动-中国科学院大学专场","https://mp.weixin.qq.com/s/HEURDFqkUorQbfC3pDi5Jw","微信读书"
"国科大就业","2026-06-05","实习丨南京银行2027届暑期实习生暨“Blue π计划”金融科技校招提前批","https://mp.weixin.qq.com/s/M6DegF4W6duCxcN1E4BHlQ","微信读书"
"国科大就业","2026-06-05","实习丨2026 HMTC「启明计划」实习生招聘正式启动！","https://mp.weixin.qq.com/s/by9L0ZnR50AzmXoXI28NBA","微信读书"
"国科大就业","2026-06-05","实习 | 2026年度新疆阿克苏地区“百名硕博”社会实践活动邀请函","https://mp.weixin.qq.com/s/HkS_XwkDQWlHRtgjwkiAWA","微信读书"
"国科大就业","2026-06-05","就业活动 | 6月9日 北京市朝阳区灯塔计划介绍及人才投递系统说明会","https://mp.weixin.qq.com/s/zrOxEshEh-pwfgGMtgmshA","微信读书"
"国科大就业","2026-06-05","活动丨2026年全国高校学子长沙行活动报名开启","https://mp.weixin.qq.com/s/NEahLbJYLqLYO98VDp8gKA","微信读书"
"国科大就业","2026-06-04","中国建设银行2026年度暑期实习生项目火热开启","https://mp.weixin.qq.com/s/ONBf5V9jb7lJB5612Ix7SA","微信读书"
"国科大就业","2026-06-04","招聘｜中国融通集团部分管理人员岗位公开招聘","https://mp.weixin.qq.com/s/cQ-sE87JSRqDFqkKh4_qJg","微信读书"
"国科大就业","2026-06-04","招聘｜中国人民大学附属中学翠微学校2026招聘","https://mp.weixin.qq.com/s/SCKyXCGBBWFTZr8hypfKMw","微信读书"
"国科大就业","2026-06-04","招聘 | 中国煤科人工智能高层次人才公开招聘","https://mp.weixin.qq.com/s/8rvhyTL4H5onDSB4i5BEXQ","微信读书"
"国科大就业","2026-06-04","招聘 | 上海人工智能实验室2027届实习生招聘全球启动！","https://mp.weixin.qq.com/s/9o1oewXTZ94ixdrOmYd_iQ","微信读书"
"国科大就业","2026-06-04","实习｜南网数字集团2027届暑期实习生招募","https://mp.weixin.qq.com/s/y2EvP3-M1lKI7KsfmGQ-wA","微信读书"
"国科大就业","2026-06-04","实习 | 锐捷网络2027届暑期实习生招聘正式启动！","https://mp.weixin.qq.com/s/3rmo3Bho4rBS0I0stLv-RQ","微信读书"
"国科大就业","2026-06-04","实习 | 国贸股份2027届暑期实习生招聘正式启动","https://mp.weixin.qq.com/s/chQuKJETo3aIKMM7K7o6VQ","微信读书"
"国科大就业","2026-06-03","招聘｜中国航天科工集团第十研究院0612研究所招聘","https://mp.weixin.qq.com/s/KYBhe_98ECGI_CBL1DhgRw","微信读书"
"国科大就业","2026-06-03","招聘 | 中航技暑期实习暨2027届校园招聘提前批正式启动","https://mp.weixin.qq.com/s/FyYb6LVXuLDmJwxQJpl6CA","微信读书"
"国科大就业","2026-06-03","招聘 | 中国华电2026年第三批校园招聘来啦！","https://mp.weixin.qq.com/s/muKJgDzdmtzbfD5fyK4TBw","微信读书"
"国科大就业","2026-06-03","宣讲会｜6月8日 长鑫存储2027校招提前批正式启动！","https://mp.weixin.qq.com/s/TOdwEq2OpxseK5QIVHlFQw","微信读书"
"国科大就业","2026-06-03","暑期参访 | 上海市虹口区2026年 “潮涌浦江·虹菁启航”优秀应届毕业生暑期研学营公告","https://mp.weixin.qq.com/s/4Mjxye-fnybr95M_L7VPfw","微信读书"
"国科大就业","2026-06-03","实习 | 小米集团实习生招聘火热进行中","https://mp.weixin.qq.com/s/ulFIsr_Jv9FUQgpfkA1iEg","微信读书"
"国科大就业","2026-06-02","招聘 | 江苏省沿海开发集团有限公司2026年春季公开招聘公告","https://mp.weixin.qq.com/s/dME5l_3sp8M7EFFn1oh2qQ","微信读书"
"国科大就业","2026-06-02","实习 | DJI 大疆 AI 实习生专项招聘计划开启，用 AI 定义飞行与影像的未来！","https://mp.weixin.qq.com/s/K1vrTYEg5fo7MNj4waS6pg","微信读书"
"国科大就业","2026-06-02","实习 | 神州信息2027届实习生招聘正式启动！","https://mp.weixin.qq.com/s/KeJaT7-vD4WEqpsZv0jkGQ","微信读书"
"国科大就业","2026-06-02","实习 | 上海银行2026年暑期实习生招聘","https://mp.weixin.qq.com/s/x0t0vk0RnFPCR3WPRAyoLg","微信读书"
"国科大就业","2026-06-02","华为2027届顶尖AI人才招聘专项行动火热进行中！","https://mp.weixin.qq.com/s/O5dfxuTnb415DE_diIZZ4g","微信读书"
"国科大就业","2026-06-02","光引未来 | DJI 大疆首届高校光学设计大赛正式启动！","https://mp.weixin.qq.com/s/EtX5Kg4W9EkO_zmAhAQoxw","微信读书"
"国科大就业","2026-06-02","岗位直推｜6月1日-8月31日，两场网络双选会同步上线","https://mp.weixin.qq.com/s/UaPEvDTT9ABGDpZpjFkv2A","微信读书"
"国科大就业","2026-06-01","招聘 | 中核环保有限公司本部2026年春季校园招聘（第三批）","https://mp.weixin.qq.com/s/-nNLghGIv0399BQri6oNUg","微信读书"
"国科大就业","2026-06-01","招聘 | 中广核聚核体验营暨2027届提前批专场校园招聘正式启动！","https://mp.weixin.qq.com/s/fU2s6EHt5zFo_sOF1cFHVA","微信读书"
"国科大就业","2026-06-01","招聘 | 长鑫存储2027校招提前批正式启动！","https://mp.weixin.qq.com/s/KVBc76uxL1lTK-QVpdG8jw","微信读书"
"国科大就业","2026-06-01","招聘 | 欣旺达2027转正实习热招","https://mp.weixin.qq.com/s/rVbZralsJSnzi9_ZlHWxGw","微信读书"
"国科大就业","2026-06-01","招聘 | 小红书27届「马当路练习生」招募开启！","https://mp.weixin.qq.com/s/SLTkuBH1mXIQWudJvs5yEQ","微信读书"
"国科大就业","2026-06-01","招聘 | 晋华集成电路2026春季校园招聘收官冲刺","https://mp.weixin.qq.com/s/ZinEy0WncijunplKOE40Tw","微信读书"
"国科大就业","2026-06-01","招聘 | 比亚迪26届春招弗迪电池制备中心团队专场（附内推码）","https://mp.weixin.qq.com/s/7SQA2DM4s1R6aHbbtJLxKQ","微信读书"
"国科大就业","2026-06-01","实习 | “只引领 不跟随” 中国信通院2026“星海计划”暑期实习项目正式启动","https://mp.weixin.qq.com/s/yMcET7OxXoomg6q63Qtm5A","微信读书"
"国科大就业","2026-05-29","招聘 | 测天探海 奋斗强军 | 国防科技大学气象海洋学院人才引进报名开启！","https://mp.weixin.qq.com/s/q1VMbb09uQ4UI9gHU-Vcww","微信读书"
"国科大就业","2026-05-29","实习 | 北京移动2026年“育英计划”实习生招募正式开启","https://mp.weixin.qq.com/s/1Z217kVWWqjZVvKnFIT60Q","微信读书"
"国科大就业","2026-05-29","快手2027快Star顶尖技术人才计划全球启动","https://mp.weixin.qq.com/s/NAaJM9vCpGn1HvgCjC8cBA","微信读书"
"国科大就业","2026-05-29","就业讲堂 | 什么情形需要劳动者支付违约金？知识帖来了","https://mp.weixin.qq.com/s/OwOZ16TTDTJWkaI8QPbBQA","微信读书"
"国科大就业","2026-05-28","招聘丨西北工业大学2026年度博士后招聘公告","https://mp.weixin.qq.com/s/eK3IyJSIUkpoOAeYJmhDfw","微信读书"
"国科大就业","2026-05-28","招聘 | 英科医疗2027届校招提前批实习生转正通道启动","https://mp.weixin.qq.com/s/KMuedD8IIECK_SiH4hfuNQ","微信读书"
"国科大就业","2026-05-28","招聘 | 提前锁定 offer！有道领世 2027 暑期实习转正计划正式启动！","https://mp.weixin.qq.com/s/pg6vwBiYwPc4CGleCXBpGw","微信读书"
"国科大就业","2026-05-28","招聘 | 三未信安2027届提前批招募计划正式启动","https://mp.weixin.qq.com/s/Wxxnlb87-9sNcFO9vFi-1Q","微信读书"
"国科大就业","2026-05-28","招聘 | 航空工业昌河飞机工业(集团)有限责任公司招聘","https://mp.weixin.qq.com/s/gjZUf16FaXuZwp17Jpr45g","微信读书"
"国科大就业","2026-05-28","上汽集团2027届暑期实习正式启动","https://mp.weixin.qq.com/s/4dMwULlD6Y0C59Klfni0pw","微信读书"
"国科大就业","2026-05-27","中国矿产资源集团所属单位2026届校园招聘公告","https://mp.weixin.qq.com/s/ciLY2lBI3mWyGAYNJVJNUA","微信读书"
"国科大就业","2026-05-27","招聘 | 南京清普生物科技有限公司招聘","https://mp.weixin.qq.com/s/W5t0FCuG7kVF7EicR9rfzQ","微信读书"
"国科大就业","2026-05-27","招聘 | 华中农业大学2026年党政管理岗招聘公告","https://mp.weixin.qq.com/s/8IUPCac-GA4Y_AD7kFC5ZQ","微信读书"
"国科大就业","2026-05-27","招聘 | 岗位合集丨中国一汽2026春季校园招聘","https://mp.weixin.qq.com/s/U_CDfu6XxjlrxKYz5h3dXA","微信读书"
"国科大就业","2026-05-27","招聘 | 乘梦而来，未来无限“凯能” ——南方凯能(广东)电力集团有限公司2026年校园招聘","https://mp.weixin.qq.com/s/MId_pWNRCQhDV10wA9V7KQ","微信读书"
"国科大就业","2026-05-27","实习 | 物产中大金属集团2026年“启明星”暑期实习计划","https://mp.weixin.qq.com/s/M_FuQqDunkUkEbgC7C3n4A","微信读书"
"国科大就业","2026-05-27","就业讲座｜军队文职备考攻略","https://mp.weixin.qq.com/s/DPpcQ0avZD1o_XpJrCOX5A","微信读书"
"国科大就业","2026-05-26","招聘｜北京市规划和自然资源委员会所属事业单位2026年公开招聘工作人员公告","https://mp.weixin.qq.com/s/rRk2cYs84K6PaJc9KyLyPw","微信读书"
"国科大就业","2026-05-26","招聘 | 大庆师范学院诚邀全球英才！2026年5月29日视频宣讲会","https://mp.weixin.qq.com/s/oSI6z0IAuk4UsMtQJ0zsRQ","微信读书"
"国科大就业","2026-05-26","实习｜上海产业研究院2026“梦想+”实习生计划启动！","https://mp.weixin.qq.com/s/DbQ_VHDdKt3Ww-Hi2W3pbg","微信读书"
"国科大就业","2026-05-26","实习 | DJI 大疆 AI 实习生专项招聘计划开启","https://mp.weixin.qq.com/s/TyNjJwd6lqPHl0X88BMBLA","微信读书"
"国科大就业","2026-05-26","实习 | 约“徽”夏日 “银”接未来 徽商银行2026年暑期实习生招募","https://mp.weixin.qq.com/s/7CqNdBRHOIdginVDnJLqGQ","微信读书"
"国科大就业","2026-05-26","实习 | 远景动力2027届全球培训生夏令营暨实习生报名开启","https://mp.weixin.qq.com/s/2NubBZ63Bp6TxnNs9S-n0g","微信读书"
"国科大就业","2026-05-26","就业讲堂 | 不同类型的单位怎么选？攻略来了→","https://mp.weixin.qq.com/s/MLB2zNqGqVdNG8JRRSlccA","微信读书"
"国科大就业","2026-05-25","中国石化2026年度高校毕业生春季招聘","https://mp.weixin.qq.com/s/OEt6jUp2rU4X3zn9EDV8rQ","微信读书"
"国科大就业","2026-05-25","招聘 | 院士领衔，北京985+未来副教授起步，诚邀人工智能+领域博士加盟！","https://mp.weixin.qq.com/s/6gU7V-E2_ZTREWNMac6RDg","微信读书"
"国科大就业","2026-05-25","招聘 | 首都体育学院（北京国际奥林匹克学院）2026年公开招聘公告","https://mp.weixin.qq.com/s/l0ItNiL1HcgzSYB_mJl90A","微信读书"
"国科大就业","2026-05-25","招聘 | 韶音科技2027届提前批校园招聘启动！","https://mp.weixin.qq.com/s/ZyDmY4L83aVpcIBusBp8sQ","微信读书"
"国科大就业","2026-05-25","招聘 | 安阳工学院2026年高层次人才招聘","https://mp.weixin.qq.com/s/vtOcRAKOrQyQQecKmm5ISw","微信读书"
"国科大就业","2026-05-25","招聘 | 【X-YOUNG】不限年级、提前锁定校招offer...迅雷实习生招聘正式启动","https://mp.weixin.qq.com/s/PH-iyrcEHSJBRgqWTtx9aA","微信读书"
"国科大就业","2026-05-25","康龙化成博士人才专项活动报名开启","https://mp.weixin.qq.com/s/M0-GuemiOzp2poRqYMPOjg","微信读书"
"国科大就业","2026-05-25","就业讲座｜新能源汽车行业发展趋势和职业机会（吉利）","https://mp.weixin.qq.com/s/l0GjBFl9R30lgHVzZXCFgA","微信读书"
"国科大就业","2026-05-22","中国移动2026梦想+实习生计划","https://mp.weixin.qq.com/s/qGgNyltG6iE3Lo2xTKZK0g","微信读书"
"国科大就业","2026-05-22","招聘｜海淀5所中学急需岗位","https://mp.weixin.qq.com/s/BYR5Pv2ysz-SpT6dYIgXHw","微信读书"
"国科大就业","2026-05-22","招聘 | 中石化经纬有限公司博士后招聘","https://mp.weixin.qq.com/s/b0aj-9NGKHAoOqRxYQflMw","微信读书"
"国科大就业","2026-05-22","招聘 | 中国南水北调集团中线有限公司2026年博士后研究人员招聘公告","https://mp.weixin.qq.com/s/P0oaHUyaBzPqrx8I7LwgJQ","微信读书"
"国科大就业","2026-05-22","招聘 | 懂车帝2026暑期实习&秋招提前批","https://mp.weixin.qq.com/s/fHubRRgFFYtRBiOqo3tadg","微信读书"
"国科大就业","2026-05-22","课程预告 | 教育部“互联网+就业指导”公益直播课：面向未来的职业决策","https://mp.weixin.qq.com/s/xq9VOyAVn5BB8cg3sgvGPg","微信读书"
"国科大就业","2026-05-22","就业讲堂 | @求职者们：面试结束后，记得做好这几件事","https://mp.weixin.qq.com/s/H5oCJyF36dWtonlLeZzzdQ","微信读书"
"国科大就业","2026-05-21","招聘｜中国绿发2026届春季校园招聘","https://mp.weixin.qq.com/s/uvMqtq_UaMvIbVB0DoCwBA","微信读书"
"国科大就业","2026-05-21","招聘 | 中国移动九天人工智能科技公司2026梦想+实习生计划重磅启动！","https://mp.weixin.qq.com/s/AFmKRurgHDjBuyRM5JNG8Q","微信读书"
"国科大就业","2026-05-21","招聘 | 牡丹江医科大学引进博士招聘公告","https://mp.weixin.qq.com/s/uUS6myiXZEzql1Y2BRj0yg","微信读书"
"国科大就业","2026-05-21","寻找“千里马”！第十三届“赢在南京”青创大赛开始报名","https://mp.weixin.qq.com/s/qH1JIgAHwy_VHt92Ik3uCQ","微信读书"
"国科大就业","2026-05-21","实习 | 腾讯音乐2026实习生招聘全球启动","https://mp.weixin.qq.com/s/kRdJhZ1WZWaS8puu3ipPLQ","微信读书"
"国科大就业","2026-05-21","蚂蚁星Plan A顶尖人才专项2027届校招/日常实习全面启动！","https://mp.weixin.qq.com/s/RQ-mxbT137TB1Kkxj_7OXA","微信读书"
"国科大就业","2026-05-21","开放日 | “滨至如归·科创之约”|滨州魏桥国科高等技术研究院2026年暑期开放日邀请函","https://mp.weixin.qq.com/s/VlI5epJHYB7lxVuMSGRn2w","微信读书"
"国科大就业","2026-05-20","政策资讯｜一图读懂南京人才政策2.0","https://mp.weixin.qq.com/s/B0KRgQkJ9lyM3Llh7jzx3g","微信读书"
"国科大就业","2026-05-20","招聘｜中国建科2026届春季校园招聘正式启动","https://mp.weixin.qq.com/s/y54Tgba7d_fhMKLIrtLVpw","微信读书"
"国科大就业","2026-05-20","招聘｜国务院国资委信息中心2026年度公开招聘公告","https://mp.weixin.qq.com/s/b7gfMogFRXs5w0te-PFa8w","微信读书"
"国科大就业","2026-05-20","招聘 | 2026年西安市事业单位公开招聘高层次及紧缺特殊专业人才的公告","https://mp.weixin.qq.com/s/SKOdqRLHX7lCE9-VRcVMrg","微信读书"
"国科大就业","2026-05-20","实习 | 中邮消费金融2026暑期实习生招聘正式启动！","https://mp.weixin.qq.com/s/jYkmeyUK8MF_c5LcoCpG_Q","微信读书"
"国科大就业","2026-05-20","实习 | 中国电信2026年暑期实习生计划正式启动！","https://mp.weixin.qq.com/s/-cUOZu08QpNQBo66NW9SZQ","微信读书"
"国科大就业","2026-05-20","就业讲座 | 银行校园招聘解读","https://mp.weixin.qq.com/s/WghJ9FxzgYThcBOqvupHfQ","微信读书"
"国科大就业","2026-05-19","招聘 | 中船动力集团2026企业开放日，邀你同行！","https://mp.weixin.qq.com/s/QEIXogzn-2vCulXMRj4T8Q","微信读书"
"国科大就业","2026-05-19","招聘 | 深圳市人民医院春季校园招聘","https://mp.weixin.qq.com/s/xyZ-b-7UAu4Q7WuK6j7jcA","微信读书"
"国科大就业","2026-05-19","招聘 | 科大讯飞26届春招热招岗位盘点","https://mp.weixin.qq.com/s/ar0-rIt-9CV_XtroZq3a6w","微信读书"
"国科大就业","2026-05-19","实习丨北方国际2026年暑期实习招募计划正式启动","https://mp.weixin.qq.com/s/KNHqYM198yf48-1gsXnnew","微信读书"
"国科大就业","2026-05-19","实习 | 大参林医药集团2027届暑期实习生计划正式启动！","https://mp.weixin.qq.com/s/_hO4NzR483mMcAOr5tEYdQ","微信读书"
"国科大就业","2026-05-19","就业讲座｜信息传输、软件与信息技术服务业发展趋势与职业机会（荣耀）","https://mp.weixin.qq.com/s/3iLs9Gvy59OoUEPTNeXYKA","微信读书"
"国科大就业","2026-05-19","阿里星热爱之旅丨学术开放日北京场报名开启！","https://mp.weixin.qq.com/s/suSkidTJuuWGywcN_O1-1w","微信读书"
"国科大就业","2026-05-19","“联宝杯”2026大学生创新大赛正式启动！","https://mp.weixin.qq.com/s/2V3IutyEjldXz8WnvxthMw","微信读书"
"国科大就业","2026-05-18","招聘 | 中国科学院化学研究所科技、支撑岗位工作人员招聘启事","https://mp.weixin.qq.com/s/eRNttmMNpGf9DDvVQJhs8w","微信读书"
"国科大就业","2026-05-18","招聘 | 宇树科技2027届校园招聘","https://mp.weixin.qq.com/s/nfyx8o5bnl0pxIS2IEW0NA","微信读书"
"国科大就业","2026-05-18","招聘 | 27实习启动&26春招补录ing！5月热招岗位合集速看→","https://mp.weixin.qq.com/s/R4hsoOsjdxdxE90RV7hadQ","微信读书"
"国科大就业","2026-05-18","实习丨河北建投交通投资有限责任公司2026年暑期实习生招聘","https://mp.weixin.qq.com/s/JL2p9IKNgN9ebLAH49_bmA","微信读书"
"国科大就业","2026-05-18","实习 | 卧安机器人「OneRo Star」实习生计划火热进行中！","https://mp.weixin.qq.com/s/pfQTAwWZtcLoIil1sMzwvQ","微信读书"
"国科大就业","2026-05-18","实习 | 海量HC+可转正 | 小鹏集团2027届暑期实习生计划正式启动","https://mp.weixin.qq.com/s/b60Rca03pFQDYDmAwq7eTQ","微信读书"
"国科大就业","2026-05-18","实习 | 2026年延庆区“韶华计划”暑期实习活动报名","https://mp.weixin.qq.com/s/pj77oih9s9-_7NcSmiaBTg","微信读书"
"国科大就业","2026-05-18","就业讲座｜软件和信息技术服务业发展趋势与职业机会（阿里巴巴）","https://mp.weixin.qq.com/s/0SzTnCYf5sqGpR4-wlVlWw","微信读书"
"国科大就业","2026-05-15","招聘 | 新奥能源研究院2026届校园招聘","https://mp.weixin.qq.com/s/il6vL8H4Wohsk6sHHZbN8w","微信读书"
"国科大就业","2026-05-15","招聘 | 吉利控股集团2026届春季招聘","https://mp.weixin.qq.com/s/McKBXO34RuWfZE3XWg8sVg","微信读书"
"国科大就业","2026-05-15","招聘 | “为国铸箭 逐梦苍穹” 航天一院2027届提前批招聘启动！","https://mp.weixin.qq.com/s/W0TYIGFQobg-ZCLKnea3Ag","微信读书"
"国科大就业","2026-05-15","实习 | 中信证券2027年暑期实习","https://mp.weixin.qq.com/s/5Iu1F90Olqza433ba95kvQ","微信读书"
"国科大就业","2026-05-15","三一集团【星辰计划】Open day邀请函启动","https://mp.weixin.qq.com/s/EX0kWdry3McTvw5iS0Jdgw","微信读书"
"国科大就业","2026-05-15","《筑梦基层》——国科大选调生经验分享交流会","https://mp.weixin.qq.com/s/ODOnJ9ugccwQptCNusxA6w","微信读书"
"国科大就业","2026-05-14","招聘丨中建一局集团建设发展有限公司2026届春招暨“顶尖生”计划正式启动","https://mp.weixin.qq.com/s/4RT87R-tU3nCTFrCP3Qsjw","微信读书"
"国科大就业","2026-05-14","招聘丨国家图书馆2026年度公开招聘应届毕业生公告","https://mp.weixin.qq.com/s/NbarSGPhlKj439QY7tIcmQ","微信读书"
"国科大就业","2026-05-14","招聘｜北京体育大学2026年公开招聘公告","https://mp.weixin.qq.com/s/UkzrLgSG-TcoriSlNQKDJw","微信读书"
"国科大就业","2026-05-14","招聘 | 通付盾2026春季校园招聘","https://mp.weixin.qq.com/s/0jFiEtGjPeW-1x0reO9sjw","微信读书"
"国科大就业","2026-05-14","招聘 | 康明斯2026春季招聘启动！","https://mp.weixin.qq.com/s/Va7rk-yb42kKdwuiAFWNMA","微信读书"
"国科大就业","2026-05-14","实习 | 字节跳动 AI 产品经理AI 产品实习岗位招聘","https://mp.weixin.qq.com/s/Hc3c-mEe-o3COhcAG5057Q","微信读书"
"国科大就业","2026-05-13","招聘 | 中国机械科学研究总院集团2026届春季校园招聘火热进行中!","https://mp.weixin.qq.com/s/WjIA3PkSGmk8nkoWzHaB3Q","微信读书"
"国科大就业","2026-05-13","招聘 | 海信集团2027届信动力计划招聘正式启动！","https://mp.weixin.qq.com/s/6I6Q647LueLwFWNmtGa13w","微信读书"
"国科大就业","2026-05-13","招聘 | 2026年“才聚沂蒙·京彩未来”山东省临沂市公开引进优秀青年人才公告","https://mp.weixin.qq.com/s/QahU_EXyMgne8RUX6F1SnA","微信读书"
"国科大就业","2026-05-13","招聘 | “万有可为，循光向上”万向集团2026届春季校园招聘正式启动！","https://mp.weixin.qq.com/s/lO6Sh39dBSp5RGd6a_MLjQ","微信读书"
"国科大就业","2026-05-13","实习 | 58同城2026春季校园招聘正式启动！","https://mp.weixin.qq.com/s/nE7UgmO6zQ8C-UkmoQceMg","微信读书"
"国科大就业","2026-05-13","石河子大学2026年人才招聘","https://mp.weixin.qq.com/s/yUDZyPfWfTslpHPcB6UDsQ","微信读书"
"国科大就业","2026-05-13","就业讲座｜国央企职业发展及前景","https://mp.weixin.qq.com/s/xTkLgIEdzs50etK76sEcow","微信读书"
"国科大就业","2026-05-13","《筑梦基层》——国科大选调生经验分享交流会","https://mp.weixin.qq.com/s/z1ix1-9liBCs3ydjrJIA6g","微信读书"
"国科大就业","2026-05-12","招聘｜大兴区2026年第二批事业单位公开招聘教师公告","https://mp.weixin.qq.com/s/rBB90OMzcU6WKQJZQBM1YA","微信读书"
"国科大就业","2026-05-12","招聘 | 中国航天科工集团第十研究院0612研究所招聘","https://mp.weixin.qq.com/s/h9hjOw8xlIlfQYHDlWDXqg","微信读书"
"国科大就业","2026-05-12","招聘 | 浙江大学碳中和研究院2026年招聘公告","https://mp.weixin.qq.com/s/iARmM0cHMGhZDqpf4M4jxQ","微信读书"
"国科大就业","2026-05-12","招聘 | 滴滴2027届秋招储备实习生项目正式启动","https://mp.weixin.qq.com/s/K3i0boSPxHndBNJCx79bpw","微信读书"
"国科大就业","2026-05-12","招聘 | 川维化工博士后工作站2025年招聘来啦！","https://mp.weixin.qq.com/s/CPIELN-Y832PF0X5-53VcQ","微信读书"
"国科大就业","2026-05-12","招聘 | 北京中关村学院 × 中关村人工智能研究院招聘公告","https://mp.weixin.qq.com/s/RLc_eYKDpQKPTm_-V4a5MQ","微信读书"
"国科大就业","2026-05-12","就业讲堂 | 你了解就业见习吗？知识帖请收好","https://mp.weixin.qq.com/s/b3y-2Jstnp78Fhvn8hxLdA","微信读书"
"国科大就业","2026-05-12","2026年军队文职人员公开招考第二批免笔试直接面试岗位招考工作全面展开","https://mp.weixin.qq.com/s/17zREiEtx8xV-X9aXV623A","微信读书"
"国科大就业","2026-05-11","招聘 | 迈瑞医疗2027届技能人才校园招聘正式启动","https://mp.weixin.qq.com/s/MNQ92l3-CVke3l2wg9Zp_A","微信读书"
"国科大就业","2026-05-11","招聘 | 1.5万余个优质岗位发布！全国首届百校学子地方行携手“博士沈阳行”即将启幕！报名通道开启→","https://mp.weixin.qq.com/s/RG5oHkUgYoIsK3I4QF5g5A","微信读书"
"国科大就业","2026-05-11","招聘 | “新青年 星未来” 中国星网2026年度校园招聘正式启动","https://mp.weixin.qq.com/s/7TnLOfPZXiejG2WnZ-yqsw","微信读书"
"国科大就业","2026-05-11","宣讲会 | 5月15日 上海优宁维生物科技股份有限公司招聘","https://mp.weixin.qq.com/s/8ty_Y3w0roWVUxcHWzhfog","微信读书"
"国科大就业","2026-05-11","宣讲会 | 5月15日 地平线开放麦 技术交手季-中国科学院大学站","https://mp.weixin.qq.com/s/RXRhtY9tnsZ284lGUx2xEQ","微信读书"
"国科大就业","2026-05-11","小鹏AI公开赛启动：10万奖金+直通校招终面，用你的AI想法拿下offer","https://mp.weixin.qq.com/s/OsvotvD_lpyV7710gmPxNg","微信读书"
"国科大就业","2026-05-11","实习 | 知乎2027届暑期实习生招聘启动","https://mp.weixin.qq.com/s/5KQ9oEv0EcHeUb32lttH4Q","微信读书"
"国科大就业","2026-05-11","实习 | “共翔蓝天” 中国航空工业集团第一飞机设计研究院2026年实习生招聘正式启动","https://mp.weixin.qq.com/s/Ebb8pUEfbfodwjO2AMABew","微信读书"
"国科大就业","2026-05-09","招聘｜海关总署在京直属事业单位2026年度公开招聘应届毕业生公告","https://mp.weixin.qq.com/s/LfAVOzMWtQfXBqV8A58mtg","微信读书"
"国科大就业","2026-05-09","招聘 | 中国烟草总公司辽宁省公司2026年人员招聘公告","https://mp.weixin.qq.com/s/NFmOz_4ZKZE7SIEXBcH63w","微信读书"
"国科大就业","2026-05-09","小红书「Ace顶尖实习生计划」9大方向、40+全新课题重磅发布！AI创新赛道邀你上场！","https://mp.weixin.qq.com/s/F4jxF-dtk2LGLzv6ckojgg","微信读书"
"国科大就业","2026-05-09","实习 | 必凡娱乐26届春季校园招聘&27届实习生招聘","https://mp.weixin.qq.com/s/any4oHU30yKHGAvZv0c9VA","微信读书"
"国科大就业","2026-05-09","实习 | 阿里巴巴灵犀互娱2027届实习生招聘","https://mp.weixin.qq.com/s/vjWjJ28h4dqsLRIkmFzcfA","微信读书"
"国科大就业","2026-05-09","就业讲座 | “京彩助梦 成功就业”线上公益讲座预告","https://mp.weixin.qq.com/s/E6upE5xpAFkv0KFNSNcUow","微信读书"
"国科大就业","2026-05-09","就业讲堂 | 劳动合同双方都需留存！","https://mp.weixin.qq.com/s/EVBSU4h_VVHfdEX5nrEuFw","微信读书"
"国科大就业","2026-05-09","《筑梦基层》——国科大选调生经验分享交流会","https://mp.weixin.qq.com/s/V-bE11d_Dt2BAl36e168Eg","微信读书"
"国科大就业","2026-05-08","招聘 | 中交二公局2026届春季校园招聘","https://mp.weixin.qq.com/s/if8xTXnNey0ywkx7ACw_WA","微信读书"
"国科大就业","2026-05-08","招聘 | 来笑果，有笑有成果｜笑果2026年最新校园招聘","https://mp.weixin.qq.com/s/T5MqEeJuH3xvIHrf1hWldQ","微信读书"
"国科大就业","2026-05-08","招聘 | 杭州银行2027届“摘星计划”暑期实习生招聘暨校招提前批","https://mp.weixin.qq.com/s/KlmymNSC_fHtd8d7BVWGig","微信读书"
"国科大就业","2026-05-08","招聘 | 国海证券分支机构2026届“管培生”春季校园招聘正式启动","https://mp.weixin.qq.com/s/ZKPfChwo8kJR11sSCNhmwg","微信读书"
"国科大就业","2026-05-08","招聘 | 才聚昌吉学院 智启教育新程 2026年百名博士行","https://mp.weixin.qq.com/s/yCixEVBh97XouZKzxL0BPQ","微信读书"
"国科大就业","2026-05-08","实习 | “ 乘风启 ‘ 兴 ’ 篇 寻找 ‘youcai ’ 的你 ” 中兴财经暑假实习生招聘正式启动!","https://mp.weixin.qq.com/s/a-GWJcfxWuGoJzUs8OhZJw","微信读书"
"国科大就业","2026-05-08","就业讲堂 | 怎样提高简历质量？求职小伙伴速收藏→","https://mp.weixin.qq.com/s/5MMUAmwUG3neAppjqkndjA","微信读书"
"国科大就业","2026-05-08","阿里国际丨2027届实习生招聘正式启动！！","https://mp.weixin.qq.com/s/5nnbeoDtgMiXVXSkxePAyQ","微信读书"
"国科大就业","2026-05-07","招聘｜长基集团2026届春季校园招聘正式启动！","https://mp.weixin.qq.com/s/6K7gPbD9qrP1zcGJ-RVW8w","微信读书"
"国科大就业","2026-05-07","招聘 | 首都医科大学2026年度事业编制岗位公开招聘公告（第二批）","https://mp.weixin.qq.com/s/t8B8nN-QBIXTZqTz3t6rew","微信读书"
"国科大就业","2026-05-07","招聘 | 哈尔滨工程大学2026年辅导员岗位招聘通知","https://mp.weixin.qq.com/s/wXucoL91tAnsPWUyMaXhaQ","微信读书"
"国科大就业","2026-05-07","招聘 | 春招就位！国企岗位直达2026届毕业生","https://mp.weixin.qq.com/s/TPRUuOcKweh3K92t-rg06A","微信读书"
"国科大就业","2026-05-07","招聘 | 重庆市2026年春季“百万人才兴重庆”全国重点高校巡回引才活动（北京）","https://mp.weixin.qq.com/s/WL_S19rgRHjveJ7FbhJZjg","微信读书"
"国科大就业","2026-05-07","招聘 | @2026届毕业生，厦门“五四”专场云招聘启动！","https://mp.weixin.qq.com/s/91LLYEh6m62AQ7UOYOHD_w","微信读书"
"国科大就业","2026-05-07","就业讲堂 | 试用期里可以随意解聘？真相来了","https://mp.weixin.qq.com/s/MfU_lG48sD0zYUp41kG7Uw","微信读书"
"国科大就业","2026-05-07","海尔智家股份有限公司2027届顶尖人才项目校园招聘","https://mp.weixin.qq.com/s/p2gebpo9GmvtpdEwsnEcKw","微信读书"
"国科大就业","2026-05-06","招聘｜中国电子春天研究院2026届校园招聘","https://mp.weixin.qq.com/s/ytgr1D_kGo5tVy69aVu40A","微信读书"
"国科大就业","2026-05-06","招聘｜江苏省港口集团2026年春季集中招聘公告","https://mp.weixin.qq.com/s/Ijtxow8x_xRqThmhCEQS1w","微信读书"
"国科大就业","2026-05-06","招聘 | 中国物流2026届春季校园招聘正式启动","https://mp.weixin.qq.com/s/omnfLufN7esCvYN4VYpHiQ","微信读书"
"国科大就业","2026-05-06","招聘 | 2026年春季华北区域博士、博士后专场—北京站","https://mp.weixin.qq.com/s/c6vl-4LOMU2AShHBdWhqgw","微信读书"
"国科大就业","2026-05-06","实习 | 大华股份2027届转正实习招聘正式启动！","https://mp.weixin.qq.com/s/AGq6nMK97jEGuGONswQ3UQ","微信读书"
"国科大就业","2026-05-06","就业讲座｜北京各区教师招聘考情剖析","https://mp.weixin.qq.com/s/IFxvFLllYss-7WmQ-OOd1Q","微信读书"
"国科大就业","2026-05-06","国家税务总局部分直属事业单位2026年度公开招聘公告","https://mp.weixin.qq.com/s/PTWhWvPbUh7ssz_WIUU-bw","微信读书"
"国科大就业","2026-05-06","《筑梦基层》——国科大选调生经验分享交流会","https://mp.weixin.qq.com/s/_jODLaSUa1IMsI675-yOsw","微信读书"
"国科大就业","2026-04-30","招聘丨“交汇英才，非你莫苏”江苏交通控股有限公司2026年春季校园招聘正式启动！","https://mp.weixin.qq.com/s/Rh-kziRX69WlypWkaOGAXA","微信读书"
"国科大就业","2026-04-30","招聘｜中国南方航空2026届校园招聘","https://mp.weixin.qq.com/s/2mNoeIdLvwo1J3IZSgVrPQ","微信读书"
"国科大就业","2026-04-30","招聘｜市地勘院所属事业单位2026公开招聘启动","https://mp.weixin.qq.com/s/b24-EfJE5aoBTd3pSDoz5A","微信读书"
"国科大就业","2026-04-30","招聘｜国家电网有限公司2026年招聘高校毕业生（第三批）公告","https://mp.weixin.qq.com/s/na75ePoU0Fwn_R25IhrKXg","微信读书"
"国科大就业","2026-04-30","实习｜中信证券总部2026年暑期日常实习全面启动！","https://mp.weixin.qq.com/s/I3-YY9l55ywGUqvKL-ILRA","微信读书"
"国科大就业","2026-04-30","实习｜日立能源2026年暑期实习生招募正式开启！","https://mp.weixin.qq.com/s/lTB7CfR4EB-Iz155u8rruw","微信读书"
"国科大就业","2026-04-30","国赛金奖！国科大本科生在第三届全国大学生职业规划大赛中夺金！","https://mp.weixin.qq.com/s/H8KavnpoBmJH7CAe8NUNNQ","微信读书"
"国科大就业","2026-04-29","招聘丨华润三九2026届春季校园招聘正式启动！","https://mp.weixin.qq.com/s/TOHzFPM1hzitdhjv2fdV6w","微信读书"
"国科大就业","2026-04-29","招聘 | 中国质量认证中心2026年春季校园招聘火热进行中","https://mp.weixin.qq.com/s/Pjqkf6u8qsjrFBxAemPVRw","微信读书"
"国科大就业","2026-04-29","实习 | 小红书「Ace顶尖实习生计划」9大方向、40+全新课题重磅发布！AI创新赛道邀你上场！","https://mp.weixin.qq.com/s/-q06cY9Cv13GqK2A_FjL6w","微信读书"
"国科大就业","2026-04-29","实习 | 平安证券2027届暑期实习生招聘正式启动","https://mp.weixin.qq.com/s/as4WF3X_411BV3HbNIbFBg","微信读书"
"国科大就业","2026-04-29","人心往之 城必兴焉 | 广为人知的故事","https://mp.weixin.qq.com/s/ExQRtP3073lGxmAi3iXgYA","微信读书"
"国科大就业","2026-04-29","就业讲堂 | 续签劳动合同，这些事要注意！","https://mp.weixin.qq.com/s/1AZuLXz4kjDirSdkx8YZ6A","微信读书"
"国科大就业","2026-04-28","招聘｜中核控制2025年春季校园招聘正式启动","https://mp.weixin.qq.com/s/_1yK6P8wj1Fz9EL0X4hEAQ","微信读书"
"国科大就业","2026-04-28","招聘｜中国电科新闻中心2026届校园招聘","https://mp.weixin.qq.com/s/KdpsHDarqjGfnphbMNCYcw","微信读书"
"国科大就业","2026-04-28","招聘｜中国诚通控股集团有限公司2026届春季校园招聘","https://mp.weixin.qq.com/s/Q850IPkC7m1Hw-BQOvgJ_Q","微信读书"
"国科大就业","2026-04-28","招聘 | 中石化经纬有限公司博士后招聘","https://mp.weixin.qq.com/s/Hb8sc41dq9gx-vhQbdlXlQ","微信读书"
"国科大就业","2026-04-28","招聘 | 中共南通市委党校2026年公开招聘高层次人才公告","https://mp.weixin.qq.com/s/x-gt5BLIczoB3ZsNwY0M0w","微信读书"
"国科大就业","2026-04-28","招聘 | 天津市公安局所属事业单位公开招聘","https://mp.weixin.qq.com/s/82rqCF0lmPPZAYF3Wqa3bg","微信读书"
"国科大就业","2026-04-28","就业讲堂 | 参加就业见习算工作经历吗？","https://mp.weixin.qq.com/s/u9Vrmi9PwKUlq_Vf1OzcfA","微信读书"
"国科大就业","2026-04-28","《筑梦基层》——国科大选调生经验分享交流会","https://mp.weixin.qq.com/s/JSiAuF0ecvuxzVXghjDpSQ","微信读书"
"国科大就业","2026-04-27","招聘 | 中科附朝阳区教委公开招聘教师8名","https://mp.weixin.qq.com/s/rH4Q6MqAVBV_SJKsrUhiYQ","微信读书"
"国科大就业","2026-04-27","招聘 | 人大附中亦庄新城学校2026年春季教师招聘公告","https://mp.weixin.qq.com/s/Wbk0TsZHlv4NgCIciEe-RA","微信读书"
"国科大就业","2026-04-27","招聘 | 交通银行2026年度校园招聘","https://mp.weixin.qq.com/s/6Ly9N0Zl57VQyWCGaNuiQw","微信读书"
"国科大就业","2026-04-27","招聘 | 懂车帝AI青年招聘专项","https://mp.weixin.qq.com/s/b1V46nzU8917BTZRqSXEnA","微信读书"
"国科大就业","2026-04-27","招聘 | 晟通集团2026届接班人计划火热进行！","https://mp.weixin.qq.com/s/BOsWunodLcAfP_fghmdREQ","微信读书"
"国科大就业","2026-04-27","招聘 | “携手共聚变 启航向未来”中国聚变2026届春季校园招聘全面启动！","https://mp.weixin.qq.com/s/H6TSasFCXJNqKytViu26dg","微信读书"
"国科大就业","2026-04-27","实习 | 圣湘生物2027届实习生校园招聘全面开启！","https://mp.weixin.qq.com/s/PY2Nz1i-4TEfwan_R86XtQ","微信读书"
"国科大就业","2026-04-27","就业讲座 | 北京事业单位、部委直属事业单位考情大解密","https://mp.weixin.qq.com/s/J-eEEGSJXmG9A33USHD3aw","微信读书"
"国科大就业","2026-04-24","招聘丨恒丰银行2026年上半年毕业生招聘","https://mp.weixin.qq.com/s/wmHk80snWWc5ncN8cEwaUw","微信读书"
"国科大就业","2026-04-24","招聘 | 中国化学工程2026届春季校园招聘正式启动","https://mp.weixin.qq.com/s/fYER36yOgvYePF6R10KMfA","微信读书"
"国科大就业","2026-04-24","招聘 | 华润化学材料2026届春季校园招聘正式启动！","https://mp.weixin.qq.com/s/DEMLASpozNVE_HNGnKChKQ","微信读书"
"国科大就业","2026-04-24","招聘 | 海康威视2026校招-海康机器人，寻找驱动未来的营销新生力量！","https://mp.weixin.qq.com/s/2hifebbo132EQFC4ysy3UQ","微信读书"
"国科大就业","2026-04-24","现金奖励+名企内推与实习offer！智联招聘首届全国AI创新大赛正式启动","https://mp.weixin.qq.com/s/3VB9l0DHvsL8Qs970sL5YQ","微信读书"
"国科大就业","2026-04-24","实习 | 凡岛转正实习项目 你的不凡，从转正实习开始","https://mp.weixin.qq.com/s/IbyZOehIKTLC9YdUC5a_0A","微信读书"
"国科大就业","2026-04-24","上海人工智能实验室2026和2027届春季招聘","https://mp.weixin.qq.com/s/9cfYb372vCHu2Dx0QQnFyA","微信读书"
"国科大就业","2026-04-23","中国石油启动2026年春季高校毕业生招聘！","https://mp.weixin.qq.com/s/2DtGpD2Sy4LV7fXoFoPcbQ","微信读书"
"国科大就业","2026-04-23","招聘｜TCL 2026届春季全球校园招聘正式启动！","https://mp.weixin.qq.com/s/draOIPulNw6meMGT9L5sUA","微信读书"
"国科大就业","2026-04-23","招聘｜中建三局集团（深圳）有限公司2026届春季校园招聘正式启动！","https://mp.weixin.qq.com/s/tEo1Clzn5dIkswHD3YBBpA","微信读书"
"国科大就业","2026-04-23","招聘｜中国电科40、41所2026届校园招聘开启","https://mp.weixin.qq.com/s/yaZ1kYELa0SqegP9hhi9xw","微信读书"
"国科大就业","2026-04-23","招聘｜有道领世石家庄班课教师，期待与你并肩同行！","https://mp.weixin.qq.com/s/1xuLBGyUt_JPMec8UAn9LQ","微信读书"
"国科大就业","2026-04-23","招聘 | 中国电子技术标准化研究院2026年春季招聘","https://mp.weixin.qq.com/s/mqbPRuyRBE8j5T_3hFyrkw","微信读书"
"国科大就业","2026-04-23","招聘 | 首届“菁英赋能”山东邮政市本部管培生招聘正式启动！诚邀你的加入！","https://mp.weixin.qq.com/s/4pCoYLJFUzIxQIIcta-Gpw","微信读书"
"国科大就业","2026-04-23","实习 | 百度智能驾驶事业群（IDG）2027暑期实习生项目招募中","https://mp.weixin.qq.com/s/HCJgAMn2U36otIgnqjJRfg","微信读书"
"国科大就业","2026-04-22","招聘｜中科飞测2026届春季校园招聘正式启动","https://mp.weixin.qq.com/s/9KjEsPIdj-EDat86hn2KDg","微信读书"
"国科大就业","2026-04-22","招聘｜中国林业集团有限公司2026年春季校园招聘公告","https://mp.weixin.qq.com/s/GMFCzn55qW4aOn4XNlYrLQ","微信读书"
"国科大就业","2026-04-22","招聘｜上海交易集团2026届校园招聘正式启动","https://mp.weixin.qq.com/s/IZ_OMKBqDdCMuiUDrWiWtg","微信读书"
"国科大就业","2026-04-22","招聘 | 炎魂网络2026届校招&2027届实习启动！","https://mp.weixin.qq.com/s/CvrhjG-zkBM2Nbu5vwTptw","微信读书"
"国科大就业","2026-04-22","招聘 | 米哈游基础大模型技术分享报名 & 顶尖校招生（含实习）招募！","https://mp.weixin.qq.com/s/_FpGadGL5TbZxum-N9yz4w","微信读书"
"国科大就业","2026-04-22","招聘 | 国家广播电视总局直属事业单位2026年度公开招聘公告","https://mp.weixin.qq.com/s/XChZ3hnuLtoYkEoZS47Dmw","微信读书"
"国科大就业","2026-04-22","招聘 | 国家管网春季招聘启动！","https://mp.weixin.qq.com/s/reiYLJsD_g1qCCF3e16Vqg","微信读书"
"国科大就业","2026-04-22","大赛通知|关于举办“京彩AI·智汇全球”北京大学生“超级个体”（OPC）创业大赛的通知","https://mp.weixin.qq.com/s/0KG-WoavcepiXiZg7SfR6Q","微信读书"
"国科大就业","2026-04-21","招聘 | 新质引擎 智领未来 全国巡回博士、博士后高层次人才专场签约洽谈会-北京站","https://mp.weixin.qq.com/s/k9-onIppqC1-93hM3jjkHA","微信读书"
"国科大就业","2026-04-21","招聘 | 网易游戏雷火27届暑期精英实习&26届补招全球启动！","https://mp.weixin.qq.com/s/jd_DGtr_ykTdDUyV2tTAMw","微信读书"
"国科大就业","2026-04-21","招聘 | 通用技术集团2026届校园招聘正式启动！","https://mp.weixin.qq.com/s/KRrFFGN5ES9WkFfq_c0b4A","微信读书"
"国科大就业","2026-04-21","招聘 | 湖南银行2026年春季校园招聘","https://mp.weixin.qq.com/s/_WraVUG0AdF9nQbkChfiYQ","微信读书"
"国科大就业","2026-04-21","崖州湾国家实验室将举办2026年国内外青年学者学术交流会","https://mp.weixin.qq.com/s/V_FctaPp2mxMNJ1UFv7Iig","微信读书"
"国科大就业","2026-04-21","使用指南 | 第五届“京彩大创”北京大学生创新创业大赛报名指南","https://mp.weixin.qq.com/s/_Qa_qm2Zv8lzn9KA4l3DWA","微信读书"
"国科大就业","2026-04-21","就业讲座 | 科技零售行业发展趋势和职业机会（美团）","https://mp.weixin.qq.com/s/Y_TO8d9vN9qdesoH_Q6UVQ","微信读书"
"国科大就业","2026-04-21","大赛通知 | 关于举办第五届“京彩大创”北京大学生创新创业大赛的通知","https://mp.weixin.qq.com/s/nbdiMwGys6NP0ATt6a04Ew","微信读书"
"国科大就业","2026-04-01","招聘 | 中国贸促会专利商标事务所2026届春季校园招聘","https://mp.weixin.qq.com/s/ogoXv8tfmhIBzAL1nPW_rQ","微信读书"
"国科大就业","2026-04-01","招聘 | 途游游戏2026春季校园招聘开启","https://mp.weixin.qq.com/s/wYXAS5D2YBSmxIIWmXtSGg","微信读书"
"国科大就业","2026-04-01","招聘 | 国家粮食和物资储备局直属联系单位和垂直管理局事业单位2026年度公开招聘公告","https://mp.weixin.qq.com/s/dgZ4vem2HCmiZ054FHbT-A","微信读书"
"国科大就业","2026-04-01","招聘 | 2026安永春招上线，等你“E”起发光！","https://mp.weixin.qq.com/s/nsT3S3KAEl_wmAfATUA43w","微信读书"
"国科大就业","2026-04-01","邀请函 | 4月10日“京彩就业”中国科学院大学2026届毕业生生物医药、地学资环类专场双选会","https://mp.weixin.qq.com/s/B2LeHx33DAXFw5NDZqJviQ","微信读书"
"国科大就业","2026-04-01","双选会 | 4月17日 2026年春季全国博士、博士后高层次人才巡回签约洽谈会—中国科学院大学站","https://mp.weixin.qq.com/s/k-xpd-oRIaGHR50nx3WhVA","微信读书"
"国科大就业","2026-04-01","实习 | Calix凯易讯实习生招聘","https://mp.weixin.qq.com/s/05kOvEHLnTlk8qUsra1ubw","微信读书"
"国科大就业","2026-04-01","就业讲堂 | 试用期未满，能申请离职吗？","https://mp.weixin.qq.com/s/wUsY43sqTlazOXUhcUMeDQ","微信读书"
"国科大就业","2026-03-31","招聘 | 联发科技2027届实习生招聘正式启动","https://mp.weixin.qq.com/s/cK-s1XN3ZvEb7fPBCmWi1Q","微信读书"
"国科大就业","2026-03-31","招聘 | 科华集团2026届春季校园招聘！","https://mp.weixin.qq.com/s/NiqPvStWa0R9n3ryXU3kTQ","微信读书"
"国科大就业","2026-03-31","招聘 | 国药数字科技（北京）有限公司2026届校园招聘","https://mp.weixin.qq.com/s/recvk_LQcV_gw6F7q1rQVw","微信读书"
"国科大就业","2026-03-31","招聘 | 大理州2026年高层次专业化“霞光人才”引进公告","https://mp.weixin.qq.com/s/IPa1RxL7u7-oxJC8uUvHow","微信读书"
"国科大就业","2026-03-31","招聘 | 渤海银行2026年春季校园招聘正式启动！","https://mp.weixin.qq.com/s/xG0-qbqTJ_OGV2Qh0tmUiQ","微信读书"
"国科大就业","2026-03-31","宣讲会 | 4月7日 ASML 2026春招启动 | 相约春日，向“芯”出发！","https://mp.weixin.qq.com/s/L9z8OPbRO2piied8zSQeuw","微信读书"
"国科大就业","2026-03-31","【美团商赛】第6届美团商业分析精英大赛报名进行中！","https://mp.weixin.qq.com/s/PGGiJGDnsTLC6h7_bYbIEQ","微信读书"
"国科大就业","2026-03-31","“京彩助梦 成功就业”4月线上公益讲座预告","https://mp.weixin.qq.com/s/Dml7WrlfWrIzLb11J2T6jg","微信读书"
"国科大就业","2026-03-30","招聘 | 涂鸦智能2026届春季校园招聘","https://mp.weixin.qq.com/s/V54Kzl_qfG1GQLwOS2Q0MA","微信读书"
"国科大就业","2026-03-30","招聘 | 进迭时空 2026 春季校园招聘","https://mp.weixin.qq.com/s/flumEm5eU7GzqYjrcnpqOw","微信读书"
"国科大就业","2026-03-30","招聘 | 哔哩哔哩26春招&27暑期实习正式启动","https://mp.weixin.qq.com/s/Y3I1OusJVF_W8SQwD3Qi3A","微信读书"
"国科大就业","2026-03-30","招聘 | 宝洁2026春季招聘（暑期实习生/全职管理岗）开启！","https://mp.weixin.qq.com/s/YyHZ15-p_nYmsMuLWwgO6g","微信读书"
"国科大就业","2026-03-30","招聘 | 安克创新2027届校招储备实习生招聘正式启动","https://mp.weixin.qq.com/s/bwJZ-oLRgi2ktCRTbsefgg","微信读书"
"国科大就业","2026-03-30","宣讲会 | 3月31日 华为2027届实习生招聘-中国科学院大学专场","https://mp.weixin.qq.com/s/-T3fLCOH4VaGLvpk-nxH4Q","微信读书"
"国科大就业","2026-03-30","实习 | “梦工场”招商银行总行2027暑期实习生招聘正式启动！","https://mp.weixin.qq.com/s/JK5pkzqo8PdFytWbx_InAA","微信读书"
"国科大就业","2026-03-30","活动预告 | 就业指导系列讲座——解码校招面试技巧","https://mp.weixin.qq.com/s/eik0vyOwrG6AkrrcczwvnQ","微信读书"
"国科大就业","2026-03-28","正式启动丨中国一汽2026春季校园招聘","https://mp.weixin.qq.com/s/N5XfNmRRlPxH-xqk73A1xQ","微信读书"
"国科大就业","2026-03-28","招聘 | 中邮理财2026春季校园招聘正式启动","https://mp.weixin.qq.com/s/I4EgX1u04BQ__mG32jdbEQ","微信读书"
"国科大就业","2026-03-28","招聘 | 中国原子能2026届春季校园招聘","https://mp.weixin.qq.com/s/x1lvpT5hcnQJr1EF-pzQvA","微信读书"
"国科大就业","2026-03-28","招聘 | 中国移动在线营销服务中心2026春季招聘正式启动","https://mp.weixin.qq.com/s/EO36ybwLv2t1zvE6g_gibw","微信读书"
"国科大就业","2026-03-28","招聘 | 礼意久久2026届春季校园招聘启动！","https://mp.weixin.qq.com/s/IO9D_DkeCpIdxPlHQpjZdg","微信读书"
"国科大就业","2026-03-28","招聘 | 航天科工十院2026年春季招聘全面启动","https://mp.weixin.qq.com/s/cSxKXLFPjq40FYAXwaNKeQ","微信读书"
"国科大就业","2026-03-28","招聘 | 海南核电2026年校园招聘正式启动","https://mp.weixin.qq.com/s/cjdJpP4mPY4WtdggIdr70g","微信读书"
"国科大就业","2026-03-28","就业讲堂 | 被辞退后，还需要遵守竞业限制协议吗？","https://mp.weixin.qq.com/s/u1mDIdRSY5YGeuoSMLZRzw","微信读书"
"国科大就业","2026-03-27","招聘 | 作业帮2027届暑期实习生招聘正式启动","https://mp.weixin.qq.com/s/rl_0XmfKVF7DxS_-tDt83w","微信读书"
"国科大就业","2026-03-27","招聘 | 众安26年春招&27届实习生招聘","https://mp.weixin.qq.com/s/bXRpOFN2wKtCMlpMJ90LLA","微信读书"
"国科大就业","2026-03-27","招聘 | 中国质检院事业编制招聘全面启动，“职”等你来！","https://mp.weixin.qq.com/s/iz03QEc0nDuyh1iQtTHGtA","微信读书"
"国科大就业","2026-03-27","招聘 | 中国工商银行软件开发中心2026年度春季校园招聘","https://mp.weixin.qq.com/s/DKxTuNK6wLgXJaqFdQTkGA","微信读书"
"国科大就业","2026-03-27","招聘 | 思摩尔国际2026春招及实习生招聘正式启动","https://mp.weixin.qq.com/s/cwP_mngwxpD5NB9tCQx0kg","微信读书"
"国科大就业","2026-03-27","招聘 | 得物校招  2026年春季校园招聘正式启动！","https://mp.weixin.qq.com/s/_AQc1kAtSZd3vk33322-BA","微信读书"
"国科大就业","2026-03-27","招聘 | 阿里巴巴灵犀互娱2027届实习生招聘正式启动！","https://mp.weixin.qq.com/s/pPBetdCKsINgcuKGvCoFfQ","微信读书"
"国科大就业","2026-03-27","课程预告 | 教育部“互联网+就业指导”公益直播课：就业机会的识别与扩展","https://mp.weixin.qq.com/s/7v0iTJJuaHDH2s1RxvMezA","微信读书"
"国科大就业","2026-03-26","Hi！Z“实”代计划丨中兴通讯实习生招聘正式启动","https://mp.weixin.qq.com/s/f9I2EhWsNXmVfkRLtrtTxA","微信读书"
"国科大就业","2026-03-26","招聘 | TP-Link联洲2026届春季校园招聘启动！","https://mp.weixin.qq.com/s/JX-VopZBa9GCSPkPMASBig","微信读书"
"国科大就业","2026-03-26","招聘 | 中欧基金2027届暑期实习生招聘启动！","https://mp.weixin.qq.com/s/CvGhle-vAwVbj0QvAvrgxw","微信读书"
"国科大就业","2026-03-26","招聘 | 小天才2026届春招启动","https://mp.weixin.qq.com/s/sODnfY_5kwKKttG5XDTazQ","微信读书"
"国科大就业","2026-03-26","招聘 | 深圳市阳和通电子有限公司","https://mp.weixin.qq.com/s/tAXGag_05Bxs0QWVHNnI6w","微信读书"
"国科大就业","2026-03-26","招聘 | 群核科技2026届春季校园招聘","https://mp.weixin.qq.com/s/aJMfN4QO2g6-td_bEHfPDw","微信读书"
"国科大就业","2026-03-26","招聘 | 美团食杂零售管培生计划正式启动！","https://mp.weixin.qq.com/s/379VhvjPJhpIpMRbpwavYw","微信读书"
"国科大就业","2026-03-26","就业讲堂 | 求职必看！面试结束后，记得做好这几件事","https://mp.weixin.qq.com/s/NYFi0DNDfFZv5b45IiujrA","微信读书"
"国科大就业","2026-03-25","招聘 | 中科蓝讯2026春季校园招聘正式开启","https://mp.weixin.qq.com/s/sYxE9loZqzz5ENHtH4Ixlw","微信读书"
"国科大就业","2026-03-25","招聘 | 水利部所属单位2026年第二批公开招聘工作人员","https://mp.weixin.qq.com/s/QChohOUsACSfK2CE-3l7Uw","微信读书"
"国科大就业","2026-03-25","招聘 | 韶音科技2026届春季校园招聘正式启动！","https://mp.weixin.qq.com/s/OT8-EUQ_gTGnf7dxIK_l6w","微信读书"
"国科大就业","2026-03-25","招聘 | 轻舟智航2026春招（校招&实习）启动｜与顶尖团队一起，创造物理AI新未来！","https://mp.weixin.qq.com/s/Gsx8xClScATEYRbOLymBxg","微信读书"
"国科大就业","2026-03-25","招聘 | 国药集团2026届春季校园招聘全面启动","https://mp.weixin.qq.com/s/bH7Yzr8x6kcQq_LtjSjrcQ","微信读书"
"国科大就业","2026-03-25","招聘 | 阿里巴巴淘宝闪购2027届实习生招聘启动","https://mp.weixin.qq.com/s/V3yZiW2FXjITEN4juDZY0Q","微信读书"
"国科大就业","2026-03-25","宣讲会 | 3月27日 “ 华彩之章 启承于微 ” 成都华微2026届校园招聘正式启动！","https://mp.weixin.qq.com/s/UU6CYejGHobS12Hdb2VWYw","微信读书"
"国科大就业","2026-03-25","就业讲堂 | 非全日制用工可以订立口头协议、约定试用期吗？","https://mp.weixin.qq.com/s/07sE5uUI90NdwjIBbJdVWw","微信读书"
"国科大就业","2026-03-24","招聘｜中国邮政储蓄银行北京分行2026年春季校园招聘","https://mp.weixin.qq.com/s/icWHgcdQy_2W8ERrx3zuWw","微信读书"
"国科大就业","2026-03-24","招聘 | 中国移动数智事业部2026春季校园招聘正式启动！","https://mp.weixin.qq.com/s/hvYDx9qTWO__5zy6RHBH4A","微信读书"
"国科大就业","2026-03-24","招聘 | 小鹏汽车物理AI人才专项（实习生专场）正式启动","https://mp.weixin.qq.com/s/GhDvoIh_XKe93TIIE-HwhA","微信读书"
"国科大就业","2026-03-24","招聘 | 西城区2026年事业单位公开招聘，3月23日起开始报名","https://mp.weixin.qq.com/s/f4HRw41SpxJaVk4EH3wy8w","微信读书"
"国科大就业","2026-03-24","招聘 | 商汤「AI先锋」顶尖实习生全球招募","https://mp.weixin.qq.com/s/_hoN15WDBHHtCxujPy-n-A","微信读书"
"国科大就业","2026-03-24","招聘 | “百万英才汇南粤”N城联动春招启幕｜广州70+企事业单位走进天津大学","https://mp.weixin.qq.com/s/eGlsZl5X3oI25JDLb3Wi5Q","微信读书"
"国科大就业","2026-03-24","宣讲会 | 3月31日 华为2027届实习生招聘-中国科学院大学专场","https://mp.weixin.qq.com/s/Hj-4ckDCKm4hW7lW3cBHnw","微信读书"
"国科大就业","2026-03-24","就业讲堂 | 经济补偿“N+1”“2N”，真的了解吗？","https://mp.weixin.qq.com/s/-a5yseSJir72c8d2kQj5aA","微信读书"
"国科大就业","2026-03-23","招聘｜中国移动云南公司2026春季校园招聘火热启动！","https://mp.weixin.qq.com/s/Md1OQNzEFJ45tOfs6QwQ2Q","微信读书"
"国科大就业","2026-03-23","招聘 | ASML 2026春招启动 | 相约春日，向“芯”出发！","https://mp.weixin.qq.com/s/62nz9BtJHTq6wjflC9DNAg","微信读书"
"国科大就业","2026-03-23","招聘 | 光迅科技2026校园招聘空中宣讲会重磅来袭！","https://mp.weixin.qq.com/s/Wq7BQGRVzm5NR4YVzB8b4A","微信读书"
"国科大就业","2026-03-23","招聘 | 博·未来—第三届高层次人才洽谈会暨2026春季博士招聘专场","https://mp.weixin.qq.com/s/IcufPzEwgJVgF5yOruxp9Q","微信读书"
"国科大就业","2026-03-23","招聘 |  宇新股份2026年春季校园招聘正式启动","https://mp.weixin.qq.com/s/QqlvYe2_5QqmeeJVNJPPtg","微信读书"
"国科大就业","2026-03-23","宣讲会 | 3月26日 京东2026年春季进校行程发布！","https://mp.weixin.qq.com/s/bUoB9E6su5i9rDN-f_-i9w","微信读书"
"国科大就业","2026-03-23","活动预告 | 就业指导系列讲座——如何写好一份简历","https://mp.weixin.qq.com/s/cu9trjLqpwh6mm4CqifuCA","微信读书"
"国科大就业","2026-03-23","阿里巴巴2027届实习生招聘全球启动！","https://mp.weixin.qq.com/s/D1r0HQD5hIbUUob9jGbrjg","微信读书"
"国科大就业","2026-03-22","招商银行信用卡2027届暑期实习生招聘开启！","https://mp.weixin.qq.com/s/CKCuGnzLc6gNq6_3jro0Qg","微信读书"
"国科大就业","2026-03-22","招聘 | 中华全国总工会在京直属单位2026年度高校应届毕业生公开招聘公告","https://mp.weixin.qq.com/s/n2KrSWvrdGvRpC0g38qwJA","微信读书"
"国科大就业","2026-03-22","招聘 | 搜狐畅游2026届春招正式批火热开启~","https://mp.weixin.qq.com/s/JhtDnxwDJOJ0KL5LkWJHnQ","微信读书"
"国科大就业","2026-03-22","招聘 | 虎牙2026届春季校园招聘正式启动","https://mp.weixin.qq.com/s/5SrzrtTzswF7UNPuWk7Rqw","微信读书"
"国科大就业","2026-03-22","招聘 | 步步高实验学校春季招聘 | 和我们一起奔赴理想与热爱，助力生命蓬勃发展","https://mp.weixin.qq.com/s/AevxZ3zZ1giMpzgU7N9odw","微信读书"
"国科大就业","2026-03-22","招聘 | 2026普华永道春季校园招聘正式启动","https://mp.weixin.qq.com/s/pOdGySd1_RNzt0TEjfaWSA","微信读书"
"国科大就业","2026-03-21","招聘丨中建交通第一建设公司2026届校园招聘正式启动","https://mp.weixin.qq.com/s/M867P-0J9CsZT-lEJYFxnQ","微信读书"
"国科大就业","2026-03-21","招聘 | 中国通信服务广东公司2026届春季校园招聘正式启动","https://mp.weixin.qq.com/s/eZjpqbuauVWeDHAiyuDu3w","微信读书"
"国科大就业","2026-03-21","招聘 | 唐山市2026年（春季）中关村高层次人才引进洽谈会邀请函","https://mp.weixin.qq.com/s/MQyBH4tW7aQGSF_XYCBltA","微信读书"
"国科大就业","2026-03-21","招聘 | 理想汽车2026春季校园招聘正式启动","https://mp.weixin.qq.com/s/RIoENgBas_hksRMz9TjPWQ","微信读书"
"国科大就业","2026-03-21","招聘 | 潮州三环（集团）2026届校园招聘","https://mp.weixin.qq.com/s/a0Fh5DjQW-21IzWazH3JAg","微信读书"
"国科大就业","2026-03-21","宣讲会 | 3月25日 相干（北京）科技有限公司招聘","https://mp.weixin.qq.com/s/JV4CYmjMc-vi4o-0MhbRZQ","微信读书"
"国科大就业","2026-03-21","宣讲会 | 3月25日 5000+Offer、七大实习专项，百度2027届暑期实习生招聘启动！","https://mp.weixin.qq.com/s/7vpGU-Z4EI9yYSfmoCPeiw","微信读书"
"国科大就业","2026-03-21","课程预告 | 教育部“互联网+就业指导”公益直播课：求职简历通关12问","https://mp.weixin.qq.com/s/kXPlD7joBuj7NO2RHiHiPw","微信读书"
"国科大就业","2026-03-20","招聘丨陕西移动2026春季校园招聘重磅开启","https://mp.weixin.qq.com/s/Y6kARd0H_-h6r9lspAkGAw","微信读书"
"国科大就业","2026-03-20","招聘 | 中国移动总部2026春季校招岗位上线啦！","https://mp.weixin.qq.com/s/kqxfvu2pvlO9WKcgPSlKxA","微信读书"
"国科大就业","2026-03-20","招聘 | 中国网安/三十所2026届校园招聘正式启动","https://mp.weixin.qq.com/s/NdJdpSK2h2yf4SDSbx7INw","微信读书"
"国科大就业","2026-03-20","招聘 | 中电科发展规划研究院有限公司2026届校园招聘公告","https://mp.weixin.qq.com/s/CCsRKTRSG9RuAFmeGRRUUA","微信读书"
"国科大就业","2026-03-20","招聘 | 知象光电2026届春季校园招聘正式启动！","https://mp.weixin.qq.com/s/0PJjVGhJmfGxBTHaB-QA4w","微信读书"
"国科大就业","2026-03-20","招聘 | 2026年度高校应届毕业生公开招聘公告丨中国劳动关系学院","https://mp.weixin.qq.com/s/-eEREyWT1d46qYcaoduETw","微信读书"
"国科大就业","2026-03-20","宣讲会 | 3月23日 比亚迪2026届春季校园招聘正式启动！","https://mp.weixin.qq.com/s/MRMfp22vuxn-OfBBAa62uA","微信读书"
"国科大就业","2026-03-20","活动预告 | 就业指导系列讲座——简历 面试指导","https://mp.weixin.qq.com/s/O10tKQK5_2qOuKxktWC_qg","微信读书"
"国科大就业","2026-03-19","招聘｜中国农业银行湖南省分行2026年度春季招聘盛大开启","https://mp.weixin.qq.com/s/wpDRL-9VRiN3ibmGd41alw","微信读书"
"国科大就业","2026-03-19","招聘 | 有编制！黄石公开招聘急需紧缺人才30名","https://mp.weixin.qq.com/s/W6H-w-GJS434KTIK6Jgrkw","微信读书"
"国科大就业","2026-03-19","招聘 | 一流培养一流，卓越成就卓越 | 北京理工大学2026年辅导员、心理健康教育教师招聘启事","https://mp.weixin.qq.com/s/aTd1_fo8BrsIWP0DbwdfoA","微信读书"
"国科大就业","2026-03-19","招聘 | 成都华微2026届校园招聘了解一下～","https://mp.weixin.qq.com/s/Qouradyih4DlewD3Qsv47Q","微信读书"
"国科大就业","2026-03-19","邀请函 | 4月10日“京彩就业”中国科学院大学2026届毕业生生物医药、地学资环类专场双选会","https://mp.weixin.qq.com/s/UPgMCspDMtPncrgoPjOU8A","微信读书"
"国科大就业","2026-03-19","活动预告 | 就业指导系列讲座——简历 面试指导","https://mp.weixin.qq.com/s/GQvrj3H3YjgMmNnGAtJuzQ","微信读书"
"国科大就业","2026-03-19","参会单位更新 | 3月21日 高博人才“新质引擎·智领未来”全国巡回博士、博士后高层次人才专场签约洽谈会--中国科学院大学站","https://mp.weixin.qq.com/s/00Lc7M00PaP_hyI4OEtvVA","微信读书"
"国科大就业","2026-03-19","参会单位更新 | 3月20日 “京彩就业”中国科学院大学2026届毕业生春季首场双选会","https://mp.weixin.qq.com/s/54eEggvRJL-0H7diUXl9xg","微信读书"
"国科大就业","2026-03-18","招聘 | SHEIN 2026春季校园招聘正式启动","https://mp.weixin.qq.com/s/0IQ7Lb2Ph2bRhQgm-ZxAug","微信读书"
"国科大就业","2026-03-18","招聘 | 中国再保险（集团）股份有限公司博士后科研工作站2026年博士后研究人员招聘简章","https://mp.weixin.qq.com/s/QtRIDBvI4Jf3Jt4w39k18w","微信读书"
"国科大就业","2026-03-18","招聘 | 燕东微2026届春季校园招聘","https://mp.weixin.qq.com/s/5815dDBUzcy0p1E0TciwyA","微信读书"
"国科大就业","2026-03-18","宣讲会 | 3月22日 正力新能2026届校园招聘正式启动！","https://mp.weixin.qq.com/s/5TE60Vgjg3iROrlf08hi5w","微信读书"
"国科大就业","2026-03-18","宣讲会 | 3月20日 西安交通大学附属中学2026年春季教师招聘公告","https://mp.weixin.qq.com/s/hAfAJYma1u4JAEH7PcwtXQ","微信读书"
"国科大就业","2026-03-18","宣讲会 | 3月20日 华丞电子2026春季校园招聘全面启动！","https://mp.weixin.qq.com/s/_taRM4_2CiwzX8y34aeXrA","微信读书"
"国科大就业","2026-03-18","科大讯飞2026届飞凡计划&飞星计划春招正式启动","https://mp.weixin.qq.com/s/Q9cWaLGVoGHPxyFF4S7JoQ","微信读书"
"国科大就业","2026-03-18","就业讲堂 | @求职小伙伴，无领导小组讨论这样准备→","https://mp.weixin.qq.com/s/0n2OFx4Hs0EPSmlz4tS_SQ","微信读书"
"国科大就业","2026-03-17","招聘 | 中国科学金属研究所2026年春招","https://mp.weixin.qq.com/s/rmNH348cs2ApMgZZdEkwNw","微信读书"
"国科大就业","2026-03-17","招聘 | 中国建设银行2026年度春季校园招聘正式启动","https://mp.weixin.qq.com/s/Mb-2jp7rxhWz2rdZyrrsnw","微信读书"
"国科大就业","2026-03-17","招聘 | 微步在线2026届春季校园招聘 正式启动！","https://mp.weixin.qq.com/s/FaTxhB7DovH8DNNQGoysxw","微信读书"
"国科大就业","2026-03-17","招聘 | 联想2026春季校园招聘及暑期实习正式启动","https://mp.weixin.qq.com/s/-TqLQllQ7hpGMkqYzyHkEA","微信读书"
"国科大就业","2026-03-17","招聘 | 汇聚成川·移起闪耀--中国移动四川公司2026春季校园招聘正式启动","https://mp.weixin.qq.com/s/TWls3rFyHjv63fY38RKuUg","微信读书"
"国科大就业","2026-03-17","用人单位邀请函-3月31日 中国科学院水生生物研究所专场招聘会邀您参加！","https://mp.weixin.qq.com/s/409DTcgqRmLXRWHlLrlw2A","微信读书"
"国科大就业","2026-03-17","宣讲会 | 3月20日 腾讯2026实习生招聘","https://mp.weixin.qq.com/s/dFrTeBcaDejSv4PQYnOS6g","微信读书"
"国科大就业","2026-03-17","就业讲堂 | 你了解电子劳动合同吗？一文看懂","https://mp.weixin.qq.com/s/_g46OAMFXQu2LAuixd04gw","微信读书"
"国科大就业","2026-03-16","招聘 | 新疆“移”次元 即刻启程 | 新疆移动2026春季校园招聘","https://mp.weixin.qq.com/s/wRaXUwxd3uGnp6wBG1seIw","微信读书"
"国科大就业","2026-03-16","招聘 | 小米集团2026届春季校园招聘正式启动","https://mp.weixin.qq.com/s/h3iX6DUQ4X58P_7Jbot8Gw","微信读书"
"国科大就业","2026-03-16","招聘 | 华为2027届实习生招聘正式启动","https://mp.weixin.qq.com/s/r9SrMpu4wABVRck3wC3pRQ","微信读书"
"国科大就业","2026-03-16","宣讲会 | 3月17日 字节跳动 2026 实习生招聘-中国科学院大学专场宣讲会","https://mp.weixin.qq.com/s/HjfEu_YLD6DnztEs5nwAvQ","微信读书"
"国科大就业","2026-03-16","活动预告 | 就业指导系列讲座——简历 面试指导","https://mp.weixin.qq.com/s/gQOsWNsj1DaHiKW1UZdRdg","微信读书"
"国科大就业","2026-03-16","活动预告 | 就业指导系列讲座——春招备战策略-运筹帷幄，决胜千里","https://mp.weixin.qq.com/s/Z0Dfl0QT7dhPvi-eTWECvA","微信读书"
"国科大就业","2026-03-16","参会单位更新 | 3月17日 工信就业-中博汇高层次人才洽谈会-中国科学院大学博士、博士后专场","https://mp.weixin.qq.com/s/rE-MH7UIGA3TbhGvHO9FHQ","微信读书"
"国科大就业","2026-03-16","【中国科学院大学】3月20日 中国电信专场技术讲座报名啦！","https://mp.weixin.qq.com/s/42g3-KK3v6mpCAxwbpefxQ","微信读书"
"国科大就业","2026-03-14","招聘 | 北京环卫集团2026年春招启动","https://mp.weixin.qq.com/s/4e-is468Fl2ELc9zftTtOA","微信读书"
"国科大就业","2026-03-14","宣讲会 | 3月19日 赛力斯集团2026春季校园招聘正式启动","https://mp.weixin.qq.com/s/BiZj4KSxmEG2om5I3UhuEg","微信读书"
"国科大就业","2026-03-14","宣讲会 | 3月19日 人大附中亦庄新城学校2026年教师招聘公告","https://mp.weixin.qq.com/s/ttFF-xUOubaN4B5GDdlijA","微信读书"
"国科大就业","2026-03-14","宣讲会 | 3月19日 宁德时代2026春季全球校园招聘正式启动！6000+offer等你pick","https://mp.weixin.qq.com/s/BGT8QW-Fqa1-5ktgg1jqPQ","微信读书"
"国科大就业","2026-03-14","宣讲会 | 3月18日 瀚海聚能（成都）科技有限公司招聘","https://mp.weixin.qq.com/s/6QXtz3mLvlRdQyzxxZ3i2g","微信读书"
"国科大就业","2026-03-14","双选会 | 3月15日 2026年春季全国博士、博士后高层次人才巡回签约洽谈会—中国科学院大学站","https://mp.weixin.qq.com/s/U28Q_Wid3uE9XwHmVsvGkg","微信读书"
"国科大就业","2026-03-14","课程预告 | 教育部“互联网+就业指导”公益直播课：遇见，还是预见——大学生主动就业的破局之道","https://mp.weixin.qq.com/s/a3i7PouHtZHKAVNXuL6A4w","微信读书"
"国科大就业","2026-03-14","活动预告 | 就业指导系列讲座——简历 面试指导","https://mp.weixin.qq.com/s/qLb9sWLSGFeBgBaEBLABTg","微信读书"
"国科大就业","2026-03-13","中国移动2026春季校园招聘全面启动！","https://mp.weixin.qq.com/s/atK-QGS--3iZASoK_U7Mpw","微信读书"
"国科大就业","2026-03-13","招聘 | FunPlus2026届春招补录&转正实习招聘启动！","https://mp.weixin.qq.com/s/F_1PGWpfAW4H4l211QxxYA","微信读书"
"国科大就业","2026-03-13","招聘 | 逐梦深蓝 向海而声|汉江实验室2026届校园招聘正式启动","https://mp.weixin.qq.com/s/smy_DghVsZD_Tt3dPCLIeQ","微信读书"
"国科大就业","2026-03-13","招聘 | 中电信量子集团2026春季校园招聘&博士研究生专场招聘正在进行中！","https://mp.weixin.qq.com/s/INWXHkl0ukbcgLG8pqbuSw","微信读书"
"国科大就业","2026-03-13","招聘 | 蚂蚁集团2026春季校园招聘启动！","https://mp.weixin.qq.com/s/kE8IzOSfQjgkLhZus8_Xig","微信读书"
"国科大就业","2026-03-13","深圳先进院职业启航工作坊 · 如何撰写简历和求职信","https://mp.weixin.qq.com/s/9rbT-nAyO_cFMwjs7AWAXA","微信读书"
"国科大就业","2026-03-13","就业讲堂 | 注意！试岗期≠试用期，看这篇不踩坑","https://mp.weixin.qq.com/s/R5EBbpJWo6Jk5q2v-iePgw","微信读书"
"国科大就业","2026-03-13","非凡梦想 天翼启航 | 中国电信2026春季校园招聘全面启动！","https://mp.weixin.qq.com/s/qx3dLGF9YRZFYpUVQIOLXw","微信读书"
"国科大就业","2026-03-12","招聘 | 中国银行2026年春季招聘和实习生招聘同步启动！","https://mp.weixin.qq.com/s/T3VsbV0ATzo6VorJfOM2Vw","微信读书"
"国科大就业","2026-03-12","招聘 | 宇视科技2026届春季校园招聘正式启动！","https://mp.weixin.qq.com/s/efu7UAGoI718rHh2Yrn_6Q","微信读书"
"国科大就业","2026-03-12","招聘 | 扩招啦！康龙化成2026届全球春季校招进行中！","https://mp.weixin.qq.com/s/JE7Kx2r0XVucwjTWHjPjzw","微信读书"
"国科大就业","2026-03-12","招聘 | 国机集团“青蓝计划”2026届管培生春季招聘全面启动","https://mp.weixin.qq.com/s/dhYNZhoWDkvBSQY4IzNZvg","微信读书"
"国科大就业","2026-03-12","招聘 | 广汽集团2026春季校园招聘","https://mp.weixin.qq.com/s/CxPffsFutnBDAdKU4YLbYA","微信读书"
"国科大就业","2026-03-12","招聘 | 北汽集团2026届春招正式开启","https://mp.weixin.qq.com/s/1jfSIbguyv6bEFbojgNapA","微信读书"
"国科大就业","2026-03-12","宣讲会 | 3月19日 易方达基金2026年暑期招聘","https://mp.weixin.qq.com/s/2eZXJ5TMmgxf5RWyIOuFng","微信读书"
"国科大就业","2026-03-12","参会单位更新 | 3月21日 高博人才“新质引擎·智领未来”全国巡回博士、博士后高层次人才专场签约洽谈会--中国科学院大学站","https://mp.weixin.qq.com/s/BFryi8H-B0nqZ5xAxNn6-Q","微信读书"
"国科大就业","2026-03-11","招聘｜周大福珠宝集团2026届零售管理培训生项目启动","https://mp.weixin.qq.com/s/kQ1pWC7_1WkrshmTgTplBw","微信读书"
"国科大就业","2026-03-11","招聘 | 影石2026届春季校园招聘启动","https://mp.weixin.qq.com/s/S-HmGOQAHHdnm2b2f4ZY_w","微信读书"
"国科大就业","2026-03-11","招聘 | 南京市建邺区2026年选聘优秀青年储备人才公告","https://mp.weixin.qq.com/s/Fei8MXGrLMAUDj0I5YkWIg","微信读书"
"国科大就业","2026-03-11","招聘 | 北方华创2026春季校招纳新大选！邀您铸神兵破极限！","https://mp.weixin.qq.com/s/xz11GUTEje3OMfUVkY3oyg","微信读书"
"国科大就业","2026-03-11","招聘 | 360集团2026春季校园招聘全面启动！","https://mp.weixin.qq.com/s/6HkEu1xU3rjyFMYthDl_xw","微信读书"
"国科大就业","2026-03-11","宣讲会 | 3月18日 长江存储2026届春季校园招聘启动","https://mp.weixin.qq.com/s/uou1sPySbhk09lr_7lNoVw","微信读书"
"国科大就业","2026-03-11","双选会 | 3月18日 北京市朝阳区教育系统赴国科大双选会","https://mp.weixin.qq.com/s/6BzwRQ-T5D8M6YCBXETiFA","微信读书"
"国科大就业","2026-03-11","就业讲堂 | 劳动合同何时签？必备条款有哪些？","https://mp.weixin.qq.com/s/NuJKgLTCZBFo8E37r4MP5w","微信读书"
"国科大就业","2026-03-10","招聘丨中国一汽2026春季校园招聘","https://mp.weixin.qq.com/s/aX2V3no6rC1z4FjUJOjnHg","微信读书"
"国科大就业","2026-03-10","招聘｜“梦想靠岸”招商银行上海分行2026春季校园招聘","https://mp.weixin.qq.com/s/yLr0z5VwRjpBfxidOeNAyQ","微信读书"
"国科大就业","2026-03-10","招聘 | 中央台办所属事业单位2026年度公开招聘工作人员公告","https://mp.weixin.qq.com/s/KhBgwG0hH05YRhHJdVhjdQ","微信读书"
"国科大就业","2026-03-10","招聘 | 中国航天科技集团第五研究院·北京空间科技信息研究所2026年招聘","https://mp.weixin.qq.com/s/KebmmGI_26ec5-J6ANXSYg","微信读书"
"国科大就业","2026-03-10","招聘 | 河北中烟工业有限责任公司2026年招聘","https://mp.weixin.qq.com/s/RbkNuYa8avUygG4S87pEFg","微信读书"
"国科大就业","2026-03-10","宣讲会 | 3月12日 国家某部委直属事业单位校园招聘","https://mp.weixin.qq.com/s/1D8eeVqEUW2C49klNhhK3Q","微信读书"
"国科大就业","2026-03-10","就业讲堂 | 试用期与实习期有什么区别？","https://mp.weixin.qq.com/s/63gtTuKUdULhpLbIXNvYOQ","微信读书"
"国科大就业","2026-03-10","比亚迪2026届春季校园招聘正式启动！","https://mp.weixin.qq.com/s/53XwteAHlRVJkP1uLOAsug","微信读书"
"国科大就业","2026-03-09","致用人单位 | 3月21日 大连化物所2026年春季硕博专场招聘会邀请函","https://mp.weixin.qq.com/s/FoLuSZozt1Z9BUf9QSin9Q","微信读书"
"国科大就业","2026-03-09","招聘｜中国建筑集团2026届春季全球校园招聘正式启动","https://mp.weixin.qq.com/s/lgtYx6JFg7E8B_fBoLCwGw","微信读书"
"国科大就业","2026-03-09","招聘 | 中证数据2026年校园招聘火热进行中","https://mp.weixin.qq.com/s/SNoXptxmbqijk2x-ZbFv8w","微信读书"
"国科大就业","2026-03-09","招聘 | 中芯国际2026届校招持续进行中","https://mp.weixin.qq.com/s/SiUpp759zzuUKKOI7q1hqw","微信读书"
"国科大就业","2026-03-09","招聘 | 中核浙能2026年度校园招聘全面开启","https://mp.weixin.qq.com/s/5t2oapNponFPPXKvWqf04w","微信读书"
"国科大就业","2026-03-09","招聘 | 国机重装2026届春季校园招聘","https://mp.weixin.qq.com/s/uYKmazl3kok94AX5YWprOw","微信读书"
"国科大就业","2026-03-09","宣讲会 | 3月17日 7000+Offer、转正率超 50%......字节跳动 ByteIntern 实习生招聘正式启动！","https://mp.weixin.qq.com/s/vbpRxKY8cINaVQ94KQko9w","微信读书"
"国科大就业","2026-03-09","就业讲堂 | 你了解非全日制用工吗？一文看懂","https://mp.weixin.qq.com/s/_nKHlk8ZVe8a0hTimuLkIQ","微信读书"
"国科大就业","2026-03-07","招聘 | Shopee虾皮2026春季校园招聘正式启动","https://mp.weixin.qq.com/s/7jJ4qvX08rIBYu8NTheDjQ","微信读书"
"国科大就业","2026-03-07","招聘 | 游酷盛世2026春季校园招聘开启啦","https://mp.weixin.qq.com/s/PTube2fy5fOPdEeMlLGmEA","微信读书"
"国科大就业","2026-03-07","招聘 | 隆基绿能2026届全球校园招聘","https://mp.weixin.qq.com/s/UTgNgZHSY1t6kPHlcbMRxA","微信读书"
"国科大就业","2026-03-07","招聘 | 吉利控股集团（世界500强、总部杭州）多岗位招聘信息","https://mp.weixin.qq.com/s/-iyKIRLK1ldRo-2T9FjWgw","微信读书"
"国科大就业","2026-03-07","招聘 | 航空工业自控所 2026 年春季校园招聘公告","https://mp.weixin.qq.com/s/lVop37lRgaEMoO8ZmCTjTQ","微信读书"
"国科大就业","2026-03-07","招聘 | 3月12日｜有道领世 2026 春招空中宣讲会，与你线上相见！","https://mp.weixin.qq.com/s/EDSuSFBuKBeTRAiDULmj0A","微信读书"
"国科大就业","2026-03-07","招聘 | 2026届科大讯飞研究院「飞星计划」春招补录正式启动","https://mp.weixin.qq.com/s/WxDT54IDcB-xrJjXu_pI3g","微信读书"
"国科大就业","2026-03-07","用人单位邀请函||2026中国科学院深圳先进技术研究院春季校园招聘会活动火热招募中","https://mp.weixin.qq.com/s/V4_rFMRzFRD0tMDnik5crQ","微信读书"
"国科大就业","2026-03-06","招聘 | 中冶南方都市环保2026届春季校园招聘","https://mp.weixin.qq.com/s/WCfedQg06ed4LW2RFc5v3g","微信读书"
"国科大就业","2026-03-06","招聘 | 中国中原2026届校园招聘公告","https://mp.weixin.qq.com/s/5Z_wkowRdX4K1HfGHnT_3g","微信读书"
"国科大就业","2026-03-06","招聘 | 兆芯2026春季校园招聘启动","https://mp.weixin.qq.com/s/lmApOAYOCTDTMGbktdIR7g","微信读书"
"国科大就业","2026-03-06","招聘 | 网易有道2026春季校招正式启动","https://mp.weixin.qq.com/s/H6p0UoP-xGTTAgCmc3Lt7g","微信读书"
"国科大就业","2026-03-06","招聘 | 网易游戏雷火27届暑期精英实习&26届补招全球启动！","https://mp.weixin.qq.com/s/D2pNFbq0SzZ502BrKsRPvg","微信读书"
"国科大就业","2026-03-06","招聘 | 2026思勰投资春季校园招聘启动","https://mp.weixin.qq.com/s/XjaSWJeddfvb82osFw279g","微信读书"
"国科大就业","2026-03-06","课程预告 | 教育部“互联网+就业指导”公益直播课：构建成长型思维，解锁求职潜能","https://mp.weixin.qq.com/s/1TBARwNqVnzZieOpdDuq-A","微信读书"
"国科大就业","2026-03-06","【美团x国科大】3月10日 2026春季校园招聘宣讲会来了！","https://mp.weixin.qq.com/s/oz4bkIG5c6C9uQ61bcSc3Q","微信读书"
"国科大就业","2026-03-05","招聘丨卓识基金2026春季校园招募启动","https://mp.weixin.qq.com/s/FOfCaRu-q4DpFUi_epUa9A","微信读书"
"国科大就业","2026-03-05","招聘 | TCL华星2026届春季校园招聘正式启动","https://mp.weixin.qq.com/s/ZJeVZWQ745pJ8SouantOUQ","微信读书"
"国科大就业","2026-03-05","招聘 | 中信银行2026年春季校园招聘正式启动！","https://mp.weixin.qq.com/s/J3n-G9weTZ8Vrnr8QMrKng","微信读书"
"国科大就业","2026-03-05","招聘 | 中船七〇五所2026届校园招聘(春季)开始啦！！","https://mp.weixin.qq.com/s/yeVaEZ3UXx3OMHFP2wCm7A","微信读书"
"国科大就业","2026-03-05","招聘 | 杉川集团2026届春季校招启动！","https://mp.weixin.qq.com/s/CZaF5ujLa33FFgw3pQFxmw","微信读书"
"国科大就业","2026-03-05","招聘 | 寒武纪2026届春季校园招聘及实习生招聘正式启动","https://mp.weixin.qq.com/s/DcDIlBOUP86YYBqvu4iOqA","微信读书"
"国科大就业","2026-03-05","招聘 | 叠纸游戏2026春招&「NOVA」训练营等你来投！","https://mp.weixin.qq.com/s/oGpuJhyjnOasSGhuOCet5Q","微信读书"
"国科大就业","2026-03-05","携程集团2026年春季校园招聘全球启动｜应届校招生+留用实习生","https://mp.weixin.qq.com/s/MQ8VSiWjylNPnZMxhrHkyQ","微信读书"
"国科大就业","2026-03-04","招聘｜招商银行·招银网络科技2026届春季校园招聘全球启动！","https://mp.weixin.qq.com/s/ie4Uw7khH5yJRSVbuY6h5A","微信读书"
"国科大就业","2026-03-04","招聘 | 中国聚变2026届春季校园招聘全面启程，共赴一场星辰大海之旅！","https://mp.weixin.qq.com/s/ZOnOZkzCZ-0-aymO-T7v6A","微信读书"
"国科大就业","2026-03-04","招聘 | 联通数字科技有限公司2026年春季校园招聘正式启动！","https://mp.weixin.qq.com/s/nQmE74UZtz92rJeNpG5sBA","微信读书"
"国科大就业","2026-03-04","招聘 | 滴滴2026届春季校园招聘正式启动！","https://mp.weixin.qq.com/s/VlGBXI-5EWbhK68YWXnIUA","微信读书"
"国科大就业","2026-03-04","招聘 | 北京警察学院2026年度公开招聘事业编制人民警察公告","https://mp.weixin.qq.com/s/8-nGHzeFgwC2fBKltCW9Ng","微信读书"
"国科大就业","2026-03-04","招聘 | “仪”路同行，共创未来：中图仪器2026校园招聘开启","https://mp.weixin.qq.com/s/6pCPrs-bm9oxrZKNRQ0d1A","微信读书"
"国科大就业","2026-03-04","就业讲座｜“京彩助梦 成功就业”线上公益讲座","https://mp.weixin.qq.com/s/ml2Baj9Tn6M0ZxuUrTN3rw","微信读书"
"国科大就业","2026-03-04","岗位直推｜3月11日下午两场主题双选会，精准对接优质岗位","https://mp.weixin.qq.com/s/r09Avgn808d4ca-KlA-mAQ","微信读书"
"国科大就业","2026-03-03","招聘 | 中国电子技术标准化研究院2026年春季招聘","https://mp.weixin.qq.com/s/KxwIJ7U35CzRqmEuDDIbZQ","微信读书"
"国科大就业","2026-03-03","招聘 | 小马智行Pony.ai 2026春季校园招聘启动","https://mp.weixin.qq.com/s/2AktjlQ2HTxSbsgvTrRYoQ","微信读书"
"国科大就业","2026-03-03","招聘 | 点点互动2026春季校园招聘正式启动！","https://mp.weixin.qq.com/s/_n5NIAD81hASly6-TNoEHA","微信读书"
"国科大就业","2026-03-03","招聘 | 北京农商银行2026年春季校园招聘正式启动！","https://mp.weixin.qq.com/s/7_UM31DuYi8_XLpSn61LpQ","微信读书"
"国科大就业","2026-03-03","招聘 | 2026中微公司春季校园招聘正式启动！","https://mp.weixin.qq.com/s/nC2mygs3uG6Xv_daskxmBA","微信读书"
"国科大就业","2026-03-03","招聘 | 2026年南光集团校园招聘正式启动","https://mp.weixin.qq.com/s/TeDNB4lrd_PeZl3E2kKrbA","微信读书"
"国科大就业","2026-03-03","双选会 | 3月15日 2026年春季全国博士、博士后高层次人才巡回签约洽谈会—中国科学院大学站","https://mp.weixin.qq.com/s/lBZQX1lW9ALdk3BgRPQohQ","微信读书"
"国科大就业","2026-03-03","就业讲堂 | 找工作提高简历质量？锦囊请收好","https://mp.weixin.qq.com/s/9X_Jpnw5lI-D-yPr_apraA","微信读书"
"国科大就业","2026-03-02","招聘 | 中国电信江苏公司2026年春季校园招聘正式启动","https://mp.weixin.qq.com/s/CQJew9DfSUjbDHtD08mH5w","微信读书"
"国科大就业","2026-03-02","招聘 | 远光软件2026年高校毕业生招聘公告（第二批）","https://mp.weixin.qq.com/s/5ga7T3FEuRA9PvCAfXLQCA","微信读书"
"国科大就业","2026-03-02","招聘 | 龙岩市2026年选优生引进公告","https://mp.weixin.qq.com/s/5HhdJukN_nF4OkjfYbpNsQ","微信读书"
"国科大就业","2026-03-02","招聘 | 2026年南光集团校园招聘正式启动","https://mp.weixin.qq.com/s/CxSu-Yx6hWj_rzqWKJLhIw","微信读书"
"国科大就业","2026-03-02","用人单位邀请函 | 3月13日 2026“奔甬而来”中国科学院宁波材料技术与工程研究所春季硕博专场招聘会","https://mp.weixin.qq.com/s/jRD6L6O08GGnvT12dDRJ7Q","微信读书"
"国科大就业","2026-03-02","宣讲会 | 3月6日 “梦想靠岸”招商银行北京分行2026春季校园招聘","https://mp.weixin.qq.com/s/VVGTxwA16vGGpB0BKvqcqQ","微信读书"
"国科大就业","2026-03-02","宣讲会 | 3月10日 美团2026年春季校园招聘","https://mp.weixin.qq.com/s/u7fY6wpcQcHnUsJohOqAag","微信读书"
"国科大就业","2026-03-02","就业讲堂 | 没签劳动合同就没有劳动关系吗？","https://mp.weixin.qq.com/s/kt8sVhG-7OeLTcOYaPWXsg","微信读书"
"国科大就业","2026-02-28","招聘会 | 3月17日 工信就业-中博汇高层次人才洽谈会-中国科学院大学博士、博士后专场","https://mp.weixin.qq.com/s/lfVVl-p3jN2hbpA9A0Z02w","微信读书"
"国科大就业","2026-02-28","招聘 | SenoVac Therapeutics Limited（神諾威醫藥有限公司，香港）研发部招聘公告","https://mp.weixin.qq.com/s/0_VcaMdhrSJYG_sRt8sOrw","微信读书"
"国科大就业","2026-02-28","招聘 | 中国农业发展集团有限公司2026年校园招聘公告","https://mp.weixin.qq.com/s/X5JhNwIZ4Iafwh4RJNva3Q","微信读书"
"国科大就业","2026-02-28","招聘 | 今日报名截止！中國工商銀行（亞洲）2026「工銀星辰」計劃正式啟動","https://mp.weixin.qq.com/s/Rmyf5wa39WOTVBotzsjfZw","微信读书"
"国科大就业","2026-02-28","招聘 | 格力电器2026届“市场新锐计划”重磅来袭","https://mp.weixin.qq.com/s/NUVD5Q6rzsbnyttFtESAEg","微信读书"
"国科大就业","2026-02-28","招聘 | 7人‼️浙江理工大学公开招聘！","https://mp.weixin.qq.com/s/etVIJs2PyKOURdA8bKpS1w","微信读书"
"国科大就业","2026-02-28","用人单位邀请函 | 3月31日 中国科学院化学研究所2026年春季专场招聘会邀请函","https://mp.weixin.qq.com/s/6fZa0r8-ygUUJhacK2z4rw","微信读书"
"国科大就业","2026-02-28","实习 | 小米顶尖实习生计划开放全年招募！","https://mp.weixin.qq.com/s/AUfiCH3U0TacvPvmlWrOrw","微信读书"
"国科大就业","2026-02-27","招聘 | 元宝校招补录&实习生招聘，多类岗位正在热招！","https://mp.weixin.qq.com/s/J-3KXf5pHpayAmuoO3Qr0w","微信读书"
"国科大就业","2026-02-27","招聘 | 上海宇量昇科技有限公司2026届春招正式启动","https://mp.weixin.qq.com/s/DC2pWS53uxdASEaVZ_vTrg","微信读书"
"国科大就业","2026-02-27","招聘 | 上海银行2026届春季校园招聘正式启动！","https://mp.weixin.qq.com/s/Ow_XmvnJkFIZpVfjmFF_XQ","微信读书"
"国科大就业","2026-02-27","招聘 | 京东2026TET管理培训生春季招聘正式启动","https://mp.weixin.qq.com/s/V9BFTvI6yHe2i2hzbC-13A","微信读书"
"国科大就业","2026-02-27","招聘 | 济南市2026年“泉优计划”优秀青年人才选聘","https://mp.weixin.qq.com/s/UPwndXidTM9jyUem_IoS8Q","微信读书"
"国科大就业","2026-02-27","招聘 | 国网浙江省电力有限公司2026年高校毕业生招聘公告","https://mp.weixin.qq.com/s/AwdFO6ao-fOHvWyMdZtGyQ","微信读书"
"国科大就业","2026-02-27","就业讲堂 | 劳动合同分几种？必备条款有哪些？签订须知来了","https://mp.weixin.qq.com/s/6FEGCZYcI4LcIRK-1K8Uew","微信读书"
"国科大就业","2026-02-27","北京国望光学26春招开始啦","https://mp.weixin.qq.com/s/lAU8NIKyZnJEmGIoR6x_MQ","微信读书"
"国科大就业","2026-02-26","招聘｜“青春澎湃，电靓未来” 中电电气2026年春季校园招聘启动","https://mp.weixin.qq.com/s/2vLcz1B7kCArIeUJYTgQAA","微信读书"
"国科大就业","2026-02-26","招聘 | 上汽大众2026届春季校园招聘正式启动","https://mp.weixin.qq.com/s/jnF2stxaY5Fukp3LpmQLgw","微信读书"
"国科大就业","2026-02-26","招聘 | 跨境清算公司2026年度校园招聘","https://mp.weixin.qq.com/s/pvgLHv3fjYTF-3Ty6rTBFQ","微信读书"
"国科大就业","2026-02-26","招聘 | 晋华集成电路2026春季校园招聘正式启动！","https://mp.weixin.qq.com/s/kJklczSQFvorV-z8857ccA","微信读书"
"国科大就业","2026-02-26","招聘 | 东南大学2026年度专职辅导员招聘公告","https://mp.weixin.qq.com/s/gkhCCVhjStL03DcXMqF2DQ","微信读书"
"国科大就业","2026-02-26","招聘 | 北京印刷学院2026年公开招聘青年教师公告（第一批）","https://mp.weixin.qq.com/s/AyXxdU9s373U0zTnD4jaIA","微信读书"
"国科大就业","2026-02-26","招聘 | 北京工商大学2026年公开招聘公告","https://mp.weixin.qq.com/s/oTyBHnJKHKEShgKF79qulw","微信读书"
"国科大就业","2026-02-26","实习 | 中金公司2026年暑期实习生招聘正式启动","https://mp.weixin.qq.com/s/eQ_-pP4p8kHSrto9_39c4g","微信读书"
"国科大就业","2026-02-05","招聘｜招商银行2026春招启动！一起解锁春日offer","https://mp.weixin.qq.com/s/ZT70gY3II6hxVMhX6Od-ww","微信读书"
"国科大就业","2026-02-05","招聘 | 中国电子科技集团公司第四十三研究所2026届校园招聘","https://mp.weixin.qq.com/s/86n2_w67l4-SojCd0g3_Ow","微信读书"
"国科大就业","2026-02-05","招聘 | 中国电能成套设备有限公司2026年高校毕业生招聘公告","https://mp.weixin.qq.com/s/y2EcMAqGErP8cHAFRiPKFQ","微信读书"
"国科大就业","2026-02-05","招聘 | 中兵通信装备研究院2026年招聘计划","https://mp.weixin.qq.com/s/xGbiHQwHO8Nm_Xixy8ewpg","微信读书"
"国科大就业","2026-02-05","邀请函 | 3月20日“京彩就业”中国科学院大学2026届毕业生春季首场双选会","https://mp.weixin.qq.com/s/IdPLQ_xASqbmSRR_qhVRjw","微信读书"
"国科大就业","2026-02-04","招聘 | 追光逐电 超导未来 2026永鼎校园招聘","https://mp.weixin.qq.com/s/0c1WJ2nTPAFPalTh__h9Tg","微信读书"
"国科大就业","2026-02-04","招聘 | 中车株洲所2026届春季全球校园招聘正式启动！","https://mp.weixin.qq.com/s/7h0e3qryq9OPwnCUnS8HPQ","微信读书"
"国科大就业","2026-02-04","招聘 | 英伟芯（上海）科技有限公司2026年招聘","https://mp.weixin.qq.com/s/tvpjaGhggyxr1_uMpREQ6A","微信读书"
"国科大就业","2026-02-04","招聘 | 湖北省直事业单位，招聘1327人","https://mp.weixin.qq.com/s/_tVZ9XDwl8A6wnpIGylRRw","微信读书"
"国科大就业","2026-02-04","招聘 | 北京农学院2026年公开招聘工作人员公告","https://mp.weixin.qq.com/s/7DUO_dz1OcsrAkhlw66XZA","微信读书"
"国科大就业","2026-02-04","马年首场大型招聘会！海南省2026春节返乡人才对接会岗位抢先看！","https://mp.weixin.qq.com/s/YF9VSFilzsgJnXIy0d6exQ","微信读书"
"国科大就业","2026-02-04","就业讲堂 | 入职先交押金、服装费？当心是陷阱","https://mp.weixin.qq.com/s/hwvQThIbSTCwcX8JfWul2w","微信读书"
"国科大就业","2026-02-03","招聘 | 中证数据2026年校园招聘全面启动","https://mp.weixin.qq.com/s/OjaG7X2ursny6NSewaFrXA","微信读书"
"国科大就业","2026-02-03","招聘 | 中债信用增进投资股份有限公司2026年度校园招聘公告","https://mp.weixin.qq.com/s/qh5qCWLJwj0e1lUsIB2qNA","微信读书"
"国科大就业","2026-02-03","招聘 | 中国电子春天研究院2026届校园招聘正式启动","https://mp.weixin.qq.com/s/bHg-NEPtYy4NGJe_3mV-pQ","微信读书"
"国科大就业","2026-02-03","招聘 | 工业和信息化部所属单位2026年度公开招聘","https://mp.weixin.qq.com/s/aPhCLJMX1FX8rYmKZvPcaw","微信读书"
"国科大就业","2026-02-03","邀请函 | 杭州 3月19日 国科大杭州高等研究院2026年春季校园招聘会","https://mp.weixin.qq.com/s/5EJ0421_3yzTG0-uQWcoEw","微信读书"
"国科大就业","2026-02-02","招聘 | 深思实验室2026招聘","https://mp.weixin.qq.com/s/LFD6HLOdKfufX_8s-hdajQ","微信读书"
"国科大就业","2026-02-02","招聘 | 平高集团有限公司平高电气2026届博士研究生招聘公告","https://mp.weixin.qq.com/s/F7l1JZid8gJ4F-qBG9DqAw","微信读书"
"国科大就业","2026-02-02","招聘 | 快来报名！山东能源集团所属企业公开招聘了","https://mp.weixin.qq.com/s/9zqn-GxiFxTF1FowdAdV8g","微信读书"
"国科大就业","2026-02-02","招聘 | 广东省事业单位2026年集中公开招聘高校毕业生公告","https://mp.weixin.qq.com/s/DxFPXefx5uZ4_vlf1D2SSA","微信读书"
"国科大就业","2026-02-02","招聘 | 东南大学2026年度专职辅导员招聘公告","https://mp.weixin.qq.com/s/SbXoW1cDcROuIhpSSRdY3Q","微信读书"
"国科大就业","2026-02-02","招聘 | 1806人！荆州市启动2026年人才引进工作！","https://mp.weixin.qq.com/s/kLKoFS_ll50FD1p_scRLcA","微信读书"
"国科大就业","2026-02-02","就业讲堂 | 续签劳动合同，注意这些事","https://mp.weixin.qq.com/s/9Bqm0tGQoAK1vmtzGDDFkw","微信读书"
"国科大就业","2026-02-02","阿里控股丨AI数据团队专场招聘进行中！","https://mp.weixin.qq.com/s/cfp7gJ9M7MLSLVbrznWTGQ","微信读书"
"国科大就业","2026-01-29","招聘 | 中央网信办所属部分在京事业单位2026年度公开招聘公告","https://mp.weixin.qq.com/s/1bnKb9hWG8AiX9k08DsePQ","微信读书"
"国科大就业","2026-01-29","招聘 | 中国航天科工二院二十三所2026届校园招聘开启","https://mp.weixin.qq.com/s/gLFHWXh6UOAkmjiC3gDtog","微信读书"
"国科大就业","2026-01-29","招聘 | 长沙市天心区2026年面向全国公开引进选拔生公告","https://mp.weixin.qq.com/s/7NeVlPmy-L4AiGU9XgWjGg","微信读书"
"国科大就业","2026-01-29","招聘 | 识光芯科2026年校园招聘","https://mp.weixin.qq.com/s/INWvg3NqGsp7ERHHMqsAYA","微信读书"
"国科大就业","2026-01-29","招聘 | 杭州市临安区教育局所属事业单位公开招聘48人公告","https://mp.weixin.qq.com/s/x-z9hH1MTm1Mar8CoeD25A","微信读书"
"国科大就业","2026-01-29","招聘 | 诚聘海内外高层次人才丨康复大学","https://mp.weixin.qq.com/s/4sw_qNXU0ogsg_huzkd99g","微信读书"
"国科大就业","2026-01-29","招聘 | “星星之火 因你而燃”科大讯飞2026届校园招聘网申倒计时！","https://mp.weixin.qq.com/s/7xVt1fwZxVJ_3mSdEugxAg","微信读书"
"国科大就业","2026-01-29","海南省2026年度选调应届优秀大学毕业生公告","https://mp.weixin.qq.com/s/hz4rfqYP-tCRprneDxAguA","微信读书"
"国科大就业","2026-01-27","招聘丨秦皇岛烟草机械有限责任公司2026年度招聘公告","https://mp.weixin.qq.com/s/9E6GdRH4fhjRC8SIEOjNTA","微信读书"
"国科大就业","2026-01-27","招聘 | TP-LINK 2026届春季校园招聘正式启动！","https://mp.weixin.qq.com/s/W5MMTMjLQETSRK7FS2Gp2A","微信读书"
"国科大就业","2026-01-27","招聘 | 千衍基金招聘计划","https://mp.weixin.qq.com/s/dyYRmRAq0HIU_SdObrUOgw","微信读书"
"国科大就业","2026-01-27","招聘 | 交通运输部所属事业单位2026年度第四批统一公开招聘公告","https://mp.weixin.qq.com/s/_hmnAZ969LnJk9UrP2_T0g","微信读书"
"国科大就业","2026-01-27","招聘 | 2026腾讯犀牛鸟精英人才计划开放申请中","https://mp.weixin.qq.com/s/OP5gG7f-Bcaxwix642zTbw","微信读书"
"国科大就业","2026-01-27","太行国家实验室2026年海外人才学术沙龙邀请函","https://mp.weixin.qq.com/s/tlAIkSL3rwL-9L_iQ0JnIQ","微信读书"
"国科大就业","2026-01-27","就业讲堂｜注意！这些情形用人单位不得解除劳动合同","https://mp.weixin.qq.com/s/mFBdFERT-L8JbrNt0deWJA","微信读书"
"国科大就业","2026-01-08","招聘 | 中船重工安谱（湖北）仪器有限公司招聘","https://mp.weixin.qq.com/s/JvskPTTYXWB6PRFvNrzeaw","微信读书"
"国科大就业","2026-01-08","招聘 | 振石控股集团2026年招聘","https://mp.weixin.qq.com/s/4GqbqN_-XZkMMj7q7c5fdw","微信读书"
"国科大就业","2026-01-08","招聘 | 我区拟招聘医务人员48名！1月12日开始报名——","https://mp.weixin.qq.com/s/KcFTgg3O_WTKq9uJB5VPLw","微信读书"
"国科大就业","2026-01-08","招聘 | 持续进行中丨中国一汽2026全球校园招聘","https://mp.weixin.qq.com/s/qWV2kxk0eKnMxqU0Sq36Kg","微信读书"
"国科大就业","2026-01-08","招聘 | 2026年度普陀区属国有企业管培生招聘公告","https://mp.weixin.qq.com/s/FUBwxNpuNWJJWt5l9z1MOw","微信读书"
"国科大就业","2026-01-08","就业讲堂 |  2025求职避坑清单：这些求职陷阱来年千万别踩！","https://mp.weixin.qq.com/s/nurTCl6i7ZzqugkscKhNqw","微信读书"
"国科大就业","2026-01-08","加入中国铁路，开启你的人生“加速度”","https://mp.weixin.qq.com/s/GWNSMqV9SxynjDXj2GNquw","微信读书"
"国科大就业","2026-01-07","招聘 | 中国铁建高新装备股份有限公司2026招聘","https://mp.weixin.qq.com/s/5PN05eKeZnHbNLO4Ba50wQ","微信读书"
"国科大就业","2026-01-07","招聘 | 四川民族学院2026年博士招聘","https://mp.weixin.qq.com/s/xP2vzYWJD3QFlDDbnEZ2kg","微信读书"
"国科大就业","2026-01-07","招聘 | 联发科技2026届校园招聘补录","https://mp.weixin.qq.com/s/qy9YDRPXfdnor_NvSh5sQw","微信读书"
"国科大就业","2026-01-07","招聘 | 歌尔2026届精英计划","https://mp.weixin.qq.com/s/2jEKBDaxTP7mL0V-nexMgw","微信读书"
"国科大就业","2026-01-07","招聘 | 成都航空职业技术大学博士人才引进","https://mp.weixin.qq.com/s/K3rBcWi8hZHcLo9XL42Vog","微信读书"
"国科大就业","2026-01-07","美团2026年春招全球校园大使招募正式启动","https://mp.weixin.qq.com/s/gEE4XnJnWzjtEEAn-8oOdQ","微信读书"
"国科大就业","2026-01-07","就业讲堂 | 2026年升学就业月历","https://mp.weixin.qq.com/s/tiBg81Lt94l37X96Dgjbgg","微信读书"
"国科大就业","2026-01-06","招聘 | 吉利控股集团2026届秋招补录","https://mp.weixin.qq.com/s/L34QCKo6aBzl1DBfw9JzxA","微信读书"
"国科大就业","2026-01-06","招聘 | 存款保险基金管理有限责任公司2026年度校园招聘正式启动！","https://mp.weixin.qq.com/s/bxs2wGOmptgr-wWlBPqvEQ","微信读书"
"国科大就业","2026-01-06","招聘 | 成都农业科技中心2026年度第一批公开招聘公告","https://mp.weixin.qq.com/s/g8daqHePFdaPMwDe_owHWQ","微信读书"
"国科大就业","2026-01-06","实习 | 腾讯混元青云计划实习生全年招募","https://mp.weixin.qq.com/s/yCXtftU1KG-B6ExQOqguIw","微信读书"
"国科大就业","2026-01-06","人民网2026校园招聘启动！","https://mp.weixin.qq.com/s/bPJ4Ts-oYExvUg1NMFbAuQ","微信读书"
"国科大就业","2026-01-06","“京彩助梦 成功就业”公益讲座：AI求职工具、岗位求职规划、2026征兵政策解读","https://mp.weixin.qq.com/s/-Th-mxAEg45UjgL2GpfCGQ","微信读书"
"国科大就业","2026-01-05","中国旅游集团2026年校园招聘正式启动","https://mp.weixin.qq.com/s/EKLiGOrLiRU9yfl1nGQ5nA","微信读书"
"国科大就业","2026-01-05","招聘丨中央民族大学2026年教学科研人员招聘启事","https://mp.weixin.qq.com/s/AR4V1DZBDuAVOEakZeAu1A","微信读书"
"国科大就业","2026-01-05","招聘 | 中国融通农业发展集团有限公司2025年博士后工作站招聘","https://mp.weixin.qq.com/s/GzpRhPF6Mx53EzCeqvjxsw","微信读书"
"国科大就业","2026-01-05","招聘 | 中国热带农业科学院南亚热带作物研究所2026年第一批公开招聘工作人员公告","https://mp.weixin.qq.com/s/ccGMOg-wyP-wQTCRu0MICQ","微信读书"
"国科大就业","2026-01-05","招聘 | 广州期货交易所2026年招聘及博士后招收启事","https://mp.weixin.qq.com/s/8Wd0ux_C6b7Zm-d0cLVdPA","微信读书"
"国科大就业","2026-01-05","招聘 | 北京大学2026年度应届毕业生公开招聘公告（一）","https://mp.weixin.qq.com/s/sdrgkzh4r83ZhDvzEDNpeg","微信读书"
"国科大就业","2026-01-05","就业讲堂 | 入职都要签竞业限制协议吗？违反竞业限制要支付违约金吗？","https://mp.weixin.qq.com/s/KTBOXMYlmLJla_h7U1he_g","微信读书"
"国科大就业","2026-01-04","招聘丨特飞所2026届校园招聘正式启动！","https://mp.weixin.qq.com/s/x5PZ0Wj8zJFZObGfxXoXeA","微信读书"
"国科大就业","2026-01-04","招聘 | CVTE2026届秋招补录通道开启！","https://mp.weixin.qq.com/s/I2Nl3IYhMQ3eyAMmwX45Vw","微信读书"
"国科大就业","2026-01-04","招聘 | 自然资源部所属单位2026年度公开招聘工作人员公告（第一批）","https://mp.weixin.qq.com/s/E00hNZXqvmyTMbVvqB2lKw","微信读书"
"国科大就业","2026-01-04","招聘 | 格力电器2026届春招提前批正式启动","https://mp.weixin.qq.com/s/x_7xyZj_RcnW914kuavz5w","微信读书"
"国科大就业","2026-01-04","招聘 | 安道麦中国2026届培训生招聘计划全面启动","https://mp.weixin.qq.com/s/TykVXzLpaSwTz25yb9b1dA","微信读书"
"国科大就业","2026-01-04","课程预告 | 教育部“互联网+就业指导”公益直播课：职场启航，新人如何迈好职场第一步","https://mp.weixin.qq.com/s/RyeXMLDBxn_Qm-YiY9xH4g","微信读书"
"国科大就业","2026-01-04","“中国化学校园行”2026届全球校园招聘正式启动","https://mp.weixin.qq.com/s/BCvgdFINGlSatvQprH2V_w","微信读书"
"国科大就业","2026-01-01","元旦快乐 万事皆安","https://mp.weixin.qq.com/s/0PFqE33dcwZ76lwh9CD2Vw","微信读书"
"国科大就业","2025-12-31","中国科学院空天信息创新研究院2026校园招聘末班车！","https://mp.weixin.qq.com/s/0oTdjbhvoY76iIz8lUiIaw","微信读书"
"国科大就业","2025-12-31","招聘丨中共中央对外联络部事业单位2026年度公开招聘工作人员公告","https://mp.weixin.qq.com/s/aStvj8aBG9AcXdM3cgXX7Q","微信读书"
"国科大就业","2025-12-31","招聘 | 卡斯柯2026校园招聘","https://mp.weixin.qq.com/s/a2JjJE_B_MICjLMG8Sq7dw","微信读书"
"国科大就业","2025-12-31","招聘 | 湖北江瀚新材料股份有限公司2026校园招聘","https://mp.weixin.qq.com/s/EYHOidrHAzLMlK3LHk2Uxg","微信读书"
"国科大就业","2025-12-31","招聘 | 海亮股份2026届校园招聘“航海计划”正式启动","https://mp.weixin.qq.com/s/6Ba0e96mW6tHHdsXGj46Lg","微信读书"
"国科大就业","2025-12-31","招聘 | 2025年第五批直接考核招聘高层次人才公告丨攀枝花学院","https://mp.weixin.qq.com/s/z1W0ueDcKWwunfTsy8qA8w","微信读书"
"国科大就业","2025-12-31","实习 | 好未来寒假实习生项目招聘启动！","https://mp.weixin.qq.com/s/y-4fhVnzc7wwP0BZKt6r8g","微信读书"
"国科大就业","2025-12-31","就业讲堂 | @职场新人，三招教你提升团队协作力","https://mp.weixin.qq.com/s/t2rskFudZ20AbAz0vHbEsQ","微信读书"
"国科大就业","2025-12-30","招聘 | 中国矿产资源集团2026届校园招聘和所属单位社会招聘公告","https://mp.weixin.qq.com/s/IfWtrKQ-FHXcdaKc307gGw","微信读书"
"国科大就业","2025-12-30","招聘 | 中国金融电子化集团有限公司2026年度校园招聘公告","https://mp.weixin.qq.com/s/2CH8cKGyUiAKF0ZyZY4ktw","微信读书"
"国科大就业","2025-12-30","招聘 | 中国电子云2026校园招聘冬季补招启动","https://mp.weixin.qq.com/s/weMe0qinV_XV8dQDXcJbig","微信读书"
"国科大就业","2025-12-30","招聘 | 中共四川省委党校（四川行政学院）2026年公开考核招聘专职教师公告","https://mp.weixin.qq.com/s/VqoAvfKsMdRSrB--dC8Uug","微信读书"
"国科大就业","2025-12-30","招聘 | 博众精工2026届校园招聘研后专场开启","https://mp.weixin.qq.com/s/9QvyBIwa2KTalds5dY0Xpw","微信读书"
"国科大就业","2025-12-30","就业讲堂 | 什么是无固定期限劳动合同？一文看懂","https://mp.weixin.qq.com/s/04OexuaY3gpfYF5vITJT8w","微信读书"
"国科大就业","2025-12-30","东方电气（武汉）核设备有限公司2026年校园招聘正式启动","https://mp.weixin.qq.com/s/KwfnTjjCck8YAGX30yh62w","微信读书"
"国科大就业","2025-12-29","招聘 | 中化学华谊工程科技集团有限公司2026届校园招聘全面启动","https://mp.weixin.qq.com/s/4nqCtrflnGTVdjFmWXmDIQ","微信读书"
"国科大就业","2025-12-29","招聘 | 中国农业科学院2026年度第一批统一公开招聘公告","https://mp.weixin.qq.com/s/auoid8M8cVA34POeMdgWmg","微信读书"
"国科大就业","2025-12-29","招聘 | 中国金融电子化集团有限公司2026年度校园招聘公告","https://mp.weixin.qq.com/s/9cdeWsFracMF5OGnSbJJLQ","微信读书"
"国科大就业","2025-12-29","招聘 | 万兴科技2026届精英专享通道正式开启","https://mp.weixin.qq.com/s/WN_RKJRzI2MN52exHE2_2g","微信读书"
"国科大就业","2025-12-29","招聘 | 江淮汽车2026校园招聘","https://mp.weixin.qq.com/s/e1Qedn42L7yuBM1_lS7BQA","微信读书"
"国科大就业","2025-12-29","招聘 | 河南省医学科学院感染与免疫研究所招聘","https://mp.weixin.qq.com/s/0kbOiGGSYLkY955ezsxdEg","微信读书"
"国科大就业","2025-12-29","招聘 | 航空工业信息技术中心（金航数码）校招开放日","https://mp.weixin.qq.com/s/3fl1sGNwhEmb_ald3a4yjg","微信读书"
"国科大就业","2025-12-29","年底找工作，还有“捡漏”的机会吗？","https://mp.weixin.qq.com/s/wbYcbtstQO-GXLD8uM991w","微信读书"
"国科大就业","2025-12-26","招聘 | 中国科协所属单位2026年度公开招聘应届高校毕业生公告","https://mp.weixin.qq.com/s/7jiJ1hFCiKnfCPaMtU0DkA","微信读书"
"国科大就业","2025-12-26","招聘 | 康冠科技2026届秋招研后补录及直播预告","https://mp.weixin.qq.com/s/yDJVMiuLkZlLgUmjQBdmeg","微信读书"
"国科大就业","2025-12-26","招聘 | 河南省科学院光资源与环境科学研究所招聘","https://mp.weixin.qq.com/s/ZT3ZsTvGAjrTwyx0sti3cg","微信读书"
"国科大就业","2025-12-26","招聘 | 海南省旅游和文化广电体育厅直属事业单位2026年校园招聘","https://mp.weixin.qq.com/s/XiMQIxo2TNAM27HbkjcrQA","微信读书"
"国科大就业","2025-12-26","宣讲会 | 12月30日 康复大学“校长之约”校园招聘名校行","https://mp.weixin.qq.com/s/3pWDMy4Cd5zvVidpbxnIew","微信读书"
"国科大就业","2025-12-26","上海 | 千名博士项目对接暨人才引进签约洽谈会","https://mp.weixin.qq.com/s/eeaY2NuFAIcv2TvsW37G-w","微信读书"
"国科大就业","2025-12-26","课程预告 | 教育部“互联网+就业指导”公益直播课：AI赋能求职实战全流程指南","https://mp.weixin.qq.com/s/FvGHCf8RkVgAwSkVPHwpdQ","微信读书"
"国科大就业","2025-12-25","招聘 | 中信城开2026年校园招聘正式开启","https://mp.weixin.qq.com/s/DXajUxf_ARcEwqBt57onRQ","微信读书"
"国科大就业","2025-12-25","招聘 | 中国医学科学院北京协和医学院2026年度高校毕业生招聘公告","https://mp.weixin.qq.com/s/iSLvF7fzsQalOqJGBjCZtQ","微信读书"
"国科大就业","2025-12-25","招聘 | 中国雄安集团有限公司2026年度校园招聘公告","https://mp.weixin.qq.com/s/30Td78vFGJZ1TJj8BqyFbA","微信读书"
"国科大就业","2025-12-25","招聘 | 钢研纳克检测技术股份有限公司26届校园招聘秋招补录进行中 （春招日程敬请期待）","https://mp.weixin.qq.com/s/4hOUm9KA9CorEhH-PiE9fQ","微信读书"
"国科大就业","2025-12-25","招聘 |  山西新华防化装备研究院招聘","https://mp.weixin.qq.com/s/8GZMBhg6TaxpEUzV1syUbw","微信读书"
"国科大就业","2025-12-25","浪启新·云筑梦丨浪潮云“云新锐·领航”管培生选拔计划正式启动（明日截止）","https://mp.weixin.qq.com/s/M1mKiNBhaLCV8di_kTtwlA","微信读书"
"国科大就业","2025-12-24","招聘 | 中国光大集团2026年博士后研究人员招收启事","https://mp.weixin.qq.com/s/oZTTtWARR_s7J1HF3kg9SQ","微信读书"
"国科大就业","2025-12-24","招聘 | 长鑫存储2026校园招聘专场开启","https://mp.weixin.qq.com/s/YWc9ZgeKWZd18xn9VcU1GA","微信读书"
"国科大就业","2025-12-24","招聘 | 网联清算有限公司2026年度校园招聘正式启动","https://mp.weixin.qq.com/s/RPubiv8EPYJit0iUyXsyKw","微信读书"
"国科大就业","2025-12-24","招聘 | 大湾区“最强招聘天团”来了！实习也有岗，简历直达大厂HR","https://mp.weixin.qq.com/s/PI6ga8WbIRQJHG30C4gRPw","微信读书"
"国科大就业","2025-12-24","招聘 | 重庆机场集团有限公司2026年校园招聘公告","https://mp.weixin.qq.com/s/GRnAdaTsQQW3Icc2Dacz7Q","微信读书"
"国科大就业","2025-12-24","招聘 | 2025年诚聘海内外高层次人才丨康复大学","https://mp.weixin.qq.com/s/N-k3HGrxcTSWWRvScbU78A","微信读书"
"国科大就业","2025-12-24","大赛通知 | 关于公布第三届全国大学生职业规划大赛中国科学院大学校内选拔赛结果的通知","https://mp.weixin.qq.com/s/ok6ZSUlahQzACZEiDzVPKA","微信读书"
"国科大就业","2025-12-23","招聘丨山东大学2026年辅导员招聘公告","https://mp.weixin.qq.com/s/TBeoqaOXii19sUQTmUMR5Q","微信读书"
"国科大就业","2025-12-23","招聘｜上海财经大学2026年辅导员及其他非教学科研岗位人员招聘启事","https://mp.weixin.qq.com/s/Avx0xKhZzxhBVsEzgzqxBw","微信读书"
"国科大就业","2025-12-23","招聘 | 中国信托业保障基金有限责任公司招聘公告","https://mp.weixin.qq.com/s/yXl5irBy_TNNrb5oSsQHFQ","微信读书"
"国科大就业","2025-12-23","招聘 | 中国保险保障基金有限责任公司2026年校园招聘启事","https://mp.weixin.qq.com/s/BUf_hBwiUYxqTJDGTLxryA","微信读书"
"国科大就业","2025-12-23","招聘 | 上海宇量昇科技有限公司2026届校园招聘","https://mp.weixin.qq.com/s/UyIXBCBWH2KxmVUKxZ33yg","微信读书"
"国科大就业","2025-12-23","招聘 | 虹科2026届校园招聘正式启动！","https://mp.weixin.qq.com/s/vSVHJznTW5afVZyC0ohxKQ","微信读书"
"国科大就业","2025-12-23","辽宁省2026年度选调应届优秀大学毕业生工作公告（中国科学院大学报考人员具体要求）","https://mp.weixin.qq.com/s/BQ6BdBe-KWia3X8AJvbXOg","微信读书"
"国科大就业","2025-12-23","第三届全国大学生职业规划大赛国科大校内选拔赛顺利举办！","https://mp.weixin.qq.com/s/yGUJyQMbw82949uSp_tErw","微信读书"
"国科大就业","2025-12-22","招聘 | 中科院自动化所（国家级科研机构）招聘AI算法博士后/工程师/助理教授","https://mp.weixin.qq.com/s/kN-nYbgEhP5qRO38hf0XnQ","微信读书"
"国科大就业","2025-12-22","招聘 | 中广核环保2026届秋季校园招聘正式启动！","https://mp.weixin.qq.com/s/VyhtjGVt8A2lkoLxt--o0A","微信读书"
"国科大就业","2025-12-22","招聘 | 金融街资管2026校园招聘","https://mp.weixin.qq.com/s/1iXuzcG4m6e_G6qn4FYx9w","微信读书"
"国科大就业","2025-12-22","招聘 | 华润燃气2026届校园招聘“菁英计划·管培生”全面开启","https://mp.weixin.qq.com/s/1q3NRq3ZhtktDPzt4kEokA","微信读书"
"国科大就业","2025-12-22","招聘 | 广东海大集团2026校园招聘","https://mp.weixin.qq.com/s/bQlHSFNymiidAsxoBEMG1A","微信读书"
"国科大就业","2025-12-22","招聘 | 大连海事大学2026年度公开招聘事业编制非教学科研人员（第一批）公告","https://mp.weixin.qq.com/s/BZzpDyV5ghuvmXCscFvNvQ","微信读书"
"国科大就业","2025-12-22","山西省2026年面向中国科学院大学选调优秀高校毕业生公告","https://mp.weixin.qq.com/s/2jKpd5NZFkiioGMZ0lhZXg","微信读书"
"国科大就业","2025-12-22","2025中国年度最佳雇主 年度最佳高校 | 中国科学院大学荣获“就业基石奖”","https://mp.weixin.qq.com/s/XRyl7dHn9EZ5rDmBREMSYg","微信读书"
"国科大就业","2025-12-20","中国·北京千名博士项目对接暨人才引进签约洽谈会","https://mp.weixin.qq.com/s/5s8G8LcpJGgqsePdKeSv0g","微信读书"
"国科大就业","2025-12-20","招聘 | 招聘啦！北京市三里屯一中期待您的加入！","https://mp.weixin.qq.com/s/GmnmaqMQzcJ-MQqP0rmBOQ","微信读书"
"国科大就业","2025-12-20","招聘 | 30名！河北雄安新区面向2026年优秀应届毕业生选聘急需紧缺人才公告","https://mp.weixin.qq.com/s/_3XehVoMf-UlpwxRRhY7sQ","微信读书"
"国科大就业","2025-12-20","就业指导 || @高校毕业生，如何查询自己的档案存在哪里？","https://mp.weixin.qq.com/s/gUUx3iAJjbsNGfGqPlo7MQ","微信读书"
"国科大就业","2025-12-19","招聘 | 温氏股份2026届校园招聘正式启动！","https://mp.weixin.qq.com/s/5_EQfZCTugNIuDxDfXtBPg","微信读书"
"国科大就业","2025-12-19","招聘 | 国投生物制造创新研究院有限公司及所属能力平台公开招聘公告","https://mp.weixin.qq.com/s/OyTW1T9LsYrGQGJ2359f2g","微信读书"
"国科大就业","2025-12-19","招聘 | 国家无线电监测中心检测中心2026校园招聘","https://mp.weixin.qq.com/s/JnYHpQU9OXpnFdt4sbTOuw","微信读书"
"国科大就业","2025-12-19","全省联动打造年度人才盛宴！“百万英才汇南粤”大型综合招聘会火热来袭→","https://mp.weixin.qq.com/s/teX7Gig07_50q0VBMy0Q0Q","微信读书"
"国科大就业","2025-12-19","课程预告 | 教育部“互联网+就业指导”公益直播课：智能制造行业发展趋势和职业机会","https://mp.weixin.qq.com/s/qWJ5XF0qf9zLNpDpPjALFQ","微信读书"
"国科大就业","2025-12-19","就在今天！筑梦青春志在四方，规划启航职引未来！第三届全国大学生职业规划大赛中国科学院大学校内选拔赛","https://mp.weixin.qq.com/s/ldValQx4zfqtTdb9LqSysA","微信读书"
"国科大就业","2025-12-18","中国保险保障基金有限责任公司2026年校园招聘启事","https://mp.weixin.qq.com/s/RLLnW2i4veYIwhj_mua3BQ","微信读书"
"国科大就业","2025-12-18","招聘 | 中核五公司2026届校园招聘","https://mp.weixin.qq.com/s/O27MrIaDKLYl116w5jNOHQ","微信读书"
"国科大就业","2025-12-18","招聘 | 四川农商联合银行信息科技部2026年校园招聘","https://mp.weixin.qq.com/s/zShsV0u16ukS2II7CUE3nA","微信读书"
"国科大就业","2025-12-18","招聘 | 诗悦网络26届秋招补录启动 | 部分岗位可重启流程，速来！","https://mp.weixin.qq.com/s/jm-XooDfrb2BvdKBiykB8Q","微信读书"
"国科大就业","2025-12-18","招聘 | 上海黄金交易所人才招聘","https://mp.weixin.qq.com/s/yJ0_qIKc6e4MAsoH6vLPXw","微信读书"
"国科大就业","2025-12-18","招聘 | 超硬材料产业技术研究院招聘公告","https://mp.weixin.qq.com/s/qlzlnn4GxMv65MySzj1L2Q","微信读书"
"国科大就业","2025-12-17","招聘｜比亚迪2026届校招持续进行中-技术类岗位（附内推码）","https://mp.weixin.qq.com/s/S4KJYmvMNMs8tlvnxbWm6Q","微信读书"
"国科大就业","2025-12-17","招聘｜比亚迪2026届校招持续进行中-非技术类岗位（附内推码）","https://mp.weixin.qq.com/s/uhbMpgTKoD3sT7vk-IEERg","微信读书"
"国科大就业","2025-12-17","招聘 | 中国证券投资基金业协会2026年度校园招聘","https://mp.weixin.qq.com/s/eKa4r6WX87Or6m8s90YaFQ","微信读书"
"国科大就业","2025-12-17","招聘 | 中国化学工程集团有限公司2026届全球校园招聘公告（招满即止）","https://mp.weixin.qq.com/s/pf2Q3GJYy7YvVem7dykl1Q","微信读书"
"国科大就业","2025-12-17","招聘 | 歌尔2026届精英计划岗位补录","https://mp.weixin.qq.com/s/aqRIcLiT99-EhAj4pkElnA","微信读书"
"国科大就业","2025-12-17","招聘 | 北京广播电视台2026年校园招聘","https://mp.weixin.qq.com/s/1qcbBR1wmY0AoXRRk6eTcA","微信读书"
"国科大就业","2025-12-17","活动预告 | 国考面试技巧重点解析","https://mp.weixin.qq.com/s/DwcQnx1KjVH_LffUQUFxjg","微信读书"
"国科大就业","2025-12-17","河北省2026年度定向选调生招录公告","https://mp.weixin.qq.com/s/s7VC6165OoftAKSJdiuaWA","微信读书"
"国科大就业","2025-12-16","中国林业集团有限公司2026年校园招聘公告","https://mp.weixin.qq.com/s/AY47cLyyIUYJM5PfOSwODw","微信读书"
"国科大就业","2025-12-16","招聘丨川仪股份2026届校园招聘全面启动","https://mp.weixin.qq.com/s/yxE6mJ_M9_Efkx2f3am8Yw","微信读书"
"国科大就业","2025-12-16","招聘 | 中国水利电力对外有限公司2026年校园招聘","https://mp.weixin.qq.com/s/SxmwF_csVMFoprdS0iGOcA","微信读书"
"国科大就业","2025-12-16","招聘 | 中共北京市委党校公开招聘应届毕业生（含博士后人员）公告","https://mp.weixin.qq.com/s/0b6PcGPXsX8a6hZ81BJFZA","微信读书"
"国科大就业","2025-12-16","招聘 | 网易游戏互娱2026届校招游戏技术补录通道开启","https://mp.weixin.qq.com/s/JRyXEELhncOH1QPkOvfF-A","微信读书"
"国科大就业","2025-12-16","启航星海 筑梦未来丨中建交通第一建设公司2026届校园招聘正式启动","https://mp.weixin.qq.com/s/ZlWr19OMSNEqU5LO-TTxEg","微信读书"
"国科大就业","2025-12-15","招聘丨中建八局总部“铁军·星计划”2026届管培生招聘正式启动！","https://mp.weixin.qq.com/s/qN7bvEN5aRCRnOlGz004YQ","微信读书"
"国科大就业","2025-12-15","招聘 | 中信证券（山东）2026年校园招聘火热进行中！","https://mp.weixin.qq.com/s/jHQFJ2edEn2R8VBca1Y8DA","微信读书"
"国科大就业","2025-12-15","招聘 | 中国航空器材集团有限公司2026年校园招聘正式启动","https://mp.weixin.qq.com/s/XvbNhqLbwTYtI4DycH2Jxw","微信读书"
"国科大就业","2025-12-15","招聘 | 雄安新区2026届校园引才","https://mp.weixin.qq.com/s/f30AgiLD5VXJBVwjUd7iBA","微信读书"
"国科大就业","2025-12-15","招聘 | 毕马威2026届校园招聘","https://mp.weixin.qq.com/s/k77pOki5g0MrytuplRfFPg","微信读书"
"国科大就业","2025-12-15","招聘 | “青囊X锐 广药聘U”广药集团2026校园招聘","https://mp.weixin.qq.com/s/dGBPWVvtiyj7q41e_qo4mA","微信读书"
"国科大就业","2025-12-15","国家纳米科学中心2026年校园招聘正式开启！","https://mp.weixin.qq.com/s/VGDUeyU7pX-EqqQFFxoUYw","微信读书"
"国科大就业","2025-12-12","招聘丨京东2026TET管培生综合方向招聘","https://mp.weixin.qq.com/s/xjRxjoSRjjowZd5YG837Ag","微信读书"
"国科大就业","2025-12-12","招聘｜东海实验室2026届校园招聘","https://mp.weixin.qq.com/s/5U9nTiC1iEO4ZWkYmrzX5A","微信读书"
"国科大就业","2025-12-12","招聘 | vivo蓝极星计划热招开启 OpenDay抢占名额中","https://mp.weixin.qq.com/s/-EK3e5Dj04qAlUUNn0g0xA","微信读书"
"国科大就业","2025-12-12","招聘 | 武汉大学2026年专职管理人员和学生辅导员招聘启事","https://mp.weixin.qq.com/s/RF8pX_NsUTUyk9F4ij6heQ","微信读书"
"国科大就业","2025-12-12","招聘 | 苏交科丨2026届校园招聘正式启动！","https://mp.weixin.qq.com/s/F3WjSyumOux7ZU4Y8iHqZg","微信读书"
"国科大就业","2025-12-12","实习 | 小红书「未来市集实习生」项目启动","https://mp.weixin.qq.com/s/5_uMJfOeVSAdT-_qy9wR_A","微信读书"
"国科大就业","2025-12-12","就业讲堂 | 经济补偿“N+1”、“2N”是什么意思？","https://mp.weixin.qq.com/s/b4OQlraSfVvR4bJBXYy1Cw","微信读书"
"国科大就业","2025-12-11","招聘丨中国一汽2026全球校园招聘","https://mp.weixin.qq.com/s/zh87viSHa8wp08KoruM72A","微信读书"
"国科大就业","2025-12-11","招聘 | 浙江省国贸集团2026校园招聘正式启动","https://mp.weixin.qq.com/s/aCWAFHdNvyDNgGTHLpCl_w","微信读书"
"国科大就业","2025-12-11","招聘 | 西昌学院2025年直接考核招聘工作人员公告","https://mp.weixin.qq.com/s/MdrRqtsFn8v7InxCtygbYw","微信读书"
"国科大就业","2025-12-11","招聘 | 睿联2026校园招聘","https://mp.weixin.qq.com/s/e1LTHxpHX702-nU_20EGSg","微信读书"
"国科大就业","2025-12-11","招聘 | 萍乡学院2025年博士高层次人才引进公告","https://mp.weixin.qq.com/s/GvQVL6iALFnQQC0-X8QKBw","微信读书"
"国科大就业","2025-12-11","招聘 | 博迈医疗2026届校园招聘全面启动!","https://mp.weixin.qq.com/s/E4UyrlpolX0uVG8ox9H20w","微信读书"
"国科大就业","2025-12-11","宣讲会 | 12月15日 SK海力士大连2026校园招聘全面启动","https://mp.weixin.qq.com/s/2OMro5WiWfth4EI30cSS4Q","微信读书"
"国科大就业","2025-12-11","宣讲会 | 12月12日 北京市第三实验学校2026年教师及实习生校园招聘宣讲会","https://mp.weixin.qq.com/s/-wgKZsRIgMlI3ctJjFYEnw","微信读书"
"国科大就业","2025-12-10","招聘|  北京航天微系统与信息技术研究所（航天九院研发中心）2026届校园招聘","https://mp.weixin.qq.com/s/fhHFhvB0IfUiRGDwk9PW6A","微信读书"
"国科大就业","2025-12-10","招聘 | 航空工业未来飞行训练装备技术协同创新中心（北京）2025年博士招聘","https://mp.weixin.qq.com/s/CSicoOi3igZ5OJnzIEh_4A","微信读书"
"国科大就业","2025-12-10","招聘 | 东莞市步步高实验学校招聘 | 和我们一起奔赴理想与热爱，助力生命蓬勃发展","https://mp.weixin.qq.com/s/pnJWOMQ-yb7bt9UtjjMz4A","微信读书"
"国科大就业","2025-12-10","招聘 | 第十六届河北省高层次人才引进交流大会","https://mp.weixin.qq.com/s/fzWE3PKExVjUv3fO6KWKjg","微信读书"
"国科大就业","2025-12-10","招聘 | 北京市第二中学朝阳学校招聘启事","https://mp.weixin.qq.com/s/K9zvziF9SGoO7NCcPmSosw","微信读书"
"国科大就业","2025-12-10","活动预告｜计算机设备 安防设备行业发展趋势和职业机会（海康威视）","https://mp.weixin.qq.com/s/WRgYOVRjapDNqYcAHFHbAg","微信读书"
"国科大就业","2025-12-10","国家粮食和物资储备局直属联系单位和垂直管理局事业单位2026年应届毕业生公开招聘","https://mp.weixin.qq.com/s/8gkYEGBEAMhXdcavMA7O_Q","微信读书"
"国科大就业","2025-12-08","招聘 | 中国港湾2026届“领航者”全球招募计划即日启动！","https://mp.weixin.qq.com/s/c2f5CvJk_zvbs1QfJFBSyQ","微信读书"
"国科大就业","2025-12-08","招聘 | 智联招聘2026届秋季校园招聘，正式启动！","https://mp.weixin.qq.com/s/rzuSrSgbpjLgYZYbTg9wIA","微信读书"
"国科大就业","2025-12-08","招聘 | 南方投资集团2026年校园招聘全面启动","https://mp.weixin.qq.com/s/qCqNDw096SRNwORIK_JYXQ","微信读书"
"国科大就业","2025-12-08","核你相约 共创未来丨中国中原2026年校园招聘正式启动！","https://mp.weixin.qq.com/s/WELrkY0EhbSFyZkOO5JklA","微信读书"
"国科大就业","2025-12-06","招聘｜银行间市场清算所股份有限公司2026年度校园招聘、博士后研究人员招收","https://mp.weixin.qq.com/s/H5fG1ceSDCb4IqiKA_nMzg","微信读书"
"国科大就业","2025-12-06","招聘｜成方金融科技有限公司2026届校园招聘","https://mp.weixin.qq.com/s/_By22K-NdGgkhPBxcWDW7w","微信读书"
"国科大就业","2025-12-06","课程预告 | 教育部“互联网+就业指导”公益直播课：解锁就业“心”技能——大学生就业压力的心理解码与应对之道","https://mp.weixin.qq.com/s/qeUagMTe6kd4etrb-EzJ1g","微信读书"
"国科大就业","2025-12-05","招聘 | 中国科学院大学财务计划处工作人员招聘启事","https://mp.weixin.qq.com/s/vmkp54iZffVM2Vuau68HfQ","微信读书"
"国科大就业","2025-12-05","招聘 | 浙大公开招聘，等你来","https://mp.weixin.qq.com/s/7tEntAhAHt7rk9rezczlkw","微信读书"
"国科大就业","2025-12-05","招聘 | 审计署部分京内直属事业单位2026年度校园招聘全面开启","https://mp.weixin.qq.com/s/nz8Ou0UcU0RDyGXKTCqZyQ","微信读书"
"国科大就业","2025-12-05","招聘 | 全国人大机关直属事业单位2026年度公开招聘工作人员公告","https://mp.weixin.qq.com/s/Zo5UFJUlaLT6qVST6Uk_Pw","微信读书"
"国科大就业","2025-12-05","招聘 | 格力电器2026届秋招进行时","https://mp.weixin.qq.com/s/w_jYVEQxf02Obtvw-7YdNA","微信读书"
"国科大就业","2025-12-05","活动预告｜第三届全国大学生职业规划大赛校赛训练营|参赛经验分享及就业法律相关注意事项分享","https://mp.weixin.qq.com/s/BJbZ0g1AaUy3Ta5q4bgaOA","微信读书"
"国科大就业","2025-12-04","中建电商（云筑）2026届星青年校园招聘正式启动","https://mp.weixin.qq.com/s/E5y_AuxLKzTg6DFV4kvbzw","微信读书"
"国科大就业","2025-12-04","招聘丨银联国际2026年度校园招聘正式启动！","https://mp.weixin.qq.com/s/qI5H5O-cSt035OEph2pmIg","微信读书"
"国科大就业","2025-12-04","招聘 | 深圳证券交易所2026年人员招聘启事","https://mp.weixin.qq.com/s/j4m1cEpQ3MXrULd7nHMn1w","微信读书"
"国科大就业","2025-12-04","招聘 | 上海中汇亿达金融信息技术有限公司2026年度工作人员招聘","https://mp.weixin.qq.com/s/9sIT10dZlvV7e8UbRehd_Q","微信读书"
"国科大就业","2025-12-04","招聘 | 三生制药2026校园招聘正式启幕！","https://mp.weixin.qq.com/s/P6ytF4rKVlmHjUWfzT0-9w","微信读书"
"国科大就业","2025-12-04","实习 | 中欧基金2027届超级实习生计划启动！","https://mp.weixin.qq.com/s/412Oh8DJCDkCcIzlPZHoKQ","微信读书"
"国科大就业","2025-12-04","北京林业大学诚邀全球英才加盟！","https://mp.weixin.qq.com/s/eh5sQUPlQ0E2SsTqttudzA","微信读书"
"国科大就业","2025-12-03","招聘 | 中国航天科技集团公司第五研究院第五一三研究所","https://mp.weixin.qq.com/s/dv4NP-qIfq2eSyppi-PCzQ","微信读书"
"国科大就业","2025-12-03","招聘 | 腾讯2026校招补录，还有机会！","https://mp.weixin.qq.com/s/1pYtSeybIOHytndpSCeyug","微信读书"
"国科大就业","2025-12-03","招聘 | 龙湖集团2026届仕官生校园招聘","https://mp.weixin.qq.com/s/Yg7YS-uKzmgvZE_Im_Zg3A","微信读书"
"国科大就业","2025-12-03","实习 | 中兴财经2026年寒假实习生招募启动！","https://mp.weixin.qq.com/s/2AHVqeTyglSSsx7X50nlKg","微信读书"
"国科大就业","2025-12-03","就业讲堂 | 非全日制、病假、试用期……工资支付有规定","https://mp.weixin.qq.com/s/hCV31rrXjtCr1Z_nbGjXTQ","微信读书"
"国科大就业","2025-12-03","广东省2026年度选调优秀大学毕业生公告","https://mp.weixin.qq.com/s/XN_A0xyPsMJm-yHC1ocKZg","微信读书"
"国科大就业","2025-12-03","歌尔26届【博士沙龙-北京&上海站】火热报名中！","https://mp.weixin.qq.com/s/InraMJiZDnVNjgvkQSFM4g","微信读书"
"国科大就业","2025-12-02","中国供销集团有限公司2026年度应届高校毕业生招聘公告","https://mp.weixin.qq.com/s/iIXDHZ58TQSiE8JJ3gvgmQ","微信读书"
"国科大就业","2025-12-02","招聘 | 中再资产2026年度校园招聘","https://mp.weixin.qq.com/s/MuGA4BOiBZC3aY3An18XCg","微信读书"
"国科大就业","2025-12-02","招聘 | 中核苏能2026届校园招聘全面启动","https://mp.weixin.qq.com/s/RffY7qOuMX936TE84uTWbw","微信读书"
"国科大就业","2025-12-02","招聘 | 中国科学院合肥物质科学研究院2025年博士后研究人员招聘公告！","https://mp.weixin.qq.com/s/gSPKa1pi0SPYJjegAr_vbw","微信读书"
"国科大就业","2025-12-02","招聘 | 中国航空工业集团党校/培训中心/人力资源中心招聘","https://mp.weixin.qq.com/s/wYXCfLyKLNRshofn00MKEA","微信读书"
"国科大就业","2025-12-02","招聘 | 顺丰集团2026届管培生全球招募：共赴未来领军者之路","https://mp.weixin.qq.com/s/-3uD7iQxufu9BbNNqM-uzw","微信读书"
"国科大就业","2025-12-02","宣讲会丨12月4日 清华附中大兴学校2026年度教师招聘正式启动","https://mp.weixin.qq.com/s/28LjlhuyiK-4296d5i9Drg","微信读书"
"国科大就业","2025-12-02","就业讲堂 | 面试准备怎么做？求职必看","https://mp.weixin.qq.com/s/oVRGcr4jjb7KC67Q-9io7Q","微信读书"
"国科大就业","2025-12-01","招聘 | 中国中车所属在京企业2026年高校毕业生招聘公告","https://mp.weixin.qq.com/s/y4mEaw6uD5nC7xeDZ_FD3w","微信读书"
"国科大就业","2025-12-01","招聘 | 中国地质大学（武汉）2025-2026年度专职辅导员招聘启事","https://mp.weixin.qq.com/s/6yb7htaRP14zmT4yUKGQvw","微信读书"
"国科大就业","2025-12-01","招聘 | 西安银行2026校园招聘","https://mp.weixin.qq.com/s/oc1xhCAhfr8FnShCD4yuZg","微信读书"
"国科大就业","2025-12-01","招聘 | 四川农商银行2026年校园招聘公告","https://mp.weixin.qq.com/s/ob5_znLoWdC7GYc8ULK6ug","微信读书"
"国科大就业","2025-12-01","招聘 | 国家移民管理局直属事业单位2026年公开招聘事业编制人员公告","https://mp.weixin.qq.com/s/alMmZXZjEoX7901l2xWe7Q","微信读书"
"国科大就业","2025-12-01","选调生 | 中国科学院大学河南省2026年定向选调应届优秀毕业生报名审核盖章具体要求","https://mp.weixin.qq.com/s/PBS5ZFJ1x5FyzCAKEl012Q","微信读书"
"国科大就业","2025-12-01","活动预告｜第三届全国大学生职业规划大赛校赛训练营：大赛关键步骤筹备与高质量就业核心原理解析","https://mp.weixin.qq.com/s/zUCVGfBRsFJtCAvKAJAU9A","微信读书"
"国科大就业","2025-12-01","2026年度陕西省面向中国科学院大学招录选调生公告","https://mp.weixin.qq.com/s/kyJmmF8E3r6VbHDyPnXWQQ","微信读书"
"国科大就业","2025-11-29","招聘 | 上海数据集团2026届校园招聘","https://mp.weixin.qq.com/s/xMxSi5x8Z-1gD3mrrHWy6g","微信读书"
"国科大就业","2025-11-29","宣讲会 | 12月3日 清华附中房山学校2026年教师招聘","https://mp.weixin.qq.com/s/IxkESoh2xd0uDE_LKl_lMA","微信读书"
"国科大就业","2025-11-29","宣讲会 | 12月1日 北汽福田2026届校园招聘","https://mp.weixin.qq.com/s/g_VIguYqaKiL_rpo0o1FRw","微信读书"
"国科大就业","2025-11-29","就业讲堂 | 经济补偿怎么算？何时支付？","https://mp.weixin.qq.com/s/X3QcBgLcZKfOv-3NwR-rbw","微信读书"
"国科大就业","2025-11-29","第三届全国大学生职业规划大赛校赛训练营即将开营！","https://mp.weixin.qq.com/s/m5o9L75NJg2DybfNp_MqsQ","微信读书"
"国科大就业","2025-11-28","招聘｜青岛银行2026年校园招聘","https://mp.weixin.qq.com/s/H2hdcX9QAey6ojaVSbF81g","微信读书"
"国科大就业","2025-11-28","招聘 | 中国南水北调集团东线有限公司2025年秋季校园招聘公告","https://mp.weixin.qq.com/s/duw__R2jHG2fX_3lEzucbw","微信读书"
"国科大就业","2025-11-28","招聘 | 中国电科产业基础研究院2026届校园招聘开启","https://mp.weixin.qq.com/s/1akOXJSEvcY1x14LTbATpQ","微信读书"
"国科大就业","2025-11-28","招聘 | 天马微电子2026届T-STAR 博士 Open Day 报名正式开启","https://mp.weixin.qq.com/s/vsb7TOU1sp42udn2FE1FQQ","微信读书"
"国科大就业","2025-11-28","宣讲会 | 11月29日 河海大学人工智能与自动化学院招聘","https://mp.weixin.qq.com/s/xLtJpDES4CpL9q9Z1ZK4pw","微信读书"
"国科大就业","2025-11-28","就业讲堂 | 劳动合同分几种？签订须知来了","https://mp.weixin.qq.com/s/kqpowHXUbTOZw27i0KYdOw","微信读书"
"国科大就业","2025-11-27","招聘 | 周四晚8点！珠海市干部队伍储备人才选聘政策宣讲会直播来啦→","https://mp.weixin.qq.com/s/_NbHLCcbGDws10pDOJcIiA","微信读书"
"国科大就业","2025-11-27","招聘 | 中国长城资产校园招聘正式启动","https://mp.weixin.qq.com/s/JjAB8MxDihrmhBtvyfI_7A","微信读书"
"国科大就业","2025-11-27","招聘 | 中国再保2026届校园招聘","https://mp.weixin.qq.com/s/UE4DEtoiEUY9eElqL7tyHQ","微信读书"
"国科大就业","2025-11-27","招聘 | 中国航天科工集团第六研究院41所招聘简章","https://mp.weixin.qq.com/s/7m1IGGveHjfjEV9X3xcc9g","微信读书"
"国科大就业","2025-11-27","招聘 | 深圳和而泰博士招聘","https://mp.weixin.qq.com/s/JsU9L93hSGovcuIoMBMA_g","微信读书"
"国科大就业","2025-11-27","招聘 | 华能核电开发有限公司2026年校园招聘正式启动！","https://mp.weixin.qq.com/s/rNTygnEbAxE2wVXtb1oHjg","微信读书"
"国科大就业","2025-11-27","活动预告 | 就业指导系列讲座：汽车行业发展趋势和职业机会（比亚迪）","https://mp.weixin.qq.com/s/diaBuJamhhqZxVzxAgPDQQ","微信读书"
"国科大就业","2025-11-27","大赛通知 | 关于举办第三届全国大学生职业规划大赛中国科学院大学校内选拔赛的通知","https://mp.weixin.qq.com/s/nM17sEl18XEzgBiQCW_CYg","微信读书"
"国科大就业","2025-11-26","中矿资源2026全球校园招聘正式启动！","https://mp.weixin.qq.com/s/g4T-_pdlFtSEJfRGvAUA4Q","微信读书"
"国科大就业","2025-11-26","招聘 | 中信城开2026年校园招聘","https://mp.weixin.qq.com/s/UhBSKHsFXC8zG1rxz0x18Q","微信读书"
"国科大就业","2025-11-26","招聘 | 中核浙能2026校园招聘正式开启","https://mp.weixin.qq.com/s/TstoJz7OBijRuUwMH475VA","微信读书"
"国科大就业","2025-11-26","招聘 | 中国南方航空2026届校园招聘","https://mp.weixin.qq.com/s/RCWlXKvxfUEXd8AC8CWX7Q","微信读书"
"国科大就业","2025-11-26","招聘 | 新兴际华集团有限公司2026年度校园招聘公告","https://mp.weixin.qq.com/s/JSUNCOIJH4S7YW3WmnGamg","微信读书"
"国科大就业","2025-11-26","活动预告 | 就业指导系列讲座：国考考前冲刺","https://mp.weixin.qq.com/s/D7eO64hkAkSGlEunro45Lw","微信读书"
"国科大就业","2025-11-25","招聘 | 中石大2026年辅导员招聘！","https://mp.weixin.qq.com/s/Jts57zm9T3lLcxeaGsUgZQ","微信读书"
"国科大就业","2025-11-25","招聘 | 中汽新能2026届校园招聘","https://mp.weixin.qq.com/s/HcxvLLTU2r3iJuo1vFhO1A","微信读书"
"国科大就业","2025-11-25","招聘 | 星海无界，大有可卫！长光卫星2026届校园招聘正式启动！","https://mp.weixin.qq.com/s/7dUgFGC1Rmw0ygAGoAxiGA","微信读书"
"国科大就业","2025-11-25","招聘 | 省广集团2026届校园招聘正式启航！","https://mp.weixin.qq.com/s/8hPmFw8AnwP31wXX1v4c7Q","微信读书"
"国科大就业","2025-11-25","招聘 | 三门核电2026年校园招聘全面启动","https://mp.weixin.qq.com/s/4EGddUS5WW0UFp9pRiqu8g","微信读书"
"国科大就业","2025-11-25","招聘 | 2026陕西应用物理化学研究所校园招聘正式启动","https://mp.weixin.qq.com/s/T8ultRPRx7v1XsWuXrB4jQ","微信读书"
"国科大就业","2025-11-25","就业讲堂 | 创业公司VS成熟公司怎么选？帮你支招","https://mp.weixin.qq.com/s/VW4SpE3iVUOL0yFkWv5dTg","微信读书"
"国科大就业","2025-11-25","北京证券交易所 全国股转公司2025年校园招聘公告","https://mp.weixin.qq.com/s/1Ify7Ieo87QwoYs7vqHgEA","微信读书"
"国科大就业","2025-11-24","招聘丨哈尔滨电机厂2026校园招聘","https://mp.weixin.qq.com/s/kOnT1_dX48yykXBqvwydaA","微信读书"
"国科大就业","2025-11-24","招聘｜中国电子工程设计院股份有限公司2026届校园招聘","https://mp.weixin.qq.com/s/tGn_vm2OqdoW-y-TI7Rm1Q","微信读书"
"国科大就业","2025-11-24","招聘 | 中国冶金地质总局2026年校园招聘","https://mp.weixin.qq.com/s/4uC8R5o-0cRcLVku27NPGg","微信读书"
"国科大就业","2025-11-24","招聘 | 中国人民银行金融基础数据中心2026年度招聘公告","https://mp.weixin.qq.com/s/Qpd3pLq0pAa5eDHmVlAhOA","微信读书"
"国科大就业","2025-11-24","招聘 | 中国电子科技集团公司第四十、四十一研究所招聘","https://mp.weixin.qq.com/s/oCTD2DMpg-XjaLgdN04JGw","微信读书"
"国科大就业","2025-11-24","招聘 | 沃尔核材2026届秋季校园招聘正式启动！","https://mp.weixin.qq.com/s/Yk2zyR1u8bQJS2bQJ5FUMA","微信读书"
"国科大就业","2025-11-24","招聘 | 石河子大学2026年公开招聘","https://mp.weixin.qq.com/s/telWgPoZRFqVvSEMcPk-5Q","微信读书"
"国科大就业","2025-11-24","招聘 | 清华附中房山学校2026年教师招聘公告","https://mp.weixin.qq.com/s/Dr8IEP3D55XGD4INYfeOJA","微信读书"
"国科大就业","2025-11-22","招聘 | 中国银行保险信息技术管理有限公司2026年度校园招聘公告","https://mp.weixin.qq.com/s/80KI9uDksxECMkOQBhdCLA","微信读书"
"国科大就业","2025-11-22","招聘 | 中兵勘察设计研究院有限公司2026年校园招聘全面开启","https://mp.weixin.qq.com/s/_nnVLURMorxO6l1peRSDfA","微信读书"
"国科大就业","2025-11-22","招聘 | 匠芯创2026届校园招聘正式启动！","https://mp.weixin.qq.com/s/W8bqEWVC4vHXeTIjkCzZTA","微信读书"
"国科大就业","2025-11-22","招聘 | 海淀区2026年度“企航计划”招聘优秀应届毕业生公告","https://mp.weixin.qq.com/s/6fpDogAUojuXeQ43HHsSRA","微信读书"
"国科大就业","2025-11-22","招聘 | 国防科技大学电子对抗学院2026年度人才引进正式启动！","https://mp.weixin.qq.com/s/IZ-U92gwtRd5uuiZU3rsBw","微信读书"
"国科大就业","2025-11-22","招聘 | 北京环境卫生工程集团有限公司2026届校园招聘","https://mp.weixin.qq.com/s/cIF3qlEtBKnAMVD3Ocaa2g","微信读书"
"国科大就业","2025-11-22","就业讲堂 | 实用！试用期你应该知道的事，一图看懂","https://mp.weixin.qq.com/s/ZSvLqYJE49X0XC6HzUkCbg","微信读书"
"国科大就业","2025-11-22","福建省2026年度选调生选拔工作公告","https://mp.weixin.qq.com/s/gSSZrV15Aj9ZTFlBFm0Lng","微信读书"
"国科大就业","2025-11-04","招聘 | FunPlus2026届校园招聘正式开启！","https://mp.weixin.qq.com/s/YR8nUVuo1U805ps5oeHYMQ","微信读书"
"国科大就业","2025-11-04","招聘 | 中国证券登记结算有限责任公司2026年度招聘公告","https://mp.weixin.qq.com/s/lTyYgD7g6SX5MkN7cm-81Q","微信读书"
"国科大就业","2025-11-04","招聘 | 诺禾致源2026届全球校招正式开启！","https://mp.weixin.qq.com/s/aNwzlJv9zPf5yAvBwoyqZw","微信读书"
"国科大就业","2025-11-04","招聘 | 浪潮集团2026届校园招聘11月博士恳谈会邀请函","https://mp.weixin.qq.com/s/sGlxi_GYUX7Mt_mSxSQPbg","微信读书"
"国科大就业","2025-11-04","招聘 | 九号公司2026届校园招聘正式启动！","https://mp.weixin.qq.com/s/hLZsLuRzibrCxf-jpmjYvw","微信读书"
"国科大就业","2025-11-04","招聘 | 航天长征化学工程股份有限公司2025校园秋季招聘正式启动！","https://mp.weixin.qq.com/s/M8Qx_qSd_BdZQBwtt7Km3w","微信读书"
"国科大就业","2025-11-04","招聘 | 2025年南宁市“重点产业重点领域秋季联合引智”活动即将开启，邀您来参与！","https://mp.weixin.qq.com/s/uINMmsL4R5HOIdtXV-rjMw","微信读书"
"国科大就业","2025-11-04","双选会 | 11月8日中国科学院大学化学类专场校园招聘会","https://mp.weixin.qq.com/s/5Av70VDTL3V2lB0WZHv7nw","微信读书"
"国科大就业","2025-11-03","招聘丨中航集团2026届校园招聘综合宣讲会——梦想席位，即刻“登机”","https://mp.weixin.qq.com/s/G_ca6WQcLC3hc-DYYsnUfA","微信读书"
"国科大就业","2025-11-03","招聘 | 中国长城2026届校园招聘正式启动","https://mp.weixin.qq.com/s/I09DykWD9Sn8r_7LzRWWeg","微信读书"
"国科大就业","2025-11-03","招聘 | 中国原子能科学研究院2026届校园招聘正式启动！","https://mp.weixin.qq.com/s/K4EhyHbW56FAkQKPA9pWvQ","微信读书"
"国科大就业","2025-11-03","招聘 | 中国铁塔2026年秋季校园招聘正式启动！","https://mp.weixin.qq.com/s/C8Ax0-NRlvzLvLlNJdoOoQ","微信读书"
"国科大就业","2025-11-03","招聘 | 中国电子科技集团公司第二十二研究所校园招聘","https://mp.weixin.qq.com/s/Ne7yTUI4DSUtQFXR3scBog","微信读书"
"国科大就业","2025-11-03","招聘 | 华润三九2026届校园招聘正式启动！","https://mp.weixin.qq.com/s/Yn-QvtjvKoFmJ6o4wO810Q","微信读书"
"国科大就业","2025-11-03","招聘 | 国投交通控股有限公司2026年校园招聘","https://mp.weixin.qq.com/s/8DdBy2MsFGWbnr9ZyUynpg","微信读书"
"国科大就业","2025-11-03","青海省2026年度选调应届优秀大学毕业生公告","https://mp.weixin.qq.com/s/t0ujz0BJllYhWNa0f36RvQ","微信读书"
"国科大就业","2025-11-01","招聘 | 中国科学院合肥物质科学研究院核能安全技术研究所","https://mp.weixin.qq.com/s/t7sE9t9GuasFEgI5nuLT-g","微信读书"
"国科大就业","2025-11-01","招聘 | 中国进出口银行2026年校园招聘公告","https://mp.weixin.qq.com/s/AcSInGJ02yEYWGo0pxncEg","微信读书"
"国科大就业","2025-11-01","招聘 | 中国电子工程设计院股份有限公司2026届校园招聘","https://mp.weixin.qq.com/s/0Sf3zx_i4IuReQllQc4dzA","微信读书"
"国科大就业","2025-11-01","宣讲会 | 11月6日 海军军医大学基础医学院人才招录","https://mp.weixin.qq.com/s/rJrw6caQRzc46lOHuLbYkw","微信读书"
"国科大就业","2025-11-01","宣讲会 | 11月3日 军事航天部队2025年文职人员招录","https://mp.weixin.qq.com/s/jEVxna_zCOgf1B6g9cElXw","微信读书"
"国科大就业","2025-11-01","我校多名校友入选2025年小米青年工程师计划，彰显育人成效","https://mp.weixin.qq.com/s/JdZecqztr42gBcIm60edBw","微信读书"
"国科大就业","2025-11-01","就业讲堂 | 面试前，你还有这些关卡要突破","https://mp.weixin.qq.com/s/qAd-45lgtZR2xGBNzxJIhQ","微信读书"
"国科大就业","2025-11-01","江苏省2026年应届优秀大学毕业生选调乡镇（街道）职位报名有关事项公告","https://mp.weixin.qq.com/s/bLAlRDEaCQDHXUwK-T4wJQ","微信读书"
"国科大就业","2025-10-31","中国科学院上海分院2026届毕业生联合招聘会邀请函","https://mp.weixin.qq.com/s/I3-WJTREdO_dZ4c-Wa_lBw","微信读书"
"国科大就业","2025-10-31","招聘 | 中信信托2026年校园招聘正式启动","https://mp.weixin.qq.com/s/9zd7vCVs8yHRbrcXFBXIxQ","微信读书"
"国科大就业","2025-10-31","招聘 | 中国华电集团2026年“青年骏才”暨校园招聘 | 部分岗位今日报名截止","https://mp.weixin.qq.com/s/g6WO1CJAT4Hf75C-Le42RA","微信读书"
"国科大就业","2025-10-31","招聘 | 南孚集团2026年校园招聘正式启动！","https://mp.weixin.qq.com/s/LRy_HaMTLCXFDx4h4iWJHg","微信读书"
"国科大就业","2025-10-31","招聘 | 莫干山地信实验室全球引才校园招聘","https://mp.weixin.qq.com/s/aGralwDMzZ3dwSHN6PpeiA","微信读书"
"国科大就业","2025-10-31","招聘 | 海南电网有限责任公司2026年校园招聘公告","https://mp.weixin.qq.com/s/kqFADTwZTU7hnaAl7JH__A","微信读书"
"国科大就业","2025-10-31","招聘 | 国泰君安期货2026年校园招聘","https://mp.weixin.qq.com/s/FvA8OO5mx8LilJ-9X2SZuQ","微信读书"
"国科大就业","2025-10-31","就业讲堂 | 签劳动合同要注意哪些事？一图看懂","https://mp.weixin.qq.com/s/0lnWqcIqt5kPKPXV02X2sw","微信读书"
"国科大就业","2025-10-30","招聘 | 浙江绿色石化技术创新中心2026届校园招聘","https://mp.weixin.qq.com/s/uFW89PbUcLlvkUcBGnl8Pw","微信读书"
"国科大就业","2025-10-30","招聘 | 越疆机器人2026届疆才计划全球校园招聘","https://mp.weixin.qq.com/s/9NKbkODjEFrn1aVyR9rYsw","微信读书"
"国科大就业","2025-10-30","招聘 | 丝路基金2026年校园招聘正式启动！","https://mp.weixin.qq.com/s/H_zrm-Nl0V-SixGQrz11AQ","微信读书"
"国科大就业","2025-10-30","招聘 | 朴道征信2026校园招聘","https://mp.weixin.qq.com/s/M33kz3D8O0ZxyOXrMlGHrA","微信读书"
"国科大就业","2025-10-30","双选会 | 上海 11月21日 中国科学院大学2025年秋季毕业生双选会上海地区研究所与上海科技大学硕博专场","https://mp.weixin.qq.com/s/QpIdGOFkS4ttCwuonQ2wAQ","微信读书"
"国科大就业","2025-10-30","双选会 | 11月5日 北京市朝阳区教育系统赴国科大双选会","https://mp.weixin.qq.com/s/rGah019YlvMM-vYnlhpYNw","微信读书"
"国科大就业","2025-10-30","就业讲堂 | @26届毕业生：秋招签合同，这些事要注意","https://mp.weixin.qq.com/s/cVx1axx34IckoIfv-zfQtg","微信读书"
"国科大就业","2025-10-30","广西2026年定向中国科学院大学招录选调生公告","https://mp.weixin.qq.com/s/plmXMzqzkD2mS64tlVZGNw","微信读书"
"国科大就业","2025-10-29","筑梦中投 共赴未来—中投公司2026年校园招聘","https://mp.weixin.qq.com/s/uidIGWvY-r0oj3Je4lOhOg","微信读书"
"国科大就业","2025-10-29","招聘 | ASML 2026校招开启 | 寻光 · 从这里启程","https://mp.weixin.qq.com/s/qlFTQoUjjSyzwNtfBqpzaA","微信读书"
"国科大就业","2025-10-29","招聘 | 正泰集团2026届全球校园招聘正式启动","https://mp.weixin.qq.com/s/4cKJIYPHiP7Z-9laRaz9sQ","微信读书"
"国科大就业","2025-10-29","招聘 | 西山居2026校园招聘正式启动！","https://mp.weixin.qq.com/s/IOmMk0MrSlrR14HvY52E3w","微信读书"
"国科大就业","2025-10-29","招聘 | 潍柴集团2026届全球校园招聘燃“擎”启动","https://mp.weixin.qq.com/s/6TxvdBrQVKyX-eQAZ-duhw","微信读书"
"国科大就业","2025-10-29","招聘 | 天津农商银行2026校园招聘正式启动","https://mp.weixin.qq.com/s/d6m4iOd48kQtoAWABW_iqg","微信读书"
"国科大就业","2025-10-29","招聘 | 鲁南制药集团2026全球招聘正式启动！","https://mp.weixin.qq.com/s/xi7U_kov1Ro0Y8uWl8x7wQ","微信读书"
"国科大就业","2025-10-29","活动预告 | 就业指导系列讲座——电器机械和器材制造业发展趋势与职业机会","https://mp.weixin.qq.com/s/TuE9yCwwb9csXpF9GzEakA","微信读书"
"国科大就业","2025-10-28","招聘 | 中讯邮电咨询设计院有限公司2026年校园招聘","https://mp.weixin.qq.com/s/guqENvLUyspOLM-rnLmeUw","微信读书"
"国科大就业","2025-10-28","招聘 | 中国航天科技集团有限公司第五研究院第五一三所2026届校园招聘","https://mp.weixin.qq.com/s/FxRN6mmOw-7h9wOSGVPqFg","微信读书"
"国科大就业","2025-10-28","招聘 | 铁科院机辆所2026届校园招聘即将开启","https://mp.weixin.qq.com/s/nk-PMoOeLLcD43WH-Y8H7w","微信读书"
"国科大就业","2025-10-28","招聘 | 广州燃气集团有限公司2026校园招聘","https://mp.weixin.qq.com/s/AaEKGYOqaF4S_yO1vQsk3A","微信读书"
"国科大就业","2025-10-28","招聘 | 搭上这趟 Offer 直通车！字节跳动首届工程训练营报名启动","https://mp.weixin.qq.com/s/xioIWYKw015aQ3xYqHzxbQ","微信读书"
"国科大就业","2025-10-28","招聘 | 北汽集团智能网联人才招聘火热进行中","https://mp.weixin.qq.com/s/aY8H10_R12VI5MPvcWJl5A","微信读书"
"国科大就业","2025-10-28","招聘  | 保利和润2026届校园招聘","https://mp.weixin.qq.com/s/i-TigblQEvPxUYOeXSONeQ","微信读书"
"国科大就业","2025-10-28","就业讲堂 | 求职陷阱请当心！教您识破→","https://mp.weixin.qq.com/s/sCZwXhTjS2DBGNINz40YGA","微信读书"
"国科大就业","2025-10-27","中国诚通控股集团有限公司2026届校园招聘公告","https://mp.weixin.qq.com/s/ivTOA7bFTEqUuTZBnVPg5A","微信读书"
"国科大就业","2025-10-27","招聘 | 中国水利水电科学研究院2026年度公开招聘工作人员公告","https://mp.weixin.qq.com/s/LLYc_1YEO2FSoTvnsaVaoA","微信读书"
"国科大就业","2025-10-27","招聘 | 数禾科技2026届校园招聘火热启动！","https://mp.weixin.qq.com/s/0YymC7h8OcOkfRU2XANLEQ","微信读书"
"国科大就业","2025-10-27","招聘 | 高途2026全球校园招聘启动","https://mp.weixin.qq.com/s/MYJ6rsQK1sTx6vdDvy_SaQ","微信读书"
"国科大就业","2025-10-27","招聘 | 北科大招聘！110人！","https://mp.weixin.qq.com/s/P-C49e6BH9hB_yb6_I2tJA","微信读书"
"国科大就业","2025-10-27","招聘 | 安凯微电子2026届校园招聘启动啦","https://mp.weixin.qq.com/s/hpJ8HDfBqZJlm-FhG_l4hQ","微信读书"
"国科大就业","2025-10-27","招聘 | 阿里灵犀互娱 | 秋招还没招尽兴，这些岗位还在热招！","https://mp.weixin.qq.com/s/JIMUvfbv9JqYQY1yiNtkUg","微信读书"
"国科大就业","2025-10-27","活动预告 | 就业指导系列讲座——消费电子及智能制造行业发展趋势和职业机会","https://mp.weixin.qq.com/s/yGGW7gEY93Bh3H1ZnzJsBA","微信读书"
"国科大就业","2025-10-26","招聘 | 中证鹏元校园招聘","https://mp.weixin.qq.com/s/6RT4cbH-rNeWWoSBr0SSVw","微信读书"
"国科大就业","2025-10-26","招聘 | 中国航空工业集团规划总院2026届校园招聘","https://mp.weixin.qq.com/s/MLzdtKeHXyb0lJhvDJADRw","微信读书"
"国科大就业","2025-10-26","招聘 | 中国出版集团2026届校园招聘正式启动","https://mp.weixin.qq.com/s/TSjTyF43GB8DOYHHj7LYxw","微信读书"
"国科大就业","2025-10-26","招聘 | 以青春之名 守护大国粮安 | 中粮集团2026届校园招聘正式启动！","https://mp.weixin.qq.com/s/l6GrmPrSDjqs_RCeXLoIfg","微信读书"
"国科大就业","2025-10-26","招聘 | 西门子医疗2026年校园招聘","https://mp.weixin.qq.com/s/f3ABLmU6y1Nc_ByUpVw6pg","微信读书"
"国科大就业","2025-10-26","招聘 | 晋华集成电路2026校园招聘正式启动！","https://mp.weixin.qq.com/s/nIJkOzmXUtnNk8WtsjN7Gw","微信读书"
"国科大就业","2025-10-26","双选会 | 10月27日 | 2025年秋季全国博士、博士后高层次人才巡回签约洽谈会—中科院上海分院站","https://mp.weixin.qq.com/s/Q3uzIJ5praovxrtAhFFurg","微信读书"
"国科大就业","2025-10-25","招聘 | 之江实验室2025年北京招聘专场诚邀莅临","https://mp.weixin.qq.com/s/oNA89OPBxgK5mVH8OytGkw","微信读书"
"国科大就业","2025-10-25","招聘 | 唐山市2025年（秋季）中关村高层次人才引进洽谈会邀请函","https://mp.weixin.qq.com/s/4MzuRwJ2Okf0FrUcLar7JA","微信读书"
"国科大就业","2025-10-25","招聘 | 诺禾致源2026届全球校招正式开启！","https://mp.weixin.qq.com/s/1O0Vu48t_nBLqimiocDaTw","微信读书"
"国科大就业","2025-10-25","招聘 | 北斗星通2026届校园招聘","https://mp.weixin.qq.com/s/SVqtR4H_4t2-N-v8okO7GA","微信读书"
"国科大就业","2025-10-25","宣讲会 | 10月28日 国家开发投资集团有限公司2026届校园招聘","https://mp.weixin.qq.com/s/QcQMIhPWHQ7n29M_43tYyw","微信读书"
"国科大就业","2025-10-25","就业讲堂 | 试用期未满，可以申请离职吗？","https://mp.weixin.qq.com/s/7g0Nb26PEKAQaDj8dthpJA","微信读书"
"国科大就业","2025-10-25","福建省2026届引进生选拔公告","https://mp.weixin.qq.com/s/JJqyzAcYf0DqL3zfRHv5tA","微信读书"
"国科大就业","2025-10-25","2026年度宁夏招录选调生公告","https://mp.weixin.qq.com/s/Jx529TM7dor8RCiEI8htNg","微信读书"
"国科大就业","2025-10-24","招聘 | 中久数创2026届校招全面启动","https://mp.weixin.qq.com/s/7PCFkr2Qu96ejpw7xLWxyA","微信读书"
"国科大就业","2025-10-24","招聘 | 药明津石2026校园招聘正在热招！","https://mp.weixin.qq.com/s/ChiPEuYzRJ154nSJp_5vyA","微信读书"
"国科大就业","2025-10-24","招聘 | 国药数字科技（北京）有限公司2026届校园招聘","https://mp.weixin.qq.com/s/JnwI0DpJFlJ--YmDBG_nyQ","微信读书"
"国科大就业","2025-10-24","招聘 |  华侨大学诚邀海内外优秀人才加盟（2025-2026学年）","https://mp.weixin.qq.com/s/SddzJLhqOpz9UQsQeueV4A","微信读书"
"国科大就业","2025-10-24","宣讲会 | 10月27日 中国信息通信研究院2026届校园招聘—中国科学院大学专场宣讲会","https://mp.weixin.qq.com/s/kxdldQuaAgYUya3EDzaI7w","微信读书"
"国科大就业","2025-10-24","就业讲堂 | 2026国考常见问答","https://mp.weixin.qq.com/s/BeTRsQoeduKWTMyNMzJ5AA","微信读书"
"国科大就业","2025-10-24","参会单位更新 | 10月25日“新质引擎 · 智领未来”博士、博士后高层次人才签约洽谈会-中国科学院大学奥运村校区专场","https://mp.weixin.qq.com/s/hdFscQ_bXjotkkKb1Ah8gw","微信读书"
"国科大就业","2025-10-24","【邀请函】11 月14日“京彩就业”中国科学院大学2026届毕业生生物医药、地学资环类专场双选会","https://mp.weixin.qq.com/s/Xuc-LhADCWyGjIoE99cjqw","微信读书"
"国科大就业","2025-10-23","招聘 | 中物院软件中心2026届校招全面启动","https://mp.weixin.qq.com/s/z6rep8DzwxonKv8tpNC9NQ","微信读书"
"国科大就业","2025-10-23","招聘 | 中汽中心2026校园招聘","https://mp.weixin.qq.com/s/GIH_tvMQ8qga_OY8zbd1mA","微信读书"
"国科大就业","2025-10-23","招聘 | 湘江集团2026届校园招聘开启","https://mp.weixin.qq.com/s/nHgSptXBG3kQA6_wQGx8qQ","微信读书"
"国科大就业","2025-10-23","招聘 | 山东新华医疗器械股份有限公司2025年校园招聘正式启动","https://mp.weixin.qq.com/s/UD9UOYDrxkiFsb8Wp9abrQ","微信读书"
"国科大就业","2025-10-23","招聘 | 国家开发投资集团有限公司2026届校园招聘","https://mp.weixin.qq.com/s/JtOREvOYoJRNp2ugdymUgQ","微信读书"
"国科大就业","2025-10-23","招聘 | 电子科技大学2025年专职辅导员招聘公告","https://mp.weixin.qq.com/s/1-2oCRRTq5MyGiEsWyVgbg","微信读书"
"国科大就业","2025-10-23","宣讲会 | 10月24日 中国石化经济技术研究院2026年毕业生招聘","https://mp.weixin.qq.com/s/h3aqer52oL1cc1te1ey6-Q","微信读书"
"国科大就业","2025-10-23","就业讲堂 |《北京地区高校毕业生就业实用手册（2026届）》就业创业法规政策及相关解读网址合辑","https://mp.weixin.qq.com/s/RQWTEMg93KdWUIOAHa2i1g","微信读书"
"国科大就业","2025-10-22","招聘｜三一重能2026全球校园招聘正式启动","https://mp.weixin.qq.com/s/HaemOxBNWHvTDseh35zAnw","微信读书"
"国科大就业","2025-10-22","招聘 | 天津医药2026届校园招聘启动！","https://mp.weixin.qq.com/s/Wlyozz-R36KZJOOov9mUvw","微信读书"
"国科大就业","2025-10-22","宣讲会 | 10月25日 内蒙古科技大学高层次人才引进宣讲会","https://mp.weixin.qq.com/s/zOir9u1JxlXd9cVpquc_MQ","微信读书"
"国科大就业","2025-10-22","宣讲会 | 10月24日 亨通集团2026届校园招聘","https://mp.weixin.qq.com/s/-WR05zA7n5ABBLskumfeig","微信读书"
"国科大就业","2025-10-22","宣讲会 | 10月23日 ASML 2026校招行程 | 寻光之约，与你共赴","https://mp.weixin.qq.com/s/NALfveQcF9g7oJJ-zZGnyQ","微信读书"
"国科大就业","2025-10-22","宣讲会 | 10月23日 比亚迪全球校园招聘 博士专场交流会","https://mp.weixin.qq.com/s/Of-OxJoKxOeC4GCbj4fTqA","微信读书"
"国科大就业","2025-10-22","讲座预告│“京彩助梦 成功就业”-公益课：大学生职业规划大赛解析与备赛、职业规划","https://mp.weixin.qq.com/s/TP8HhoKe0vtuwjnPlcPPoA","微信读书"
"国科大就业","2025-10-22","活动预告 | 就业指导系列讲座——互联网行业发展趋势和职业机会","https://mp.weixin.qq.com/s/yXbKPD2jXSbhlBosVLhxWA","微信读书"
"国科大就业","2025-10-21","招聘会 | 10月24日 2025 魅力南京 | 百校巡回招引北京地区专场招聘会","https://mp.weixin.qq.com/s/F3o8-2L5BCsHp3rcUwov1g","微信读书"
"国科大就业","2025-10-21","招聘 | 中兴通讯金篆信科2025届校园招聘正式启动","https://mp.weixin.qq.com/s/Njaj3ntNUr5tDDrcVl2g4w","微信读书"
"国科大就业","2025-10-21","招聘 | 数据所（兴唐公司）2026校园招聘","https://mp.weixin.qq.com/s/kVZqHHChPd-acX9UVH__lA","微信读书"
"国科大就业","2025-10-21","招聘 | 华润电力2026届校园招聘正式启动","https://mp.weixin.qq.com/s/Fcr3NnydEntMbAiBiGCbeQ","微信读书"
"国科大就业","2025-10-21","招聘 | 海南电网有限责任公司2026年校园招聘公告","https://mp.weixin.qq.com/s/qkZv1tmUaTs1tcPriDScGQ","微信读书"
"国科大就业","2025-10-21","招聘 | 百济神州2026校园招聘全面启动！","https://mp.weixin.qq.com/s/9oUpXaRkQt4_6YcljXC0Fg","微信读书"
"国科大就业","2025-10-21","活动预告 | 就业指导系列讲座——IT制造业发展趋势和职业机会","https://mp.weixin.qq.com/s/-TNDE-rDGwu_9n3vRj_zRA","微信读书"
"国科大就业","2025-10-21","参会单位更新 | 10月22日 工信就业-中博汇高层次人才洽谈会-中国科学院大学博士/博士后专场","https://mp.weixin.qq.com/s/9jiDZlyHxhSbjB2hvd4pfA","微信读书"
"国科大就业","2025-10-20","招聘 | 中国资源循环集团有限公司子公司招聘公告","https://mp.weixin.qq.com/s/nhhtbViV4rUOQv_cVPz0bg","微信读书"
"国科大就业","2025-10-20","招聘 | 中国科学报社2026年毕业生招聘启事","https://mp.weixin.qq.com/s/VHD5ZqTPuM4_1PDXJxuqEw","微信读书"
"国科大就业","2025-10-20","招聘 | 长安汽车2026校招智驾领域热招！","https://mp.weixin.qq.com/s/usesHckW1y8itJQATgq1AA","微信读书"
"国科大就业","2025-10-20","招聘 | 首钢集团2026届校园招聘·全球启动","https://mp.weixin.qq.com/s/1Y_Y1WGdMOlgF5-3ETGpqA","微信读书"
"国科大就业","2025-10-20","招聘 | 国投电力控股股份有限公司2026届校园招聘正式启动","https://mp.weixin.qq.com/s/m8uk0-WBruRqwf0_DPEggQ","微信读书"
"国科大就业","2025-10-20","用人单位邀请函 | 上海 “就业起航 梦想扬帆”上海有机所2026届毕业生招聘会","https://mp.weixin.qq.com/s/8qJJBHzYKxDHhsGIUqiiYg","微信读书"
"国科大就业","2025-10-20","宣讲会 | 10月21日 中科环保2026届校园招聘正式启动","https://mp.weixin.qq.com/s/WM0zO200wknYF0CMgB4jIg","微信读书"
"国科大就业","2025-10-20","就业讲堂 | 解除劳动合同，经济补偿怎么算？","https://mp.weixin.qq.com/s/NGC4a9eQBWUA10XyvaG1uQ","微信读书"
"国科大就业","2025-10-18","招聘丨金隅集团2026届校园招聘全面启动","https://mp.weixin.qq.com/s/7etispQY-ujZGiaRT_jqMw","微信读书"
"国科大就业","2025-10-18","招聘 | 中国金币集团有限公司及下属子公司2025年度招聘正式启动！","https://mp.weixin.qq.com/s/AEvYsa-WrhkdtfX2NCG7Vg","微信读书"
"国科大就业","2025-10-18","宣讲会 | 10月21日 2026年江苏省选调政策宣讲会（盐城、常州、连云港）","https://mp.weixin.qq.com/s/RxF6hw0JB9Fwdoqxk5L_xg","微信读书"
"国科大就业","2025-10-18","宣讲+双选丨10月20日 中国航天科工集团2026届校园招聘正式启动！","https://mp.weixin.qq.com/s/T18R9S23lInEpMFXB0fCUA","微信读书"
"国科大就业","2025-10-18","课程预告 | 教育部“互联网+就业指导”公益直播课：大学生高质量就业的完备方案和关键步骤","https://mp.weixin.qq.com/s/0vDqDcOunWDqhN5LUVgysw","微信读书"
"国科大就业","2025-10-18","湖南省2026年定向选调公告","https://mp.weixin.qq.com/s/1DF70pmeQIM70JCLVQd8og","微信读书"
"国科大就业","2025-10-18","参会单位更新 | 10月19日 2025年秋季博士、博士后高层次人才巡回签约洽谈会","https://mp.weixin.qq.com/s/3TJIVyIxT2RwcBLnx5-qOw","微信读书"
"国科大就业","2025-10-18","10月20日-10月26日校园招聘活动安排","https://mp.weixin.qq.com/s/MY3pL3R55NfQCQBMdY1skA","微信读书"
"国科大就业","2025-10-17","招聘｜周大福珠宝集团 2026 届管培生招募计划开启","https://mp.weixin.qq.com/s/hnNQP6NVRQUbJasSLtjiQg","微信读书"
"国科大就业","2025-10-17","招聘 | 中国石油天然气管道工程有限公司2025年博士招聘","https://mp.weixin.qq.com/s/D8AwgBk20lOVO9LggasaAg","微信读书"
"国科大就业","2025-10-17","招聘 | 游酷盛世2026校园招聘正式启动","https://mp.weixin.qq.com/s/Mf4GqVu6gH9JVdDJObe-sA","微信读书"
"国科大就业","2025-10-17","招聘 | 厦门市属国有企业北京专场招聘会等你来！","https://mp.weixin.qq.com/s/Tcp61QC0MVvFTbIGO39esg","微信读书"
"国科大就业","2025-10-17","招聘 | 2026校招 | 长沙银行校园招聘正在进行！","https://mp.weixin.qq.com/s/ksfh2qxClzgHCZ89j6ZOFg","微信读书"
"国科大就业","2025-10-17","宣讲会 | 10月22日 比亚迪2026届全球校园招聘正式启动！","https://mp.weixin.qq.com/s/Eb6V99CGSsEkgB1ojN_9aw","微信读书"
"国科大就业","2025-10-17","宣讲会 | 10月22日 2025年石家庄高层次人才交流洽谈会","https://mp.weixin.qq.com/s/tN8Ppq4Llzdw1KwYiFshBA","微信读书"
"国科大就业","2025-10-17","活动预告 | 就业指导系列讲座——简历 面试指导","https://mp.weixin.qq.com/s/jmJK2HMbdoB4pM3iGMDw4Q","微信读书"
"国科大就业","2025-10-16","招聘 | 中建新科2026届秋季校园招聘正式启动","https://mp.weixin.qq.com/s/S86vei4yOMy-D1Av0Zf0yA","微信读书"
"国科大就业","2025-10-16","招聘 | 知象光电2026届秋招正式开启！","https://mp.weixin.qq.com/s/VLBt-58ZvAdXoSOOkOcKrQ","微信读书"
"国科大就业","2025-10-16","招聘 | 思摩尔国际2026全球校园招聘正式启动！","https://mp.weixin.qq.com/s/N0WqApMq9h3SZEAVgr5fXQ","微信读书"
"国科大就业","2025-10-16","招聘 | 赛恩领动2026届秋季校园招聘正式开启！","https://mp.weixin.qq.com/s/KifLTzGymm85AYo5mvg5xA","微信读书"
"国科大就业","2025-10-16","招聘 | 湖南银行2026届全球校园招聘","https://mp.weixin.qq.com/s/6ga1SsUkmwE4JY0M_DK5zg","微信读书"
"国科大就业","2025-10-16","招聘 | 2026先正达集团中国科学家计划暨秋季校园招聘正式启动","https://mp.weixin.qq.com/s/hzQSnZfRIUr3WWiJSc9xTQ","微信读书"
"国科大就业","2025-10-16","宣讲会 | 10月23日 中国有研科技集团有限公司2026年校园招聘正式启动","https://mp.weixin.qq.com/s/k4ikS9NWvVytDmoEHG06RQ","微信读书"
"国科大就业","2025-10-16","活动预告 | 就业指导系列讲座——简历 面试指导","https://mp.weixin.qq.com/s/BzmEQ1kiT5WXAvUZVTlRkQ","微信读书"
"国科大就业","2025-10-15","招聘 | 筑梦有色  共创未来｜中色股份2026年校园招聘正式启动","https://mp.weixin.qq.com/s/bPgmlBRcOS_CSAuB4lbkeg","微信读书"
"国科大就业","2025-10-15","招聘 | 中国航信2026届校园招聘","https://mp.weixin.qq.com/s/BHYA8R8g8i_SCMum8fJ2IA","微信读书"
"国科大就业","2025-10-15","招聘 | “乐跑追梦 才聚浙里”财通证券2026校园招聘正式启动","https://mp.weixin.qq.com/s/BTmGOuhoZfdrXMY0t1d1uA","微信读书"
"国科大就业","2025-10-15","双选会 | 10月25日 “新质引擎 · 智领未来”全国巡回博士、博士后高层次人才专场签约洽谈会--中国科学院大学奥运村校区专场","https://mp.weixin.qq.com/s/fiyyV-E6rE4za2KxHyrrJQ","微信读书"
"国科大就业","2025-10-15","就业讲堂 | 选调生：扎根基层沃土，书写青春华章","https://mp.weixin.qq.com/s/rGEHdF2aP5LRre69vqQAPA","微信读书"
"国科大就业","2025-10-15","江苏省2026年应届优秀大学毕业生选调工作公告","https://mp.weixin.qq.com/s/kuNpS98g8t_KS4ziEcEsrA","微信读书"
"国科大就业","2025-10-15","活动预告 | 就业指导系列讲座——半导体行业发展趋势与职业机会","https://mp.weixin.qq.com/s/D-EgyDPUQmmPGBDSdAqC1Q","微信读书"
"国科大就业","2025-10-14","招聘｜深圳燃气2026届校园招聘","https://mp.weixin.qq.com/s/7X2BIHyo8jmR6_S2BNEc7A","微信读书"
"国科大就业","2025-10-14","招聘 | 中金公司2026届校园招聘","https://mp.weixin.qq.com/s/Z9hpW2TwgBO4j355InBKSQ","微信读书"
"国科大就业","2025-10-14","招聘 | 药明合联2026届校园招聘","https://mp.weixin.qq.com/s/hf4k57fcABTlfmgZdnBdZQ","微信读书"
"国科大就业","2025-10-14","招聘 | 安徽省能源集团2026校园招聘","https://mp.weixin.qq.com/s/ypnz9L3zy4lAgtIwl4MRPg","微信读书"
"国科大就业","2025-10-14","双选会 | 10月22日 工信就业-中博汇高层次人才洽谈会-中国科学院大学博士/博士后专场","https://mp.weixin.qq.com/s/zwEXNH1L5DAQ0xBDZVogKA","微信读书"
"国科大就业","2025-10-14","贵州省2026年度定向部分高校选调优秀毕业生公告","https://mp.weixin.qq.com/s/icfmnrGNWtKa4nBoIiK0IQ","微信读书"
"国科大就业","2025-10-14","参会单位更新 | 10月17日 “京彩就业”中国科学院大学2026届毕业生秋季双选会2","https://mp.weixin.qq.com/s/Tqdx1ro0AlfjLOcDuKyM0w","微信读书"
"国科大就业","2025-10-14","《筑梦基层》——国科大选调生经验分享交流会山东省&广东省专场预告","https://mp.weixin.qq.com/s/rjWbbsClp8w4C042aUdbGg","微信读书"
"国科大就业","2025-10-13","致用人单位 | 11月8日 中国科学院大学2025年化学类专场招聘会参会单位招募中","https://mp.weixin.qq.com/s/EPoRqyKUzxg6EWTLY1gl_A","微信读书"
"国科大就业","2025-10-13","招聘 | 中国中化2026校园招聘正式启动","https://mp.weixin.qq.com/s/FVDAyjrumtOdv-0djEeA0g","微信读书"
"国科大就业","2025-10-13","招聘 | 中国教育出版传媒集团有限公司公开招聘2026年应届高校毕业生公告","https://mp.weixin.qq.com/s/LJy1yKq4IeMS348lrgQQNA","微信读书"
"国科大就业","2025-10-13","招聘 | 天津港集团2026年校园招聘正式启动！","https://mp.weixin.qq.com/s/MIMucokkS7gsnFkD_HBnrA","微信读书"
"国科大就业","2025-10-13","招聘 | 韶音科技2026届秋季校园招聘正式启动","https://mp.weixin.qq.com/s/ahd6qecXPiTC2eDPdpc-BA","微信读书"
"国科大就业","2025-10-13","招聘 | 海大集团2026届鲸英计划正式启动","https://mp.weixin.qq.com/s/yQOv5rzuJ3a4pZDCpEzuNQ","微信读书"
"国科大就业","2025-10-13","招聘 | 国机集团总部及所属企业“青蓝计划”2026届管培生招聘全面启动","https://mp.weixin.qq.com/s/Yj4mig_3uACk3l4Y4-f8pQ","微信读书"
"国科大就业","2025-10-13","宣讲会 | 10月16日 玻色量子2026届校招｜一份来自未来的Offer，等你签收","https://mp.weixin.qq.com/s/h1_gIvu3rybyQfL4NKvfgA","微信读书"
"国科大就业","2025-10-12","招聘 | 中蓝晨光院2026届校园招聘正式启动！","https://mp.weixin.qq.com/s/_sc9xO0YDFi8BOgdJzVJgg","微信读书"
"国科大就业","2025-10-12","招聘 | 智平方2026大规模校园招聘启动，海量岗位等你来！","https://mp.weixin.qq.com/s/XGrywufcETsz5L3f_NflKw","微信读书"
"国科大就业","2025-10-12","招聘 | 清华四川院2026校园招聘正式开启","https://mp.weixin.qq.com/s/-JUIP1ZTTcRcLla49g7r1A","微信读书"
"国科大就业","2025-10-12","招聘 | 北京智芯微电子科技有限公司2026年校园招聘正式启动！","https://mp.weixin.qq.com/s/Fx0j37OmrLbpXMtGWcNVyA","微信读书"
"国科大就业","2025-10-12","招聘 | 360校招专项 | 数字安全集团“星光守护计划”","https://mp.weixin.qq.com/s/mjGosOueeRHAX6Pa63GtAA","微信读书"
"国科大就业","2025-10-12","双选会 | 10月19日 2025年秋季博士、博士后高层次人才巡回签约洽谈会","https://mp.weixin.qq.com/s/xAlHqdihrrQlqlR1FVnwDg","微信读书"
"国科大就业","2025-10-12","安徽省2026年度面向中国科学院大学定向招录选调生公告","https://mp.weixin.qq.com/s/JQyTvLO6WMj21KydBC2OqQ","微信读书"
"国科大就业","2025-10-12","10月13日-10月19日校园招聘活动安排","https://mp.weixin.qq.com/s/5xQBePLJMNHRjXkcRaWb2A","微信读书"
"国科大就业","2025-10-11","智汇潇湘 才聚湖南｜2025年湖南省促进高校毕业生就业创业专场招聘活动(北京站)","https://mp.weixin.qq.com/s/eOn2avYXcPT105xDG1ePcw","微信读书"
"国科大就业","2025-10-11","招聘｜卓识基金2026届秋季校园招聘","https://mp.weixin.qq.com/s/mvrwGZtCItnVUHNMhIM0IQ","微信读书"
"国科大就业","2025-10-11","招聘 | 药明生物2026校园招聘正式启动","https://mp.weixin.qq.com/s/B20NmJcuzYOLrjUC94aTAg","微信读书"
"国科大就业","2025-10-11","招聘 | 湖南能源集团有限公司2025年秋季招聘正式启动！","https://mp.weixin.qq.com/s/ZynZOuth18fHsgfnKnD_jw","微信读书"
"国科大就业","2025-10-11","宣讲会 | 10月15日 中国电科三十六所 2026届秋季招聘全面启动！","https://mp.weixin.qq.com/s/sIcrIEM8tk_6CVNmgP1n3g","微信读书"
"国科大就业","2025-10-11","宣讲会 | 10月15日 思朗科技2026校园招聘正式启动","https://mp.weixin.qq.com/s/3vVmnmoqldPADKXrvPqfYw","微信读书"
"国科大就业","2025-10-11","参会单位更新 | 10月12日 中国船舶集团有限公司2026届高校毕业生专场招聘会--中国科学院大学站","https://mp.weixin.qq.com/s/NEcr_SEOlC45ARuGLogRxg","微信读书"
"国科大就业","2025-10-11","比亚迪2026届全球校园招聘正式启动！","https://mp.weixin.qq.com/s/JIBULT1acj249Fa2rna4MA","微信读书"
"国科大就业","2025-10-10","招聘 | 中国核电2026届校园招聘火热来袭！","https://mp.weixin.qq.com/s/hFlUldhdu58FB5lJkjnsRw","微信读书"
"国科大就业","2025-10-10","招聘 | 天津银行2025年高级研究人才招募令！","https://mp.weixin.qq.com/s/KXVqvTXXMi24viw1OEexGw","微信读书"
"国科大就业","2025-10-10","招聘 | 康明斯2026校园招聘","https://mp.weixin.qq.com/s/PRVPoAiS-mBBPtBdxCKdSw","微信读书"
"国科大就业","2025-10-10","招聘 | 东莞新兴产投2026校园招聘正式启动","https://mp.weixin.qq.com/s/vp5fjUBqv9lNd7GGayn6VQ","微信读书"
"国科大就业","2025-10-10","宣讲会 | 10月15日 中核四0四有限公司2026届秋季校园招聘正式启动！","https://mp.weixin.qq.com/s/CCBuAL0oci0E1hWE_EbeoA","微信读书"
"国科大就业","2025-10-10","宣讲会 | 10月15日 北汽集团2026届全球校园招聘","https://mp.weixin.qq.com/s/t_j8QN4bLe3z-iWhuCaqNQ","微信读书"
"国科大就业","2025-10-10","宣讲会 | 10月14日 海信集团2026届信动力计划招聘正式启动！","https://mp.weixin.qq.com/s/6Ak3nL7DyVXtpXoLctlmig","微信读书"
"国科大就业","2025-10-10","宣讲会 | 10月13日 小米集团2026届全球校园招聘正式启动","https://mp.weixin.qq.com/s/nuITZAPeRo2R6rdqQNjx4Q","微信读书"
"国科大就业","2025-10-09","招聘 | 中信集团管培生2026年校园招聘","https://mp.weixin.qq.com/s/MOs6ZrH4hi3ILtmve1bfEw","微信读书"
"国科大就业","2025-10-09","招聘 | 中国建设银行北京市分行2026年度校园招聘","https://mp.weixin.qq.com/s/8BokLFCFj47fvghC9AICEQ","微信读书"
"国科大就业","2025-10-09","招聘 | 中国东方2026年度校园招聘正式启动！","https://mp.weixin.qq.com/s/UeFRMbR9R5W8FS6JhXgvrQ","微信读书"
"国科大就业","2025-10-09","招聘 | 航天科技集团四院2026届校园招聘正式启动","https://mp.weixin.qq.com/s/r_5IeJGKNdCvDNfdiK6eEQ","微信读书"
"国科大就业","2025-10-09","招聘 | 德施曼2026届校园招聘正式启动！","https://mp.weixin.qq.com/s/miG582lpTldRLDFxTRUHQg","微信读书"
"国科大就业","2025-10-09","宣讲会 | 10月14日 燕东微2026届全球校园招聘启动","https://mp.weixin.qq.com/s/3fIUxtFU6qhfC5xvQkvkKA","微信读书"
"国科大就业","2025-10-09","宣讲会 | 10月13日 中车株洲所2026届全球校园招聘正式启动！","https://mp.weixin.qq.com/s/H9oTie88zgq9qQNACiLWtw","微信读书"
"国科大就业","2025-10-09","更新 | 10月9日-10月12日校园招聘活动安排","https://mp.weixin.qq.com/s/rKokJJ9fLUR_J1yAY6TRjQ","微信读书"
"国科大就业","2025-09-30","招聘｜中国移动云南公司2026校园招聘火热启动！","https://mp.weixin.qq.com/s/gyeK0InooAlkweV2O6VJGg","微信读书"
"国科大就业","2025-09-30","招聘 | 中国移动物联网公司2026校园招聘正式启动！","https://mp.weixin.qq.com/s/tYTJb4K2IuJi56t45jeKow","微信读书"
"国科大就业","2025-09-30","招聘 | 小马智行PonyStar全球顶尖AI人才计划集结令！","https://mp.weixin.qq.com/s/VbbZHqhm8y5GHfgvjx5uFA","微信读书"
"国科大就业","2025-09-30","招聘 | 渤海银行2026年校园招聘正式启动！","https://mp.weixin.qq.com/s/Gc28GzZYOVmo6krIdlC9wA","微信读书"
"国科大就业","2025-09-30","宣讲会 | 10月11日 芯恩2026届校园招聘正式启动！","https://mp.weixin.qq.com/s/cJpwA16B0jk5Q8oR1vIkOw","微信读书"
"国科大就业","2025-09-30","就业讲堂 | 因公司拖欠工资离职，员工能申请经济补偿吗？","https://mp.weixin.qq.com/s/4_KvLo5Io3kvF7pg1SVF8Q","微信读书"
"国科大就业","2025-09-30","吉林省面向中国科学院大学定向招录2026届选调生公告","https://mp.weixin.qq.com/s/fYPS1Xemtq1VN9orb22T2A","微信读书"
"国科大就业","2025-09-30","10月9日-10月12日校园招聘活动安排","https://mp.weixin.qq.com/s/2-5gJaNezmIelLaZwuw6dA","微信读书"
"国科大就业","2025-09-29","招聘 | Call浦青年 锚定未来｜浦发银行长沙分行2026年度校园招聘启动","https://mp.weixin.qq.com/s/GK1X-fgtRzc537U_A58Gog","微信读书"
"国科大就业","2025-09-29","招聘 | 中电科三所2026年度校园招聘","https://mp.weixin.qq.com/s/DuPs3-vYsDU4o0VZl04b7A","微信读书"
"国科大就业","2025-09-29","招聘 | 兴业银行2026校园招聘全面启动！","https://mp.weixin.qq.com/s/Gxauk9LCaqdtIW4drB6C-w","微信读书"
"国科大就业","2025-09-29","宣讲会丨10月10日 中国一汽2026全球校园招聘","https://mp.weixin.qq.com/s/HEoXJuCHB80WmkQQaUZ-wA","微信读书"
"国科大就业","2025-09-29","宣讲会 | 10月10日 中国网安/三十所2026届校园招聘正式启动","https://mp.weixin.qq.com/s/BWKLVPK5zMHuCK-gxdA9lw","微信读书"
"国科大就业","2025-09-29","宣讲会 | 10月10日 联通数字科技有限公司2026校园招聘正式启动！","https://mp.weixin.qq.com/s/TvVFpQnu-KHqnqn-QxZaGQ","微信读书"
"国科大就业","2025-09-29","就业讲堂 | 非全日制用工，劳动合同、工资有这些规定！","https://mp.weixin.qq.com/s/JaCGUTarpQOYWe9nX0uU7w","微信读书"
"国科大就业","2025-09-29","重庆市面向中国科学院大学定向选调2026届急需紧缺专业应届优秀大学毕业生","https://mp.weixin.qq.com/s/m1dUvRErn6FxEExp7-S_kA","微信读书"
"国科大就业","2025-09-28","招聘 | 中移九天人工智能科技（北京）有限公司（九天人工智能研究院）2026校园招聘正式启动！","https://mp.weixin.qq.com/s/O5gNWUSCqYJlpRzm-P6lrQ","微信读书"
"国科大就业","2025-09-28","招聘 | 中国资源循环集团有限公司2026年校园招聘","https://mp.weixin.qq.com/s/fu9kFlBLnsIYkrvEKIF37g","微信读书"
"国科大就业","2025-09-28","招聘 | 中国移动数智化部2026届秋季校园招聘正式启动！","https://mp.weixin.qq.com/s/D_rPJe-I71kawyhXNMpbwQ","微信读书"
"国科大就业","2025-09-28","招聘 | 中国石化启动2026年度校园招聘！","https://mp.weixin.qq.com/s/vOJSafsSU5DoDFdtqo0iRA","微信读书"
"国科大就业","2025-09-28","招聘 | 蘑菇车联2026校园招聘","https://mp.weixin.qq.com/s/cj0aOViLev_x2YembtH7QA","微信读书"
"国科大就业","2025-09-28","宣讲会 | 9月28日 中国电力科学研究院有限公司2026年高校毕业生招聘宣讲会","https://mp.weixin.qq.com/s/ipFjrrXbBpJICij2opuCeQ","微信读书"
"国科大就业","2025-09-28","宣讲会 | 10月9日 吉利控股集团2026届全球校园招聘正式启动","https://mp.weixin.qq.com/s/X2HwAaJ_CHxkMJ3TEUFFuQ","微信读书"
"国科大就业","2025-09-28","宣讲会 | 10月10日 国网数科控股公司2026年校园招聘正式启动！","https://mp.weixin.qq.com/s/F3oUpIGKBQBgWRGrHut1AQ","微信读书"
"国科大就业","2025-09-27","招聘丨财信金控2026晨星计划全球校园招聘正式启动","https://mp.weixin.qq.com/s/KJrxt5QS7czdV1hL-giynA","微信读书"
"国科大就业","2025-09-27","招聘 | 长沙市“星斗”工程2026年综合类硕博人才选拔公告","https://mp.weixin.qq.com/s/GrG31nPd86isvNpCmH6PnQ","微信读书"
"国科大就业","2025-09-27","招聘 | 原粒半导体2026届校招正式启动！","https://mp.weixin.qq.com/s/vySGxNLtPD9FKrdXGPfsgA","微信读书"
"国科大就业","2025-09-27","招聘 | 上海霄元创新中心2026届校园招聘","https://mp.weixin.qq.com/s/ga42LGDewbM3_yeMQlbgCw","微信读书"
"国科大就业","2025-09-27","招聘 | 国网信通产业集团2026届校园招聘正式启动！","https://mp.weixin.qq.com/s/NlDBm8idF6tAa2pYdgnazg","微信读书"
"国科大就业","2025-09-27","招聘 | 安凯微电子2026届校园招聘启动啦","https://mp.weixin.qq.com/s/ugn0kmu2rXDR3AK-QXvk9g","微信读书"
"国科大就业","2025-09-27","宣讲会 | 9月29日 千寻智能2026“技术交流&招聘宣讲会”高校专场等你来！","https://mp.weixin.qq.com/s/9-BLi_ahgElaHFovT1nl5A","微信读书"
"国科大就业","2025-09-27","课程预告 | 教育部“互联网+就业指导”公益直播课：转换视角 脱颖而出——简历与网申实战指南","https://mp.weixin.qq.com/s/J7j63Q0vbY3tOpLNGNFKXA","微信读书"
"国科大就业","2025-09-26","招聘丨天津港航工程有限公司2026届校园招聘正式启动","https://mp.weixin.qq.com/s/ZrtQhx_TtAvE2tqDlLUVTA","微信读书"
"国科大就业","2025-09-26","招聘 | 中国万宝工程有限公司|军工央企2026校园招聘","https://mp.weixin.qq.com/s/JsKd8ryDHPaseLbjAmZoVg","微信读书"
"国科大就业","2025-09-26","招聘 | 中国民生银行北京分行2026届全球校园招聘&实习直航计划同步启动","https://mp.weixin.qq.com/s/xMMVLe4SGrQZbpEQoE5FnA","微信读书"
"国科大就业","2025-09-26","招聘 | 中国电科芯片技术研究院2026届校园招聘正式启动！","https://mp.weixin.qq.com/s/NsdL5u2tBfpk7iTWlnMo-A","微信读书"
"国科大就业","2025-09-26","招聘 | 博坦智能2026届校园招聘正式启动！","https://mp.weixin.qq.com/s/7cHmkxHjuO5JoCgjWFRA1Q","微信读书"
"国科大就业","2025-09-26","双选会 | 9月27日 双向同频 青蓝共赴 2025年高层次人才校园招聘会","https://mp.weixin.qq.com/s/0DoOc1gkwN73ya9kvew27Q","微信读书"
"国科大就业","2025-09-26","活动预告 | 就业指导系列讲座——简历 面试指导","https://mp.weixin.qq.com/s/H2Dgc2SVDcA320Cnqfzphg","微信读书"
"国科大就业","2025-09-26","参会单位更新 | 10月12日 中国船舶集团有限公司2026届高校毕业生专场招聘会--中国科学院大学站","https://mp.weixin.qq.com/s/VETfiCHKU4cPh9cJuwiecQ","微信读书"
"国科大就业","2025-09-25","招聘 | 北京农商银行2026年度“优培计划”招聘！","https://mp.weixin.qq.com/s/265OUoM9GG7w1cnJY125HA","微信读书"
"国科大就业","2025-09-25","宣讲会 | 9月26日 屹唐半导体2026校园招聘正式启动！","https://mp.weixin.qq.com/s/ssDunb_FXP109pzOrKwOgA","微信读书"
"国科大就业","2025-09-25","宣讲会 | 9月25日 瑞昱半导体集团2026秋季校园招聘！","https://mp.weixin.qq.com/s/N7gUQMhhiFv1Gy1QF6VGjA","微信读书"
"国科大就业","2025-09-25","宣讲会 | 9月25日 容百集团2026届全球校园招聘正式启动","https://mp.weixin.qq.com/s/P0BtyduA90KBGUxDMW3Vzw","微信读书"
"国科大就业","2025-09-25","宣讲会 | 9月25日 国家开发银行新疆分行2026年校园招聘","https://mp.weixin.qq.com/s/U15mb_oDw_D5j4zKNhx5aA","微信读书"
"国科大就业","2025-09-25","双选会 | 10月12日 中国船舶集团有限公司2026届高校毕业生专场招聘会","https://mp.weixin.qq.com/s/4qSJvCRokVltx7Q8qnFF3Q","微信读书"
"国科大就业","2025-09-25","就业讲堂 | 没签劳动合同，能主张两倍工资吗？","https://mp.weixin.qq.com/s/s7n09k_C3ed2L7__PumfFw","微信读书"
"国科大就业","2025-09-25","杭州 | 9月26日！150+单位，千余岗位，“职”等你来！","https://mp.weixin.qq.com/s/q35iFLo_V44z1WMHEz8MQQ","微信读书"
"国科大就业","2025-09-24","招聘 | SGS 2026校园招聘空中宣讲会综合场9月25日不见不散！","https://mp.weixin.qq.com/s/zojvqXn8kakxLcRLxmuozg","微信读书"
"国科大就业","2025-09-24","招聘 | 中国联通研究院2026校园招聘正式启动！","https://mp.weixin.qq.com/s/aUPQ_6JCHEM_evMUlR7x7Q","微信读书"
"国科大就业","2025-09-24","招聘 | 中国电信浙江公司2026校园招聘正式起航","https://mp.weixin.qq.com/s/W96h9S7MprWjDtZdB6SQxQ","微信读书"
"国科大就业","2025-09-24","招聘 | 移动研究院 | 2026届校园招聘全面启航，就等你上线了！","https://mp.weixin.qq.com/s/361tNvQZDoREQhiORB3jCw","微信读书"
"国科大就业","2025-09-24","招聘 | 国网电科院（南瑞集团）2026年校园招聘公告","https://mp.weixin.qq.com/s/pS2UWd_jJTkaDVgXcXfbpA","微信读书"
"国科大就业","2025-09-24","招聘 | 北京移动2026秋季校园招聘高能开启！","https://mp.weixin.qq.com/s/R5kYbH3JgIKJWoTNGoVQ-g","微信读书"
"国科大就业","2025-09-24","宣讲会 | 9月25日 浪潮2026届校招丨中国科学院大学宣讲会来啦！","https://mp.weixin.qq.com/s/isRKxX7Bv4bCeUBOXm_tag","微信读书"
"国科大就业","2025-09-24","四川省面向中国科学院大学选调2026届优秀大学毕业生公告","https://mp.weixin.qq.com/s/YDJwIgvzJtz8CoIOSTjJOQ","微信读书"
"国科大就业","2025-09-23","招聘 | 中信证券2026年校园招聘全面启动！","https://mp.weixin.qq.com/s/aWueGkzcwBBtTZ8ZSFA7rA","微信读书"
"国科大就业","2025-09-23","招聘 | 中国移动总部2026校招岗位上线啦！","https://mp.weixin.qq.com/s/j4oZX-wupansp__cIKiM0g","微信读书"
"国科大就业","2025-09-23","招聘 | 交通银行2026校园招聘火热开启","https://mp.weixin.qq.com/s/nWXcdAntipBQUJ_LbdAJuQ","微信读书"
"国科大就业","2025-09-23","招聘 | 华安基金2026届校园招聘启动","https://mp.weixin.qq.com/s/1x1v2wR8agVgrylrS_Pp8w","微信读书"
"国科大就业","2025-09-23","宣讲会 | 9月25日 长江存储2026届全球校园招聘启动","https://mp.weixin.qq.com/s/gNHbDwaTsRGXVqNRnUEyZQ","微信读书"
"国科大就业","2025-09-23","活动预告 | 就业指导系列讲座——应届生就业权益保护","https://mp.weixin.qq.com/s/R-evkT_4zYCspEH3h20qDw","微信读书"
"国科大就业","2025-09-23","活动预告 | 就业指导系列讲座——简历 面试指导","https://mp.weixin.qq.com/s/NeyX4uSQ4P1CxbDMnLjTwA","微信读书"
"国科大就业","2025-09-23","《筑梦基层》——国科大选调生经验分享交流会新疆自治区&湖南省选调生专场预告","https://mp.weixin.qq.com/s/lB-ywy8vmIt4rTEgOQMKYA","微信读书"
"国科大就业","2025-09-22","招聘|  沐瞳2026校园招聘正式启动！","https://mp.weixin.qq.com/s/cWgLQfc3iLSFt1sWLhnMgA","微信读书"
"国科大就业","2025-09-22","招聘 | 融通梦想 链动未来 | 2026校园招聘火热开启","https://mp.weixin.qq.com/s/a9tGNHupJEwAJdY_mVvtvg","微信读书"
"国科大就业","2025-09-22","招聘 | 人保寿险2026届校园招聘已开启！","https://mp.weixin.qq.com/s/DCt__uZprpj-A9X_a3x4Zw","微信读书"
"国科大就业","2025-09-22","招聘 | 国家能源集团2026校园招聘来了！","https://mp.weixin.qq.com/s/JBaARrsxNtEOCrfk4hiCUg","微信读书"
"国科大就业","2025-09-22","宣讲会 | 9月24日 重庆芯联微电子有限公司2026届校园招聘—中国科学院大学专场宣讲会","https://mp.weixin.qq.com/s/l36dn6WPUg6y4PDdOSzwXA","微信读书"
"国科大就业","2025-09-22","活动预告 | 就业指导系列讲座——秋招备战策略-运筹帷幄，决胜千里","https://mp.weixin.qq.com/s/BvzYLjro7XBR8Li6YPg82A","微信读书"
"国科大就业","2025-09-22","活动预告 | 就业指导系列讲座——简历 面试指导","https://mp.weixin.qq.com/s/ZqN-kwtxosGYIQaPyFG5Lg","微信读书"
"国科大就业","2025-09-22","国药集团2026届校园招聘全面启动","https://mp.weixin.qq.com/s/1jmQwkTcG40ZYtQ4nDXQ2A","微信读书"
"国科大就业","2025-09-21","招聘 | 中国移动在线营销服务中心2026“金种子”计划招聘进行中！","https://mp.weixin.qq.com/s/gnwKRv65QjcvQDcyvyC3Wg","微信读书"
"国科大就业","2025-09-21","招聘 | 中车科创公司2025-2026年度全球招聘正式启动！","https://mp.weixin.qq.com/s/bQ6HGY69FGWxacib0XRtVg","微信读书"
"国科大就业","2025-09-21","招聘 | 晋华集成电路2026校园招聘正式启动！","https://mp.weixin.qq.com/s/VAXFBwM2FV685ZZkiqezOA","微信读书"
"国科大就业","2025-09-21","招聘 | 重庆移动2026校园招聘启动","https://mp.weixin.qq.com/s/KslPyo2yp9qHUnzuB8B-hw","微信读书"
"国科大就业","2025-09-21","宣讲会｜9月24日 锐科激光2026届校园招聘正式启动！","https://mp.weixin.qq.com/s/5qO-mKv01xsdJEUAed7tqg","微信读书"
"国科大就业","2025-09-21","宣讲会 | 9月24日 国防科技大学2025年校园招聘","https://mp.weixin.qq.com/s/BKGxp-lg80u0HpWIoBoGEA","微信读书"
"国科大就业","2025-09-21","宣讲会 | 9月23日 易方达基金2026校园招聘正式启动！","https://mp.weixin.qq.com/s/mCCsqnWL8gwYiy5KZkUZDg","微信读书"
"国科大就业","2025-09-21","宣讲+双选 | 9月22日 中核集团2026届校园招聘","https://mp.weixin.qq.com/s/iP-2L8wS0cQyKHnJek1nPw","微信读书"
"国科大就业","2025-09-20","招聘 | 中国建设银行2026年度校园招聘正式启动","https://mp.weixin.qq.com/s/KNR4WdKutd68Y0p27RJWJA","微信读书"
"国科大就业","2025-09-20","宣讲会 | 9月23日 怀柔实验室2026年校园招聘全面启动","https://mp.weixin.qq.com/s/hH_-llL9Jx65tokGcyXwig","微信读书"
"国科大就业","2025-09-20","宣讲会 | 9月23日 北京市2026年度定向选调和“优培计划”招聘应届优秀大学毕业生政策宣讲会","https://mp.weixin.qq.com/s/ZBz_StL3Pxd0JwYqZcgP3A","微信读书"
"国科大就业","2025-09-20","宣讲会 | 9月22日 TCL华星光电2026届博士专场","https://mp.weixin.qq.com/s/sZAFbTka8MRinQ8HDAScxw","微信读书"
"国科大就业","2025-09-20","宣讲+双选 | 9月23日 中国电信2026校园招聘全面启动！","https://mp.weixin.qq.com/s/CzlKknsvmEdIGbp93xZjWQ","微信读书"
"国科大就业","2025-09-20","双选会 | 9月23日 新苗计划 | 中国联通2026校园招聘","https://mp.weixin.qq.com/s/Sa_G__qap-1I4xFiEzdhog","微信读书"
"国科大就业","2025-09-20","活动预告 | 就业指导系列讲座——简历 面试指导","https://mp.weixin.qq.com/s/CwUw_dfXRkppTiUAt0oa5g","微信读书"
"国科大就业","2025-09-20","9月22日-28日校园招聘活动安排","https://mp.weixin.qq.com/s/b68Kiv0Q6s-pnmW9UPOp2Q","微信读书"
"国科大就业","2025-09-19","招聘 | 中国农业发展银行2026年度校园招聘正式启动","https://mp.weixin.qq.com/s/WNPAFPBhyIrvdwGaED6k0w","微信读书"
"国科大就业","2025-09-19","招聘 | 越秀地产2026届校园招聘正式启动","https://mp.weixin.qq.com/s/smgdoUSFhIYUlCaLB2kuTw","微信读书"
"国科大就业","2025-09-19","宣讲会 | 9月23日 深信服校招&「X-STAR」顶尖人才专项宣讲会","https://mp.weixin.qq.com/s/u5g1fzXfdsB1ZWWsSZp69Q","微信读书"
"国科大就业","2025-09-19","宣讲会 | 9月22日 工大卫星技术有限公司2026届校园招聘","https://mp.weixin.qq.com/s/3Qmh8Sk2zbd5plzApOlcLg","微信读书"
"国科大就业","2025-09-19","宣讲+双选 | 9月20日 军事科学院招才引智","https://mp.weixin.qq.com/s/jbITCn3qBK1zcWwb9XtuIw","微信读书"
"国科大就业","2025-09-19","就业讲堂 | 初入职场，这些事要知道","https://mp.weixin.qq.com/s/-Se9R7vJNJPDGyLmjtS8Ow","微信读书"
"国科大就业","2025-09-19","甘肃省2026年选调应届优秀大学毕业生公告","https://mp.weixin.qq.com/s/e9I6oqsqxuyZPLZzY1pE9g","微信读书"
"国科大就业","2025-09-19","参会单位更新 | 9月21日 2025年秋季全国巡回博士、博士后高层次人才专场签约洽谈会","https://mp.weixin.qq.com/s/MBcndVNVMzgbyTm_otkeEg","微信读书"
"国科大就业","2025-09-05","招聘｜招商局集团2026届校园招聘正式启动！","https://mp.weixin.qq.com/s/CFeq0ytiFT_NE8pZVCem4A","微信读书"
"国科大就业","2025-09-05","招聘｜北京农商银行2026年校园招聘正式启动！","https://mp.weixin.qq.com/s/XUi1wQLIH3xbwP4eTXPbdw","微信读书"
"国科大就业","2025-09-05","招聘 | 中欧基金2026届卓越之星校园招聘启动！","https://mp.weixin.qq.com/s/NKYF3S_5HJgrgxwGnqQkKg","微信读书"
"国科大就业","2025-09-05","招聘 | 深信服2026届校园招聘全球启动！","https://mp.weixin.qq.com/s/ypZjN1cHLUPghI3AkqPu6w","微信读书"
"国科大就业","2025-09-05","招聘 | 航天科技集团2026届校园招聘开启","https://mp.weixin.qq.com/s/kv6k9fwA1Tc69-0EAkUuCQ","微信读书"
"国科大就业","2025-09-05","招聘 | “梦想靠岸”招商银行北京分行2026校园招聘","https://mp.weixin.qq.com/s/ZAZcbAJ2Tc2rdwX_pDUYGg","微信读书"
"国科大就业","2025-09-05","宣讲会 | 9月9日 美团2026届校园招聘","https://mp.weixin.qq.com/s/JKX0qMredslWYMCZq7EB3g","微信读书"
"国科大就业","2025-09-05","就业讲堂 | 试用期长短、工资随意定？@职场新人，收好这篇","https://mp.weixin.qq.com/s/BRL0c6yGQSGey5gxEWV1Bg","微信读书"
"国科大就业","2025-09-04","招聘 | 远景动力2026届校招正式启动","https://mp.weixin.qq.com/s/ZJg8bTzntocdzJ6yllPznw","微信读书"
"国科大就业","2025-09-04","招聘 | 宇通集团2026届全球校招","https://mp.weixin.qq.com/s/_AUpn3zh99kzeiqMKx6trw","微信读书"
"国科大就业","2025-09-04","招聘 | 三棵树2026届校园招聘全面启动","https://mp.weixin.qq.com/s/3uWov6ZDSRufI8OT7NDMMg","微信读书"
"国科大就业","2025-09-04","招聘 | 电科金仓2026校园招聘全面启动","https://mp.weixin.qq.com/s/ETwpdPAvwJ93Pfhb_K3Wfw","微信读书"
"国科大就业","2025-09-04","招聘 | 阿里国际2026届秋季校园招聘 正式启动！","https://mp.weixin.qq.com/s/FtNuSTatJOvXPBz_iUQdeQ","微信读书"
"国科大就业","2025-09-04","招聘 | 2025年杭州市博士（博士后）专场招聘会","https://mp.weixin.qq.com/s/uKRDDv99bPjYuv4PDuptHg","微信读书"
"国科大就业","2025-09-04","招聘 | “以热爱 启新程”河北邮政2026年秋季校园招聘正式启动！","https://mp.weixin.qq.com/s/qklwm_4Fp3R9yu3gXfVxBg","微信读书"
"国科大就业","2025-09-04","就业讲堂 | 面试中那些“不客气”的提问，这样回答","https://mp.weixin.qq.com/s/rZClQnSIlrUYNGvXpOtSuQ","微信读书"
"国科大就业","2025-09-03","招聘 | 中国科学院上海微系统与信息技术研究所2025年秋季校园招聘","https://mp.weixin.qq.com/s/oJZ4OrzpkqNT7jOnKoolTw","微信读书"
"国科大就业","2025-09-03","招聘 | 中广核2026届校园招聘正式启动！","https://mp.weixin.qq.com/s/FDBSu7z0UWq6Wr9G9VilQg","微信读书"
"国科大就业","2025-09-03","招聘 | 算能2026届秋季校园招聘正式启动","https://mp.weixin.qq.com/s/igHQdaSYvNqm1R2FqZZ1DQ","微信读书"
"国科大就业","2025-09-03","招聘 | 蚂蚁集团2026届秋季校园招聘开启！","https://mp.weixin.qq.com/s/elVrivfjKV7fpPrT9669hw","微信读书"
"国科大就业","2025-09-03","招聘 | 经纬恒润2026校园招聘","https://mp.weixin.qq.com/s/0T9NG4UiAdDJOnRu2PHK-A","微信读书"
"国科大就业","2025-09-03","招聘 | 海信集团2026届全球校园招聘正式启动！","https://mp.weixin.qq.com/s/DWfZI62lnoCr1dEBFwKOug","微信读书"
"国科大就业","2025-09-03","宣讲会 | 9月5日 快手2026秋季校园招聘宣讲会-中国科学院大学站","https://mp.weixin.qq.com/s/kuIbpqZr2Heytzp36BWIzg","微信读书"
"国科大就业","2025-09-03","就业讲堂 | “活少钱多”、“躺平稳赚”？小心是“毒馅饼”！","https://mp.weixin.qq.com/s/NMhWcBAsDCfUGoWsHgdUiw","微信读书"
"国科大就业","2025-09-02","招聘 | 中兴通讯2026届校园招聘正式启动","https://mp.weixin.qq.com/s/wpVKp7slc6Y3m9xvBgUm-g","微信读书"
"国科大就业","2025-09-02","招聘 | 中芯国际2026届校园招聘正式启动","https://mp.weixin.qq.com/s/x7vrWYSP8QFzkEL4hQvmhA","微信读书"
"国科大就业","2025-09-02","招聘 | 中国航空工业集团洪都2025年秋季招聘正式启动","https://mp.weixin.qq.com/s/L-8RkPKf9vZ36Xt4ySRBTg","微信读书"
"国科大就业","2025-09-02","招聘 | 中国电子科技集团公司第五十研究所2026届校园招聘正式启动！","https://mp.weixin.qq.com/s/dlNtB42QgAIeHdPI1jXS1g","微信读书"
"国科大就业","2025-09-02","招聘 | 鼎阳科技2026届校园招聘提前批正式开启！","https://mp.weixin.qq.com/s/_5sc6niPsSXtevEE50RI-g","微信读书"
"国科大就业","2025-09-02","招聘 | 宝洁2026秋季校园招聘正式启动","https://mp.weixin.qq.com/s/DtaemgGjpLp8KW0FbeHWog","微信读书"
"国科大就业","2025-09-02","双选会 | 9月19日，“京彩就业”中国科学院大学2026届毕业生秋季首场双选会","https://mp.weixin.qq.com/s/u9WLvr2pdtJ-hlXIqAWo2w","微信读书"
"国科大就业","2025-09-02","就业讲堂 | 公司需要保留多久劳动合同？","https://mp.weixin.qq.com/s/9-iljP7YP2GtfJz4CLTDBA","微信读书"
"国科大就业","2025-09-01","招聘 | 中国科学院微小卫星创新研究院2025年秋季校园招聘/招生启动","https://mp.weixin.qq.com/s/jVK3-XAebafCe8Br10O-KQ","微信读书"
"国科大就业","2025-09-01","招聘 | 中国机械科学研究总院集团2026届校园招聘","https://mp.weixin.qq.com/s/J5kdv4GFpt75zQR8pV2Cfw","微信读书"
"国科大就业","2025-09-01","招聘 | 中国电子科技集团公司第三十九研究所2026届校园招聘","https://mp.weixin.qq.com/s/hG7tcpGu5aVwjqndbKoEZQ","微信读书"
"国科大就业","2025-09-01","招聘 | 中国电科网络通信研究院2025-2026秋季招聘正式启动","https://mp.weixin.qq.com/s/C3bjNb2yoJOy0Tu6sEHEEA","微信读书"
"国科大就业","2025-09-01","招聘 | 招商局集团2026校园招聘正式启动","https://mp.weixin.qq.com/s/Ej08KX4cpSJ_mDziqbjskg","微信读书"
"国科大就业","2025-09-01","招聘 | 华为数据通信产品线2026届应届生招聘","https://mp.weixin.qq.com/s/wekAtmZhLqY3Mfr8V9N5HA","微信读书"
"国科大就业","2025-09-01","招聘 | “梦想靠岸”招商银行2026校园招聘全球启动！","https://mp.weixin.qq.com/s/V2Vwai7CJM-na7s_PU5MVw","微信读书"
"国科大就业","2025-09-01","鹏新旭2026届校园招聘正式启动！","https://mp.weixin.qq.com/s/d-dU7zHCAWyuO3alAOu-OQ","微信读书"
"国科大就业","2025-08-30","中国联通新苗计划2026校园招聘正式启动！","https://mp.weixin.qq.com/s/ex4mR4S_LFAuKG-cM9614A","微信读书"
"国科大就业","2025-08-30","招聘｜中国建筑集团2026届校园招聘正式启动","https://mp.weixin.qq.com/s/MYrOxY8cMjsAw-G4V2cT_w","微信读书"
"国科大就业","2025-08-30","招聘 | FunPlus2026届校园招聘正式开启！","https://mp.weixin.qq.com/s/vBavG8bONWTLwqhXklu1xw","微信读书"
"国科大就业","2025-08-30","招聘 | 中国商飞公司2025-2026年秋季校园招聘正式启动！","https://mp.weixin.qq.com/s/PFKyZ596nU4iQaPK5rW1cQ","微信读书"
"国科大就业","2025-08-30","招聘 | 中国航天科工2026届校园招聘全面启动","https://mp.weixin.qq.com/s/wU1qbFKji4xhwxsN8qSTOw","微信读书"
"国科大就业","2025-08-30","招聘 | 中车株洲所2026届全球校园招聘正式启动！（内附沉香创新奖秘籍）","https://mp.weixin.qq.com/s/aDVuJnM1hz4i2mZcp-zkQw","微信读书"
"国科大就业","2025-08-30","招聘 | 上海宇量昇科技有限公司2026届校园招聘正式启动","https://mp.weixin.qq.com/s/I9XJLIb_3Tnh3eiZ4SqV7w","微信读书"
"国科大就业","2025-08-30","招聘 | 理想汽车2026校园招聘正式启动","https://mp.weixin.qq.com/s/xHA3IlbZsxUTtk5JisdHDw","微信读书"
"国科大就业","2025-08-29","招聘 | 中车株洲所博士人才招聘计划重磅来袭","https://mp.weixin.qq.com/s/KJCcFI8ZA7IU90NsFrTtHA","微信读书"
"国科大就业","2025-08-29","招聘 | 远景动力2026届全球校园招聘正式启动！","https://mp.weixin.qq.com/s/LSkbu3Lkj0KCK7kDx2bz4A","微信读书"
"国科大就业","2025-08-29","招聘 | 携程集团2026届秋季校园招聘｜全球启动","https://mp.weixin.qq.com/s/2y0GtSVELHP0f3y5afxHww","微信读书"
"国科大就业","2025-08-29","招聘 | 看到更远的未来 | 从一个红杉成员企业Offer开始","https://mp.weixin.qq.com/s/H1Cflc31ZJtQMgMSm-HDfg","微信读书"
"国科大就业","2025-08-29","招聘 | 海康威视2026校园招聘正式启动！","https://mp.weixin.qq.com/s/K5Kc2XSYxcil6HYqYX8ODw","微信读书"
"国科大就业","2025-08-29","招聘 | 格力电器2026届秋季校园招聘正式开启！","https://mp.weixin.qq.com/s/yXLAAybg8ZASz9vgtJmrzg","微信读书"
"国科大就业","2025-08-29","招聘 | 阿斯利康中国2026培训生项目正式启动","https://mp.weixin.qq.com/s/gSnyW969ZjBxvUn7DNng9Q","微信读书"
"国科大就业","2025-08-29","非凡梦想 天翼启航 | 中国电信2026校园招聘全面启动！","https://mp.weixin.qq.com/s/8yvQOkU8T-IO1RuSfg3RVA","微信读书"
"国科大就业","2025-08-27","招聘 | TCL华星2026届全球校园招聘正式启动","https://mp.weixin.qq.com/s/5rLp5TY7S4XKm9eTlyec3w","微信读书"
"国科大就业","2025-08-27","招聘 | 银河通用机器人2026届校园招聘正式启动！","https://mp.weixin.qq.com/s/qZBNkmsuf7TyrTHSBM8LgQ","微信读书"
"国科大就业","2025-08-27","招聘 | 因诺资产2026届校园招聘正式启动","https://mp.weixin.qq.com/s/KS4np4Hxgs7AmIC1s4bqww","微信读书"
"国科大就业","2025-08-27","招聘 | 网易游戏雷火2026届秋季校园招聘全球启动！","https://mp.weixin.qq.com/s/dKNV7WmX-v_8hcvHgERo2g","微信读书"
"国科大就业","2025-08-27","招聘 | 龙湖集团2026届仕官生校园招聘启动！","https://mp.weixin.qq.com/s/xuk1GzhfQi074E8GK5QZAQ","微信读书"
"国科大就业","2025-08-27","招聘 | 康冠科技2026届校园招聘正式启动！","https://mp.weixin.qq.com/s/9E99zXEyfFOf5HVR2smyYg","微信读书"
"国科大就业","2025-08-27","招聘 | 航天科工二院2026校园招聘正式启动！","https://mp.weixin.qq.com/s/3OYUcUy_rnaeLK2KDqVvpQ","微信读书"
"国科大就业","2025-08-27","用人单位邀请函 | 9月26日 国科大杭州高等研究院诚邀共赴25秋招之约，广纳优秀人才","https://mp.weixin.qq.com/s/LE0m0JoTBC3AcegwTZ59NA","微信读书"
"国科大就业","2025-08-26","AIDU计划｜26届IDG顶尖人才招募进行时！","https://mp.weixin.qq.com/s/Mtg0qUC9Y1mKFyaPh5_cwQ","微信读书"
"国科大就业","2025-08-26","招聘 |【曼伦2026校招】正式开启！","https://mp.weixin.qq.com/s/Vqa4j2Zdf_GdymkeuPl3fw","微信读书"
"国科大就业","2025-08-26","招聘 | ZURU 2026届校园招聘正式启动！","https://mp.weixin.qq.com/s/3W673dqBZTK_KvAoUUpbtA","微信读书"
"国科大就业","2025-08-26","招聘 | Garena 2026届秋季校园招聘启动","https://mp.weixin.qq.com/s/mlpz6SJlEKccy3QGayqEGg","微信读书"
"国科大就业","2025-08-26","招聘 | 智元机器人2026届校园招聘","https://mp.weixin.qq.com/s/sAssNDLRTApokgeWiNTzfA","微信读书"
"国科大就业","2025-08-26","招聘 | 韶音科技2026届秋季校园招聘正式启动！","https://mp.weixin.qq.com/s/rp8CxPQpWaRNyRJ4rClZnQ","微信读书"
"国科大就业","2025-08-26","招聘 | 诺瓦星云2026届校园招聘正式启动！","https://mp.weixin.qq.com/s/5AuO8zSbdA09MC7Xq7drAA","微信读书"
"国科大就业","2025-08-26","招聘 | 虎牙2026届校园招聘启动","https://mp.weixin.qq.com/s/3fTiu9GtpjcxfckhM_Gf4g","微信读书"
"国科大就业","2025-08-25","招聘｜三一重能2026全球校园招聘正式启动","https://mp.weixin.qq.com/s/34yTn1oHDQ5jdXfzBW4RUw","微信读书"
"国科大就业","2025-08-25","招聘 | Doctor请留步！2026届美的集团博士招聘来了","https://mp.weixin.qq.com/s/qiWlSwrHsqvLPX-ehoAu2A","微信读书"
"国科大就业","2025-08-25","招聘 | 中国电子科技集团公司第十研究所2026届秋季校园招聘","https://mp.weixin.qq.com/s/vic2YI6HgAs-sx1knAUXfg","微信读书"
"国科大就业","2025-08-25","招聘 | 睿创微纳2026校园招聘全面启动〡与光同行，睿启未来","https://mp.weixin.qq.com/s/ewJ82dKWIE_C740wK93YTQ","微信读书"
"国科大就业","2025-08-25","招聘 | 科华集团2026届全球校园招聘正式启动！","https://mp.weixin.qq.com/s/ia4Te9btRiXIbjfSnIb9vQ","微信读书"
"国科大就业","2025-08-25","招聘 | 大参林医药集团2026届校园招聘正式启动！","https://mp.weixin.qq.com/s/CB2RpvH0ntOZ1245h0gEUA","微信读书"
"国科大就业","2025-08-25","用人单位邀请函 | 9月5日 | 2025“奔甬而来”中国科学院宁波材料技术与工程研究所硕博专场招聘会","https://mp.weixin.qq.com/s/zGwAiUTVyrigtz9BcxFQnw","微信读书"
"国科大就业","2025-08-25","双选会 | 9月17日 2025年下半年博士人才招聘会","https://mp.weixin.qq.com/s/oR6Uim2tAsY6UT7nAEfoxw","微信读书"
"国科大就业","2025-08-22","招聘会 | 9月23日 致用人单位/中国科学院化学研究所秋季专场招聘会参会单位招募中","https://mp.weixin.qq.com/s/aSZlBmjqFjAizBPyoCC8UA","微信读书"
"国科大就业","2025-08-22","招聘 | 中信建投证券2026届秋季校园招聘正式启动！","https://mp.weixin.qq.com/s/bHqya5B_xKfN2TqMcSTYww","微信读书"
"国科大就业","2025-08-22","招聘 | 中国人保2026届全系统校园招聘火热进行中","https://mp.weixin.qq.com/s/SSq_MZy1yO95aU5R3slTwQ","微信读书"
"国科大就业","2025-08-22","招聘 | 威努特2026届校园招聘全面启动","https://mp.weixin.qq.com/s/k9M0EaBrFG5x53LBXcCpdg","微信读书"
"国科大就业","2025-08-22","招聘 | 上海人工智能实验室2026届全球校招开启","https://mp.weixin.qq.com/s/KiJkb-FFcRLEkD4USXMhmA","微信读书"
"国科大就业","2025-08-22","招聘 | 恒生2026校园招聘正式启动","https://mp.weixin.qq.com/s/mfn2rXMOEXWJRq8LrtUysQ","微信读书"
"国科大就业","2025-08-22","招聘 | 海尔智家2026届校园招聘正式启动","https://mp.weixin.qq.com/s/FFncCGKoZ1hzjteaodBtEw","微信读书"
"国科大就业","2025-08-22","招聘 | 大华股份2026届校园招聘正式启动！","https://mp.weixin.qq.com/s/WEQFSIVNGGByrZYb1tXBlg","微信读书"
"国科大就业","2025-08-20","招聘 | 天兵科技2026届校园招聘","https://mp.weixin.qq.com/s/gbCDShb02Dv8RsR9VC73vQ","微信读书"
"国科大就业","2025-08-20","招聘 | 工大卫星26届“星动力”招聘","https://mp.weixin.qq.com/s/rqTRH8bizPn3-1k0b85Caw","微信读书"
"国科大就业","2025-08-20","招聘 | 比特大陆2026届校园招聘","https://mp.weixin.qq.com/s/KZaCR8olk3U6moeIOgHOGA","微信读书"
"国科大就业","2025-08-20","度小满2026届校园招聘启动","https://mp.weixin.qq.com/s/iuhdGnE1Ewo5FgqcCoS7Eg","微信读书"
"国科大就业","2025-08-19","招聘 | vivo 2026届全球校园招聘正式启动","https://mp.weixin.qq.com/s/GqMyyU-tM5j0TCjWP1EorQ","微信读书"
"国科大就业","2025-08-19","招聘 | 中国华腾2026年度招聘全面开启","https://mp.weixin.qq.com/s/di_tQ03ujP2R16AEHzwgUg","微信读书"
"国科大就业","2025-08-19","招聘 | 三一集团2026全球校园招聘正式启动","https://mp.weixin.qq.com/s/qbEuEVQv-9zlHtjvG5E7TA","微信读书"
"国科大就业","2025-08-19","招聘 | 请接「招」！2026届美的校园招聘全面启动","https://mp.weixin.qq.com/s/vopcIwwmlvCfV2_XH1vxag","微信读书"
"国科大就业","2025-08-19","招聘 | 海尔2026校园招聘正式启动!","https://mp.weixin.qq.com/s/opxc2DCLBgw4afOrpl3_jw","微信读书"
"国科大就业","2025-08-19","招聘 | 滴滴2026届秋季校招正式启动！","https://mp.weixin.qq.com/s/hBld6c8aemUhX9f_DA6DbA","微信读书"
"国科大就业","2025-08-19","宁德时代2026届全球校园招聘正式启动","https://mp.weixin.qq.com/s/6zXypPcql7arPAxOtflHBw","微信读书"
"国科大就业","2025-08-19","就业讲堂｜集体合同如何订立？","https://mp.weixin.qq.com/s/sYPi4A8gwIbQqodpQm3yiA","微信读书"
"国科大就业","2025-08-18","招聘 | 中国电信天翼云2026届校园招聘全面启动！","https://mp.weixin.qq.com/s/nLvB03qCZsgGXaeIsXImAw","微信读书"
"国科大就业","2025-08-18","招聘 | 中国电科29所2026届校招正式启动啦","https://mp.weixin.qq.com/s/crFBuiXnvkw9MfvnI84JdA","微信读书"
"国科大就业","2025-08-18","招聘 | 网易2026【星火计划】HR培训生招聘正式开启！","https://mp.weixin.qq.com/s/biISTZOOF5a3xJLiTvKo1g","微信读书"
"国科大就业","2025-08-18","招聘 | 宁德新能源(ATL)2026届全球校招 | A TOP顶尖人才计划正式启动！","https://mp.weixin.qq.com/s/ZFc0gnl5Y7rwgVGiMt9dnQ","微信读书"
"国科大就业","2025-08-18","招聘 | 华为财经2026届应届生全球招聘全面启动","https://mp.weixin.qq.com/s/m463TF74CPO3IP4quBCFkQ","微信读书"
"国科大就业","2025-08-18","招聘 | 阿里巴巴2026届秋季应届生招聘","https://mp.weixin.qq.com/s/l5GojbEyoN7e3UqxpKYKbQ","微信读书"
"国科大就业","2025-08-18","就业讲堂 | 用好这八招，快速提升求职成功率","https://mp.weixin.qq.com/s/wN9FIMWubOSjeTzglWglvw","微信读书"
"国科大就业","2025-08-18","华为2026届应届生招聘启动","https://mp.weixin.qq.com/s/hdYDjyQT-_JTkwGASZqCzg","微信读书"
"国科大就业","2025-08-16","招聘 | 中物院软件中心2026届校招提前批火热开启","https://mp.weixin.qq.com/s/M_skOFl_cwentnvur2iamw","微信读书"
"国科大就业","2025-08-16","招聘 | 中国软件评测中心2026届校园招聘","https://mp.weixin.qq.com/s/nAGgG9r50Q6AoP0-ByxRDw","微信读书"
"国科大就业","2025-08-16","招聘 | 小马智行Pony.ai 2026校园招聘正式启动","https://mp.weixin.qq.com/s/DwAOWk-HY3v1ONWaYSw8Kg","微信读书"
"国科大就业","2025-08-16","招聘 | 虹科2026届校园招聘正式启动！","https://mp.weixin.qq.com/s/35fKR_9fzK_0jfAHTs6m6A","微信读书"
"国科大就业","2025-08-16","招聘 | 帝奥微(688381)2026届校园招聘正式开启","https://mp.weixin.qq.com/s/NNwrW1azoMl5PwPepsuk8g","微信读书"
"国科大就业","2025-08-16","零跑汽车2026届校园招聘研发提前批启动","https://mp.weixin.qq.com/s/hMkyhR-4TOZtz1On9qhUvw","微信读书"
"国科大就业","2025-08-16","就业讲堂 | 工伤认定有时限吗？","https://mp.weixin.qq.com/s/sN144CiADh5vO-jwYEj_Yg","微信读书"
"国科大就业","2025-08-15","招聘 | vivo 2026届全球校园招聘正式启动","https://mp.weixin.qq.com/s/fM42cybVkyimv4m8f3UMVw","微信读书"
"国科大就业","2025-08-15","招聘 | 中国航天科工集团第六研究院2026届校园招聘正式启动！","https://mp.weixin.qq.com/s/hI3zunWf-rdEq2eR5FuqIA","微信读书"
"国科大就业","2025-08-15","招聘 | 完美世界2026届秋季校园招聘正式启动！","https://mp.weixin.qq.com/s/43B2PQRkTjJbm0RCxQzbMw","微信读书"
"国科大就业","2025-08-15","施耐德电气2026秋季校园招聘丨新星计划提前批正式启动！","https://mp.weixin.qq.com/s/Zyf2ik4N3RzwsEXHg7C8ZQ","微信读书"
"国科大就业","2025-08-15","就业讲堂 | 被公司违法辞退怎么办？","https://mp.weixin.qq.com/s/CeXGx7b4z7XAh7ZIrsEmtg","微信读书"
"国科大就业","2025-08-14","招聘 | Momenta 2026「Mstar顶尖人才计划」招聘全球启动！","https://mp.weixin.qq.com/s/lyPPfIRogp6zfUaPEcHPmQ","微信读书"
"国科大就业","2025-08-14","招聘 | 中国兵器工业集团2026届校园招聘","https://mp.weixin.qq.com/s/0V2YNl8uEVdHQxBUWjP2Nw","微信读书"
"国科大就业","2025-08-14","招聘 | 芯迈半导体2026校园招聘正式启动","https://mp.weixin.qq.com/s/BaKkxp8O2E5gv97dG0v5vQ","微信读书"
"国科大就业","2025-08-14","招聘 | 航天智能院2026届校园招聘正式开启！","https://mp.weixin.qq.com/s/-fA8n4lSpgAkZPnbCcTv-A","微信读书"
"国科大就业","2025-08-14","招聘 | 2025年武汉信息网络学院（武汉网络安全大学，暂定名）招聘管理人员30人","https://mp.weixin.qq.com/s/RQctWaYk2D5pg0KEF3rOwg","微信读书"
"国科大就业","2025-08-14","双选会 | 9月13日 2025年秋季博士、博士后高层次人才洽谈会","https://mp.weixin.qq.com/s/EqMMQ7YNxfFOmXoqL33awA","微信读书"
"国科大就业","2025-08-14","就业讲堂 | 找工作，注意甄别虚假招聘信息！","https://mp.weixin.qq.com/s/wDrYJIrwLom8rtJ7EZq7fw","微信读书"
"国科大就业","2025-08-13","招聘 | 中国电科第三十八所2026届校园招聘正式启动！","https://mp.weixin.qq.com/s/Z5FYPG_a0oZkwacKUlpcNQ","微信读书"
"国科大就业","2025-08-13","招聘 | 荣耀2026届校园招聘全球热招","https://mp.weixin.qq.com/s/eKB2E3bVtu__XfnI07YGPQ","微信读书"
"国科大就业","2025-08-13","招聘 | 乾象投资2026届校园招聘全球启动","https://mp.weixin.qq.com/s/3G5-F4c6KWbHOWhLb_g9DQ","微信读书"
"国科大就业","2025-08-13","招聘 | 联想 2026 校园招聘全面启动！","https://mp.weixin.qq.com/s/Bz-e3QYxjpGeUxXDE4kJdg","微信读书"
"国科大就业","2025-08-13","招聘 | 理想汽车2026届AI人才专项“理想+”计划全面启动","https://mp.weixin.qq.com/s/zD0aRCpBqbolvsdKIS-cvA","微信读书"
"国科大就业","2025-08-13","长江存储2026届全球校园招聘启动","https://mp.weixin.qq.com/s/7tnqIMLN6foP_JXiaxPAgw","微信读书"
"国科大就业","2025-08-13","就业讲堂 | 试用期因个人原因辞职，要付违约金吗？","https://mp.weixin.qq.com/s/mX9FmsvpPgen89Xzg9q3wA","微信读书"
"国科大就业","2025-08-12","招聘 | 芯恩2026届校园招聘正式启动！","https://mp.weixin.qq.com/s/3tfQla6PoIJWX5ghjUZJRg","微信读书"
"国科大就业","2025-08-12","招聘 | 米哈游2026校园招聘正式启动","https://mp.weixin.qq.com/s/4YuFaIkfmG1UxwoFgexjsA","微信读书"
"国科大就业","2025-08-12","招聘 | 2026届校招高潜人才计划正式启动","https://mp.weixin.qq.com/s/nz78kYCucRBczXb651q0lw","微信读书"
"国科大就业","2025-08-12","远景能源2026届校园招聘全球启动！","https://mp.weixin.qq.com/s/gRKOI_i0oDQo8osY5KiCdQ","微信读书"
"国科大就业","2025-08-12","就业讲堂 | 订立电子劳动合同，如何进行身份认证？","https://mp.weixin.qq.com/s/szfkMDYyuR591fYfhH8z-w","微信读书"
"国科大就业","2025-08-11","招聘 |【NAURA校招】北方华创2026届校招提前批正式启动！","https://mp.weixin.qq.com/s/v7xdV55yze8utC9YcWRmbg","微信读书"
"国科大就业","2025-08-11","招聘 | 苏州实验室材料综合研究设施招聘启事","https://mp.weixin.qq.com/s/RTjxmRDBW5eD47aXFlck4g","微信读书"
"国科大就业","2025-08-11","双选会 | 9月15日 工信就业-中博汇高层次人才洽谈会“2025年度秋季”巡回招聘会—中国科学院大学硕博专场","https://mp.weixin.qq.com/s/AKChcibGp0HBO1XBBlKrXg","微信读书"
"国科大就业","2025-08-11","开放日｜北京航天试验技术研究所2025年所区开放日活动邀请函","https://mp.weixin.qq.com/s/lmlKazUtyNF5UR9K0Bchuw","微信读书"
"国科大就业","2025-08-11","就业讲堂 | 申请劳动仲裁的具体程序是什么？","https://mp.weixin.qq.com/s/s4s1-YpGy2amsaZHL3RmQw","微信读书"
"国科大就业","2025-08-09","招聘 | 中国航天科工三院31所2026届校园招聘全面启动","https://mp.weixin.qq.com/s/XpUrGdqOkPRnSYCMFDgZKA","微信读书"
"国科大就业","2025-08-09","招聘 | 小红书2026校园招聘全球启动！毕业两年内均可投递。","https://mp.weixin.qq.com/s/8qHSPQokvYKFtNnfGyoENA","微信读书"
"国科大就业","2025-08-09","招聘 | 潍柴雷沃智慧农业科技股份有限公司诚聘博士英才！","https://mp.weixin.qq.com/s/luYDtuaXRJmYd-GFm2lkGg","微信读书"
"国科大就业","2025-08-09","招聘 | 工大卫星2026届“星”动力招聘正在进行中","https://mp.weixin.qq.com/s/tc1YT3c8xb6ga5FQKlRAhg","微信读书"
"国科大就业","2025-08-09","腾讯2026校园招聘全球启动","https://mp.weixin.qq.com/s/gFRq7_uuL239TEORJVDR4w","微信读书"
"国科大就业","2025-08-09","就业讲堂 | 结构化面试如何应对？攻略来啦","https://mp.weixin.qq.com/s/fAopdFxSKkdkmyoxP0WoXQ","微信读书"
"国科大就业","2025-08-08","招聘 | 浙江产权交易所2025年招聘公告","https://mp.weixin.qq.com/s/ex-6-6mtBB4OlIYEXFLWPg","微信读书"
"国科大就业","2025-08-08","招聘 | 交通运输部所属事业单位2025年度第五批统一公开招聘公告","https://mp.weixin.qq.com/s/2blPE0ANnVpBCsPyWCfiSg","微信读书"
"国科大就业","2025-08-08","招聘 | 欢迎加入电科思仪 | 2025届校园招聘","https://mp.weixin.qq.com/s/JNotGMrHEVyrieHB8uh2Sw","微信读书"
"国科大就业","2025-08-08","招聘 | 国药集团研究院公开招聘公告","https://mp.weixin.qq.com/s/nfQNbTtPGB7qL2V7NorKoQ","微信读书"
"国科大就业","2025-08-08","招聘 | 大华股份2026届顶尖人才招聘启动","https://mp.weixin.qq.com/s/KUsHzIwPyMrU-AE-_G6fOA","微信读书"
"国科大就业","2025-08-08","荣耀2026届博士校园招聘全球热招","https://mp.weixin.qq.com/s/TslLZVHa4QpRU0hk8jCI1Q","微信读书"
"国科大就业","2025-08-08","就业讲堂 | 入职收取工作服费用？当心！抵制违规收费","https://mp.weixin.qq.com/s/YVgr2tfx23NB3TdSL1TPqQ","微信读书"
"国科大就业","2025-08-07","中国船舶集团有限公司第七一五研究所“尖峰计划”夏令营邀请函","https://mp.weixin.qq.com/s/UqICK5aEfRA-_qgS_5WF8A","微信读书"
"国科大就业","2025-08-07","招聘│全芯微2026届校园招聘正式启动！","https://mp.weixin.qq.com/s/KlMeJLLrdNA12x57u3mGKw","微信读书"
"国科大就业","2025-08-07","招聘 | 中国地质调查局局属单位2025年度公开招聘工作人员公告（第三批）","https://mp.weixin.qq.com/s/hNrF073Xe75rU8Td5oCnvQ","微信读书"
"国科大就业","2025-08-07","招聘 | 元戎启行2026校园招聘正式启动！","https://mp.weixin.qq.com/s/EwSaaROtkzz9mQUHbj26HA","微信读书"
"国科大就业","2025-08-07","招聘 | 三一重能2026届提前批火热进行中～","https://mp.weixin.qq.com/s/y6TXEMqMsqp4Av6u24x_tA","微信读书"
"国科大就业","2025-08-07","小米集团2026届全球校园招聘正式启动","https://mp.weixin.qq.com/s/wasgV2T-DidGIe9Js47JyA","微信读书"
"国科大就业","2025-08-07","就业讲堂 | 劳动仲裁鉴定费由谁承担？","https://mp.weixin.qq.com/s/ZFBmcPrEyvehKhULvDZn4Q","微信读书"
"国科大就业","2025-08-06","字节跳动2026校园招聘","https://mp.weixin.qq.com/s/zapmmEDP0uPSUgeHEZb6Og","微信读书"
"国科大就业","2025-08-06","招聘 | 中科光电2026届校园招聘正式启动！","https://mp.weixin.qq.com/s/q2rwtPZa3f7bNj2A6xmjKQ","微信读书"
"国科大就业","2025-08-06","招聘 | 三环集团2026届校园招聘正式启动！期待收到你的简历~","https://mp.weixin.qq.com/s/EH0mptZq6J3jP0qCrJcC7w","微信读书"
"国科大就业","2025-08-06","招聘 | 饿了么秋季2026届应届生招聘正式启动","https://mp.weixin.qq.com/s/waP_0NBUMHKuTdiEUaWGAA","微信读书"
"国科大就业","2025-08-06","招聘 | 阿里云2026届应届生招聘 全球启动","https://mp.weixin.qq.com/s/NUscozCQWMShb_XgLk9C1Q","微信读书"
"国科大就业","2025-08-06","就业讲堂 | 发生工伤后，只能拿最低工资了吗？","https://mp.weixin.qq.com/s/NZ-ReTWm0OYcm_C0vFHXsQ","微信读书"
"国科大就业","2025-08-05","招聘丨中船贸易2026年度校园招聘公告","https://mp.weixin.qq.com/s/yUOvQ3MF5O07cFW4UGs3Bw","微信读书"
"国科大就业","2025-08-05","招聘 | 影石2026届秋季校园招聘启动","https://mp.weixin.qq.com/s/VsUw6QKn14ejgo7ma-rv9w","微信读书"
"国科大就业","2025-08-05","招聘 | 思特威2026届秋季校园招聘正式启动！","https://mp.weixin.qq.com/s/a__Pk5ysE-pDRDP8v62IEA","微信读书"
"国科大就业","2025-08-05","招聘 | 河南省科学院超硬材料产业技术研究院-2025年校园招聘","https://mp.weixin.qq.com/s/NT73KbATNXEfvPFvOO3BEg","微信读书"
"国科大就业","2025-08-05","招聘 | 高拓讯达2026届校园招聘火热进行中","https://mp.weixin.qq.com/s/xtGiLsPStoxzgd_ILaFBzA","微信读书"
"国科大就业","2025-08-05","招聘 | 帆软2026届秋季校园招聘提前批启动！","https://mp.weixin.qq.com/s/NyAHvbswVhJIKnhIDnMRpw","微信读书"
"国科大就业","2025-08-05","就业讲堂｜入职新单位，年休假如何享受？","https://mp.weixin.qq.com/s/CjzmtwffQHBFqIAyEpouNg","微信读书"
"国科大就业","2025-08-05","阿里淘天集团26届秋招正式启动","https://mp.weixin.qq.com/s/vHqVqov9ZG-fhZK4rWqkig","微信读书"
"国科大就业","2025-08-04","中国盐业集团有限公司2025年夏季公开招聘公告","https://mp.weixin.qq.com/s/IwJyqc0OcQ_D0eDICWnOhQ","微信读书"
"国科大就业","2025-08-04","招聘 | 卓驭顶尖人才招聘 | 领航者计划","https://mp.weixin.qq.com/s/KTBrt2FmekI4BIFpP77rIQ","微信读书"
"国科大就业","2025-08-04","招聘 | 卓驭2026校园招聘正式启动","https://mp.weixin.qq.com/s/6v9gog-1bjCrgFgSAZ-yQw","微信读书"
"国科大就业","2025-08-04","招聘 | 招商银行·招银网络科技2026届秋季校园招聘全球启动！","https://mp.weixin.qq.com/s/b7iMNg9n9qAnncQMAJDwww","微信读书"
"国科大就业","2025-08-04","招聘 | 航天五院遥感卫星总体部2026招聘信息","https://mp.weixin.qq.com/s/UEhWy316J8P4NidD1Lj17Q","微信读书"
"国科大就业","2025-08-04","招聘 | 寒武纪2026届校园招聘正式启动","https://mp.weixin.qq.com/s/N6HJIgvl2xyUNnXo5-Lmyw","微信读书"
"国科大就业","2025-08-04","招聘 | 哔哩哔哩2026届校园招聘正式启动！","https://mp.weixin.qq.com/s/6U6a_2WklpfQFug1tv0cmg","微信读书"
"国科大就业","2025-08-04","就业讲堂 | 职场新人必看！签合同，注意这些事","https://mp.weixin.qq.com/s/5SzZvbriZnoZwgoUoWmmAQ","微信读书"
"国科大就业","2025-08-01","招聘 | 中国刑事警察学院第二批招聘","https://mp.weixin.qq.com/s/ZFNE6dyHIgCkiOg1ECv_Rw","微信读书"
"国科大就业","2025-08-01","招聘 | 智源研究院26届“智星”科技人才计划正式启动","https://mp.weixin.qq.com/s/004sV1FweaCzuv7mo71pXQ","微信读书"
"国科大就业","2025-08-01","招聘 | 原力灵机 2026 秋季校园招聘全面开启！","https://mp.weixin.qq.com/s/RP_UuXZZd8qr-M4H_TVYHA","微信读书"
"国科大就业","2025-08-01","招聘 | 迅雷2026校园招聘正式批正式启动！","https://mp.weixin.qq.com/s/YyoGG0M8kYYoDWELbX1ZbA","微信读书"
"国科大就业","2025-08-01","招聘 | 海尔智家2026届顶尖人才项目正式启动","https://mp.weixin.qq.com/s/Y8nvbSFiS5VmuT8Bqlb7Yw","微信读书"
"国科大就业","2025-08-01","快手2026全球秋季校园招聘启动","https://mp.weixin.qq.com/s/fJwaaTeJS803rIEv5kjbLA","微信读书"
"国科大就业","2025-08-01","就业讲堂 | 劳动者必须签竞业限制和培训服务期协议吗？","https://mp.weixin.qq.com/s/dpp7-e8OI_Nmpupkm9nofw","微信读书"
"国科大就业","2025-07-31","招聘丨中国电子科技集团公司第四十、四十一研究所招聘","https://mp.weixin.qq.com/s/GmSKo6jZ6aH9crcKQkZl2Q","微信读书"
"国科大就业","2025-07-31","招聘 | Shopee研发中心2026届校园招聘正式启动！","https://mp.weixin.qq.com/s/tmFMqIGld9VdLeaBMfqkNw","微信读书"
"国科大就业","2025-07-31","招聘 | 山东省科学院海洋仪器仪表研究所高层次人才招聘公告","https://mp.weixin.qq.com/s/S3lwhzz-o-a8YAuiFu02EA","微信读书"
"国科大就业","2025-07-31","招聘 | 前海开源2026届校园招聘暨暑期实习招聘正式启动！","https://mp.weixin.qq.com/s/yr9rooc6glCwsFWd8koV1A","微信读书"
"国科大就业","2025-07-31","招聘 | “辽聚理想，材聚未来” 辽宁材料实验室2026招聘","https://mp.weixin.qq.com/s/z1mkDYJQmHbGIjs4WaMJ5g","微信读书"
"国科大就业","2025-07-31","就业讲堂 | 试用期转正后再缴社保费吗？真相是→","https://mp.weixin.qq.com/s/gRa26VltZXfwA_WutNkCBw","微信读书"
"国科大就业","2025-07-31","国机重装中国二重博士人才暑期参访行暨2026届校园招聘提前批邀请函","https://mp.weixin.qq.com/s/T3NYaTfl5y-KafCqgK-AwA","微信读书"
"国科大就业","2025-07-30","中国科学院大学2025年秋季校园招聘活动邀请函","https://mp.weixin.qq.com/s/pqqUhW6_Maz_N2ENdHkKpw","微信读书"
"国科大就业","2025-07-30","招聘 | 商汤科技2026校园招聘全球启动！","https://mp.weixin.qq.com/s/LdE26i9Yv7Sw2YVQKHlGcw","微信读书"
"国科大就业","2025-07-30","招聘 | 浪潮集团2026届校园招聘提前批正式启动！","https://mp.weixin.qq.com/s/GmO3ytJDybb2XIiZqy5yGA","微信读书"
"国科大就业","2025-07-30","招聘 | 合合信息2026届秋季校园招聘全面启动","https://mp.weixin.qq.com/s/ix1F1-z0j-cU3iEJ2VvDcw","微信读书"
"国科大就业","2025-07-30","招聘 | 2026届蚂蚁星Plan A人才专项招募启动！","https://mp.weixin.qq.com/s/JBakyksniF1W25Bpn-yNUw","微信读书"
"国科大就业","2025-07-30","就业讲堂 | 劳动合同到期未续签继续工作，劳动关系怎么算？","https://mp.weixin.qq.com/s/_1PAob-zs9W4XffoIY40cA","微信读书"
"国科大就业","2025-07-29","招聘丨中国林业集团有限公司2025年夏季校园招聘","https://mp.weixin.qq.com/s/ial0k2q3mHoQLn07oompWQ","微信读书"
"国科大就业","2025-07-29","招聘丨中国航空工业集团津电2025届博士招聘","https://mp.weixin.qq.com/s/vThBTsP8bxBSKQ2p_UPRmQ","微信读书"
"国科大就业","2025-07-29","招聘 | 新浪&微博2026届管培生招募正式启动！","https://mp.weixin.qq.com/s/ql2DV8LB200PB4T-Kmz68w","微信读书"
"国科大就业","2025-07-29","招聘 | 华诺星空2026届校园招聘火热开启","https://mp.weixin.qq.com/s/uHjTHKq1DL23hZ9L6i2EYw","微信读书"
"国科大就业","2025-07-29","招聘 | 虹软科技26届校园招聘提前批正式启动！","https://mp.weixin.qq.com/s/NTy5R_iP6voKnMNhUg_7Kw","微信读书"
"国科大就业","2025-07-29","招聘 | 博迈医疗2026届全球校园招聘","https://mp.weixin.qq.com/s/w0AQjf8HGM4wB0Y-tav2qQ","微信读书"
"国科大就业","2025-07-29","美团2026届校园招聘","https://mp.weixin.qq.com/s/CKWQ7mvL0l_M2d5-2LNHnw","微信读书"
"国科大就业","2025-07-29","就业讲堂｜公司合并，试用期要重新约定吗？","https://mp.weixin.qq.com/s/qUffcL-Q61_VGXkCYLTeDQ","微信读书"
"国科大就业","2025-07-25","中核集团2026届提前批校招正式启航!","https://mp.weixin.qq.com/s/nYhNxXNUOHttyH2BncGBFQ","微信读书"
"国科大就业","2025-07-25","招聘 | 搜狐畅游2026届秋季校园招聘提前批正式启动！","https://mp.weixin.qq.com/s/zYeYW0MyTq1_Mw8hEz471g","微信读书"
"国科大就业","2025-07-25","招聘 | 艾为电子2026届校园招聘重磅来袭！","https://mp.weixin.qq.com/s/zv-OEBhRQaB4RCSE1EA7Rg","微信读书"
"国科大就业","2025-07-25","新和成2026“未来之星”全球招募","https://mp.weixin.qq.com/s/S5iiUwh-RRA3piSe-A64XA","微信读书"
"国科大就业","2025-07-25","就业讲堂 | 求职如何防范个人信息泄露？","https://mp.weixin.qq.com/s/Oom1sjhToiKTwxwke_UBYw","微信读书"
"国科大就业","2025-07-21","招聘 | 上海宇量昇2026届校招提前批正式启动","https://mp.weixin.qq.com/s/_iAK9Gb4LVEagIO39tbP9g","微信读书"
"国科大就业","2025-07-21","就业讲堂 | 求职遇到就业歧视怎么办？","https://mp.weixin.qq.com/s/-TLRsjIsR8IXk1mqneAjGg","微信读书"
"国科大就业","2025-07-21","京东2026校园招聘全面启动！","https://mp.weixin.qq.com/s/aqI9nT48cTKpeXR3wqZKbA","微信读书"
"国科大就业","2025-07-21","抖音AI创变者计划 2025 报名开启！让创意照进现实！","https://mp.weixin.qq.com/s/TvIz9xUxhGJXRNQM9svTfg","微信读书"
"国科大就业","2025-07-18","兆领科技潮 易路问未来 | 兆易创新2026校园招聘提前批正式启动","https://mp.weixin.qq.com/s/z1-6WWptgLSbwhkrCDhXMQ","微信读书"
"国科大就业","2025-07-18","招聘｜2025年北京师范大学亚太实验学校招聘启事","https://mp.weixin.qq.com/s/asJxaVgKBwGyNe2GqHUhjg","微信读书"
"国科大就业","2025-07-18","就业讲堂 | 如何辨明虚假招聘信息？","https://mp.weixin.qq.com/s/RaUUDfW4MQlbP409ey2ZVA","微信读书"
"国科大就业","2025-07-18","2025年海内外博士（后）烟台对接交流活动","https://mp.weixin.qq.com/s/r6V8L9hO2LwVPDuCoLQoag","微信读书"
"国科大就业","2025-07-17","招聘｜一汽金融2025夏季校园招聘","https://mp.weixin.qq.com/s/D12-sy1VUzJiWbHDlFUUrA","微信读书"
"国科大就业","2025-07-17","招聘｜暨南大学2025年博士后全球招聘公告","https://mp.weixin.qq.com/s/gtZjqwV8s97LG6OvkVUz-A","微信读书"
"国科大就业","2025-07-17","就业讲堂 | 求职遇到违规收费怎么办？","https://mp.weixin.qq.com/s/3HG2F9s0MoEgFybBPPdX3Q","微信读书"
"国科大就业","2025-07-16","招聘 | OPPO O-Star AI顶尖人才计划 2026届正式启动！","https://mp.weixin.qq.com/s/d0dB3bQBjImPDTKuiELZpA","微信读书"
"国科大就业","2025-07-16","招聘 | 网易游戏互娱2026届校园招聘启动","https://mp.weixin.qq.com/s/2qfUSMtrajmZOl_UvROfNQ","微信读书"
"国科大就业","2025-07-16","招聘 | 德州仪器2026届秋招Open Day","https://mp.weixin.qq.com/s/pfUusLTfbqljNO18l3vHDA","微信读书"
"国科大就业","2025-07-16","人生“欧”卡！OPPO 2026届全球校招，开它！","https://mp.weixin.qq.com/s/62CiP_34DCoPPX3ctOGnXA","微信读书"
"国科大就业","2025-07-16","开放日报名 | 太行国家实验室2025年博士硕士研究生OpenDay交流活动正式启动","https://mp.weixin.qq.com/s/5s1MjUOT1NhoT6Cx507_Yg","微信读书"
"国科大就业","2025-07-16","就业讲堂 | @找工作的小伙伴，三个公式教你高效表达","https://mp.weixin.qq.com/s/ZHuGabk9Q0nUhwibm7pgmg","微信读书"
"国科大就业","2025-07-15","招聘 | 中国航天科工三院三部2026届校园招聘正式启动","https://mp.weixin.qq.com/s/vztGTCd8J_ZNdSw8YjE2Ag","微信读书"
"国科大就业","2025-07-15","招聘 | 直招军官、特招入伍、引进文职……信息支援部队工程大学人才引进公告","https://mp.weixin.qq.com/s/pUjrzgaEvfL-ql1Ck7TaCw","微信读书"
"国科大就业","2025-07-15","实习 | 小米2026顶尖实习生计划正式启动","https://mp.weixin.qq.com/s/bKBoi-GAPCZUV1puPVjnFA","微信读书"
"国科大就业","2025-07-15","就业讲堂 | 求职遇到“黑职介”怎么办？","https://mp.weixin.qq.com/s/pup68inYcOhsU9FUhi73vA","微信读书"
"国科大就业","2025-07-15","滴滴2026届秋季校招提前批正式启动！","https://mp.weixin.qq.com/s/ksL5xs2cv6mqADXb3ByCnQ","微信读书"
"国科大就业","2025-07-15","【万才返邕 共圆梦想】2025年第十三届“广西籍学子回家看看”活动盛大启幕！","https://mp.weixin.qq.com/s/t8Qye7UEiwKtW5qcdby7yQ","微信读书"
"国科大就业","2025-07-12","Touch CIB•数字兴业科技挑战赛（暨数字化人才提前批）正式开启！","https://mp.weixin.qq.com/s/4FkzzAV_mLgFiFyGR7p5kQ","微信读书"
"国科大就业","2025-07-12","招聘 | 米哈游2026校园招聘技术提前批启动！","https://mp.weixin.qq.com/s/HXLbDxGM7r7sXpWpsasa8Q","微信读书"
"国科大就业","2025-07-12","就业讲堂 | 求职有技巧 就业更安全","https://mp.weixin.qq.com/s/2A937srbnH8kUW87VgVN3A","微信读书"
"国科大就业","2025-07-12","7月15日 华为京津东北地区技术分享会--中国科学院大学专场","https://mp.weixin.qq.com/s/cATqK09INs4VqVml_RdyIw","微信读书"
"国科大就业","2025-06-25","招聘 | 中国科学院大学外语系教学科研人员招聘启事","https://mp.weixin.qq.com/s/FNTfxEg0V8PQ9a--Iuil_Q","微信读书"
"国科大就业","2025-06-25","招聘 | 湖南金叶烟草薄片有限责任公司2025年公开招聘","https://mp.weixin.qq.com/s/PR4yukaWptrL2S4-NYbONw","微信读书"
"国科大就业","2025-06-25","宣讲会 | 6.26 14:00 | 中国科学院宁波材料所宣讲会：全年岗位开放|暑期实习介绍|暑期园区开放日活动","https://mp.weixin.qq.com/s/SwgEXpONeBhePnwEJ7WU3A","微信读书"
"国科大就业","2025-06-25","实习 | 联通数科2025年实习生计划正式启动！","https://mp.weixin.qq.com/s/3dyGi3cjANO1nKZ6CuaLhQ","微信读书"
"国科大就业","2025-06-25","开放日 | 探寰宇无形 铸雷达匠心~~中国电科第十四研究所2026届暑期开放日邀请函","https://mp.weixin.qq.com/s/3foIyxj0Euc3Ely1i57wpA","微信读书"
"国科大就业","2025-06-25","就业讲堂 | @求职中的你，“黑职介”、虚假招聘信息需警惕！","https://mp.weixin.qq.com/s/F_c_wzrVrxdLJIMGUJeK6Q","微信读书"
"国科大就业","2025-06-25","大学生雄安行","https://mp.weixin.qq.com/s/-ud9B31dI9EK_nPDPU8sFQ","微信读书"
"国科大就业","2025-06-25","《筑梦基层》——国科大选调生经验分享交流会天津市、重庆市选调生专场预告","https://mp.weixin.qq.com/s/l3VloZPMLHB221CdHiyUNg","微信读书"
"国科大就业","2025-06-24","座谈会 | 6月26日「X-STAR」26/27届顶尖人才引进计划","https://mp.weixin.qq.com/s/tCDQAzkpy_nHXJbKBi7hlw","微信读书"
"国科大就业","2025-06-24","招聘 | 中建八局二公司2026届暑期实习生暨校园大使招募","https://mp.weixin.qq.com/s/eOyRYSjUnw7EcPqZOrnGbw","微信读书"
"国科大就业","2025-06-24","招聘 | 潍柴雷沃智慧农业科技股份有限公司","https://mp.weixin.qq.com/s/M-uAgk9vL65lMxYQAW03cg","微信读书"
"国科大就业","2025-06-24","实习 | 赛轮集团 · 2025「Tire+」暑期实习生计划正式启动！","https://mp.weixin.qq.com/s/tkj6bI_mfXyzkD5_vEw7NA","微信读书"
"国科大就业","2025-06-24","就业讲堂 | 必看！毕业后拿到这份文件千万不能自带！","https://mp.weixin.qq.com/s/Uo99bLFd0HqOSrhqmTsOcA","微信读书"
"国科大就业","2025-06-24","京津冀社保卡“一卡通”应用创新大赛公告","https://mp.weixin.qq.com/s/fYzG5jS5XF_rHmet4xyCUA","微信读书"
"国科大就业","2025-06-24","@青年学子 丰台喊你回家！——海量岗位、超多机遇就在“学子回家”小程序，丰台邀你共赴青春梦想！","https://mp.weixin.qq.com/s/RjrJKbx9di0BhP3ISyAp1A","微信读书"
"国科大就业","2025-06-23","招聘 | 招300名！聊城大学2025年公开招聘博士公告","https://mp.weixin.qq.com/s/_ckIoL6OgT8a8yHOU83VQA","微信读书"
"国科大就业","2025-06-23","招聘 | 北京建筑大学2025年辅导员岗位招聘公告","https://mp.weixin.qq.com/s/OBSHcssGWGcKYoW1MolEOw","微信读书"
"国科大就业","2025-06-23","招聘 | “菱云少年”暑期实习暨校招提前批计划启动！","https://mp.weixin.qq.com/s/YY-0U9YgytGU7vWOVlcVzA","微信读书"
"国科大就业","2025-06-23","实习 | 成都市规划设计研究院2026届暑期实习生招聘正式启动！","https://mp.weixin.qq.com/s/PbNWuJGNZYFTrWNAtxBORw","微信读书"
"国科大就业","2025-06-23","就业讲堂 | 仲裁调解达成协议的，调解书何时生效？","https://mp.weixin.qq.com/s/_CT4xHRI3QR1BjS2y8AQ9A","微信读书"
"国科大就业","2025-06-23","航天五院总体设计部2026届暑期实习招聘启动","https://mp.weixin.qq.com/s/inUs9V_S8OXV45N0i8ag8w","微信读书"
"国科大就业","2025-06-23","博士后招聘 | 速投！国科天迅邀您开启顶尖科研生涯！！","https://mp.weixin.qq.com/s/KcVlGfSOs1uCezrQTopD5w","微信读书"
"国科大就业","2025-06-23","《筑梦基层》——国科大选调生经验分享交流会甘肃省、陕西省选调生专场预告","https://mp.weixin.qq.com/s/oTHVWUceDwQhf0QjQae3vQ","微信读书"
"国科大就业","2025-06-20","招聘 | 中电锦江2026届校园招聘正式开启","https://mp.weixin.qq.com/s/X4DzNMxnhQompBWB1Md6tQ","微信读书"
"国科大就业","2025-06-20","实习 | 中科宇航2025实习生招聘“位” 来可期","https://mp.weixin.qq.com/s/RyLFamQSjtQBgSpKC7EoCg","微信读书"
"国科大就业","2025-06-20","实习 | 2025年株洲市大学生暑期实践暨就业游活动开始报名啦！！！","https://mp.weixin.qq.com/s/RkFHP3a3VUznE0j8V_W4UQ","微信读书"
"国科大就业","2025-06-20","课程预告 | 教育部“互联网+就业指导”公益直播课：农业发展趋势和职业机会","https://mp.weixin.qq.com/s/8NZ_dmCdSXx7RZ_Ld_S47w","微信读书"
"国科大就业","2025-06-20","就业讲堂 | 毕业生关于就业这二十个问题你是否知晓？","https://mp.weixin.qq.com/s/3D2HzhET-NdaTCMSw4Gr8Q","微信读书"
"国科大就业","2025-06-20","广州开发区·黄埔区 | 千名博士暑期实践交流“天天团”活动","https://mp.weixin.qq.com/s/RoKkAOXBfNNwuitz5rmC3Q","微信读书"
"国科大就业","2025-06-19","招聘 | 地平线2026届秋季校园大使招募正式启动","https://mp.weixin.qq.com/s/jNhsFgnuUlRvF_MlLMOv6A","微信读书"
"国科大就业","2025-06-19","药明康德 | 第∞届！星未来化学青年营开启报名｜多重激励已就位，邀你同台比“化”！","https://mp.weixin.qq.com/s/tEvlTy2M-7hg9fyVEM6umA","微信读书"
"国科大就业","2025-06-19","实习 | 国科长三角资本2025暑期实习生招聘正式启动","https://mp.weixin.qq.com/s/0dKh-aI9nkoW3mvsRWX9Qg","微信读书"
"国科大就业","2025-06-19","就业讲堂 | 个人可以查看自己的档案吗？","https://mp.weixin.qq.com/s/02s3ujblMet8CYl962eAqA","微信读书"
"国科大就业","2025-06-19","北京市朝阳区2025年暑期实习生招募公告","https://mp.weixin.qq.com/s/qZPIefr5V36lfxkAzloNmA","微信读书"
"国科大就业","2025-06-19","6月21日，青衿丰行·丰台区教育系统面向北京高校大学生就业实习双选会","https://mp.weixin.qq.com/s/lgm2Vxs3gCS1HVt4A7zjqA","微信读书"
"国科大就业","2025-06-18","招聘 | 运城职业技术大学2025年博士人才引进公告","https://mp.weixin.qq.com/s/f2UaLyGYQwEAmp2KPIZkkw","微信读书"
"国科大就业","2025-06-18","实习丨中化商务有限公司化+计划暑期实习，2025玩一夏！","https://mp.weixin.qq.com/s/3NPpCUTrVIxbj8YR8TpGmw","微信读书"
"国科大就业","2025-06-18","实习 | 中国电信2025年暑期实习生计划正式启动","https://mp.weixin.qq.com/s/zQwMGWFAcpLsqj_br055-w","微信读书"
"国科大就业","2025-06-18","名额有限 报名开启 | 格力创新实践营，解锁你的未来竞争力","https://mp.weixin.qq.com/s/A0qNoce33Qx8xOx5sdXOyQ","微信读书"
"国科大就业","2025-06-18","就业讲堂 | 试用期不用签劳动合同？","https://mp.weixin.qq.com/s/Thln7YR29z8nVpDl5ec3Qg","微信读书"
"国科大就业","2025-06-18","2025IKCEST国际大数据竞赛报名开始，首次加入大模型使用","https://mp.weixin.qq.com/s/JwQGBvnPRcVf3DD3PUhUMA","微信读书"
"国科大就业","2025-06-17","招聘 | 长沙燃气集团2025年校园招聘","https://mp.weixin.qq.com/s/a3Wx-7BydxcaUEWeBtdmrA","微信读书"
"国科大就业","2025-06-17","招聘 | 湖南省岳阳市市直事业单位2025年集中公开招聘工作人员公告","https://mp.weixin.qq.com/s/lKLH_Bk-3EPsRnITOair_Q","微信读书"
"国科大就业","2025-06-17","招聘 | 河南省科学院半导体研究所2025年招聘简章","https://mp.weixin.qq.com/s/7TxexFGIOfVajTSY0dUEuQ","微信读书"
"国科大就业","2025-06-17","实习 | 香港置地“星光计划”暑期实习生招聘","https://mp.weixin.qq.com/s/i1pC9ZLyh5ads9o-ykwcbA","微信读书"
"国科大就业","2025-06-17","开放日 | 中国航空工业集团直升机所 | 2026届校园开放日活动邀请函","https://mp.weixin.qq.com/s/f-4Qc7WTGQd40fVnn0BzGQ","微信读书"
"国科大就业","2025-06-17","就业讲座｜“京彩助梦 成功就业”线上公益讲座","https://mp.weixin.qq.com/s/UB1qNP5PFlL9vfzY_hDl5A","微信读书"
"国科大就业","2025-06-17","江西省首届高层次人才创新创业大赛公告","https://mp.weixin.qq.com/s/jTKl3TZTPP-q6Eez-8SpEg","微信读书"
"国科大就业","2025-06-16","招聘丨中国证券投资者保护基金有限责任公司2025年应届毕业生公开招聘公告","https://mp.weixin.qq.com/s/W6JmSYPru8tRhohhcIrQ9Q","微信读书"
"国科大就业","2025-06-16","招聘 | 中国矿产资源集团总部及在京子企业2025年公开招聘公告","https://mp.weixin.qq.com/s/R30D8xmxEQQV12WKrXmRVQ","微信读书"
"国科大就业","2025-06-16","招聘 | 沈阳飞机设计研究所2025年暑期开放日招募正式启动！","https://mp.weixin.qq.com/s/bFxigFvPphPGEx2-SIVjJw","微信读书"
"国科大就业","2025-06-16","夏令营 | 中国电器科学研究院股份有限公司-2026届硕博精英夏令营","https://mp.weixin.qq.com/s/8w5vXOwEBuTqr619-Y-u9A","微信读书"
"国科大就业","2025-06-16","实习 | 山西省-2025年大学生来晋（在晋）实习实训正式启动","https://mp.weixin.qq.com/s/FMlyq626R9ApjFamLPWR0A","微信读书"
"国科大就业","2025-06-16","实习 | 门头沟区-2025年暑期大学生政务见习营邀请函","https://mp.weixin.qq.com/s/pG6RxNMg2yWeIZYBngLnew","微信读书"
"国科大就业","2025-06-16","就业讲座 | 就业指导系列讲座——如何备战秋招","https://mp.weixin.qq.com/s/ZZg9xu8QaHaSzEPmpSw07A","微信读书"
"国科大就业","2025-06-13","招聘 | 腾讯2026青云计划全球启动","https://mp.weixin.qq.com/s/bkcIkpa5GbvB-xBOqxrjwA","微信读书"
"国科大就业","2025-06-13","招聘 | 暨南大学2025年博士后全球招聘公告","https://mp.weixin.qq.com/s/Dft0BtrAcyc8wZ2caa58Ow","微信读书"
"国科大就业","2025-06-13","芯恩2026届校园大使招募正式启动","https://mp.weixin.qq.com/s/zP8eIhdmzXvHz7OkRhjWOg","微信读书"
"国科大就业","2025-06-13","实习 | 中国建设银行2025年度暑期实习生项目正式启动","https://mp.weixin.qq.com/s/AMWzALbocQ9tpQxrk4Jgkg","微信读书"
"国科大就业","2025-06-13","实习 | 智元机器人2026届暑期实习生招募","https://mp.weixin.qq.com/s/mbOcXH1XI4YyXF8HTPC9kw","微信读书"
"国科大就业","2025-06-13","课程预告 | 教育部“互联网+就业指导”公益直播课：旅游行业发展趋势与职业机会","https://mp.weixin.qq.com/s/5sil9E3pV6TOg4xBMDQKKw","微信读书"
"国科大就业","2025-06-13","就业讲堂 | @找工作的你，警惕“招转培”“招转贷”！","https://mp.weixin.qq.com/s/9o1QRR1BhQbheT0RA_L8uw","微信读书"
"国科大就业","2025-06-12","招聘 | 中铁设计2026年校园招聘","https://mp.weixin.qq.com/s/U43GpPphmkgQWWe3TWw5rg","微信读书"
"国科大就业","2025-06-12","招聘 | 中汽中心2026届提前批校园招聘正式启动","https://mp.weixin.qq.com/s/eB2PqMzoO06GUpRxPhdGDA","微信读书"
"国科大就业","2025-06-12","招聘 | 中国化学天辰公司2025年暑期实习生招聘火热启动","https://mp.weixin.qq.com/s/q2phPtIF7ynaywHNCqC__Q","微信读书"
"国科大就业","2025-06-12","招聘 | 松下2025“松林计划”技术人才招聘火热进行中！","https://mp.weixin.qq.com/s/A0pk3VjtNN79C-imQeI7Vw","微信读书"
"国科大就业","2025-06-12","招聘 | 科大讯飞研究院【2026届飞星计划】校园招聘正式启动！","https://mp.weixin.qq.com/s/eYilLBuZA8XIGk1v5IQobA","微信读书"
"国科大就业","2025-06-12","小红书「REDstar 顶尖人才计划」线下沙龙邀你共赴技术前沿","https://mp.weixin.qq.com/s/T10nseXNAhExwoUws6roig","微信读书"
"国科大就业","2025-06-12","【岗位直推】6月13日，北京高校建筑行业、文旅行业及法律类人才专场双选会","https://mp.weixin.qq.com/s/9ttwyia-1XFm2q2ilHOQeQ","微信读书"
"国科大就业","2025-06-11","招聘丨中国科学院成都文献情报中心招聘启事","https://mp.weixin.qq.com/s/cnm_z0hKqav3UuBVpiLUaQ","微信读书"
"国科大就业","2025-06-11","招聘 | 新东方江苏省域26届提前批即将开启，快人一步抢占Offer先机！","https://mp.weixin.qq.com/s/RV21SUzHVTp24JaiUrNoew","微信读书"
"国科大就业","2025-06-11","云链世界 智创未来 | 千名博士项目对接暨人才引进签约洽谈会--北京站","https://mp.weixin.qq.com/s/7kK2r7RnmSsfGDuO2Pr8yQ","微信读书"
"国科大就业","2025-06-11","实习 | 中国电子科技集团公司第十研究所“未来十所人”2025年暑期开放周邀请函","https://mp.weixin.qq.com/s/_wS6JUerWibOtVfYpQa3Sw","微信读书"
"国科大就业","2025-06-11","实习 | 长沙银行2025暑期实习生招聘正式启动！","https://mp.weixin.qq.com/s/LWS0TgY63sUkh8JQb3Td9Q","微信读书"
"国科大就业","2025-06-11","就业讲堂 | 试用期要缴纳社保费吗？","https://mp.weixin.qq.com/s/1OosciVJfbpRb-QKkHJbyw","微信读书"
"国科大就业","2025-06-11","《筑梦基层》——国科大选调生经验分享交流会云南省选调生和福建省引进生专场预告","https://mp.weixin.qq.com/s/qIBTbKivVoVdB8hJIxFN7w","微信读书"
"国科大就业","2025-06-10","招聘 | TP-Link联洲26届提前批校园招聘&实习生招聘","https://mp.weixin.qq.com/s/3TaREfaM1uyB26mpSAjyDQ","微信读书"
"国科大就业","2025-06-10","招聘 | 深信服X-STAR顶尖人才校招引进暨暑期实习计划全球启动","https://mp.weixin.qq.com/s/w3Gpi7kDdzn749cfhDeTQQ","微信读书"
"国科大就业","2025-06-10","招聘 | 航天恒星2026届校招提前批、实习生正式启动","https://mp.weixin.qq.com/s/JgC-UPtveAXpCzm-CgLPUA","微信读书"
"国科大就业","2025-06-10","招聘 | 工大卫星26届“星动力”招聘","https://mp.weixin.qq.com/s/MNOwC1ty3oX-lI5MnnOo1A","微信读书"
"国科大就业","2025-06-10","招聘 | 倒计时！中国电信云网运营部-研发中心最后一批黄金席位锁定中！","https://mp.weixin.qq.com/s/heTSc6uhXeGrYGjlA135eQ","微信读书"
"国科大就业","2025-06-10","宣讲会 | 6月11日 中国农业大学 | 院士领衔，北京985+未来副教授起步，诚邀人工智能+领域博士加盟！","https://mp.weixin.qq.com/s/6LUxxp1I4eku37CPTrQwsA","微信读书"
"国科大就业","2025-06-10","实习 | 中物院软件中心2025年暑期实习启动啦","https://mp.weixin.qq.com/s/yZRkwG6uUdMONJlDTGGU0g","微信读书"
"国科大就业","2025-06-10","就业讲堂 | 收费“内推”“保offer”？当心，是陷阱！","https://mp.weixin.qq.com/s/hTOfUdP4q7vrDgzfUuVjLw","微信读书"
"国科大就业","2025-06-09","招聘 | 长春大学2025年公开招聘博士高层次人才公告","https://mp.weixin.qq.com/s/2xcyoyyRBKXm1nsZIzuNYA","微信读书"
"国科大就业","2025-06-09","招聘 | 新疆梅花氨基酸有限责任公司-2025校园招聘正式启动","https://mp.weixin.qq.com/s/pRULgRdq9CClRZ1Hc7YHmA","微信读书"
"国科大就业","2025-06-09","招聘 | 湖南能源集团2025年上半年校园招聘正式启动","https://mp.weixin.qq.com/s/UHA_u1B9goMkkhR0U6Ue6A","微信读书"
"国科大就业","2025-06-09","招聘 | 58A计划-顶尖技术人才招募正式启动","https://mp.weixin.qq.com/s/JXYFFZB9eSuHNbfNh3paJA","微信读书"
"国科大就业","2025-06-09","宣讲会 | 6月11日 华为京津东北地区博士线下交流会--中国科学院大学专场","https://mp.weixin.qq.com/s/9i5JmOZbYfmrKWbsOUZKAA","微信读书"
"国科大就业","2025-06-09","就业讲座 | 就业指导系列讲座——职业探索-实习——真枪实弹第一课","https://mp.weixin.qq.com/s/7wqQu8mYGdIeU91mUscrBA","微信读书"
"国科大就业","2025-06-09","阿里淘天T-Star Lab 技术Openday 报名开放","https://mp.weixin.qq.com/s/QfETFWlL8Nd4RAghBTg0qg","微信读书"
"国科大就业","2025-06-05","招聘丨中建丝路2025年春季校园招聘","https://mp.weixin.qq.com/s/qxGVdZYNuMeXl0agHOu1sA","微信读书"
"国科大就业","2025-06-05","招聘｜长飞光纤校园招聘","https://mp.weixin.qq.com/s/0C1Box7FpK-dM_jr0U_J0Q","微信读书"
"国科大就业","2025-06-05","招聘 | 海洋关键材料全国重点实验室，诚聘全球高层次人才！","https://mp.weixin.qq.com/s/UhqPEupFJKUR2-lkKTrTPg","微信读书"
"国科大就业","2025-06-05","宣讲会 | 6月9日 长鑫存储2026校招提前批超详细上岸指南","https://mp.weixin.qq.com/s/V8VG9F9PZEDoXVg4pkBSoA","微信读书"
"国科大就业","2025-06-05","实习丨中冶南方2025年暑期实习生校园招聘","https://mp.weixin.qq.com/s/gSEGIcENMTq0-ElIYVZF9Q","微信读书"
"国科大就业","2025-06-05","实习｜AI新青年！大模型实习生招聘专项火热启动！","https://mp.weixin.qq.com/s/QyKrQKNfCcjPrfDb7cSjTQ","微信读书"
"国科大就业","2025-06-05","就业讲堂 | 应届生档案放错影响考公、考研？打工人也得查档案下落！","https://mp.weixin.qq.com/s/gKuS006v-hOFatEPVIoTww","微信读书"
"国科大就业","2025-06-04","中国航发南方2025年暑期开放日重磅启航","https://mp.weixin.qq.com/s/RBFnGgi0zzR9FBwkru0TmA","微信读书"
"国科大就业","2025-06-04","招聘｜中国航天科工集团第三研究院第三十五研究所2025校园招聘正式启动","https://mp.weixin.qq.com/s/VAxthUpr_ATdji7-aFeM2w","微信读书"
"国科大就业","2025-06-04","招聘 | 中国能建山西院2025年春季校园招聘","https://mp.weixin.qq.com/s/cZdzUMku-dLlR9hPblOQsQ","微信读书"
"国科大就业","2025-06-04","招聘 | 国家税务总局部分直属事业单位2025年度公开招聘公告","https://mp.weixin.qq.com/s/kP1Em_slhtX_PLVDPjY4wA","微信读书"
"国科大就业","2025-06-04","招聘 | 北京市公安局所属事业单位2025年公开招聘事业编制工作人员公告","https://mp.weixin.qq.com/s/G5a-Ab2TEdUs4YIMs9eGRQ","微信读书"
"国科大就业","2025-06-04","招聘 | 2025年中国电子技术标准化研究院招聘","https://mp.weixin.qq.com/s/WbrOgdAmc07zdHd5lMZqZQ","微信读书"
"国科大就业","2025-06-04","就业讲堂 | 从事新职业，需要考取相应证书吗？","https://mp.weixin.qq.com/s/i-qZStg9oV8wJo_x3MomQQ","微信读书"
"国科大就业","2025-06-03","ING实力，IN挑战！华为终端硬件精英挑战赛重大更新！","https://mp.weixin.qq.com/s/_bep5pVnXuGZ4uaMDtIOqQ","微信读书"
"国科大就业","2025-06-03","招聘 | 珠海市杰理科技股份有限公司2025校园招聘","https://mp.weixin.qq.com/s/_C0V1bLF8bQ0gn_q-d-Nmw","微信读书"
"国科大就业","2025-06-03","实习 | 华谊集团2026暑期实习生STAR计划正式启动","https://mp.weixin.qq.com/s/v6f_nBhMwG46EbRBEVlP5A","微信读书"
"国科大就业","2025-06-03","实习 | 大华股份2026届实习生招聘启动","https://mp.weixin.qq.com/s/lLnRyv9m-79GEGPx1XvvZg","微信读书"
"国科大就业","2025-06-03","实习 | 成都高新区2025年“金熊猫实习生”启动！首批招募超1000名实习生","https://mp.weixin.qq.com/s/_pYsXYvzdg9zpAGDdoGeew","微信读书"
"国科大就业","2025-06-03","实习 | 北京移动2025年“育英计划”实习生招募正式开启","https://mp.weixin.qq.com/s/iwmz2ej15OwTl74gvjggCA","微信读书"
"国科大就业","2025-06-03","来啦！中船动力2025年企业开放日","https://mp.weixin.qq.com/s/qH6x6jRJFKY1PABFN_suXg","微信读书"
"国科大就业","2025-06-03","就业讲堂｜用人单位必须发放工资条吗？","https://mp.weixin.qq.com/s/9_7KoHbA-17g3DJYmQi5ow","微信读书"
"国科大就业","2025-05-30","招聘｜2025年新疆理化所引进博士人才招聘公告","https://mp.weixin.qq.com/s/UITFv07Dvs6HtUvSbX1bxg","微信读书"
"国科大就业","2025-05-30","招聘 | 中航技2025暑期实习暨2026校园招聘公告","https://mp.weixin.qq.com/s/W33wohchE1LWGIRCa_YjCw","微信读书"
"国科大就业","2025-05-30","招聘 | 空天信息大学（筹）2025年博士招聘活动","https://mp.weixin.qq.com/s/Lk0zXrxJshkKn09o5auAfQ","微信读书"
"国科大就业","2025-05-30","人才引进 | 锦州2025年招聘引进部分国内外重点高校和急需紧缺专业优秀应届毕业生公告","https://mp.weixin.qq.com/s/55SS_Vv-xvAcJyOg_pOwTw","微信读书"
"国科大就业","2025-05-30","就业讲堂 | 发生劳动争议，如何申请仲裁？","https://mp.weixin.qq.com/s/NKpT0JFggekBTbhFOzn2Iw","微信读书"
"国科大就业","2025-05-29","字节跳动筋斗云人才计划启动！放宽毕业年限，课题数量增加！","https://mp.weixin.qq.com/s/rYRgBM91WlTbAt4xUuZacQ","微信读书"
"国科大就业","2025-05-29","中国航空工业集团洪都2025年企业开放日招募来啦！","https://mp.weixin.qq.com/s/NI7Jc_Mbv9ec5EuGQxUThA","微信读书"
"国科大就业","2025-05-29","招聘 |西城区教委2025年所属事业单位公开招聘工作人员（第二批）公告","https://mp.weixin.qq.com/s/Bwx6hvmaMXGJvbsMpqFZsg","微信读书"
"国科大就业","2025-05-29","招聘 | 度小满2025年博士后人才招聘启动","https://mp.weixin.qq.com/s/ijx6OTL4PGNiWJ3NBGxMVw","微信读书"
"国科大就业","2025-05-29","招聘 | 比亚迪半导体团队召唤25届“芯”青年啦！","https://mp.weixin.qq.com/s/d4G_vUaoRn3_n531OBH7gw","微信读书"
"国科大就业","2025-05-29","实习 | 中国电信2025年暑期实习生计划正式启动！","https://mp.weixin.qq.com/s/e_oVx62Kt2Rz3Y-R8kPrmw","微信读书"
"国科大就业","2025-05-29","荣耀CEO李健重磅发布人才战略，“全球百万雄鹰计划”正式开启！","https://mp.weixin.qq.com/s/NJHiJj2BhXfDKZFi71uYOQ","微信读书"
"国科大就业","2025-05-29","就业讲堂 | 关于三方协议的关键问题，解答来了！","https://mp.weixin.qq.com/s/HvENw4hyaz0uzC_VEhVttw","微信读书"
"国科大就业","2025-05-28","招聘 | 中核四0四有限公司2025届博士招聘","https://mp.weixin.qq.com/s/tx_GkPcZQ44KqqLGJ-19nQ","微信读书"
"国科大就业","2025-05-28","招聘 | 中国进出口银行总行2025年系统开发岗专项校园招聘公告","https://mp.weixin.qq.com/s/i4DVI2sPGfxr8bJ_Hx_Y4A","微信读书"
"国科大就业","2025-05-28","招聘 | 韶音科技2026届提前批校园招聘启动！","https://mp.weixin.qq.com/s/Z84YJ6ta0FVpgDDZc7m0jg","微信读书"
"国科大就业","2025-05-28","招聘 | 北京学校2025年公开招聘公告","https://mp.weixin.qq.com/s/uFkowJI-FgWOSlUfM2gn1A","微信读书"
"国科大就业","2025-05-28","招聘 | “城”聘英才！北京城市学院2025年招聘公告","https://mp.weixin.qq.com/s/MOjPnj0T3EoJsfcZXk4Png","微信读书"
"国科大就业","2025-05-28","实习 | 中国电信天翼云2026届暑期实习生招聘正式启动!","https://mp.weixin.qq.com/s/pQZG3QVJItirB4oZz67XTA","微信读书"
"国科大就业","2025-05-28","实习 | 小天才2026届实习招聘正式启动","https://mp.weixin.qq.com/s/fLFnxHiaWVLDqn37-j1tMg","微信读书"
"国科大就业","2025-05-28","《筑梦基层》——国科大选调生经验分享交流会四川省、湖北省选调生专场预告","https://mp.weixin.qq.com/s/raxxOmRqoJ_o5R1tFc5krQ","微信读书"
"国科大就业","2025-05-27","招聘｜北京京东方医院2025春季全球校招临床医师补录通道开启！","https://mp.weixin.qq.com/s/qG7CClmtG4bO17MdhI8C1w","微信读书"
"国科大就业","2025-05-27","招聘-翰森制药上海生物药研发中心专场","https://mp.weixin.qq.com/s/rfx80dm7iweT5AJhLi0WAw","微信读书"
"国科大就业","2025-05-27","招聘 | 网易GPT-极客热爱青年人才计划","https://mp.weixin.qq.com/s/VESExTJZM59SyjHnODEoNA","微信读书"
"国科大就业","2025-05-27","招聘 | 国家能源集团宁夏电力有限公司2025年高校毕业生春季校园招聘","https://mp.weixin.qq.com/s/WUaNS4P4DWwWWaLKPpiT4Q","微信读书"
"国科大就业","2025-05-27","就业讲堂 | 初夏求职季，这份实习指南快收下！","https://mp.weixin.qq.com/s/dYysS-jvEP3Bh7A0_zu9YQ","微信读书"
"国科大就业","2025-05-27","海信集团2026届信动力计划招聘正式启动！","https://mp.weixin.qq.com/s/oJ3WYPFifX8unW2nfK4S4A","微信读书"
"国科大就业","2025-05-27","5月29日 常州高新区-中国科学院生物物理研究所合作对接专场招聘会","https://mp.weixin.qq.com/s/15G-PIRZ5Y5N7_9NzR2XXQ","微信读书"
"国科大就业","2025-05-27","21CS招聘 | 2025年春季教师招聘持续进行中！","https://mp.weixin.qq.com/s/eqm4-FXoQ6g9hOCdFJsWDA","微信读书"
"国科大就业","2025-05-26","招聘｜江苏省数据集团有限公司2025年第一批公开招聘公告","https://mp.weixin.qq.com/s/fYAM1ud-tEaCMpJ-usVJkw","微信读书"
"国科大就业","2025-05-26","招聘 | 中交三航局厦门分公司2025届校园招聘正式启动！","https://mp.weixin.qq.com/s/sILO9DtoIqO0Tjz9jHHbiA","微信读书"
"国科大就业","2025-05-26","招聘 | 惟楚地有才 于四院为盛—铁四院2026年招聘启事","https://mp.weixin.qq.com/s/jprVFbf_lvt3Z2DasqyTYA","微信读书"
"国科大就业","2025-05-26","招聘 | 深信服2025年X-STAR顶尖人才校招引进暨暑期实习计划全球启动","https://mp.weixin.qq.com/s/up9pBjMmbt460UvuSKRIgQ","微信读书"
"国科大就业","2025-05-26","招聘 | 歌尔2026届精英计划正式启动！","https://mp.weixin.qq.com/s/bJPWYYwqf3uVrV_mD8vDOQ","微信读书"
"国科大就业","2025-05-26","实习 | 浪潮集团2026届实习生招聘","https://mp.weixin.qq.com/s/9RocrI3G-LgtdzAoEVaBVA","微信读书"
"国科大就业","2025-05-26","就业讲堂 | 如何提高职场沟通力？职场新人速看→","https://mp.weixin.qq.com/s/TWmvzwNZ9j6Ki2Yi5g8T2A","微信读书"
"国科大就业","2025-05-24","招聘｜南京中医药大学面向国内外选聘青年特聘教授","https://mp.weixin.qq.com/s/sXj29xhEgtIvu6BNcc0xKA","微信读书"
"国科大就业","2025-05-24","招聘 | 中国科学院合肥物质科学研究院核能安全技术研究所招聘","https://mp.weixin.qq.com/s/fRo4HCBnK_XU18awDixJqg","微信读书"
"国科大就业","2025-05-24","招聘 | 国家税务总局部分直属事业单位2025年度公开招聘公告","https://mp.weixin.qq.com/s/0MTXWZJu-DpaogfMiUfurg","微信读书"
"国科大就业","2025-05-24","实习 | 南方电网数字集团2026届暑期实习生招募公告","https://mp.weixin.qq.com/s/CL2CvC8AoPU4oWe-kaR4pg","微信读书"
"国科大就业","2025-05-24","课程预告 | 教育部“互联网+就业指导”公益直播课：物流行业发展趋势和职业机会","https://mp.weixin.qq.com/s/g_j09BgzbaqfNzEKIFdu-Q","微信读书"
"国科大就业","2025-05-23","中国绿发2025年夏季校园招聘火热开启","https://mp.weixin.qq.com/s/ffs4hz4gxtK7JVzuhaEGow","微信读书"
"国科大就业","2025-05-23","招聘 | 中国科学院空天院2026届校招提前批暨交流日活动开启报名","https://mp.weixin.qq.com/s/spU4WEJQf9byNPfLNBoaAA","微信读书"
"国科大就业","2025-05-23","招聘 | 美团2026届北斗计划正式启动","https://mp.weixin.qq.com/s/zBNxsYKm_EQcQiaAc6PNjg","微信读书"
"国科大就业","2025-05-23","招聘 | 济南历城控股集团有限公司2025年校园招聘公告","https://mp.weixin.qq.com/s/0Xjavn2QrFnG29W3cqKL1g","微信读书"
"国科大就业","2025-05-23","招聘 | 国务院国资委干部教育培训中心2025年度公开招聘公告","https://mp.weixin.qq.com/s/MvYG8pkrgMyOuruv9iBwTw","微信读书"
"国科大就业","2025-05-23","招聘 | 国华能源投资有限公司2025春季校园招聘启动！","https://mp.weixin.qq.com/s/V1XLe-jRwl1QFokiIA51vA","微信读书"
"国科大就业","2025-05-23","就业讲堂 | 解除终止劳动合同的经济补偿“N+1”是什么含义？","https://mp.weixin.qq.com/s/BeyDD8wfxtM-cu4j58xQwQ","微信读书"
"国科大就业","2025-05-22","招聘 | 中核集团2026届提前批校招正式启航!","https://mp.weixin.qq.com/s/YnFe4rGwxZu41da2jHGbKQ","微信读书"
"国科大就业","2025-05-22","招聘 | 宇通26届提前批发车！寻找未来“造车新势力”！","https://mp.weixin.qq.com/s/QJt7A9KQq55Cy8akJIYuww","微信读书"
"国科大就业","2025-05-22","招聘 | 汉江师范学院诚聘博士人才！配偶事业编+子女入学无忧！","https://mp.weixin.qq.com/s/5sQjYIhyLu8oznOtxfhoiQ","微信读书"
"国科大就业","2025-05-22","招聘 | 海尔智家2026届顶尖人才项目正式启动","https://mp.weixin.qq.com/s/cHmzMk3xRwNrG1YNW0aaYw","微信读书"
"国科大就业","2025-05-22","招聘 | 百度2026届AIDU计划正式启动！","https://mp.weixin.qq.com/s/DC6p4DxOZVVmQIbsZIAVVg","微信读书"
"国科大就业","2025-05-22","以睿知，创灼见〡睿创杯首届高校创新创业大赛正式启动！","https://mp.weixin.qq.com/s/dc_tuZFwcnszZEbzaE2nyg","微信读书"
"国科大就业","2025-05-22","就业讲堂 | 离职后，合同需交还单位吗？","https://mp.weixin.qq.com/s/WSkERIzzC_JQnG1qQFB3bw","微信读书"
"国科大就业","2025-05-21","招聘｜中国中煤2025届高校毕业生夏季招聘公告","https://mp.weixin.qq.com/s/ttyJifvTsFaq-4wlM_beGQ","微信读书"
"国科大就业","2025-05-21","招聘 | 中国电研2025届校园招聘正式启动！","https://mp.weixin.qq.com/s/oP3-iphsh1LZLoZGFqjkvA","微信读书"
"国科大就业","2025-05-21","招聘 | 国金证券2025年暑期实习暨2026届校园招聘提前批正式启动！","https://mp.weixin.qq.com/s/vV2BhHAZLpLDxr_XSJ4L1w","微信读书"
"国科大就业","2025-05-21","实习丨中国电信广东公司2025暑期实习生招聘","https://mp.weixin.qq.com/s/uBpe4q8wALlTMtisWZtpZA","微信读书"
"国科大就业","2025-05-21","《筑梦基层》——国科大选调生经验分享交流会福建省、山西省选调生专场预告","https://mp.weixin.qq.com/s/513JDyFoyRg2OsPffPLk_w","微信读书"
"国科大就业","2025-05-20","招聘 | 银行间市场清算所股份有限公司2025春季校园招聘","https://mp.weixin.qq.com/s/vk1vJmRmNSuZgNPAo_9hew","微信读书"
"国科大就业","2025-05-20","招聘 | 特变电工西安电气科技有限公司招聘","https://mp.weixin.qq.com/s/3Sgsv-54BB-V47enF_SjPw","微信读书"
"国科大就业","2025-05-20","招聘 | 交通运输部所属事业单位2025年度第四批统一公开招聘公告","https://mp.weixin.qq.com/s/o7GkdEuFMUoF_sxImPfRmQ","微信读书"
"国科大就业","2025-05-20","招聘 | 重庆电力高等专科学校2025年校园招聘","https://mp.weixin.qq.com/s/ax9kNwjww_Do2j_ync4YMA","微信读书"
"国科大就业","2025-05-20","招聘 | “ 相信光 成为光 ” 2026长飞校园招聘正式启动","https://mp.weixin.qq.com/s/U3pisFUT1iE5e78qzNcHjw","微信读书"
"国科大就业","2025-05-20","就业讲堂 | 发生劳动争议，如何申请调解？","https://mp.weixin.qq.com/s/iTp6pUuprn_QKQUdw_cpbQ","微信读书"
"国科大就业","2025-05-20","国家能源集团2025春季校园招聘启动！","https://mp.weixin.qq.com/s/BeMQH0PRTHuPWsNF135NKQ","微信读书"
"国科大就业","2025-05-19","招聘｜延边大学招聘公告","https://mp.weixin.qq.com/s/hLtTi-mbJlcYHD64QeIJlg","微信读书"
"国科大就业","2025-05-19","招聘｜哈尔滨理工大学招聘事业编制教师","https://mp.weixin.qq.com/s/KpN6ujPHj7EsE2t7AKBI5g","微信读书"
"国科大就业","2025-05-19","招聘 | 中铁二院博士后研究人员招聘启事","https://mp.weixin.qq.com/s/4YzPFXV8LKNbnzN1LK5MZg","微信读书"
"国科大就业","2025-05-19","招聘 | 中国大唐2025届夏季校园招聘全面启动","https://mp.weixin.qq.com/s/XdhwyMx0IP19e6j-Dxe-cQ","微信读书"
"国科大就业","2025-05-19","招聘 | 好未来26届“提前批”正式启动！","https://mp.weixin.qq.com/s/WSrEondj_MmMErgRsQ8Y5w","微信读书"
"国科大就业","2025-05-19","招聘 | 电子测试技术重点实验室招聘","https://mp.weixin.qq.com/s/5Nw2CCLbcxI0kxvVdDYf1g","微信读书"
"国科大就业","2025-05-19","实习 | 中国化学五环公司2025年暑期实习生招聘","https://mp.weixin.qq.com/s/7WrrgevCmtnQCwMJE0db1Q","微信读书"
"国科大就业","2025-05-19","就业讲座 | 就业指导系列讲座——互联网行业发展趋势与职业机会","https://mp.weixin.qq.com/s/4Nquoyrml45L_IhKiebDfg","微信读书"
"国科大就业","2025-05-17","招聘 | 「恒星・博士管培生计划」高潜通道正式开启！","https://mp.weixin.qq.com/s/HBPdCh4kBRMi5y5vtmdioQ","微信读书"
"国科大就业","2025-05-17","实习 | 浙商银行总行2026届暑期实习生计划网申进行中！","https://mp.weixin.qq.com/s/DqLtykTo8BLneLLzGmhJiw","微信读书"
"国科大就业","2025-05-17","青年力量汇聚西城——2025“北京西城·高校发展联盟”西城专场实习双选暨博士人才招募会启动","https://mp.weixin.qq.com/s/3y2umnkkYDLZARboMmBdxg","微信读书"
"国科大就业","2025-05-17","课程预告 | 教育部“互联网+就业指导”公益直播课：群体面试——从通晓把握到行动优化","https://mp.weixin.qq.com/s/4PxnrI-ULCwnd58BTjqfLg","微信读书"
"国科大就业","2025-05-17","看见未来｜2025第十届BOE全球校园创新挑战赛正式启动！","https://mp.weixin.qq.com/s/GKbhSGHQENPdk4bOSwO3JQ","微信读书"
"国科大就业","2025-05-16","招聘｜2025年海军潜艇学院人才引进公告","https://mp.weixin.qq.com/s/u0mEmogT5F8_NeTrmS3HhA","微信读书"
"国科大就业","2025-05-16","招聘 | 退役军人事务部直属事业单位2025年度公开招聘工作人员公告","https://mp.weixin.qq.com/s/PPgdvDj_H9cK7kNBUqIeLQ","微信读书"
"国科大就业","2025-05-16","招聘 | 国务院国资委委属单位2025年度公开招聘应届毕业生公告","https://mp.weixin.qq.com/s/cjHXfZ9hqyBKdeL1Gql0zA","微信读书"
"国科大就业","2025-05-16","招聘 | 660名！攀枝花市开展2025年新一轮人才引进工作","https://mp.weixin.qq.com/s/fs1EU0nCHpmYL-0j0YiQpg","微信读书"
"国科大就业","2025-05-16","实习 | 中国建筑国际集团2025“朝阳计划”暑期实习生招募全面启动","https://mp.weixin.qq.com/s/QP9Y4G5uUHLQIiM5qYx5AA","微信读书"
"国科大就业","2025-05-16","就业讲堂 | 服务期是什么？违反服务期约定要支付违约金吗？","https://mp.weixin.qq.com/s/RbmkooukCPCm8NfezPcRsg","微信读书"
"国科大就业","2025-05-15","中广核2025届夏季校园招聘全面启动！","https://mp.weixin.qq.com/s/gkW1dONvOUxzLEd1AIHw7g","微信读书"
"国科大就业","2025-05-15","招聘 | vivo 蓝极星计划，全球启动！","https://mp.weixin.qq.com/s/vzgYPPsYYlVID_FRZW1OGg","微信读书"
"国科大就业","2025-05-15","招聘 | 中车株洲电力机车研究所有限公司 | 2025年追光训练营正式启动","https://mp.weixin.qq.com/s/G4WKNdEN7cLuytPvaBI8ww","微信读书"
"国科大就业","2025-05-15","招聘 | 航天科工二院2025届补招|双向奔赴 共筑未来","https://mp.weixin.qq.com/s/Rg2NaiC-aQ7uHmFfc-7IUQ","微信读书"
"国科大就业","2025-05-15","招聘 | 北京市人民政府天安门地区管理委员会所属事业单位2025年公开招聘工作人员公告","https://mp.weixin.qq.com/s/0nmQ-VJBBpega4rII_J1lw","微信读书"
"国科大就业","2025-05-15","实习 | 网易游戏（互娱）2026届实习生培养项目来啦！","https://mp.weixin.qq.com/s/CJ3TBQbBdHIsB6_MkHZJjA","微信读书"
"国科大就业","2025-05-15","实习 | 比亚迪研发领域实习生招聘啦~","https://mp.weixin.qq.com/s/MKMOnbzgpun-av1wA8SxGw","微信读书"
"国科大就业","2025-05-15","就业讲堂 | 订立电子劳动合同后，劳动者能要求提供纸质文本吗？","https://mp.weixin.qq.com/s/BkDEJUtIX4gD6DtyiPyg7g","微信读书"
"国科大就业","2025-05-14","招聘 | 字节跳动 Top Seed 人才计划 2026 届正式启动！","https://mp.weixin.qq.com/s/PJb-6F49Ahcu1Ln-ZBM0Gg","微信读书"
"国科大就业","2025-05-14","招聘 | 中国银河证券2026届总部暑期实习生计划（校招提前批）正式启动！","https://mp.weixin.qq.com/s/xsxG8KNmJWo9Ve1Dkx-McA","微信读书"
"国科大就业","2025-05-14","招聘 | 万宝盛华 职等你来","https://mp.weixin.qq.com/s/k1OaPG1zi4g4L3KbFOYr6A","微信读书"
"国科大就业","2025-05-14","招聘 | 虹科2025届春季校园招聘正式启动！","https://mp.weixin.qq.com/s/mLTNAWa4XbxFaoIJmaHIfg","微信读书"
"国科大就业","2025-05-14","实习 | 中金所技术公司2025年暑期实习招聘","https://mp.weixin.qq.com/s/FnAEywAtjHGyIouZbwFfiQ","微信读书"
"国科大就业","2025-05-14","三一重能2026届提前批正式启动啦~","https://mp.weixin.qq.com/s/FGrzmFOqUNGB0pBNlZ_odA","微信读书"
"国科大就业","2025-05-14","就业讲堂 || @毕业生，小心这几类求职陷阱！","https://mp.weixin.qq.com/s/kNCyj1QAazNYt2jZ6SWviQ","微信读书"
"国科大就业","2025-05-13","招聘 | 商务部直属事业单位2025年第二批公开招聘工作人员公告","https://mp.weixin.qq.com/s/mmLeFimErZ6gG8Kn1PHUcw","微信读书"
"国科大就业","2025-05-13","招聘 | 怀柔实验室招聘|基础前沿研究中心","https://mp.weixin.qq.com/s/vYKsFyqyPltIzTtpFN8vlw","微信读书"
"国科大就业","2025-05-13","招聘 | 华为动力保障部2025校园招聘","https://mp.weixin.qq.com/s/cDpbdJh7XIFFtI_mPHWy8A","微信读书"
"国科大就业","2025-05-13","实习 | 中哲物产集团2025暑期训练营","https://mp.weixin.qq.com/s/343FFY46C5Mww7W_r3Brag","微信读书"
"国科大就业","2025-05-13","实习 | 锐捷网络暑期实习生招聘正式启动！","https://mp.weixin.qq.com/s/3sJlmLLxEGLTepIfrXMEiA","微信读书"
"国科大就业","2025-05-13","就业讲座 | 就业指导系列讲座——电器机械和器械制造行业发展趋势与职业机会","https://mp.weixin.qq.com/s/-Gdt0OSt0rgZnl-XvCTxYA","微信读书"
"国科大就业","2025-05-13","《筑梦基层》——国科大选调生经验分享交流会广东省、北京市选调生专场预告","https://mp.weixin.qq.com/s/f8oxWsE-i9LThuXQY81vPQ","微信读书"
"国科大就业","2025-05-12","招聘 | 中国有色矿业集团有限公司所属单位岗位合集（5月）","https://mp.weixin.qq.com/s/4cLhmLHDQTAzrxir7x2N5g","微信读书"
"国科大就业","2025-05-12","招聘 | 威海银行2025届春季校园招聘","https://mp.weixin.qq.com/s/_6bLq6aw_sBSiAqk_UPvGw","微信读书"
"国科大就业","2025-05-12","招聘 | 三亚崖州湾科技城高新区2025年春季校园招聘正式启动！","https://mp.weixin.qq.com/s/dKQLHVv6gyplTV7qbJVZAA","微信读书"
"国科大就业","2025-05-12","招聘 | 恒逸集团2025届校园招聘春季补招来啦！","https://mp.weixin.qq.com/s/PNpqdstAde0QIurpnCZLoA","微信读书"
"国科大就业","2025-05-12","招聘 | 北京工业大学2025年人才岗位招聘","https://mp.weixin.qq.com/s/rJ9sZ13QdXUe6qta0R312Q","微信读书"
"国科大就业","2025-05-12","就业讲座 | 就业指导系列讲座——信息与通信技术行业发展趋势与职业机会","https://mp.weixin.qq.com/s/EZFJVVbtPziH78Z_tTtG-w","微信读书"
"国科大就业","2025-05-12","京东TGT-顶尖青年技术天才计划全球启动！","https://mp.weixin.qq.com/s/GL3O3mGcaembDoEqCv-YtQ","微信读书"
"国科大就业","2025-05-09","中国人民解放军空军诚聘海内外优秀人才","https://mp.weixin.qq.com/s/sy2A2HMAgfL1RBiyze6suQ","微信读书"
"国科大就业","2025-05-09","招聘 | 中国航空工业集团2025全球博士双选会暨人工智能优秀人才招聘专场","https://mp.weixin.qq.com/s/SHDBlJkP02mHq-wTfX-kEw","微信读书"
"国科大就业","2025-05-09","招聘 | 十堰市集中公开招聘143名高层次急需紧缺人才","https://mp.weixin.qq.com/s/ZEW2rT5-CU42T0066xT5Fw","微信读书"
"国科大就业","2025-05-09","招聘 | 包头市事业编制企业用！引进81人！","https://mp.weixin.qq.com/s/8JDSKrYcL5zvUqtZJvSWCw","微信读书"
"国科大就业","2025-05-09","实习 | 中国商飞公司2025年“启航”实习生计划正式启动！","https://mp.weixin.qq.com/s/uy-cBTdQVkpQBb5Al5B3_g","微信读书"
"国科大就业","2025-05-09","实习 | 快手2026快Star实习专项启动","https://mp.weixin.qq.com/s/ZswP2fWybNArx_yUv7cWZw","微信读书"
"国科大就业","2025-05-09","实习 | 佳兆业2025暑期实习生招聘正式启动！","https://mp.weixin.qq.com/s/CQRxPJcwXaaGjk2XuKUftA","微信读书"
"国科大就业","2025-05-09","课程预告 | 教育部“互联网+就业指导”公益直播课：步步为营找工作——求职中的项目管理","https://mp.weixin.qq.com/s/eDUlG_0iU4IkT8NMi-_7Lw","微信读书"
"国科大就业","2025-05-08","中央机关及其直属机构2025年度补充录用公务员公告","https://mp.weixin.qq.com/s/PdgnqCb5hwaLo1WcKBLn6Q","微信读书"
"国科大就业","2025-05-08","招聘 | 比亚迪25届文学&营销类硕博人才招募","https://mp.weixin.qq.com/s/nwsyzZUfOzfaPFqE8IZNNQ","微信读书"
"国科大就业","2025-05-08","招聘 | 2025年北京师范大学亚太实验学校招聘启事","https://mp.weixin.qq.com/s/7Qcxdc1ucLlgPKsmzZBDAg","微信读书"
"国科大就业","2025-05-08","实习 | 中国银河证券2026届总部暑期实习生计划（校招提前批）正式启动","https://mp.weixin.qq.com/s/hrk6-5YbdmtfDngHJaHbiQ","微信读书"
"国科大就业","2025-05-08","实习 | 航天一院2026届暑期实践招聘启动！","https://mp.weixin.qq.com/s/F-8y12DXYmjmio2N4hXYDA","微信读书"
"国科大就业","2025-05-08","就业讲堂｜单独的试用期合同，能签吗？","https://mp.weixin.qq.com/s/-mhy8ePpO37IMSuu4ClejA","微信读书"
"国科大就业","2025-05-08","高博人才2025年春季全国博土高层次人才巡回签约沿谈会","https://mp.weixin.qq.com/s/nB-4ki7WAlJxiYV_JSG9pQ","微信读书"
"国科大就业","2025-05-07","中国一汽研发总院双百计划2025全球硕博人才持续招募","https://mp.weixin.qq.com/s/yhkK3forI76aeW6MIcS3Rw","微信读书"
"国科大就业","2025-05-07","招聘 | 中核光电2025年校招持续进行中","https://mp.weixin.qq.com/s/dBeD-GUMYEdqV4u_hkb5QA","微信读书"
"国科大就业","2025-05-07","招聘 | 扎兰屯市事业单位引才招聘会通知","https://mp.weixin.qq.com/s/p6_4R6pfIuQl94JNzKEpTg","微信读书"
"国科大就业","2025-05-07","招聘 | 华润双鹤药业股份有限公司数据分析岗招聘","https://mp.weixin.qq.com/s/dgs2PMfAZj09StpdOrAUbQ","微信读书"
"国科大就业","2025-05-07","招聘 | 2025年东营市市属事业单位“千名英才”选聘公告","https://mp.weixin.qq.com/s/ZdlqSX-efTf7b9wzadrP3A","微信读书"
"国科大就业","2025-05-07","实习 | 用友集团2026届实习生招聘","https://mp.weixin.qq.com/s/Qf7Uq8K26Qmtk1fr-l4H6w","微信读书"
"国科大就业","2025-05-07","实习 | 58同城2026届转正实习生招聘正式启动！","https://mp.weixin.qq.com/s/263R-OX8XF0TMfuEMnmhXw","微信读书"
"国科大就业","2025-05-07","就业讲座｜“京彩助梦 成功就业”线上公益讲座","https://mp.weixin.qq.com/s/v8-SBmaZIXxaYaokaPawXA","微信读书"
"国科大就业","2025-05-06","招聘 | 中铁大桥科学研究院有限公司2025校园招聘正式启动","https://mp.weixin.qq.com/s/OK-pxLCxRhlHhj1YFFjPHw","微信读书"
"国科大就业","2025-05-06","招聘 | 中国国家博物馆2025年度公开招聘应届毕业生公告","https://mp.weixin.qq.com/s/tp1-MRgF-Wr4MmAgOLtL7A","微信读书"
"国科大就业","2025-05-06","招聘 | 交银国际2025年“星辰计划”春季招聘项目火热开启","https://mp.weixin.qq.com/s/fxmTb6NnTgYtvBct7EsxxA","微信读书"
"国科大就业","2025-05-06","招聘 | 基准方中2025年春季校园招聘正式启动！","https://mp.weixin.qq.com/s/UNNe24HItuOtb0EAL_ZTnA","微信读书"
"国科大就业","2025-05-06","招聘 | 海南大学2025年公开招聘管理、教辅、辅导员和紧缺专业技术人员的公告","https://mp.weixin.qq.com/s/IgfNiuqy3iO1bCmzogE33g","微信读书"
"国科大就业","2025-05-06","招聘 | 国核示范2025年春季校园招聘正式启动","https://mp.weixin.qq.com/s/Zk2MEHHs3bhKiJfRZvysRw","微信读书"
"国科大就业","2025-05-06","招聘 | 广东事业单位招聘高层次紧缺人才","https://mp.weixin.qq.com/s/CxZwDu0Dsph321ZiHwSpQQ","微信读书"
"国科大就业","2025-05-06","实习 | 华勤技术“青苗计划”2025年暑期实习招聘正式启动！","https://mp.weixin.qq.com/s/_Y7R3SQhHMJIbJFJiZcqmA","微信读书"
"国科大就业","2025-04-15","招聘 | 中债信用增进投资股份有限公司2025校园招聘","https://mp.weixin.qq.com/s/UI1baAiYU7gXwjx9bZVNJA","微信读书"
"国科大就业","2025-04-15","招聘 | 中国轻工集团有限公司2025年度春季校园招聘","https://mp.weixin.qq.com/s/tfo_HosFSjZhGjp0S-OHQw","微信读书"
"国科大就业","2025-04-15","招聘 | 中材国际2025春季校园招聘启动","https://mp.weixin.qq.com/s/rTbipwhgL_oG7pnDQak5Pw","微信读书"
"国科大就业","2025-04-15","招聘 | 海淀6所中小学急需岗位，快来看看~","https://mp.weixin.qq.com/s/2lQpODzrdxQjE25LP9VrJA","微信读书"
"国科大就业","2025-04-15","宣讲会 | 4月22日 现场面试｜阿里大文娱集团2026届校园招聘技术专场宣讲会","https://mp.weixin.qq.com/s/CGSc-UvOyNPgGzHCr5Yt1w","微信读书"
"国科大就业","2025-04-15","实习丨中兴通讯实习生招聘正式启动，邀你探索智算兴世界！","https://mp.weixin.qq.com/s/CBOZabvRO1a7o4HZrMQNbQ","微信读书"
"国科大就业","2025-04-15","实习 | 超新星实习生招聘，海康威视2026届实习生招聘正式启动！","https://mp.weixin.qq.com/s/D4Qzz_94aV2XloDJO1u3qA","微信读书"
"国科大就业","2025-04-15","就业讲座 | 就业指导系列讲座——移动互联网智能终端行业发展趋势与职业机会","https://mp.weixin.qq.com/s/Mpo6AU_e3G3FH3F4dBDK7w","微信读书"
"国科大就业","2025-04-14","招聘 | 中国一汽2025春季校园招聘补录岗位大放送","https://mp.weixin.qq.com/s/KTNMSj1UOUmG1Zd__e9J3w","微信读书"
"国科大就业","2025-04-14","招聘 | 腾讯2025校园招聘最新补录岗位大放送","https://mp.weixin.qq.com/s/HV9IGrtjC88QR3EevdW-Lg","微信读书"
"国科大就业","2025-04-14","招聘 | 北京建筑大学2025年第二批公开招聘公告","https://mp.weixin.qq.com/s/1Z1a-H9tr0Q4R_iQ12hp_A","微信读书"
"国科大就业","2025-04-14","招聘 | “深”求贤才 “圳”是你！2025年深圳市考来啦！","https://mp.weixin.qq.com/s/VmB43Lwl8tRcin0LGOXR1g","微信读书"
"国科大就业","2025-04-14","宣讲会 | 4月15日 理想汽车校招&实习招聘宣讲会","https://mp.weixin.qq.com/s/2x1RubqrjnCE7lQ9192bbw","微信读书"
"国科大就业","2025-04-14","宣讲+双选 | 4月20日 “百万英才汇南粤” 2025年N城联动春季招聘活动(北京站)","https://mp.weixin.qq.com/s/0dOW9OKIbOkE9GuYx5ylfA","微信读书"
"国科大就业","2025-04-14","就业讲堂 | 创业政策每周汇（2025009）","https://mp.weixin.qq.com/s/n7lUjYB0IYt5lYtgSa8XYw","微信读书"
"国科大就业","2025-04-12","招聘 | 中国南水北调集团新能源投资有限公司2025年春季校园招聘公告","https://mp.weixin.qq.com/s/XY7_ShRU8Gmqp3EGhBz_-g","微信读书"
"国科大就业","2025-04-12","招聘 | 西南交通大学2025年全球求贤榜","https://mp.weixin.qq.com/s/hn6J6nE5Fz4j3QaOrqCBfw","微信读书"
"国科大就业","2025-04-12","招聘 | 扫码预约! 凯易讯研发实习线上宣讲会","https://mp.weixin.qq.com/s/z2vtd4ZVjXkEnYfYCtbsNg","微信读书"
"国科大就业","2025-04-12","小红书「REDstar顶尖实习生计划」全球启动！","https://mp.weixin.qq.com/s/-GbO5MAlft_48RcCj1u7eg","微信读书"
"国科大就业","2025-04-11","招聘 | 中国稀土集团启动2025届春季校园招聘","https://mp.weixin.qq.com/s/2wL4Y4q04Trbezk-KnX_8A","微信读书"
"国科大就业","2025-04-11","招聘 | 中国科学院兰州化学物理研究所","https://mp.weixin.qq.com/s/1NAnPSvOXDv1tt5mr46T4Q","微信读书"
"国科大就业","2025-04-11","招聘 | 人大附中亦庄新城学校2025年春季教师招聘","https://mp.weixin.qq.com/s/Iis5PxJEUDXKvHnOkvC0Cw","微信读书"
"国科大就业","2025-04-11","招聘 | 河北建投交通投资有限责任公司2025年春季优秀人才引进计划","https://mp.weixin.qq.com/s/ZzKLtE59mNrWayRQ9YWTFA","微信读书"
"国科大就业","2025-04-11","招聘 | 财通公司2025届春季校园招聘","https://mp.weixin.qq.com/s/1iZTne4C1a9huuNeqzA3vQ","微信读书"
"国科大就业","2025-04-11","招聘 | 北京现代2025校园招聘正式启动!","https://mp.weixin.qq.com/s/mb0wWRCrj4NIiXVmnh_s9Q","微信读书"
"国科大就业","2025-04-11","课程预告 | 教育部“互联网+就业指导”公益直播课：油气能源行业发展趋势与求职准备","https://mp.weixin.qq.com/s/Fm487nFQ01TalEzvY3fi0w","微信读书"
"国科大就业","2025-04-11","就业讲堂 | 试用期不用签合同、不用缴社保？@职场新人，收好这篇","https://mp.weixin.qq.com/s/2zqHdhYAMQPv9cGDVGwwvw","微信读书"
"国科大就业","2025-04-10","中核工程“星途计划”诚邀全球英才","https://mp.weixin.qq.com/s/K9HgeJwBXEIgLCnlLfHdVA","微信读书"
"国科大就业","2025-04-10","招聘 | 中国航天标准化与产品保证研究院招聘","https://mp.weixin.qq.com/s/CHWwoDc_8v-oN9uHSbdkVA","微信读书"
"国科大就业","2025-04-10","招聘 | 神农集团2025届春季校园招聘正式启动!","https://mp.weixin.qq.com/s/ALkxcBwtzmZA4Tf-JE5v7A","微信读书"
"国科大就业","2025-04-10","招聘 | 华润电力2025春招火热开启","https://mp.weixin.qq.com/s/jiRd2nKup_qz0x4rcu6xCQ","微信读书"
"国科大就业","2025-04-10","招聘 | 河南省烟草专卖局（公司）2025年高校毕业生招聘公告","https://mp.weixin.qq.com/s/PiNRnbUIT0emXSmYBV8u6w","微信读书"
"国科大就业","2025-04-10","就业讲座｜“京彩助梦 成功就业”线上公益讲座","https://mp.weixin.qq.com/s/hU-LQGDZG1lKIkXuHl9gGA","微信读书"
"国科大就业","2025-04-09","招聘 | 中盐集团2025年春季公开招聘公告","https://mp.weixin.qq.com/s/gsl6eLXDXM4gDi1zuvcY3Q","微信读书"
"国科大就业","2025-04-09","招聘 | 中化蓝天2025春季校园招聘","https://mp.weixin.qq.com/s/NydcMESKEiu82pg7ekGBhw","微信读书"
"国科大就业","2025-04-09","招聘 | 潍柴动力2025年校园招聘简章","https://mp.weixin.qq.com/s/pl871utl_Y4jsf3-7KYU6g","微信读书"
"国科大就业","2025-04-09","实习 | 上场，与世界交手 | 地平线春季2026届实习生招聘正式启动","https://mp.weixin.qq.com/s/L3xQCkJEsWsUI84lt5552A","微信读书"
"国科大就业","2025-04-09","参会单位更新 | 4月10日下午，中国科学院大学2025届毕业生生物医药、地学资环类专场双选会","https://mp.weixin.qq.com/s/2Swf_2Kd0HVHWw1z2UPABA","微信读书"
"国科大就业","2025-04-09","《筑梦基层》——国科大选调生经验分享交流会安徽省、上海市选调生专场预告","https://mp.weixin.qq.com/s/K7NO7-OeA4u0Vyp8Kt0IXg","微信读书"
"国科大就业","2025-04-08","招聘｜中国邮政储蓄银行北京分行2025年春季校园招聘","https://mp.weixin.qq.com/s/tfd17T5IgJ6MSfOlvItzyg","微信读书"
"国科大就业","2025-04-08","招聘 | 中国商飞公司2024-2025年春季校园招聘和年度社会招聘正式启动！","https://mp.weixin.qq.com/s/CaErIXPuUdXQl_u_-7B0Og","微信读书"
"国科大就业","2025-04-08","招聘 | 中国航空工业集团精密所2025届校园招聘","https://mp.weixin.qq.com/s/DViRdt-gPYjoQvUoJ1ZQkg","微信读书"
"国科大就业","2025-04-08","招聘 | 中国光大银行2025年春季校园招聘正式启动！","https://mp.weixin.qq.com/s/ND65ErbvN2P01FiwW8jKLw","微信读书"
"国科大就业","2025-04-08","招聘 | 米哈游2025春季校园招聘启动！","https://mp.weixin.qq.com/s/RPccZS1g4-uv_fF6hlHBrg","微信读书"
"国科大就业","2025-04-08","招聘 | 东莞海昌2025年校园招聘","https://mp.weixin.qq.com/s/-Kxb5OVcdnxKpwC5kgPE0A","微信读书"
"国科大就业","2025-04-08","淘天26届春季实习生招聘持续进行中，热门岗位推荐！","https://mp.weixin.qq.com/s/78l4E261rsLCBM3GOrvB5A","微信读书"
"国科大就业","2025-04-08","就业讲座｜“京彩助梦 成功就业”线上公益讲座","https://mp.weixin.qq.com/s/D1j_ktmNDtsaQX4ynUtj8g","微信读书"
"国科大就业","2025-04-07","招聘 | 中集集团2025届春季校园招聘全面启动","https://mp.weixin.qq.com/s/E4FshNoD0CNaUwD-HWevXg","微信读书"
"国科大就业","2025-04-07","招聘 | 正浩EcoFlow2025春季补录","https://mp.weixin.qq.com/s/AthGR6Z1DqVWa6fafYXZjw","微信读书"
"国科大就业","2025-04-07","招聘 | 新疆巴州2025年引进硕士研究生等优秀专业人才公告","https://mp.weixin.qq.com/s/WKxWvXLTzYTkIvH-BceFQQ","微信读书"
"国科大就业","2025-04-07","招聘 | 上海柏楚电子科技股份有限公司2025届校园招聘","https://mp.weixin.qq.com/s/-oll2l8FhoZ4mg3lpZP_DA","微信读书"
"国科大就业","2025-04-07","招聘 | 春招冲刺‖中物院软件中心春招急聘（北京、绵阳）","https://mp.weixin.qq.com/s/gC6NH0pNYujQmmWFzPCToA","微信读书"
"国科大就业","2025-04-07","招聘 | 重庆八中宏帆中学教师招聘","https://mp.weixin.qq.com/s/VWA4OJDwqgDLjjHYsOCNDg","微信读书"
"国科大就业","2025-04-07","就业指导 | 就业指导系列讲座——科技零售行业发展趋势与职业机会（美团）","https://mp.weixin.qq.com/s/puBdc6oo4e62IiHLEelMLA","微信读书"
"国科大就业","2025-04-04","Momenta智驾校园行-中国科学院大学站","https://mp.weixin.qq.com/s/9Omm9aTg9HnTDaUua5RMng","微信读书"
"国科大就业","2025-04-04","招聘 | 中国矿产资源集团大数据有限公司2025年度招聘公告","https://mp.weixin.qq.com/s/YSKrfp6FLpLR8kRPWeuQ5Q","微信读书"
"国科大就业","2025-04-04","招聘 | 国泰基金2025年“菁英计划”火热开启！","https://mp.weixin.qq.com/s/sgdk52j60PekB5x3WaEKzA","微信读书"
"国科大就业","2025-04-04","招聘 | 国家粮食和物资储备局直属联系单位和垂直管理系统事业单位2025年度公开招聘","https://mp.weixin.qq.com/s/lsADxC0bn69GJR0Sjc2_Ew","微信读书"
"国科大就业","2025-04-04","课程预告 | 教育部“互联网+就业指导”公益直播课：唤醒自我，积极应对——就业压力管理与调适","https://mp.weixin.qq.com/s/1B0Eg9T-JNBQyniUMbZzyg","微信读书"
"国科大就业","2025-04-03","招聘 | 中国气象局在京单位2025年度第二批拟公开招聘岗位公告","https://mp.weixin.qq.com/s/IZrPtIW_d2mbh4Oo4Gp7qA","微信读书"
"国科大就业","2025-04-03","招聘 | 中国南水北调集团中线有限公司2025年春季公开招聘公告","https://mp.weixin.qq.com/s/DCd04sjI6vtFy_SW8lS3Iw","微信读书"
"国科大就业","2025-04-03","招聘 | 中国化学2025年春季校园招聘正式启动！","https://mp.weixin.qq.com/s/Zg1zsJy9prHBBCm5UYyLUw","微信读书"
"国科大就业","2025-04-03","招聘 | 学而思2025届春季校园招聘","https://mp.weixin.qq.com/s/VR64oFO-IzpyLwjXFSUp2A","微信读书"
"国科大就业","2025-04-03","招聘 | 上海城投集团2025年春季校园招聘全面启动","https://mp.weixin.qq.com/s/EZPWHDwSVwU6QzIRIOsuPg","微信读书"
"国科大就业","2025-04-03","招聘 | 飞鱼科技2025届春招正式启动","https://mp.weixin.qq.com/s/-A7ssW9lOMSunyHFasZF5w","微信读书"
"国科大就业","2025-04-03","招聘 | “梦工场”招商银行总行2026届暑期实习生招聘正式启动！","https://mp.weixin.qq.com/s/oe7GGmleVp_8iBEiN_fFrw","微信读书"
"国科大就业","2025-04-02","招聘 | 宇通25届春招火热进行中","https://mp.weixin.qq.com/s/lpcOEOcTLL4Qs-qK7nBUwQ","微信读书"
"国科大就业","2025-04-02","招聘 | 湖北三江航天红阳机电有限公司","https://mp.weixin.qq.com/s/ov3menGfo70RGG4BPkPe5w","微信读书"
"国科大就业","2025-04-02","招聘 | 迪信通2025届校园招聘","https://mp.weixin.qq.com/s/OOPZjeoaHwIz2Jcp23OfbQ","微信读书"
"国科大就业","2025-04-02","招聘 | 成都大学25年招聘","https://mp.weixin.qq.com/s/IECbmLxw8iyZZeNqxjdmZQ","微信读书"
"国科大就业","2025-04-02","实习 | 网易游戏（互娱）2026届实习生培养项目正式启动！","https://mp.weixin.qq.com/s/l1bs7SBfpSwsrLis6jTsHw","微信读书"
"国科大就业","2025-04-02","实习 | 荣耀新产业孵化部2025年实习生正在热招","https://mp.weixin.qq.com/s/cuiYI6Q-tZeHWeBfqCRqzg","微信读书"
"国科大就业","2025-04-02","就业讲堂 | 试用期有“五险一金”吗？","https://mp.weixin.qq.com/s/1HRoaI1r_na9rJrLjkxaDQ","微信读书"
"国科大就业","2025-04-01","招聘 | 向新而生 向质图强｜基地2025人才引进公告","https://mp.weixin.qq.com/s/Ssb32YKzYYajLE5sdVru7A","微信读书"
"国科大就业","2025-04-01","招聘 | 网易游戏雷火春季校园招聘启动！","https://mp.weixin.qq.com/s/HyPdLk2xiKaxeTG4KTMeuQ","微信读书"
"国科大就业","2025-04-01","招聘 | 民生之旅 焕新启航｜中国民生银行招聘","https://mp.weixin.qq.com/s/X_YoraWhL6cjzwvwgp3rvw","微信读书"
"国科大就业","2025-04-01","招聘 | 领航鲸计划|浪潮集团2025届春季校园招聘博士专项","https://mp.weixin.qq.com/s/VLfl7ZJp9pubLVWZtDe7ng","微信读书"
"国科大就业","2025-04-01","招聘 | “芯势力”计划 博士校招专场","https://mp.weixin.qq.com/s/dIaEh21NZWleOyNa4z2rzA","微信读书"
"国科大就业","2025-04-01","科学北极星创业公开课“迈向通用机器人的GPT-4时刻”","https://mp.weixin.qq.com/s/CV1Qv5KygvK_4iobiZZRKg","微信读书"
"国科大就业","2025-04-01","活动预告 | 就业指导系列讲座：增强法律意识 防范就业风险","https://mp.weixin.qq.com/s/ZpjsZi4oV7dVggB2BLwGyw","微信读书"
"国科大就业","2025-03-29","招聘 | 中国海油2025届春季校园招聘启动","https://mp.weixin.qq.com/s/jc7HLaTD7ZdR8OU1dqukeg","微信读书"
"国科大就业","2025-03-29","招聘 | 建世界 投未来~中信建投证券2025届春季校园招聘正式启动！","https://mp.weixin.qq.com/s/8dbq_Uw7onb3N0uc8HNrGw","微信读书"
"国科大就业","2025-03-29","招聘 | 2025年第一批次军事科学院直接选拔招录军官公告（附岗位计划）","https://mp.weixin.qq.com/s/Nxu5Jg0_0vpI5cjy51z3-g","微信读书"
"国科大就业","2025-03-29","招聘 | “芯势力”计划 博士校招专场","https://mp.weixin.qq.com/s/swspXYOnct4C8oKojnUF1A","微信读书"
"国科大就业","2025-03-29","课程预告 | 教育部“互联网+就业指导”公益直播课：读懂招聘需求，强化面试准备","https://mp.weixin.qq.com/s/IaMLuaqJbpCh_Wd87UX-gQ","微信读书"
"国科大就业","2025-03-29","就业讲堂 | 劳动合同如何变更？","https://mp.weixin.qq.com/s/QgkdO4x1d01DY2w5B8c0xQ","微信读书"
"国科大就业","2025-03-29","参会单位更新 | 4月1日 高博人才2025年春季全国博士、高层次人才巡回签约洽谈会-中国科学院大学站","https://mp.weixin.qq.com/s/hbXSj_UiO_-ge302qE0IPA","微信读书"
"国科大就业","2025-03-29","【邀请函】4月10日，“京彩就业”中国科学院大学2025届毕业生生物医药、地学资环类专场双选会","https://mp.weixin.qq.com/s/oB_t3XMfxrx7LMDleRNoQw","微信读书"
"国科大就业","2025-03-28","招聘丨2025年花园路街道辖区企业应届生招聘会火热报名中","https://mp.weixin.qq.com/s/4Nh-QIRTzrs6UyoluWKTIw","微信读书"
"国科大就业","2025-03-28","招聘 | 中国药学会2025年度公开招聘报名提示","https://mp.weixin.qq.com/s/guuaef65EhsdHPcKlpGwkA","微信读书"
"国科大就业","2025-03-28","招聘 | 中国铁塔2025年春季校园招聘正式启动！","https://mp.weixin.qq.com/s/JeRIKgCXgOVDqW04ELreDg","微信读书"
"国科大就业","2025-03-28","招聘 | 深圳中学2025年招聘启动！","https://mp.weixin.qq.com/s/41qxV5XN4Zg3svRlpWfyYA","微信读书"
"国科大就业","2025-03-28","招聘 | 北京市西城区2025年区管企业培优生公开招聘公告","https://mp.weixin.qq.com/s/4wKWIRmvw93jqyqqZepAuw","微信读书"
"国科大就业","2025-03-28","宣讲会 | 3月31日 宝洁研发部专场招聘会","https://mp.weixin.qq.com/s/aHl5oHF4qSI4QvnNzOmOuw","微信读书"
"国科大就业","2025-03-28","就业讲堂 | 什么情况有经济补偿？","https://mp.weixin.qq.com/s/-DS0ftBh0cfZsBftB38_rA","微信读书"
"国科大就业","2025-03-28","3000+岗位！滨城高层次人才招引大会本周六启幕","https://mp.weixin.qq.com/s/M8VjF5IyW9w2U916jwj5xg","微信读书"
"国科大就业","2025-03-27","招聘 | FunPlus2026届实习生招聘","https://mp.weixin.qq.com/s/scLA-iUzCvnaW_VhmRYfNg","微信读书"
"国科大就业","2025-03-27","招聘 | 中国信息安全测评中心2025年度公开招聘工作人员公告","https://mp.weixin.qq.com/s/0m2p8aGcvi-_CljedCSpVQ","微信读书"
"国科大就业","2025-03-27","招聘 | 中国建筑2025届春季校园招聘全面启动","https://mp.weixin.qq.com/s/tUPcgWnwezT4SO1Y3lqS4Q","微信读书"
"国科大就业","2025-03-27","招聘 | 冀银金租2025年度校园招聘高燃启动！","https://mp.weixin.qq.com/s/9k3Of-iZjUN9lmx4DL3AVg","微信读书"
"国科大就业","2025-03-27","招聘 | 国家药品监督管理局直属单位2025年度公开招聘","https://mp.weixin.qq.com/s/XCuA7fiQG2V9Ul8loKwwAQ","微信读书"
"国科大就业","2025-03-27","宣讲会 | 4月1日 阿里巴巴淘天集团2025年补招＆实习生招聘技术宣讲会-中国科学院大学专场","https://mp.weixin.qq.com/s/dsTE-UUIScMfha1i5Pa7yQ","微信读书"
"国科大就业","2025-03-27","就业讲堂 | 试用期必知的法律知识，毕业生别踩坑","https://mp.weixin.qq.com/s/6KpuYqa5SGb3h_Pe1_eeSw","微信读书"
"国科大就业","2025-03-26","招聘 | 中国航空工业集团津电2025届校园招聘","https://mp.weixin.qq.com/s/Jf9bT8ewihmJ2o2untK2dQ","微信读书"
"国科大就业","2025-03-26","招聘 | 西山居2025春季校园招聘正式启动！","https://mp.weixin.qq.com/s/Wto3InHWjwhoyB_vg-AH3w","微信读书"
"国科大就业","2025-03-26","招聘 | 搜狐集团2025春季校园招聘火热启动！","https://mp.weixin.qq.com/s/kw2m-fuhZCf-7dCLiejoiQ","微信读书"
"国科大就业","2025-03-26","招聘 | 广发银行北京分行2025年度春季校园招聘","https://mp.weixin.qq.com/s/js_fyDJBEDwCAuhnRRrOjQ","微信读书"
"国科大就业","2025-03-26","招聘 | 常德烟草机械有限责任公司2025年公开招聘正式启动！","https://mp.weixin.qq.com/s/0eY8oHZujb3kNnSHMQf5pw","微信读书"
"国科大就业","2025-03-26","宣讲会 | 3月27日 国防科技大学2025年校园招聘","https://mp.weixin.qq.com/s/p-7dIUFlAU7JPyB-mhb7Yw","微信读书"
"国科大就业","2025-03-26","就业讲堂 | 用人单位能任意与劳动者约定由劳动者承担违约金吗？","https://mp.weixin.qq.com/s/rNhjP0KREidqandjEMlegw","微信读书"
"国科大就业","2025-03-26","《筑梦基层》——国科大选调生经验分享交流会黑龙江省、江苏省选调生专场预告","https://mp.weixin.qq.com/s/5KQJfMbayU3R92laQ-cMNQ","微信读书"
"国科大就业","2025-03-25","招聘 | 中集安瑞科2025届春季校园招聘正式启动！","https://mp.weixin.qq.com/s/1vpnREGS9p5Y70EjJkv84w","微信读书"
"国科大就业","2025-03-25","招聘 | 中国航信2025校园招聘持续火热进行","https://mp.weixin.qq.com/s/18Ny4MQwDsmOkeTAsy8s9w","微信读书"
"国科大就业","2025-03-25","招聘 | 长江产业集团2025届校园招聘（第二阶段）正式启动","https://mp.weixin.qq.com/s/jOGgDM3sYfGqmrRq-1LmZg","微信读书"
"国科大就业","2025-03-25","招聘 | 国家林业和草原局林草调查规划院2025年度公开招聘应届毕业生公告","https://mp.weixin.qq.com/s/KL4c1vXWYBg-vgLiENCTPQ","微信读书"
"国科大就业","2025-03-25","招聘 | 工银科技2025年度春季校园招聘","https://mp.weixin.qq.com/s/ICPnVvyLD9cFJmezkXcCTw","微信读书"
"国科大就业","2025-03-25","招聘 | 2025第十五届“中兴捧月”全球精英挑战赛正式启动！","https://mp.weixin.qq.com/s/R_cP9cAy0iC_FSljGk4rRw","微信读书"
"国科大就业","2025-03-25","双选会改期通知 | 4月10日，“京彩就业”中国科学院大学2025届毕业生生物医药、地学资环类专场双选会","https://mp.weixin.qq.com/s/9IhOG4efC4n_IrtPyqOF3g","微信读书"
"国科大就业","2025-03-25","活动预告 | 就业指导系列讲座——解码校招面试技巧","https://mp.weixin.qq.com/s/FeQmnIysSpUykFlG6bc7xw","微信读书"
"国科大就业","2025-03-24","招聘丨中国烟草总公司青海省公司2025校园招聘","https://mp.weixin.qq.com/s/N4w7DRVR69p4DQ8-VOW0Fg","微信读书"
"国科大就业","2025-03-24","招聘 | 中航工业洪都2025年博士招聘公告","https://mp.weixin.qq.com/s/KAn2dKAoxuT1yRtbwE3J-Q","微信读书"
"国科大就业","2025-03-24","招聘 | 中国航天科技集团第五研究院·北京空间科技信息研究所","https://mp.weixin.qq.com/s/Gg4oIu5od4IBmXvHtEmPOg","微信读书"
"国科大就业","2025-03-24","招聘 | 苏州高新区引才！120名","https://mp.weixin.qq.com/s/kgTAr6lwCmazrQPNcDPxpg","微信读书"
"国科大就业","2025-03-24","招聘 | 商汤2025春季校园招聘启动｜来，一起定义生成式AI时代吧！","https://mp.weixin.qq.com/s/skdoEqFvuJ7gEJx9ekAmjg","微信读书"
"国科大就业","2025-03-24","招聘 | 渤海银行2025年春季校园招聘正式启动！","https://mp.weixin.qq.com/s/pT4N8fjmonjQJ8bfJr2eUA","微信读书"
"国科大就业","2025-03-24","就业讲堂 | 毕业生已与单位签订三方协议，何时签劳动合同？","https://mp.weixin.qq.com/s/94BoUdxg321FSwtby4FGSg","微信读书"
"国科大就业","2025-03-22","招聘 | 国机集团2025届总部及京内企业管培生春季招聘全面启动","https://mp.weixin.qq.com/s/zv8-pjJtFT_Ooj5UHKkbeA","微信读书"
"国科大就业","2025-03-22","招聘 | 东方电气集团2025届春季校园招聘火热进行中","https://mp.weixin.qq.com/s/lboOIi5rymb3FWfXGm66zA","微信读书"
"国科大就业","2025-03-22","招聘 | 2025年无锡市国有企业公开选调海内外优秀青年人才公告","https://mp.weixin.qq.com/s/REGZe1vIdcwhsZUmuT7eGA","微信读书"
"国科大就业","2025-03-22","宣讲会 | 3月24日 华为2026届实习生招聘-中国科学院大学专场","https://mp.weixin.qq.com/s/osrRMvAOlPZLnhI_i4dWTA","微信读书"
"国科大就业","2025-03-22","事业单位 | 2025年无锡市事业单位公开选调海内外优秀青年人才公告","https://mp.weixin.qq.com/s/lB9ad59PKhDVu34Q1Y6SOA","微信读书"
"国科大就业","2025-03-22","就业讲堂 | 公司合并，劳动合同还有效吗？","https://mp.weixin.qq.com/s/VDwc3BlCfxTWAmhgkfFfqA","微信读书"
"国科大就业","2025-03-21","招聘 | 中国农业科学院兰州畜牧与兽药研究所","https://mp.weixin.qq.com/s/Fomift5Pi96kU7sd4S-Pmw","微信读书"
"国科大就业","2025-03-21","招聘 | 贵州移动2025春季校园招聘","https://mp.weixin.qq.com/s/8R3E1a3bb8fqsfVIE3NO3A","微信读书"
"国科大就业","2025-03-21","招聘 | 北京联通2025春招启动！","https://mp.weixin.qq.com/s/RGEHJDAn3HMbqGm2hj6wag","微信读书"
"国科大就业","2025-03-21","宣讲会 | 3月26日 官宣！2025年上半年陆军直接选拔招录军官公告","https://mp.weixin.qq.com/s/uPIwZToc3X6d_toewnVS0A","微信读书"
"国科大就业","2025-03-21","宣讲会 | 3月24日 军委机关某直属单位2025年向普通高等学校应届毕业生直招军官公告","https://mp.weixin.qq.com/s/MUkWowl1vo9MqqzexiaAHw","微信读书"
"国科大就业","2025-03-21","宣讲会 | 3月24日 军委机关某直属单位2025年面向高校应届毕业生公开招考文职人员公告","https://mp.weixin.qq.com/s/EdGSy45nO4Id2T08xMPiEQ","微信读书"
"国科大就业","2025-03-21","实习 | 3000+实习机会 三大实习专项同步开启 百度2026届暑期实习来啦!","https://mp.weixin.qq.com/s/jRP02PQuLYePU1pwH8IjXw","微信读书"
"国科大就业","2025-03-20","招聘会 | 3月24日 才聚罗湖 益企惠才 深圳市罗湖区2025年猎英名校行--博士汇罗湖高端人才招聘","https://mp.weixin.qq.com/s/tThU54X2sDE1An6Zp8Vtzg","微信读书"
"国科大就业","2025-03-20","招聘｜中国移动总部2025春季校招岗位上线啦！","https://mp.weixin.qq.com/s/62s3lu695MO5q581yh35gg","微信读书"
"国科大就业","2025-03-20","招聘 | 中国能源建设集团有限公司2025届全球春季校园招聘","https://mp.weixin.qq.com/s/M1fAntBwuB1ZIYxlIvXtSw","微信读书"
"国科大就业","2025-03-20","招聘 | 中国电科38所2025年博士专场开放日邀请函","https://mp.weixin.qq.com/s/Hz-sFRzl_G8zEGRn2toC8w","微信读书"
"国科大就业","2025-03-20","招聘 | 通用技术航天医科2025年校园招聘","https://mp.weixin.qq.com/s/fuCbnjVGygqKb3aAKXGkRw","微信读书"
"国科大就业","2025-03-20","实习 | 华为2026届实习生招聘正式启动","https://mp.weixin.qq.com/s/erWOPPLOdQq3kpIULrBLZA","微信读书"
"国科大就业","2025-03-20","活动预告 | 就业指导系列讲座——简历 面试指导","https://mp.weixin.qq.com/s/9vr1pL2yLmOomhCHQvLmAg","微信读书"
"国科大就业","2025-03-20","参会单位更新 | 3月21日下午，中国科学院大学2025届毕业生春季双选会","https://mp.weixin.qq.com/s/q-zUS_hdg7hgWMud_ECyUg","微信读书"
"国科大就业","2025-03-19","招聘 | 中国移动信息技术中心2025年春季校园招聘正式启动！","https://mp.weixin.qq.com/s/PTNI1JxEDqW-l4rFSBCq8w","微信读书"
"国科大就业","2025-03-19","招聘 | 中国金电集团及下属子公司2025年度春季招聘","https://mp.weixin.qq.com/s/T0rMEYBSqqTIyeNIzA6Paw","微信读书"
"国科大就业","2025-03-19","招聘 | 咪咕公司  春季校招  火热来袭，你准备 “接招” 了吗？","https://mp.weixin.qq.com/s/xTKzwC2vnxRqU2NfUB05Qw","微信读书"
"国科大就业","2025-03-19","招聘 | 春风有约 中航工业昌飞2025届春季校园招聘“职”等你来！","https://mp.weixin.qq.com/s/faNTFR9aYshwqApWWi06DQ","微信读书"
"国科大就业","2025-03-19","宣讲会 | 3月21日 腾讯2025实习生招聘宣讲会","https://mp.weixin.qq.com/s/kiUb1J3R1uxI2TxOlTCk1Q","微信读书"
"国科大就业","2025-03-19","实习 | 招商银行·招银网络科技2026届实习生招聘全球启动！","https://mp.weixin.qq.com/s/E_gHo8oYJ4K4k8WeDr4GIQ","微信读书"
"国科大就业","2025-03-19","就业讲堂 | 找工作先交钱？请小心！","https://mp.weixin.qq.com/s/CA1KnCtHzpbL-wHepnwySQ","微信读书"
"国科大就业","2025-03-19","《筑梦基层》——国科大选调生经验分享交流会贵州省、江西省选调生专场预告","https://mp.weixin.qq.com/s/hM4d0yM9YFaEpsdL4GBT3w","微信读书"
"国科大就业","2025-03-18","招聘 | TCL华星2025届春季校园招聘正式启动","https://mp.weixin.qq.com/s/q6xiuc2sSFkUT_kSGrDKBQ","微信读书"
"国科大就业","2025-03-18","招聘 | 中国联通2025春招启动！","https://mp.weixin.qq.com/s/RPe1mpAhzzwHisLKigj9Zw","微信读书"
"国科大就业","2025-03-18","招聘 | 中国环境科学研究院2025年应届生招聘","https://mp.weixin.qq.com/s/Retv4wH9aV8ipymPxuPgLw","微信读书"
"国科大就业","2025-03-18","招聘 | 中国工程物理研究院战略研究中心人才招聘","https://mp.weixin.qq.com/s/5NsRkDPerhXw4SNFvB_Hfw","微信读书"
"国科大就业","2025-03-18","招聘 | 药明康德2025校招情报大公开","https://mp.weixin.qq.com/s/jJyLroqhDfEcoJlin0H7Sg","微信读书"
"国科大就业","2025-03-18","招聘 | 快手2025春季校园招聘启动！","https://mp.weixin.qq.com/s/xxAKwmt3fTCVNybLC5Afvg","微信读书"
"国科大就业","2025-03-18","招聘 | 保定钞票纸业有限公司2025年招聘公告","https://mp.weixin.qq.com/s/zFJr1Z-o3Ag9w25krns0qA","微信读书"
"国科大就业","2025-03-18","宣讲会 | 3月20日 中国人民解放军信息支援部队2025年上半年直招军官","https://mp.weixin.qq.com/s/-XEnpU--yzMCJr9S5mExWA","微信读书"
"国科大就业","2025-03-17","招聘 | 中欧基金2026届暑期实习生招聘启动","https://mp.weixin.qq.com/s/Xq0Emd4hed50hGnsZrXeCQ","微信读书"
"国科大就业","2025-03-17","招聘 | 中国建设银行2025年度春季校园招聘正式启动","https://mp.weixin.qq.com/s/mPvnyjwOcOp28g3_99ytQw","微信读书"
"国科大就业","2025-03-17","招聘 | 硕士补录｜京东方2025全球校园招聘硕士补录通道正式开启","https://mp.weixin.qq.com/s/cWJdFrzKX7IBWDZ930Yt7g","微信读书"
"国科大就业","2025-03-17","招聘 | 计划招5345人！浙江省属高校、医院和科研院所招聘信息正式发布","https://mp.weixin.qq.com/s/q8vV_kbvdTlrdBmuZ59sAg","微信读书"
"国科大就业","2025-03-17","招聘 | 广东电网公司2025年春季校园招聘正式启动","https://mp.weixin.qq.com/s/HJMCRUxtnzq6cSteYyNreA","微信读书"
"国科大就业","2025-03-17","活动预告 | 就业指导系列讲座——如何写好一份简历—简历指导","https://mp.weixin.qq.com/s/O-FHpchM0eDUZLJokVFjPg","微信读书"
"国科大就业","2025-03-17","【岗位直推】3月20日，唐山市2025年中关村高层次人才引进洽谈会","https://mp.weixin.qq.com/s/ee1GOkTrxMvEbsZrzApaPg","微信读书"
"国科大就业","2025-03-15","招聘 | 众安25届补招、26届实习同时启动！","https://mp.weixin.qq.com/s/57XZj4bErYy6m-EFNOMLAg","微信读书"
"国科大就业","2025-03-15","招聘 | 辽宁庆阳特种化工有限公司校园招聘","https://mp.weixin.qq.com/s/URG_5bp1-Aal-2uXr4K78A","微信读书"
"国科大就业","2025-03-15","宣讲会 | 3月17日 Shopee研发中心2025暑期实习&春招补招启动！","https://mp.weixin.qq.com/s/z7svc05OqD_HJpQAhrox2w","微信读书"
"国科大就业","2025-03-15","宣讲会 | 3月17日 中核四0四有限公司2025届春季校园招聘","https://mp.weixin.qq.com/s/z-tOOnMaHyPBFLO3-PIWfg","微信读书"
"国科大就业","2025-03-15","宣讲会 | 3月17日 中国电子云2025春季校园招聘全面开启","https://mp.weixin.qq.com/s/kZDHEgESZK4ggwcrbbuMxw","微信读书"
"国科大就业","2025-03-15","双选会 | 4月1日 高博人才2025年春季全国青年博士、高层次人才洽谈会-中国科学院大学奥运村校区专场","https://mp.weixin.qq.com/s/Z7atSMRjfqW4ZZzPmdEndw","微信读书"
"国科大就业","2025-03-15","课程预告 | 教育部“互联网+就业指导”公益直播课：新时代下，我们如何做职业选择","https://mp.weixin.qq.com/s/1qqXf4oabTt5CwB6p1iFfw","微信读书"
"国科大就业","2025-03-15","就业讲堂 | 【政策资讯】创业政策每周汇（2025005）","https://mp.weixin.qq.com/s/frbabAOrWRV2AbJCTQSSyw","微信读书"
"国科大就业","2025-03-14","招聘 | 中国银行广东省分行2025年春季招聘正式启动！","https://mp.weixin.qq.com/s/yxJyjgpu6b4lA3c2CUrkVQ","微信读书"
"国科大就业","2025-03-14","招聘 | 中国移动终端公司2025春季校园招聘全面启动","https://mp.weixin.qq.com/s/Bf6hDm2kXnXJVAptXXOTHg","微信读书"
"国科大就业","2025-03-14","招聘 | 因诺资产2025届春季校园招聘全面启动","https://mp.weixin.qq.com/s/lghCQ6hEyTaxbfyCljqjUA","微信读书"
"国科大就业","2025-03-14","招聘 | 理想汽车2025春季校园招聘正式启动","https://mp.weixin.qq.com/s/lv0cEOnvobggruViLUcrBg","微信读书"
"国科大就业","2025-03-14","招聘 | 海南电网公司2025年春季校园招聘正式启动","https://mp.weixin.qq.com/s/flKaKjcbHIBzMzJ09t4uJQ","微信读书"
"国科大就业","2025-03-14","实习 | 招商银行信用卡2026届暑期实习生招聘开启！","https://mp.weixin.qq.com/s/kpcRk6qymeV4YwuAjhZq5Q","微信读书"
"国科大就业","2025-03-14","就业讲堂｜毕业生必看！春招上岸指南，带你拿下理想offer","https://mp.weixin.qq.com/s/FgYDounn2FhbfbytAX26ag","微信读书"
"国科大就业","2025-03-14","2025德州仪器春季招聘正式启动","https://mp.weixin.qq.com/s/dFZvsJKyk8r55JN6sO-exg","微信读书"
"国科大就业","2025-03-13","招聘｜北京大学长沙计算与数字经济研究院2025届春季校园招聘火热进行中","https://mp.weixin.qq.com/s/3QlvcLObUx62KKCaMaetBQ","微信读书"
"国科大就业","2025-03-13","招聘 | 有研复材2025春季校园招聘","https://mp.weixin.qq.com/s/soOEq0xCxD83xucOnre9hw","微信读书"
"国科大就业","2025-03-13","招聘 | 龙湖集团2025春季校园招聘正式启动！","https://mp.weixin.qq.com/s/8ypvJDDXUTlRoidv7RNjtQ","微信读书"
"国科大就业","2025-03-13","招聘 | 汉江实验室2025届校园招聘春招启动","https://mp.weixin.qq.com/s/-7cfawNNJwk5uEM-2aBktw","微信读书"
"国科大就业","2025-03-13","招聘 | 格力电器2025届博士春季招聘正式启动","https://mp.weixin.qq.com/s/KwONY4r0qwGsUNFHBe0Y-g","微信读书"
"国科大就业","2025-03-13","双选会 | 【上海】 3月14日 中国科学院大学上海地区研究所2025年春季毕业生就业双选会","https://mp.weixin.qq.com/s/qfigZzGP1H6AsHWuxq8ipA","微信读书"
"国科大就业","2025-03-13","就业讲堂 | 面试结束后，要做哪些事？求职必看！","https://mp.weixin.qq.com/s/PsUWa-mJlXyjfDKZy_EUXQ","微信读书"
"国科大就业","2025-03-13","“天下泉城聚天下英才”中国•济南第三届高层次人才招引大会","https://mp.weixin.qq.com/s/UpIxrId32RoJ46d7VO1F7A","微信读书"
"国科大就业","2025-03-12","招聘 | Shopee研发中心2025暑期实习&春招补招启动！","https://mp.weixin.qq.com/s/DPPpc6cxUovsYWPma9afuQ","微信读书"
"国科大就业","2025-03-12","招聘 | 中蓝晨光化工研究设计院2025届校园招聘正式启动！","https://mp.weixin.qq.com/s/T-jOVgFVBUgqKxdNY2iyLQ","微信读书"
"国科大就业","2025-03-12","招聘 | 中航工业未来飞行训练装备技术协同创新中心（北京）2025年博士招聘","https://mp.weixin.qq.com/s/OPr7Vi2_pgTxRZRvROCdzg","微信读书"
"国科大就业","2025-03-12","招聘 | 中国工商银行平台金融发展中心2025年度春季校园招聘长图文","https://mp.weixin.qq.com/s/gtIXise7Pn74WVHo-Yp0IA","微信读书"
"国科大就业","2025-03-12","招聘 | 广东移动2025年“金种子计划”与春招同步启动","https://mp.weixin.qq.com/s/XHQa1hKYIViXSaM_uYzt8g","微信读书"
"国科大就业","2025-03-12","宣讲会 | 3月14日 赛力斯集团2025春季全球校园招聘正式启动","https://mp.weixin.qq.com/s/STNMYSpX72oECfI7dKvcWg","微信读书"
"国科大就业","2025-03-12","活动预告 | 就业指导系列讲座——简历 面试指导","https://mp.weixin.qq.com/s/EobWM1rE45SyCql3gRsueA","微信读书"
"国科大就业","2025-03-12","参会单位更新 | 3月13日 蓝桥人才2025年春季全国硕博巡回招聘会中国科学院大学专场","https://mp.weixin.qq.com/s/jmRNoDjESeGEU-zIFeORRg","微信读书"
"国科大就业","2025-03-11","招聘会 | 3月13日 甘肃省重点企事业单位赴中国科学院大学引才专场招聘活动","https://mp.weixin.qq.com/s/pUooq2zyaKEkdOXOMi8n4w","微信读书"
"国科大就业","2025-03-11","招聘 | 中移咨询2025春季校园招聘火热进行中！","https://mp.weixin.qq.com/s/IuPdbne-3q9JE3_hMW75HA","微信读书"
"国科大就业","2025-03-11","招聘 | 潍柴集团2025年春季校园招聘燃“擎”启动","https://mp.weixin.qq.com/s/VDSXl7w63cRd_3-rGszHWQ","微信读书"
"国科大就业","2025-03-11","招聘 | 海目星激光2025届春招启动！","https://mp.weixin.qq.com/s/VBuUIkJ2hQbHZFUXflbqBw","微信读书"
"国科大就业","2025-03-11","招聘 | 广西公司 | 2025春季校园招聘全面启动！","https://mp.weixin.qq.com/s/WP0ilLpfbSe7RG3_VPsFcA","微信读书"
"国科大就业","2025-03-11","宣讲会+双选会 | 3月14日 网络空间部队直招军官","https://mp.weixin.qq.com/s/trbzD7IBgsLfP7sJIvcaww","微信读书"
"国科大就业","2025-03-11","宣讲会 | 3月12日 MDPI春季宣讲会","https://mp.weixin.qq.com/s/I-xPUw0d-jJplaq6mB4kWA","微信读书"
"国科大就业","2025-03-11","就业讲堂 | 就业知识：入职新单位当年，能休年休假吗？","https://mp.weixin.qq.com/s/LvV8rgHcc5m2KofXanV0_g","微信读书"
"国科大就业","2025-03-10","招聘 | 中国电子科技集团公司第四十、四十一研究所","https://mp.weixin.qq.com/s/pqcIow-v7fFqSlxCIMVe_g","微信读书"
"国科大就业","2025-03-10","招聘 | 雄安新区2025年度新建片区学校引进应届毕业生","https://mp.weixin.qq.com/s/glYcsPdvHhdECRZwY28XPQ","微信读书"
"国科大就业","2025-03-10","招聘 | 温氏股份2025校园招聘持续进行中！","https://mp.weixin.qq.com/s/wUOqPSgdeb8WPjoSQMeh2A","微信读书"
"国科大就业","2025-03-10","宣讲会 | 3月12日 易方达基金2025年暑期实习招聘宣讲会","https://mp.weixin.qq.com/s/rqXws3SSsT2DH5tKb94NRQ","微信读书"
"国科大就业","2025-03-10","宣讲会 | 3月12日 西安交通大学附属中学招聘","https://mp.weixin.qq.com/s/Q7FezotOOPSUJWgNY_b4_A","微信读书"
"国科大就业","2025-03-10","宣讲会 | 3月12日 京东2025 JD YOUNG 实习生招聘全面启动！","https://mp.weixin.qq.com/s/H9oXHlug-zj3-aFycugF4g","微信读书"
"国科大就业","2025-03-10","就业讲座｜春招求职建议与选择","https://mp.weixin.qq.com/s/NRRhY4AjLsKTYzoKvyfQfw","微信读书"
"国科大就业","2025-03-09","招聘 | Momenta 2025「Mstar顶尖人才计划」持续招聘中！","https://mp.weixin.qq.com/s/UZ9bXFFjY8Aj0A00xy5dKQ","微信读书"
"国科大就业","2025-03-09","招聘 | 中国电子科技集团公司第十二研究所2025年校园招聘","https://mp.weixin.qq.com/s/2jIqbByI6ymVKLWFlutHjQ","微信读书"
"国科大就业","2025-03-09","招聘 | 中国电子科技集团公司第七研究所2025年春季校园招聘","https://mp.weixin.qq.com/s/GTyS3Ap1r6QcaGMRXMxOMg","微信读书"
"国科大就业","2025-03-09","招聘 | 度小满2025春季校园招聘启动","https://mp.weixin.qq.com/s/qtvvQ9A7lc3kB_7WrU-Nzg","微信读书"
"国科大就业","2025-03-09","招聘 | 安克创新科技股份有限公司2025春季全球校园招聘","https://mp.weixin.qq.com/s/4QbYBvj4VW5P_EazKICJGg","微信读书"
"国科大就业","2025-03-09","前程无忧-博·未来第二届高层次人才洽谈会暨2025春季博士招聘专场","https://mp.weixin.qq.com/s/xE3-b-9lYuUfBZfA-OA8ew","微信读书"
"国科大就业","2025-03-09","课程预告 | 教育部“互联网+就业指导”公益直播课：找到专业机会点，透视目标路径图——求职中的职业信息搜集","https://mp.weixin.qq.com/s/0Dht9TBUd3HVurOkrDE_Xg","微信读书"
"国科大就业","2025-03-08","招聘 | 中国电子科技集团公司第四十一研究所-电子测试技术重点实验室2025年招聘","https://mp.weixin.qq.com/s/fMr3P5Gg9UiVM5EomTr-qQ","微信读书"
"国科大就业","2025-03-08","招聘 | 长春大学2025年博士人才引进","https://mp.weixin.qq.com/s/OdaVXbmlapx4YNDWLSfCbg","微信读书"
"国科大就业","2025-03-08","招聘 | 清华附中天府学校招聘","https://mp.weixin.qq.com/s/hPISut9grS2qXUIyc1JGww","微信读书"
"国科大就业","2025-03-08","招聘 | 北京印刷学院2025年公开招聘工作人员公告","https://mp.weixin.qq.com/s/WBWBQAy0yorPbX6BRaIT6w","微信读书"
"国科大就业","2025-03-08","招聘 | 2025点点互动elite Program春季校招     正式启动","https://mp.weixin.qq.com/s/xaDQZzv15I2INjX4i6K3dA","微信读书"
"国科大就业","2025-03-08","宣讲会 | 3月11日 长江存储2025届春季校园招聘启动","https://mp.weixin.qq.com/s/aSPL_Nqp4VVWBOIiXi_EuQ","微信读书"
"国科大就业","2025-03-08","活动预告 | 3月10日 就业指导系列讲座——简历 面试指导","https://mp.weixin.qq.com/s/H-hacTPIbKL1fFwFZEVXcw","微信读书"
"国科大就业","2025-03-08","参会单位更新 | 3月10日 【中国科学院大学硕博专场】——工信就业-中博汇高层次人才洽谈会“2025年度春季”巡回招聘会","https://mp.weixin.qq.com/s/PmJxe0201RkKhG1YXVuy1w","微信读书"
"国科大就业","2025-03-07","招聘 | 中粮集团2025“优粮生”计划","https://mp.weixin.qq.com/s/Xy9o-09rnpWt0_neTUsPzg","微信读书"
"国科大就业","2025-03-07","招聘 | 中国移动在线营销服务中心2025春季校园招聘正式启动！","https://mp.weixin.qq.com/s/bE8FOmmetl2hlj_K28q-Nw","微信读书"
"国科大就业","2025-03-07","招聘 | 中国科学院金属研究所2025校园招聘","https://mp.weixin.qq.com/s/LnuCESUX_1-veIET8PVZ_A","微信读书"
"国科大就业","2025-03-07","招聘 | 携程集团2025年春季校园招聘","https://mp.weixin.qq.com/s/tibsLLPdjrKymBvWmp2Piw","微信读书"
"国科大就业","2025-03-07","招聘 | 事业编25人 | 湖北省黄石市专项引进急需紧缺人才公告","https://mp.weixin.qq.com/s/J5ITzI56vFySW9TCvgytCA","微信读书"
"国科大就业","2025-03-07","宣讲会 | 3月10日 字节跳动中国科学院大学宣讲会","https://mp.weixin.qq.com/s/O2onBclCeoRqhGkfDsXS3A","微信读书"
"国科大就业","2025-03-07","活动预告 | 3月9日 就业指导系列讲座——简历面试指导","https://mp.weixin.qq.com/s/VE4cSMcsyTCOJK4z36nHuw","微信读书"
"国科大就业","2025-03-07","参会单位更新 | 3月9日 高博人才2025年春季全国青年博士、高层次人才巡回签约洽谈会—中国科学院大学站","https://mp.weixin.qq.com/s/IUVvbT_fFzi0j2PQKigOkw","微信读书"
"国科大就业","2025-03-06","招聘丨@学子们，春日不“蕉绿”，原子能院等你来！","https://mp.weixin.qq.com/s/SBjlRhsa7usn97Dfimub3w","微信读书"
"国科大就业","2025-03-06","招聘 | 中国移动2025春招双选会邀您参加！","https://mp.weixin.qq.com/s/aJAgyPQ5jCHAh8Kflq7QiQ","微信读书"
"国科大就业","2025-03-06","招聘 | 易盛信息2025春季招聘正式启动","https://mp.weixin.qq.com/s/Qxjmw4uVpBQnCujuslQ47g","微信读书"
"国科大就业","2025-03-06","招聘 | 三生制药2025春招启动","https://mp.weixin.qq.com/s/9ZgiSI89tol6dqFumAIY9w","微信读书"
"国科大就业","2025-03-06","招聘 | 虹科2025届春季校园招聘正式启动","https://mp.weixin.qq.com/s/Wo6ne-ODDBSYDoVpcqbZEg","微信读书"
"国科大就业","2025-03-06","招聘 | 哔哩哔哩2025春季校园招聘正式启动！","https://mp.weixin.qq.com/s/UcUMYe4Z4M37N8F7CWaXzQ","微信读书"
"国科大就业","2025-03-06","小米集团2025届春季校园招聘正式启动","https://mp.weixin.qq.com/s/zF3SmNTLDzy6DFpg0Kg5MQ","微信读书"
"国科大就业","2025-03-06","比亚迪2025届春招正式启动！","https://mp.weixin.qq.com/s/_Bi8FdELoeuQn8iKURJjwQ","微信读书"
"国科大就业","2025-03-05","字节跳动ByteIntern实习生招聘＆25届春招补录正式启动","https://mp.weixin.qq.com/s/4WHUKEKPWse2dKMcgJ5qLg","微信读书"
"国科大就业","2025-03-05","招聘 | 中国科学院西安光机所2025年度春季校园招聘（第一弹）","https://mp.weixin.qq.com/s/KiU_T3Bs9krXoL4V1MvOiA","微信读书"
"国科大就业","2025-03-05","招聘 | 中工国际2025届春季校园招聘","https://mp.weixin.qq.com/s/x-z2aYda_G3T1qMLhsTzlw","微信读书"
"国科大就业","2025-03-05","招聘 | 之江实验室2025年博士后招收正式启动！","https://mp.weixin.qq.com/s/uKTMhYvSs-_YoEXJMOGT4Q","微信读书"
"国科大就业","2025-03-05","招聘 | 格力电器2025届春季校园招聘正式启动","https://mp.weixin.qq.com/s/mkxh8FpYwbd2XoiHhoxukg","微信读书"
"国科大就业","2025-03-05","宣讲会 | 3月6日 中车株洲电力机车研究所有限公司2025届春季校园招聘","https://mp.weixin.qq.com/s/GNBIWPcP6i4pc95lvvbdCg","微信读书"
"国科大就业","2025-03-05","就业讲堂 | 什么情况下劳动合同无效？","https://mp.weixin.qq.com/s/Hl-ocO8UYjygIKq89QkhkQ","微信读书"
"国科大就业","2025-03-04","招聘 | 芯恩2025届校园招聘限时返场","https://mp.weixin.qq.com/s/K0sq4Y0wIb0aWX6Z7Qd4rQ","微信读书"
"国科大就业","2025-03-04","招聘 | 环保星动力 筑梦向未来 2025校园招聘火热来袭！","https://mp.weixin.qq.com/s/DSXzvWJwRuWWtzz3ZsOgvA","微信读书"
"国科大就业","2025-03-04","招聘 | 1000+offer，蚂蚁集团2025年春季校园招聘启动！","https://mp.weixin.qq.com/s/H8ALCiWEBsyuvsdKF6HrIQ","微信读书"
"国科大就业","2025-03-04","宣讲会 | 3月6日 美团2025春季校园招聘宣讲会","https://mp.weixin.qq.com/s/GIN81qlTkd58Ek8V0mV5xg","微信读书"
"国科大就业","2025-03-04","宣讲会 | 3月5日 恒逸研究院2025春季校园招聘","https://mp.weixin.qq.com/s/8w5F_YB0acvIhJiq-E2gFw","微信读书"
"国科大就业","2025-03-04","实习 | 淘天集团2026届春季实习生招聘全球启动","https://mp.weixin.qq.com/s/Pw-durCzIuvo9rxi30I3Bw","微信读书"
"国科大就业","2025-03-04","实习 | 饿了么春季2026届实习生招聘正式启动","https://mp.weixin.qq.com/s/FZDN7gjcnM-Y3ZWYovQcuw","微信读书"
"国科大就业","2025-03-04","活动预告 | 就业指导系列讲座——简历面试指导","https://mp.weixin.qq.com/s/IHgVukvCUlgEcuaNaQu1Rw","微信读书"
"国科大就业","2025-03-03","招聘 | 中信银行2025年春季校园招聘正式启动","https://mp.weixin.qq.com/s/StXjWTphk2-0pBZaU2wEfA","微信读书"
"国科大就业","2025-03-03","招聘 | 中物院软件中心2025春招来袭！","https://mp.weixin.qq.com/s/KCrOZKclejovKAdW9Fu9tQ","微信读书"
"国科大就业","2025-03-03","招聘 | 中国电子云2025春季校园招聘信息","https://mp.weixin.qq.com/s/EDva057cQMfDewBgpOUhtQ","微信读书"
"国科大就业","2025-03-03","招聘 | 广东移动 | 2025春季校园招聘全面启动！","https://mp.weixin.qq.com/s/uQjpctmWM_lHwdRQuue5YQ","微信读书"
"国科大就业","2025-03-03","招聘 | 歌尔25届【歌尔之翼】春招启动！","https://mp.weixin.qq.com/s/CAdnis6C2V47qSvJLN8lWA","微信读书"
"国科大就业","2025-03-03","招聘 | 比特大陆2025届校园招聘 年薪最高150w","https://mp.weixin.qq.com/s/mFz-M-xQKfFeuq_3hLJWOQ","微信读书"
"国科大就业","2025-03-03","就业讲堂 | 竞业限制的经济补偿标准是什么？","https://mp.weixin.qq.com/s/YByw-8d8aYua7qzJDFDDMw","微信读书"
"国科大就业","2025-03-03","参会单位更新 | 3月5日 2025年春季全国博士、博士后高层次人才巡回签约洽谈会一中国科学院大学站","https://mp.weixin.qq.com/s/GnxSrlMKkcs5rPPY18hVfg","微信读书"
"国科大就业","2025-02-14","招聘 | 中国航天科技集团有限公司所属单位岗位合集（2月）","https://mp.weixin.qq.com/s/i_rePjlkeMWUlKRVrbvXLw","微信读书"
"国科大就业","2025-02-14","招聘 | 英特尔中国2025校园招聘","https://mp.weixin.qq.com/s/Nw9zjdbMaxKOvAqm2iImHw","微信读书"
"国科大就业","2025-02-14","招聘 | 2025普华永道春季校园招聘正式启动","https://mp.weixin.qq.com/s/k2IdtnuH5KvkaRPxDRRxNg","微信读书"
"国科大就业","2025-02-14","招聘 | 101个职位！北工大2025年公开招聘启动！","https://mp.weixin.qq.com/s/9mqXrifB7tWZ8guUp0GVYw","微信读书"
"国科大就业","2025-02-14","用人单位邀请函 | 3月25日 中国科学院化学研究所春季专场招聘会参会单位招募中","https://mp.weixin.qq.com/s/JQyFIndM3d0Pzp_BDFwfrg","微信读书"
"国科大就业","2025-02-14","课程预告 | 教育部“互联网+就业指导”公益直播课：善用求职策略，找到满意工作","https://mp.weixin.qq.com/s/NfvTK5RReFqh7vcReKn8Zw","微信读书"
"国科大就业","2025-02-14","【邀请函】3月21日，“京彩就业”中国科学院大学2025届毕业生春季首场双选会","https://mp.weixin.qq.com/s/FMLv2LXTsbpGxp3C4er0Jg","微信读书"
"国科大就业","2025-02-13","中国科学院大学2025年春季校园招聘活动邀请函","https://mp.weixin.qq.com/s/G_sH9JKXiJLazUkerUuPsw","微信读书"
"国科大就业","2025-02-13","招聘 | 华为制造部2025届博士招聘","https://mp.weixin.qq.com/s/-1Hcw5mHRbk6GTESkYbl4Q","微信读书"
"国科大就业","2025-02-13","招聘 | 春启新程·共赴未来-模基生物2025春季招聘","https://mp.weixin.qq.com/s/4ZprA4ud6JTLdUB1Z3Pwdg","微信读书"
"国科大就业","2025-02-13","招聘 | 2025年中国科学院苏州纳米所卓越博士后招聘启事","https://mp.weixin.qq.com/s/b-Q8ED792NUBiHnudYgaRA","微信读书"
"国科大就业","2025-02-13","用人单位邀请函||2025“奔甬而来”中国科学院宁波材料所春季硕博专场招聘会","https://mp.weixin.qq.com/s/2BzPZ23zmm546GMKOqUsLw","微信读书"
"国科大就业","2025-02-13","双选会 | 3月10日 工信就业-中博汇高层次人才洽谈会“2025年度春季”巡回招聘会—中国科学院大学硕博专场","https://mp.weixin.qq.com/s/hPgGw3gh3kb-zrFzDezoyQ","微信读书"
"国科大就业","2025-01-28","恭贺新春！","https://mp.weixin.qq.com/s/8atHWjlIrdvqXuKFldFzSw","微信读书"
"国科大就业","2025-01-15","中兴微电子2025届校园招聘火热进行中","https://mp.weixin.qq.com/s/4wNAS3Kyrts2X9DXF30w_A","微信读书"
"国科大就业","2025-01-15","招聘｜中国烟草总公司湖北省公司2025年公开招聘","https://mp.weixin.qq.com/s/lykksQm4k9qzkqiOkufN3Q","微信读书"
"国科大就业","2025-01-15","招聘 | 中共北京市委党校2025年公开招聘应届毕业生(含博士后人员)公告","https://mp.weixin.qq.com/s/uMt-BLilomAkM1txBmO2Qg","微信读书"
"国科大就业","2025-01-15","招聘 | 普华永道校园招聘火热进行中！","https://mp.weixin.qq.com/s/tdJTUmQ8l8JrT7sDZOVesw","微信读书"
"国科大就业","2025-01-15","就业讲堂 | 10个常见求职诈骗“套路”，帮你修炼防诈“火眼金睛”","https://mp.weixin.qq.com/s/atBr2QSUiT3NuKqamA_gWA","微信读书"
"国科大就业","2025-01-14","招聘 | 厦门轻工集团2025届校园招聘-管培生专场","https://mp.weixin.qq.com/s/wxmLZc3f1-jq20myknI_cA","微信读书"
"国科大就业","2025-01-14","招聘 | 平安银行总行2026届实习生招聘正式启动！","https://mp.weixin.qq.com/s/NXgbHFANPuCYBoyAk4nQkQ","微信读书"
"国科大就业","2025-01-14","招聘 | 华北电力大学2025年度教学科研岗位招聘启事","https://mp.weixin.qq.com/s/7s7kXzyT5b9P4gFF-Lc4WQ","微信读书"
"国科大就业","2025-01-14","招聘 | 航天科工四院四部2025校园招聘进行中","https://mp.weixin.qq.com/s/5qStSUl1SAEyiaMJYpevMw","微信读书"
"国科大就业","2025-01-14","招聘 | 国家管网集团北京智网数科公司社会招聘公告","https://mp.weixin.qq.com/s/oVLkWXgwJU0QkdWTew6ZRQ","微信读书"
"国科大就业","2025-01-13","招聘 | 中国电科智能院2025届校园招聘","https://mp.weixin.qq.com/s/xw5YY6ZVJEKYFT8ADzDNXg","微信读书"
"国科大就业","2025-01-13","招聘 | 西安电子科技大学非教师岗位2025届校园招聘公告","https://mp.weixin.qq.com/s/jEFbpdY2YmHYKMqX_IANlA","微信读书"
"国科大就业","2025-01-13","招聘 | 特别关注！海淀11所中小学急需岗位","https://mp.weixin.qq.com/s/W5S0Z03qEe-emO1rIKgXeA","微信读书"
"国科大就业","2025-01-13","招聘 | 上海华谊集团2025校园招聘正式启动","https://mp.weixin.qq.com/s/rgXKVYq9rP6-KtTMU8XpUA","微信读书"
"国科大就业","2025-01-13","招聘 | 立信春季校招正式开启啦","https://mp.weixin.qq.com/s/G16Cx3L1THfGB0AvoBVGDw","微信读书"
"国科大就业","2025-01-13","招聘 | 航空工业贵阳航空电机有限公司招聘","https://mp.weixin.qq.com/s/Iuml7rRAcnWJ3cj9ef4dIg","微信读书"
"国科大就业","2025-01-13","招聘 | 82人！14日开始报名~天津市武清区2025年公开招聘事业单位工作人员公告","https://mp.weixin.qq.com/s/x2yLra3Ph9GQF7ZrBewWYw","微信读书"
"国科大就业","2025-01-10","招聘 | 中国文联所属单位2025年度公开招聘工作人员公告","https://mp.weixin.qq.com/s/8hw4uApItEtQsIEchk80sw","微信读书"
"国科大就业","2025-01-10","招聘 | 招245人！广东省考公告已发布，潮州这些岗位喊你来报名啦~","https://mp.weixin.qq.com/s/ysBpx3X7vdUMcdO_z2Y9AQ","微信读书"
"国科大就业","2025-01-10","招聘 | 天能控股集团2025年校园招聘硕博专场正式启动","https://mp.weixin.qq.com/s/SQKMSrtSeMbm1PS6qHNqXg","微信读书"
"国科大就业","2025-01-10","招聘 | 航天长征化学工程股份有限公司2025校园招聘","https://mp.weixin.qq.com/s/CdTkJoM_FkYC5orImPKSdA","微信读书"
"国科大就业","2025-01-10","招聘 | 公安部新闻传媒中心2025年度公开招聘公告","https://mp.weixin.qq.com/s/tH5pDZa7p_PL4PBMPvssPA","微信读书"
"国科大就业","2025-01-10","就业讲堂 | @职场“萌新”，签合同前必看！","https://mp.weixin.qq.com/s/6Kx8H_HTnS1MxVioHIstiQ","微信读书"
"国科大就业","2025-01-09","中芯国际2025届校招持续进行中","https://mp.weixin.qq.com/s/JGmx09eZ_hXhkHNKDoh_EQ","微信读书"
"国科大就业","2025-01-09","招聘丨顺德区招录公务员新秀269名","https://mp.weixin.qq.com/s/Fg2MFUKbAInAx6wUYJsQKg","微信读书"
"国科大就业","2025-01-09","招聘 | 欢迎加入中国电科40、41所 | 2025届校园招聘","https://mp.weixin.qq.com/s/fcMsSjuFLaaBcN-2l3l37Q","微信读书"
"国科大就业","2025-01-09","招聘 | 贵金属集团2025届校园招聘全面启动","https://mp.weixin.qq.com/s/5Jrh7Pw87NnXUv7Yl_FSGA","微信读书"
"国科大就业","2025-01-09","招聘 | 福耀集团2025届校招火热进行中","https://mp.weixin.qq.com/s/C6UuI4ZOFFuZeu5ibzkE_w","微信读书"
"国科大就业","2025-01-09","就业讲堂 | 电子劳动合同怎么订立？知识帖请收好","https://mp.weixin.qq.com/s/iVGt20yCwqvMwuOT3V_-jQ","微信读书"
"国科大就业","2025-01-09","京东零售26届校招技术分享会-电商广告中前沿技术的应用与探索","https://mp.weixin.qq.com/s/1CaOBtbmoKwkpUMk2z3XIA","微信读书"
"国科大就业","2025-01-08","招聘 | 新兴际华集团有限公司所属单位岗位合集","https://mp.weixin.qq.com/s/lnErvUpDB3TOzgBFu-Dcwg","微信读书"
"国科大就业","2025-01-08","招聘 | 辽宁科技大学诚聘四海英才","https://mp.weixin.qq.com/s/q_v0Y8KB9soH3BbSrxw4KQ","微信读书"
"国科大就业","2025-01-08","招聘 | 航天智信2025届校园招聘全面启航！","https://mp.weixin.qq.com/s/xr7oBLZN6R_VBqLaJO-KPA","微信读书"
"国科大就业","2025-01-08","招聘 | 国务院发展研究中心有关直属事业单位2025年度公开招聘工作人员公告","https://mp.weixin.qq.com/s/zW1o84gGQT-V2I8oB79pvQ","微信读书"
"国科大就业","2025-01-08","长鑫存储2025全球校园招聘研后专场开启","https://mp.weixin.qq.com/s/g7dupw8pNOSdDzTXduKfqg","微信读书"
"国科大就业","2025-01-08","就业讲座｜“京彩助梦 成功就业”线上公益讲座","https://mp.weixin.qq.com/s/n_zV8OPPNmXZtU4JPbz4jg","微信读书"
"国科大就业","2025-01-08","就业讲堂 | 拥抱机遇，全新启程","https://mp.weixin.qq.com/s/ihGNjZJHPrMIZR9CwT5Zig","微信读书"
"国科大就业","2025-01-07","招聘 | 中国船舶广船国际2025届校园招聘正式开启！","https://mp.weixin.qq.com/s/A6GuUEhAzIQMMOeQSQ97Og","微信读书"
"国科大就业","2025-01-07","招聘 | 卫星集团2025届校招首场空宣新春来袭，“蛇”我其谁！！","https://mp.weixin.qq.com/s/EEW9fdjqREEbE8uO3LhfOQ","微信读书"
"国科大就业","2025-01-07","招聘 | 联合飞机校园招聘2024届补录招聘正式开启！","https://mp.weixin.qq.com/s/ZdpAF-Us__YQlb13b4Cf-Q","微信读书"
"国科大就业","2025-01-07","招聘 | 江铃汽车2025全球校园招聘补录进行中！","https://mp.weixin.qq.com/s/ira9CDOR1bt5hoq_tn5mfQ","微信读书"
"国科大就业","2025-01-07","招聘 | 东方财富25届秋招补录进行中！","https://mp.weixin.qq.com/s/P7F8UklNbBK9xTKn-KAsYw","微信读书"
"国科大就业","2025-01-07","就业讲堂 | 缓解“就业难”，做好这些准备","https://mp.weixin.qq.com/s/HrLEIoWvdkRy4-V7eRPsjw","微信读书"
"国科大就业","2025-01-07","河北省2025年度面向有关院校定向招录选调生公告","https://mp.weixin.qq.com/s/88ITxkhoHpJ-MvGSffYeMg","微信读书"
"国科大就业","2025-01-06","招聘 | 中国中车所属在京企业2025年高校毕业生招聘公告","https://mp.weixin.qq.com/s/oRK1iWEGoMO8n49MNeTmXQ","微信读书"
"国科大就业","2025-01-06","招聘 | 中国汽车工业工程有限公司2025届校园招聘火热进行中","https://mp.weixin.qq.com/s/D_nk_THCZZANjo_oQZ6k_w","微信读书"
"国科大就业","2025-01-06","招聘 | 央企名企先进制造业岗位专场","https://mp.weixin.qq.com/s/TDfzwFARvCuvStKhkpGVvQ","微信读书"
"国科大就业","2025-01-06","招聘 | 恒瑞2025生产体系期待你的加入！","https://mp.weixin.qq.com/s/FvXRZvqHJWy9wsucJogStQ","微信读书"
"国科大就业","2025-01-06","招聘 | 阿里云丨2025年第一波重点岗位合集！","https://mp.weixin.qq.com/s/97Gj5_9HOG1hqVPqc6ZzGg","微信读书"
"国科大就业","2025-01-06","欢迎加入中国电科9所 | 2025届校园招聘","https://mp.weixin.qq.com/s/IgwMB8dLn2W3vWNTWH15Jw","微信读书"
"国科大就业","2025-01-06","宝马信息技术中心Tech Talent Day焕新启动，数字化职位正在热招","https://mp.weixin.qq.com/s/6nfD18VaDDFn3tj_K-RGXg","微信读书"
"国科大就业","2025-01-06","【政策资讯】创业政策每周汇（2025001）","https://mp.weixin.qq.com/s/4aulGupSYJgRhfxBiphCUg","微信读书"
"国科大就业","2025-01-03","招聘｜西电高压2025届校园招聘","https://mp.weixin.qq.com/s/7RAYFbTUxIlJPJKAsbparA","微信读书"
"国科大就业","2025-01-03","招聘｜海淀六所学校推出博士生岗位招聘","https://mp.weixin.qq.com/s/Md-w6Biv4_4-VEl301e7Gw","微信读书"
"国科大就业","2025-01-03","招聘 | 中国大唐集团数科公司2025年校园招聘公告","https://mp.weixin.qq.com/s/u-E8AkrPAbrNsQtnA-Tl4g","微信读书"
"国科大就业","2025-01-03","招聘 | 万丰奥特控股集团2025届校园招聘正式启动","https://mp.weixin.qq.com/s/vyecew_TgjUymWPfWV_skw","微信读书"
"国科大就业","2025-01-03","招聘 | 国务院发展研究中心有关直属事业单位2025年度公开招聘工作人员","https://mp.weixin.qq.com/s/ZoD9ifTp4E7AbRayo3Iesg","微信读书"
"国科大就业","2025-01-03","招聘 | “千帆竞发 逐浪霖航厦门松林科技2025校园招聘","https://mp.weixin.qq.com/s/8uZyQreg-LGZPkPpX_O4jg","微信读书"
"国科大就业","2025-01-03","就业讲堂 | 高质量寒假实习流程全攻略","https://mp.weixin.qq.com/s/haHi2osurDak4eFJsUaTtA","微信读书"
"国科大就业","2025-01-02","招聘丨北京大学2025年度应届毕业生公开招聘公告（二）","https://mp.weixin.qq.com/s/2XyuNzMfRBJ6z0aLvsoU-A","微信读书"
"国科大就业","2025-01-02","招聘 | 中国航空工业集团特种所2025校园招聘","https://mp.weixin.qq.com/s/kujxaoJV4-yMPqS4iWSBPw","微信读书"
"国科大就业","2025-01-02","招聘 | 中国电子科技集团公司第十一研究所2025届招聘","https://mp.weixin.qq.com/s/iqVfHKP8UgjQVZrJdNZ-AA","微信读书"
"国科大就业","2025-01-02","招聘 | 顺丰集团FMP财务管培生项目全球招募","https://mp.weixin.qq.com/s/Rg_3nH0viYA4Rd58I8_hog","微信读书"
"国科大就业","2025-01-02","招聘 | 北京大学2025年度应届毕业生公开招聘公告（三）","https://mp.weixin.qq.com/s/v-70vOWzd-Ar2TwMdDtkvQ","微信读书"
"国科大就业","2025-01-02","招聘 | 2025年潍坊市“青年优秀人才引进计划”选调公告","https://mp.weixin.qq.com/s/rMlxJF4v7QLo94jTe1ehzA","微信读书"
"国科大就业","2025-01-02","就业讲堂 | 2025年升学就业月历","https://mp.weixin.qq.com/s/MLtxnqSwtxMJjFL0aPezDg","微信读书"
"国科大就业","2024-12-31","中国铁道科学研究院集团有限公司2025届校园招聘启动","https://mp.weixin.qq.com/s/nZpyM8n5tvjnmjep-8KNvA","微信读书"
"国科大就业","2024-12-31","招聘 | 中国电子科技集团公司第十二研究所2025年校园招聘","https://mp.weixin.qq.com/s/poFK3eHx7tmtwDcaItB6oQ","微信读书"
"国科大就业","2024-12-31","招聘 | 国家广播电视总局五七二台2025年招聘简章","https://mp.weixin.qq.com/s/CNJafKPuGN-8VngOMhtRGg","微信读书"
"国科大就业","2024-12-31","招聘 | 格力电器2025届春招提前批正式启动！","https://mp.weixin.qq.com/s/M8qhTYgUYBXuJl79bhKz8w","微信读书"
"国科大就业","2024-12-31","招聘 | 北京经济技术开发区诚聘教师英才，岗位充足，快来报名！","https://mp.weixin.qq.com/s/3JIg6Xlo8ukc5j5KB9__0Q","微信读书"
"国科大就业","2024-12-31","招聘 | “理想无畏，冀语未来”河北银行2025校园招聘正式启动！","https://mp.weixin.qq.com/s/8qD2Qp5UxJhcDhInz9C2Hw","微信读书"
"国科大就业","2024-12-31","就业讲堂 | 劳动合同应该什么时候签？","https://mp.weixin.qq.com/s/C8P24USW3wNr-44QMNCgIg","微信读书"
"国科大就业","2024-12-31","【政策资讯】创业政策每周汇（2024040）","https://mp.weixin.qq.com/s/1UrcoJwRFICQSbjm80mg_A","微信读书"
"国科大就业","2024-12-27","招聘丨中央企业面向2025届高校毕业生招聘活动安排","https://mp.weixin.qq.com/s/Hu9gXQIPlV73qqAdmgYaZg","微信读书"
"国科大就业","2024-12-27","招聘丨中央党校（国家行政学院）职员岗位、其他专业技术岗位2025年公开招聘公告","https://mp.weixin.qq.com/s/IeAC4t3sZAHJjZNGtSq_Ww","微信读书"
"国科大就业","2024-12-27","招聘丨深圳证券交易所2025年人员招聘启事","https://mp.weixin.qq.com/s/5cxoU8wdxDNza2JdFfyUeg","微信读书"
"国科大就业","2024-12-27","招聘 | 中国医学科学院医药生物技术研究所2025年度高校毕业生招聘","https://mp.weixin.qq.com/s/G-T81OoJAQ0b1KNpzLOHGQ","微信读书"
"国科大就业","2024-12-27","招聘 | 中国国新2025届总部管培生校园招聘正式开启","https://mp.weixin.qq.com/s/qqeDr0O9LfmER8-oiSt-IQ","微信读书"
"国科大就业","2024-12-27","招聘 | 人民网2025校园招聘","https://mp.weixin.qq.com/s/wPJL7YyBx0Xf4GVwRGXC2g","微信读书"
"国科大就业","2024-12-27","山西省2025年面向中国科学院大学选调优秀高校毕业生公告","https://mp.weixin.qq.com/s/kC8ZI2XhitnGOdoZETLvzw","微信读书"
"国科大就业","2024-12-27","就业讲堂 | @找工作的朋友，这些求职陷阱需防范！","https://mp.weixin.qq.com/s/Q9NuQgEUrUkNtpi1h32X7g","微信读书"
"国科大就业","2024-12-26","招聘 | 中国邮政储蓄银行2024年总行招聘","https://mp.weixin.qq.com/s/Ovy2hqLCxwPF1350zb2yIg","微信读书"
"国科大就业","2024-12-26","招聘 | 中国人民警察大学2025年度第一批公开招聘公告","https://mp.weixin.qq.com/s/2x_T0PfIHnhJ2aCA-r1NpA","微信读书"
"国科大就业","2024-12-26","招聘 | 中国辐射防护研究院2025届校园招聘正式启动","https://mp.weixin.qq.com/s/2xMUgQx_Spi-UXYygrsdcw","微信读书"
"国科大就业","2024-12-26","招聘 | 英特尔中国2025校园招聘“芯”动开启","https://mp.weixin.qq.com/s/GTGIhed3QlwqMWu9DoNYwg","微信读书"
"国科大就业","2024-12-26","招聘 | 人民日报社2025年度公开招聘工作人员公告","https://mp.weixin.qq.com/s/O1nWusYvUCALSa-1WdEIUg","微信读书"
"国科大就业","2024-12-26","宣讲会 | 12月26日 大连商品交易所2024年校园招聘","https://mp.weixin.qq.com/s/p65QtDOcsHi274vXbLCHMw","微信读书"
"国科大就业","2024-12-26","就业讲堂 | @职场新人，想提高职场沟通力？这篇教你","https://mp.weixin.qq.com/s/Wc5MYk2cNHns53_tMdFTOw","微信读书"
"国科大就业","2024-12-25","招聘丨鹏城国家实验室博士人才招聘","https://mp.weixin.qq.com/s/Lg3Wsy_ivY0UtJui1L3krA","微信读书"
"国科大就业","2024-12-25","招聘 | 作业帮校园招聘25届秋季补录","https://mp.weixin.qq.com/s/hiqiU6E6itwI6xbqJX8fXQ","微信读书"
"国科大就业","2024-12-25","招聘 | 中国兵器工业试验测试研究院2025届校园招聘","https://mp.weixin.qq.com/s/27RzM6RTxMok_N03pm9QsQ","微信读书"
"国科大就业","2024-12-25","招聘 | 中工国际2025校园招聘火热进行中","https://mp.weixin.qq.com/s/jEiJBfZYGUp_MAAHjX4f_w","微信读书"
"国科大就业","2024-12-25","招聘 | 天津中环信息产业集团2025届校园招聘正式启动","https://mp.weixin.qq.com/s/-bElnA1K_z36_GfbdNpWyQ","微信读书"
"国科大就业","2024-12-25","招聘 | 创维光伏2025届秋季校园招聘启动","https://mp.weixin.qq.com/s/zTmTTPsQGcz_pjXAeoItJg","微信读书"
"国科大就业","2024-12-25","就业讲堂 | 新入职场，先Get一份职业规划“秘笈”","https://mp.weixin.qq.com/s/hK4eWyrf4XXU4pfiO3HLag","微信读书"
"国科大就业","2024-12-25","公安部大数据中心2025年度公开招聘","https://mp.weixin.qq.com/s/Vx9avEF6Tdzz-R7yIwn9Ig","微信读书"
"国科大就业","2024-12-24","招聘 | 中央办公厅秘书局所属事业单位 | 2025年度公开招聘工作人员公告","https://mp.weixin.qq.com/s/qCfjRKRn_K-FE2Mpl95-Gw","微信读书"
"国科大就业","2024-12-24","招聘 | 中国中车2025招聘3000余名工作人员公告！","https://mp.weixin.qq.com/s/-kP9orV3SuZRMlbJti0meA","微信读书"
"国科大就业","2024-12-24","招聘 | 新紫光集团前沿技术研究院2025届校园招聘","https://mp.weixin.qq.com/s/AzNg2SH0QZl-M-WpoVz27A","微信读书"
"国科大就业","2024-12-24","招聘 | 新疆维吾尔自治区企事业单位2025年度面向高校毕业生引才招聘活动公告","https://mp.weixin.qq.com/s/gs0QYgVKg-fZatK8Wx70Sg","微信读书"
"国科大就业","2024-12-24","招聘 | 首开集团2025年校园招聘启动","https://mp.weixin.qq.com/s/nqjAaXBZJzBmI4ykG8OuMg","微信读书"
"国科大就业","2024-12-24","新疆维吾尔自治区2025年度面向部分高校选调招聘优秀大学毕业生公告","https://mp.weixin.qq.com/s/sdkDGMhQUC3u5_o9H3MNtQ","微信读书"
"国科大就业","2024-12-24","就业讲座｜“面”出个性：解锁千人千面拿分诀窍","https://mp.weixin.qq.com/s/1cvmraYcgrcKxU0qHSO_kQ","微信读书"
"国科大就业","2024-12-23","招聘丨中国航空工业集团起落架2025届校园招聘","https://mp.weixin.qq.com/s/xKKBLnkngHdg8occ7aedEg","微信读书"
"国科大就业","2024-12-23","招聘 | 中冶宝钢2025年高校毕业生招聘","https://mp.weixin.qq.com/s/fx5Io_iN9vRO2-nhRzGemQ","微信读书"
"国科大就业","2024-12-23","招聘 | 中国原子能科学研究院2025届校园招聘","https://mp.weixin.qq.com/s/3vAK9J2qIzlheOtkMTDavQ","微信读书"
"国科大就业","2024-12-23","招聘 | 中规院2025年度公开招聘","https://mp.weixin.qq.com/s/AxpmOpfZzhdkYmQtU6zkrA","微信读书"
"国科大就业","2024-12-23","招聘 | 天津市津南区2025年事业单位公开招聘工作人员公告","https://mp.weixin.qq.com/s/hUe7kxn5wRBxJ2LFR3cJEg","微信读书"
"国科大就业","2024-12-23","招聘 | 事业编制+北京户口丨中央民族大学2025年教学科研人员招聘","https://mp.weixin.qq.com/s/ac2b8_o0V-LsM_lYI3mIZg","微信读书"
"国科大就业","2024-12-23","梅花生物科技集团股份有限公司2025届校园招聘","https://mp.weixin.qq.com/s/BhKo1xGNDYYReJOaO2Wf3g","微信读书"
"国科大就业","2024-12-23","就业讲堂 | 求职遇到不合理要求，要SAY NO！","https://mp.weixin.qq.com/s/mqT8tVer_QxZ2bpAhQ-8Dw","微信读书"
"国科大就业","2024-12-20","招聘丨河北外国语学院附属中学教师招聘公告","https://mp.weixin.qq.com/s/XSgknq_2_B1P_1XB9bUVyg","微信读书"
"国科大就业","2024-12-20","招聘 | 中国电子科技集团公司第七研究所2025届校园招聘","https://mp.weixin.qq.com/s/Uso1C8mdbdgrcC7N2CB4qg","微信读书"
"国科大就业","2024-12-20","招聘 | 腾讯2025年校园大使全球招募正式启动","https://mp.weixin.qq.com/s/nP4HH4b3A86Xj0HtTqKMkA","微信读书"
"国科大就业","2024-12-20","招聘 | 首都机场集团有限公司2025校园招聘","https://mp.weixin.qq.com/s/tmZWfPy9Bk0CNuds26Rr3Q","微信读书"
"国科大就业","2024-12-20","招聘 | 国家工业信息安全发展研究中心 2025年度公开招聘高校毕业生","https://mp.weixin.qq.com/s/ZWdPIB0EOoSNBPaUXow1iQ","微信读书"
"国科大就业","2024-12-20","招聘 | 北京联通新苗计划2025校园招聘火热开启！","https://mp.weixin.qq.com/s/96KfA-Nt03kuk83UWxcZbg","微信读书"
"国科大就业","2024-12-20","就业讲堂 | 创业公司 VS 成熟公司，该怎么选？攻略来了","https://mp.weixin.qq.com/s/_XVIrJ9aVupWk-YoPidbxg","微信读书"
"国科大就业","2024-12-19","中国人民警察大学2025年度第一批公开招聘公告","https://mp.weixin.qq.com/s/VRF9DKq3-I-tOiTU947wFQ","微信读书"
"国科大就业","2024-12-19","招聘 | 诺唯赞 2025 全球校园招聘招聘简章","https://mp.weixin.qq.com/s/I2bA1QNh8zsAwmSs9Qeapw","微信读书"
"国科大就业","2024-12-19","招聘 | 零跑汽车2025届秋招补录已开启！","https://mp.weixin.qq.com/s/K222nP3utUZV7s7KJKGejA","微信读书"
"国科大就业","2024-12-19","招聘 | 河南省科学院量子材料与物理研究所2024年度公开招聘","https://mp.weixin.qq.com/s/aiU-pHtCMpk4nKhOoDW5fQ","微信读书"
"国科大就业","2024-12-19","招聘 | 国防招聘欢迎加入中国电科36所2025届校园招聘","https://mp.weixin.qq.com/s/UIJwKMeGMC_2p5EzDTMifA","微信读书"
"国科大就业","2024-12-19","招聘 | 比亚迪25届具身智能研究团队专场招聘","https://mp.weixin.qq.com/s/adPE9CR1dY1nUKvq1EussA","微信读书"
"国科大就业","2024-12-19","就业讲堂 | 就业援助扶持政策有哪些？速看→","https://mp.weixin.qq.com/s/2WSCHbJhGxYPFNfePs7hqw","微信读书"
"国科大就业","2024-12-18","招聘 | 中国科学院计算技术研究所2025年度招聘","https://mp.weixin.qq.com/s/Sar1xvH2CDQh0bGLjU626g","微信读书"
"国科大就业","2024-12-18","招聘 | 亿联网络2025届秋招补录 热招岗位等你来投！","https://mp.weixin.qq.com/s/uhRrW7ZH0j7nI2eEWV_lgA","微信读书"
"国科大就业","2024-12-18","招聘 | 泉城实验室招聘公告","https://mp.weixin.qq.com/s/JghSrEwbTru984ZFPz9ygA","微信读书"
"国科大就业","2024-12-18","招聘 | 电子科技大学2024年骨干教师/博士后招聘公告","https://mp.weixin.qq.com/s/_XnKlqZQHz9nMGuYL-5WzA","微信读书"
"国科大就业","2024-12-18","招聘 | 昌平实验室招聘2025年应届毕业生","https://mp.weixin.qq.com/s/svZZ3FI2saLP3VzSI_13Xw","微信读书"
"国科大就业","2024-12-18","宣讲会 | 12月20日 公安部大数据中心2025年度校园招聘","https://mp.weixin.qq.com/s/lS7Svw6FZbZ0hWqxEMEkBw","微信读书"
"国科大就业","2024-12-18","就业讲堂 | 职业规划七步走，开启人生新篇章","https://mp.weixin.qq.com/s/GIKXSOIkGItRzhR6FgKV7w","微信读书"
"国科大就业","2024-12-18","2025中国信通院深度观察报告会","https://mp.weixin.qq.com/s/Mw_aVQi43ixed2-IiBGvJg","微信读书"
"国科大就业","2024-12-17","招聘 | 中国长城资产2025届校园招聘全面启动","https://mp.weixin.qq.com/s/CYmv9Rs0kVYLd_Bn8rfKHA","微信读书"
"国科大就业","2024-12-17","招聘 | 中国一汽2025全球校园招聘丨多类岗位热招中","https://mp.weixin.qq.com/s/U5b0c91x3aqpf0A_x_Uq-w","微信读书"
"国科大就业","2024-12-17","招聘 | 中国航发北京航科2025届校园招聘全面启动","https://mp.weixin.qq.com/s/hXDkwJdM3Py8zKRJ4aEhQQ","微信读书"
"国科大就业","2024-12-17","招聘 | 年薪40w+ | 三环集团超新星精英招聘计划进行中！","https://mp.weixin.qq.com/s/W4ee8lSdFFpL9fZCxu_OTQ","微信读书"
"国科大就业","2024-12-17","全国人大机关直属事业单位2025年度公开招聘工作人员公告","https://mp.weixin.qq.com/s/h41ulhI6PFklDwxhHxtgyQ","微信读书"
"国科大就业","2024-12-17","辽宁省2025年度选调应届优秀大学毕业生工作公告--国科大版","https://mp.weixin.qq.com/s/dzwuL49TG9Og6V1Ihvts9g","微信读书"
"国科大就业","2024-12-17","就业讲座｜“京彩助梦 成功就业”线上公益讲座","https://mp.weixin.qq.com/s/rJU19uKj6CjdxvfOPLPgHg","微信读书"
"国科大就业","2024-12-17","就业讲座 | 先机早握 国考成绩揭晓前的面试“蓄能”","https://mp.weixin.qq.com/s/YJtrYx-6MbEV55z_zqaw8w","微信读书"
"国科大就业","2024-12-16","中国科学院大学荣膺2024年度高校就业典范奖","https://mp.weixin.qq.com/s/IknZxTZ3YSw2w0HvMBS5RQ","微信读书"
"国科大就业","2024-12-16","招聘 | 中国医学科学院、北京协和医学院2025届校园招聘","https://mp.weixin.qq.com/s/diOYqQJjQG66yRjus4TG9A","微信读书"
"国科大就业","2024-12-16","腾讯新闻“选择与回响”国科大交流日——眼界沙龙求职季专场&招聘宣讲会来啦！","https://mp.weixin.qq.com/s/1Rteait7TYWu2DFIWf74dA","微信读书"
"国科大就业","2024-12-16","【政策资讯】创业政策每周汇（2024038）","https://mp.weixin.qq.com/s/cDKxtMtJ4J117wKzgbSiRw","微信读书"
"国科大就业","2024-12-13","O·Star 京东方集团管培生项目诚邀全球优秀博士人才加入","https://mp.weixin.qq.com/s/OmDKGjCpcVvqEG1ZPUsfDw","微信读书"
"国科大就业","2024-12-13","招聘 | 中建七局第一建筑有限公司2025届招聘","https://mp.weixin.qq.com/s/d3gG_2Tk4qlnVAxRtDUsDQ","微信读书"
"国科大就业","2024-12-13","招聘 | 中国电子科技集团公司第七研究所2025届校园招聘","https://mp.weixin.qq.com/s/Z4gKDAaZvNinL9LD1-hKFw","微信读书"
"国科大就业","2024-12-13","招聘 | 应急管理部上海消防研究所2025年度事业编制人员招聘公告","https://mp.weixin.qq.com/s/mAuLK0tdsDCBRufLuOhR9A","微信读书"
"国科大就业","2024-12-13","招聘 | 湖南出版&中南传媒2025校园招聘正式启动","https://mp.weixin.qq.com/s/v38hkRj6BmNjCga0DvKzOQ","微信读书"
"国科大就业","2024-12-13","招聘 | 虹科2025届校园招聘正式启动——科技引领，无往不胜","https://mp.weixin.qq.com/s/VMb2MKBUwra8QHNW_F_bxg","微信读书"
"国科大就业","2024-12-13","就业讲堂 | 接offer前，你想问的问题都在这里！","https://mp.weixin.qq.com/s/Rw3ztq358Ftb3cws-9zJXQ","微信读书"
"国科大就业","2024-12-12","招聘 | 中核武汉/105所2025届秋季校园招聘启动","https://mp.weixin.qq.com/s/CmXPjem6DkVxMK3gDRAn2A","微信读书"
"国科大就业","2024-12-12","招聘 | 上海黄金交易所2025年度招录公告","https://mp.weixin.qq.com/s/iHgxafxVIyI0dK-7C4sSjw","微信读书"
"国科大就业","2024-12-12","与珠海，共未来！全球知名高校优秀青年人才寒假实践项目启动","https://mp.weixin.qq.com/s/JjsF3lZifjGnCV1xbbSSHQ","微信读书"
"国科大就业","2024-12-12","选调生风采 | 实干笃行担使命 初心如磐向未来","https://mp.weixin.qq.com/s/FUl3wz5h3l1lCVjYY2kObg","微信读书"
"国科大就业","2024-12-12","就业指南 | 毕业生常用就业信息渠道","https://mp.weixin.qq.com/s/BYsvoamCYdXNXm5oN-NfVA","微信读书"
"国科大就业","2024-12-12","【歌尔股份2025届精英计划-博士专场】-北京站","https://mp.weixin.qq.com/s/QwvLK23lpNqtHNxDpBPDjg","微信读书"
"国科大就业","2024-12-11","招聘｜上海期货交易所 上海国际能源交易中心 2025年招聘公告","https://mp.weixin.qq.com/s/vgqZuPIhge4eqQR_iXO-lg","微信读书"
"国科大就业","2024-12-11","招聘 | 沃尔沃汽车2025全球管培生项目招募开启","https://mp.weixin.qq.com/s/_N2T00XcQfnS3XyNffscAA","微信读书"
"国科大就业","2024-12-11","招聘 | 慧创医疗2025校园招聘","https://mp.weixin.qq.com/s/7PGtuoKo2mgrSzMRgnF2qw","微信读书"
"国科大就业","2024-12-11","招聘 | 国药数科2025届校园招聘火热进行中","https://mp.weixin.qq.com/s/I2ejyg6jSJUMPBk3s82yMQ","微信读书"
"国科大就业","2024-12-11","招聘 | 北京市大兴区教育委员会所属事业单位面向2025年应届毕业生公开招聘教师","https://mp.weixin.qq.com/s/ZnyjaHgrs_Xg_S6wbklvEA","微信读书"
"国科大就业","2024-12-11","招聘 | 2025中国核电经营管理人才校园招聘正式开启！","https://mp.weixin.qq.com/s/yZqzKXM_fa1OQpUmwgWH8g","微信读书"
"国科大就业","2024-12-11","就业讲堂 | 秋招补录阶段，怎样抓住最后机遇？","https://mp.weixin.qq.com/s/87sGCGF7jnfnflY4MGE_fw","微信读书"
"国科大就业","2024-12-10","招聘 | 中集安瑞科2025届校园招聘","https://mp.weixin.qq.com/s/T0CaLw2lMKF8B9b9XU7AjQ","微信读书"
"国科大就业","2024-12-10","招聘 | 建邦集团2025届校园招聘","https://mp.weixin.qq.com/s/8GaaQq2YSFV5bxfIs-LpiA","微信读书"
"国科大就业","2024-12-10","招聘 | 吉利秋招岗位上新，请查收这份投递指南","https://mp.weixin.qq.com/s/sLExF79ClCejWW91oSTajw","微信读书"
"国科大就业","2024-12-10","招聘 | 2025校园招聘中信金属股份有限公司","https://mp.weixin.qq.com/s/OZH6cbf8QcJGZnFW9Oe_SA","微信读书"
"国科大就业","2024-12-10","就业讲堂 | 毕业生签订三方协议，这些事情要注意","https://mp.weixin.qq.com/s/7ejcdyXP7Helm35zR_MyWg","微信读书"
"国科大就业","2024-12-10","广东省2025年度选调优秀大学毕业生公告","https://mp.weixin.qq.com/s/pgPsSAbdD5aodBa527g5Cw","微信读书"
"国科大就业","2024-12-10","公安部大数据中心2025年度公开招聘","https://mp.weixin.qq.com/s/xaPFpG6zUnckq2Wgh8x0cA","微信读书"
"国科大就业","2024-12-09","中国一汽双百计划丨持续进行中","https://mp.weixin.qq.com/s/oIEvhHd5kZUdbc844BfBcQ","微信读书"
"国科大就业","2024-12-09","招聘 | 天马微电子T-MAN校园招聘上海研发硕博专场！","https://mp.weixin.qq.com/s/os2d8RPMKpiHRD3AP0-j6Q","微信读书"
"国科大就业","2024-12-09","招聘 | 国际理论物理中心（亚太地区）特别研究助理/博士后招聘启事","https://mp.weixin.qq.com/s/R-XDZs8hQZ6qDy67Me5QGg","微信读书"
"国科大就业","2024-12-09","招聘 | 格力电器25届秋招进行时！","https://mp.weixin.qq.com/s/LtH0C5KkluVPuPiaoYmRWQ","微信读书"
"国科大就业","2024-12-09","招聘 | 比亚迪25届基础科学研究院招聘","https://mp.weixin.qq.com/s/CGTY7KOXqI6yovHoowlKHQ","微信读书"
"国科大就业","2024-12-09","就业讲堂 | 遇到违法辞退怎么办？指南收好","https://mp.weixin.qq.com/s/myihO5YUJLFcYN10J9Ui5A","微信读书"
"国科大就业","2024-12-06","中国证券投资基金业协会2025年度校园招聘公告","https://mp.weixin.qq.com/s/Xf67YKUOX1R4Ul4utBvrtQ","微信读书"
"国科大就业","2024-12-06","招聘 | 宇通2025届秋招补录通知","https://mp.weixin.qq.com/s/gx5goEj9lv2-KAHvDa5KmA","微信读书"
"国科大就业","2024-12-06","招聘 | 宇量昇2025届校园招聘持续进行中","https://mp.weixin.qq.com/s/FlzJqkLSBBEdH-z-l-7G8Q","微信读书"
"国科大就业","2024-12-06","招聘 | 易华录2025届校园招聘","https://mp.weixin.qq.com/s/om3epvor4ca0ZmB9p_J5pw","微信读书"
"国科大就业","2024-12-06","招聘 | 天津医科大学第一批公开招聘（硕士层次）","https://mp.weixin.qq.com/s/pCTiL-K1G7wnO0f1KUVnyg","微信读书"
"国科大就业","2024-12-06","就业讲堂 | 发生劳动争议，应该向哪里的仲裁委员会申请仲裁？","https://mp.weixin.qq.com/s/SV2LlLPPKOtbrvxhFQ5_Ng","微信读书"
"国科大就业","2024-12-05","招聘 | 三棵树2025届秋季校园招聘持续热招中","https://mp.weixin.qq.com/s/xWqm2YbjwJ3l0y7PmMSllA","微信读书"
"国科大就业","2024-12-05","招聘 | 青岛银行股份有限公司2025届校园招聘公告","https://mp.weixin.qq.com/s/0KpwKt_aCo2X72O5eLscpg","微信读书"
"国科大就业","2024-12-05","招聘 | 广东能源集团2025届校园招聘全面启动","https://mp.weixin.qq.com/s/wgutRilPw9t9s2r32c4O6Q","微信读书"
"国科大就业","2024-12-05","宣讲会 | 12月9日 中科环保邀您科技改善环境 共创碧水蓝天","https://mp.weixin.qq.com/s/B9_SjwIh8mXYDYQ0-5Iovg","微信读书"
"国科大就业","2024-12-05","就业讲堂 | 求职必看！不同单位怎么选？","https://mp.weixin.qq.com/s/86lQZP-bli0Yag0I5zP6lw","微信读书"
"国科大就业","2024-12-05","2025中国核电经营管理人才校园招聘正式开启","https://mp.weixin.qq.com/s/GS0O1ADU_Ci-aKHw4kqppQ","微信读书"
"国科大就业","2024-12-04","招聘 | 中国电子科技集团公司第十一研究所2025届招聘","https://mp.weixin.qq.com/s/V-haPfNnQnAZiPAYCVRw2w","微信读书"
"国科大就业","2024-12-04","招聘 | 中国储备粮管理集团有限公司纪检监察组2025年度招聘公告","https://mp.weixin.qq.com/s/jgtY3efOytsSSui6QsXgqQ","微信读书"
"国科大就业","2024-12-04","招聘 | 航天科工二院博士后科研流动站火热招募","https://mp.weixin.qq.com/s/0iCACCFaiN_zq5iV8M0uBg","微信读书"
"国科大就业","2024-12-04","招聘 | 海南核电2025年校园招聘","https://mp.weixin.qq.com/s/gD2L0v55Rv8Wi_XqK0xIwg","微信读书"
"国科大就业","2024-12-04","宣讲会 | 12月6日 雄安新区2024年校园引才宣讲会","https://mp.weixin.qq.com/s/SBEXCAngbhrnpjjYtVs2Zw","微信读书"
"国科大就业","2024-12-04","千名博士项目对接暨人才引进签约洽谈会--北京站","https://mp.weixin.qq.com/s/GenbSNIYwjm79oE9ZDTq_A","微信读书"
"国科大就业","2024-12-04","就业讲座｜第二届全国大学生职业规划大赛校赛训练营即将开营！","https://mp.weixin.qq.com/s/39UqZjwBs7o9GdPGBisXzw","微信读书"
"国科大就业","2024-12-04","就业讲堂 | 面试怎么准备？攻略来了","https://mp.weixin.qq.com/s/zRaLwhy0H195Aq3t8NwfgA","微信读书"
"国科大就业","2024-12-03","招聘 | 中兵通信科技股份有限公司(国营第七六〇厂)2025秋季校园招聘！","https://mp.weixin.qq.com/s/FOjzIh0RbKQmq6-a3imVbw","微信读书"
"国科大就业","2024-12-03","招聘 | 南光集团2025年校园招聘正式启动","https://mp.weixin.qq.com/s/ssOb3_qDTuo36wjiVzMTsw","微信读书"
"国科大就业","2024-12-03","招聘 | 东北大学2024年专任教师招聘启事","https://mp.weixin.qq.com/s/qjRTfvV1LC_77T6JBd_81A","微信读书"
"国科大就业","2024-12-03","招聘 | 成都大学招聘公告","https://mp.weixin.qq.com/s/9jcn8-YmHej6DR89y41lAQ","微信读书"
"国科大就业","2024-12-03","招聘 | 比亚迪25届机械类、计算机类、电气类专场招聘","https://mp.weixin.qq.com/s/8JonELoLuaMlCWm8gtOPnQ","微信读书"
"国科大就业","2024-12-03","苏州市教育系统公开招聘2025年应届高层次优秀毕业生公告","https://mp.weixin.qq.com/s/WQxvQ6Ar6M25oIH4eShoyg","微信读书"
"国科大就业","2024-12-03","蓉聘行动·建圈强链 | “才聚高新”综合专场静待贤才","https://mp.weixin.qq.com/s/6vTHGkfaW1577uDsY89ikg","微信读书"
"国科大就业","2024-12-03","就业讲座｜金融业发展趋势与职业机会（中国银行）","https://mp.weixin.qq.com/s/Ynsz4WBDjbSSDhorsvehrg","微信读书"
"国科大就业","2024-12-02","招聘丨武汉大学2024年下半年非事业编制人员招聘启事","https://mp.weixin.qq.com/s/D8dSOAno6XW5QwAdYpLlRg","微信读书"
"国科大就业","2024-12-02","招聘丨湖北省文物考古研究院2024年专项公开招聘工作人员公告","https://mp.weixin.qq.com/s/KfhHDBk_bsyREUZ58HFpQw","微信读书"
"国科大就业","2024-12-02","招聘 | 中国有色集团2025年校园招聘正式启动","https://mp.weixin.qq.com/s/cp5zm-E2ExaW84dpBOYfwQ","微信读书"
"国科大就业","2024-12-02","招聘 | 中国网安/三十所2025届秋招末班车发车啦，优质空位等你来！","https://mp.weixin.qq.com/s/mS3ZCMxvn6uTrjYb0xq6qw","微信读书"
"国科大就业","2024-12-02","招聘 | @技术人，我们京东见！","https://mp.weixin.qq.com/s/_CIMEGzikWBPFDm9aVXKIw","微信读书"
"国科大就业","2024-12-02","就业讲堂 | 经济补偿应在何时支付？","https://mp.weixin.qq.com/s/E-1K7y978p8PQt3LB42BUA","微信读书"
"国科大就业","2024-11-30","中国雄安集团有限公司2025年校园招聘公告","https://mp.weixin.qq.com/s/1ZX2aOS5BW7Z8-Hfj66I1A","微信读书"
"国科大就业","2024-11-30","中国科学院大学福建省2025年度选调生报考流程","https://mp.weixin.qq.com/s/8jzD7q3jkssDJr0kddlLLQ","微信读书"
"国科大就业","2024-11-30","招聘 | 中央财经大学，诚聘英才！","https://mp.weixin.qq.com/s/4ZlSDSnAwsoYzAblYQM3UQ","微信读书"
"国科大就业","2024-11-30","招聘 | 海淀7所中小学急需岗位，快来看看~","https://mp.weixin.qq.com/s/iNyOp8aKGiP5l1b7OLCSKw","微信读书"
"国科大就业","2024-11-30","招聘 | 哈电电机2025届校园招聘正式启动","https://mp.weixin.qq.com/s/uyO8UaSKhza6uSLg3tMSnA","微信读书"
"国科大就业","2024-11-29","招聘 | 中国铝业集团有限公司2025年校园招聘","https://mp.weixin.qq.com/s/DSqKLe_ypB9BgV9fFiTgww","微信读书"
"国科大就业","2024-11-29","招聘 | 中国恩菲工程技术有限公司2025校园招聘","https://mp.weixin.qq.com/s/BXH66A101GSAPswYwRm7hA","微信读书"
"国科大就业","2024-11-29","招聘 | 上海外服2025届管培生校园招聘火热开启！","https://mp.weixin.qq.com/s/mKBqBVRSSPwnANYFuZ_rMQ","微信读书"
"国科大就业","2024-11-29","招聘 | 南方海洋科学与工程广东实验室2024年科研人员招聘广告","https://mp.weixin.qq.com/s/XXR9BkeNX58VhJ-PxHg8ow","微信读书"
"国科大就业","2024-11-29","招聘 | 江苏中烟工业有限责任公司丨2024年度公开招收博士后研究人员公告","https://mp.weixin.qq.com/s/8pHMVi2pOyIA57w1wJj4bw","微信读书"
"国科大就业","2024-11-29","招聘 | 2024年秋季重庆大学专职辅导员招聘公告","https://mp.weixin.qq.com/s/YNX8nml8jz7jwVZmM2719Q","微信读书"
"国科大就业","2024-11-29","宣讲会 | 12月2日 江苏省盐城市优秀青年人才招聘宣讲会","https://mp.weixin.qq.com/s/CY2fH6DG8pjssFz4q3Epug","微信读书"
"国科大就业","2024-11-28","招聘｜中国兵器工业第二〇五研究所2025年校园招聘正式启动！","https://mp.weixin.qq.com/s/kPOfXmryPPd9PdP1GS92jw","微信读书"
"国科大就业","2024-11-28","招聘| 中核光电2025年校园招聘火热来袭！","https://mp.weixin.qq.com/s/lLM0RJvX0K2_GGaENulhYA","微信读书"
"国科大就业","2024-11-28","招聘 | 宁德时代四大部门2025届全球校招火热进行中","https://mp.weixin.qq.com/s/7YPAaATLLhlIjg7TFRf3_g","微信读书"
"国科大就业","2024-11-28","招聘 | 北京惠大生物科技有限公司诚聘英才！","https://mp.weixin.qq.com/s/Tysv6-BOV62kFN7Z-sBJLA","微信读书"
"国科大就业","2024-11-28","就业讲堂 | 收藏！大学生毕业求职，一篇攻略就够了","https://mp.weixin.qq.com/s/bnHhbfwLgMYRrTj5Kg0DHQ","微信读书"
"国科大就业","2024-11-28","福建省2025年度选调生选拔工作公告","https://mp.weixin.qq.com/s/lrzZH4JApvjUCkXIL8epfA","微信读书"
"国科大就业","2024-11-12","招聘 | 中核浙能2025校园招聘正式开启","https://mp.weixin.qq.com/s/m2gmUDZfMRYlrWhQkzBtJw","微信读书"
"国科大就业","2024-11-12","招聘 | 四川省自然资源投资集团2024年度公开招聘启动","https://mp.weixin.qq.com/s/Nk5pehBDO-uu4TXm280qBQ","微信读书"
"国科大就业","2024-11-12","宣讲会 | 11月13日 军事航天部队文职人员招考","https://mp.weixin.qq.com/s/uOhyV2LhiCwHVdroNtVERw","微信读书"
"国科大就业","2024-11-12","天津市2025年度定向招录选调生公告","https://mp.weixin.qq.com/s/rZdLTzrGbZSeuizPzsZaog","微信读书"
"国科大就业","2024-11-12","就业讲座 | 申论的高分规矩","https://mp.weixin.qq.com/s/zfj8A6HGxfLLiRSUFdhxrw","微信读书"
"国科大就业","2024-11-12","关于山东省2025年度第二批选调报名时间和笔试安排的通知","https://mp.weixin.qq.com/s/FxsdpBNZp4s8WtIiA8efVg","微信读书"
"国科大就业","2024-11-12","德州仪器 TI芯动岗位持续热招中","https://mp.weixin.qq.com/s/T4EmzcQZ6ODpPKh2d48Iew","微信读书"
"国科大就业","2024-11-11","招聘 | 中国人民银行清算总中心2025年度公开招聘公告","https://mp.weixin.qq.com/s/Ea-TIyRi_UfW23PFJ5a1Sw","微信读书"
"国科大就业","2024-11-11","招聘 | 军事科学院2025年公开招考文职人员岗位","https://mp.weixin.qq.com/s/YGoxfRpowJ0eHWUeVpASug","微信读书"
"国科大就业","2024-11-11","招聘 | 电子测试技术重点实验室招聘","https://mp.weixin.qq.com/s/408W6WnB6gr-amZXBsjIXg","微信读书"
"国科大就业","2024-11-11","招聘 | 菜鸟集团2025届秋季校园招聘正式启动！全球近30城招募中！","https://mp.weixin.qq.com/s/lNgo6ojhU6y4-YSweDuVzw","微信读书"
"国科大就业","2024-11-11","宣讲会 | 11月12日 中国一汽2025全球校园招聘","https://mp.weixin.qq.com/s/8Kz65eusK_1VNkfgLWlMdw","微信读书"
"国科大就业","2024-11-11","双选会 | 11月12日 中博会高层次人才洽谈会2024年度秋季巡回招聘会--中国科学院大学专场","https://mp.weixin.qq.com/s/zvle6LqRgQ21ZsRlYk7eBg","微信读书"
"国科大就业","2024-11-11","就业讲堂 | 订立电子劳动合同，怎么看平台是否规范？","https://mp.weixin.qq.com/s/u-wgT7bpkrI3E57_ubKdew","微信读书"
"国科大就业","2024-11-08","招聘 | 中国有研科技集团有限公司2025年校园招聘","https://mp.weixin.qq.com/s/mQhG8baHIWQYehJ-zNIjPA","微信读书"
"国科大就业","2024-11-08","招聘 | 金隅集团2025届校园招聘","https://mp.weixin.qq.com/s/9kpuFo0t6-HDAjSbdJpv_g","微信读书"
"国科大就业","2024-11-08","天津市2025年度定向招录选调生公告","https://mp.weixin.qq.com/s/f0WZBtHqL-jM8oOktoPKhQ","微信读书"
"国科大就业","2024-11-08","蓝色光标2025届校园招聘","https://mp.weixin.qq.com/s/fMCBq_IXVf5u4f6-5ubPhw","微信读书"
"国科大就业","2024-11-08","就业讲堂 | 把握七点决胜面试","https://mp.weixin.qq.com/s/9LuHsn92CJ5rah7ndrowcg","微信读书"
"国科大就业","2024-11-08","【岗位直推】11月9日下午，2024年丰台区所属事业单位人才供需交流会","https://mp.weixin.qq.com/s/EI3yPqu1LMi7TCUaJfRvRQ","微信读书"
"国科大就业","2024-11-07","招聘 | 中国航天科工二院二〇八所 2025届校园招聘","https://mp.weixin.qq.com/s/ljOBZWMbNipyeijyqQM3pg","微信读书"
"国科大就业","2024-11-07","招聘 | 中兵无人机研究院 2025校园招聘正式启动","https://mp.weixin.qq.com/s/TR8LhOrQIwPegLxza0DBuQ","微信读书"
"国科大就业","2024-11-07","招聘 | 网联清算公司2025届校园招聘启动啦","https://mp.weixin.qq.com/s/tEPddCd_v2ma4ni-PPF2dA","微信读书"
"国科大就业","2024-11-07","招聘 | 关于公开选聘2025年度珠海市干部队伍储备人才的公告","https://mp.weixin.qq.com/s/PUFlsueNPPl3EMniOmstFA","微信读书"
"国科大就业","2024-11-07","招聘 | 福田汽车2025届全球校园招聘","https://mp.weixin.qq.com/s/VSTjYwZtQQS5h877AHde5A","微信读书"
"国科大就业","2024-11-07","就业讲堂 | 应届毕业生求职，如何才能更好地面试？","https://mp.weixin.qq.com/s/mhyNrd7iXi9nWiLimWAaqQ","微信读书"
"国科大就业","2024-11-06","招聘 | 中国原子能科学研究院2025届校园招聘正式启动！","https://mp.weixin.qq.com/s/vS6goofPdrLWQ2j-m704wg","微信读书"
"国科大就业","2024-11-06","招聘 | 中国原子能工业有限公司2025校园招聘","https://mp.weixin.qq.com/s/PFd3nQ3QIf4FefHQ4ndXLw","微信读书"
"国科大就业","2024-11-06","招聘 | 中国航天科技集团有限公司五院513所","https://mp.weixin.qq.com/s/PSMKmdbDtZKcPcDb-PhFLg","微信读书"
"国科大就业","2024-11-06","招聘 | 清华四川院2025校园招聘正式开启","https://mp.weixin.qq.com/s/nyU47HvQMYO46ZnbvUWVOw","微信读书"
"国科大就业","2024-11-06","招聘 | 鼎阳科技2025届校园招聘火热进行中！","https://mp.weixin.qq.com/s/G9D43UTlqw6aIDlNA9alJw","微信读书"
"国科大就业","2024-11-06","宣讲会 | 11月7日 格林美集团2025届校园招聘","https://mp.weixin.qq.com/s/9nhmP1a8zDtqZZDYcFVVZg","微信读书"
"国科大就业","2024-11-06","浪潮集团2025届校园招聘空中宣讲会启动！","https://mp.weixin.qq.com/s/7Ma2GTlFWy5bHeBYkgjWNQ","微信读书"
"国科大就业","2024-11-06","就业讲堂 | 试用期可以延长吗？","https://mp.weixin.qq.com/s/hSIOiaoHcxBHbknmMqsp6Q","微信读书"
"国科大就业","2024-11-05","招聘 | 中国兵器夜视院集团2025届秋季校园招聘正式启动","https://mp.weixin.qq.com/s/iEb6tU6jF8ANvwMUjPTVOw","微信读书"
"国科大就业","2024-11-05","招聘 | 华鑫信托2025届校园招聘启动","https://mp.weixin.qq.com/s/TVNkNxST6gXznAIAuIvJyw","微信读书"
"国科大就业","2024-11-05","招聘 | 哈尔滨工程大学2024年博士后招收启事","https://mp.weixin.qq.com/s/Net9Ddi3hWNlalpholE-IA","微信读书"
"国科大就业","2024-11-05","云南省2025年面向中国科学院大学选调优秀毕业生公告","https://mp.weixin.qq.com/s/YyDIUZC7gCbuRgQNCdFE6A","微信读书"
"国科大就业","2024-11-05","每人20万！第十二届百度奖学金启动申报","https://mp.weixin.qq.com/s/dm8y_hE-D9kV2Vldyk6-og","微信读书"
"国科大就业","2024-11-05","就业讲座｜“京彩助梦 成功就业”线上公益讲座","https://mp.weixin.qq.com/s/lu4ldI8Nq04dO4wlwOhNUg","微信读书"
"国科大就业","2024-11-05","就业讲座 | 行测的能力提升","https://mp.weixin.qq.com/s/ygSW9CHV1W8Yn-bBVbvngQ","微信读书"
"国科大就业","2024-11-05","广西2025年定向中国科学院大学招录选调生公告","https://mp.weixin.qq.com/s/RgTIyVjMFxZExyDkZQt-0Q","微信读书"
"国科大就业","2024-11-04","招聘 | 中联重科2025届全球校园招聘正式启动","https://mp.weixin.qq.com/s/fh10Aa9s28VnRvLiig1N7Q","微信读书"
"国科大就业","2024-11-04","招聘 | 中国科学院机关2025年度应届毕业生招聘启事","https://mp.weixin.qq.com/s/E3C07EDJtX8jI11Up5P--g","微信读书"
"国科大就业","2024-11-04","招聘 | 兴银理财2025校园招聘","https://mp.weixin.qq.com/s/NUi2Py7HDApBs9zg5-090w","微信读书"
"国科大就业","2024-11-04","招聘 | 海能达通信2025届秋招正式启动","https://mp.weixin.qq.com/s/x6edHYMJRiCyxAAscgAAtA","微信读书"
"国科大就业","2024-11-04","招聘 | 阿里大文娱集团2025届秋季校招正式启动！","https://mp.weixin.qq.com/s/Uiw-SkNqPtIPrPZwQL5PwA","微信读书"
"国科大就业","2024-11-04","五中，期待卓越的你！","https://mp.weixin.qq.com/s/h0BuKUHlTsANX9RqUhVcuQ","微信读书"
"国科大就业","2024-11-04","就业讲堂 | 签合同时，应注意哪些劳动权益保护事项？1分钟了解","https://mp.weixin.qq.com/s/1IPY-eTaENPNflfoRoqTHQ","微信读书"
"国科大就业","2024-11-02","招聘 | 中粮生物科技2025校园招聘","https://mp.weixin.qq.com/s/GaGu0MNgwErKy5R0m4tIag","微信读书"
"国科大就业","2024-11-02","招聘 | 中国航天空气动力技术研究院2025届校园招聘全面开启","https://mp.weixin.qq.com/s/fM7qKthyBeWzrcPh0XybSQ","微信读书"
"国科大就业","2024-11-02","招聘 | 海融医药2025校园招聘全面开启！——嗨！融青春，耀不凡！","https://mp.weixin.qq.com/s/S9fVDYyzn_ygfv3B51nZRg","微信读书"
"国科大就业","2024-11-02","招聘 | 北京空间机电研究所2025年校园招聘","https://mp.weixin.qq.com/s/is1epNDU2N1wcbdFw_QA7w","微信读书"
"国科大就业","2024-11-02","招聘 | 北京大数据先进技术研究院 (“数据空间技术与系统”全国重点实验室)2025届校园招聘","https://mp.weixin.qq.com/s/_MFKrbWSDkmSN7ltQ6QU6w","微信读书"
"国科大就业","2024-11-02","宣讲会 | 11月4日 中国星网2025年度校园招聘正式启动","https://mp.weixin.qq.com/s/tgC_wR6V8SnsONOGfKsXWg","微信读书"
"国科大就业","2024-11-02","就业讲堂 | 即将面试，该做哪些准备？","https://mp.weixin.qq.com/s/XJSLqNg7KoPDJRszHrxT0A","微信读书"
"国科大就业","2024-11-01","中粮集团2025“优粮生”计划","https://mp.weixin.qq.com/s/eF4Yzs9xDp_lOUvtzbvkug","微信读书"
"国科大就业","2024-11-01","招聘 | 中国卫星网络集团2025年度校园招聘","https://mp.weixin.qq.com/s/Bs_DxINS1vsgh7BwmNFTrw","微信读书"
"国科大就业","2024-11-01","招聘 | 联通在线信息科技有限公司2025年校园招聘","https://mp.weixin.qq.com/s/1KJBLKnvwJr17k3M2UMdlg","微信读书"
"国科大就业","2024-11-01","招聘 | 嘉庚创新实验室2025届厦门市优培生选拔公告","https://mp.weixin.qq.com/s/e7Q546QLlCNi8Xk2ETk13A","微信读书"
"国科大就业","2024-11-01","招聘 | 德州仪器TI芯动岗位持续热招中","https://mp.weixin.qq.com/s/rRqLPmV_SrXXqv0m99VlFA","微信读书"
"国科大就业","2024-11-01","就业讲堂 | 什么情况下用人单位必须与员工签订无固定期限劳动合同？","https://mp.weixin.qq.com/s/cXfd7GI8-e4Aj7kYON370g","微信读书"
"国科大就业","2024-10-31","招聘 | 中国兵器装备集团有限公司总部2024年公开招聘公告","https://mp.weixin.qq.com/s/ldex_PgXbDi-dK4ZkDfuWw","微信读书"
"国科大就业","2024-10-31","招聘 | 空军第5706厂、5713厂、5715厂、5718厂、5719厂、5721厂等招聘信息","https://mp.weixin.qq.com/s/154e4wIxJLjtCuL28OlK7w","微信读书"
"国科大就业","2024-10-31","招聘 | 国网电力空间技术有限公司2025届高校毕业生招聘","https://mp.weixin.qq.com/s/4ALStwBE-yaJFRsYVCRMvw","微信读书"
"国科大就业","2024-10-31","招聘 | 北科大招聘！106人！","https://mp.weixin.qq.com/s/RI_U4q9uHqyk2yKifZgSoA","微信读书"
"国科大就业","2024-10-31","招聘 | 北京邮电大学招聘多名事业编制辅导员","https://mp.weixin.qq.com/s/GY0WxhQw_MCdF9h5F5et-g","微信读书"
"国科大就业","2024-10-31","招聘 | 北京排水集团2025年校园招聘启动！","https://mp.weixin.qq.com/s/nRMnLgvtv8euf9_l_y4cCA","微信读书"
"国科大就业","2024-10-31","招聘 | 北京金融控股集团2025校园招聘","https://mp.weixin.qq.com/s/aryP6kj9n_rHqYvBbuAc2g","微信读书"
"国科大就业","2024-10-31","就业讲座 | 新能源汽车行业发展趋势和职业机会（理想汽车）","https://mp.weixin.qq.com/s/NxY-AhtskLeOpkTFw9XHPg","微信读书"
"国科大就业","2024-10-30","HR超爱听的5个面试反问，建议收藏！","https://mp.weixin.qq.com/s/VDTEsKuPprlC8PimAm3uHw","微信读书"
"国科大就业","2024-10-30","招聘｜中国兵器工业第二〇五研究所2025年校园招聘正式启动！","https://mp.weixin.qq.com/s/qxUGDgG6U8orVXCWI4gw1A","微信读书"
"国科大就业","2024-10-30","招聘 | 中国兵器工业计算机应用技术研究所2024年校园招聘","https://mp.weixin.qq.com/s/IrlBcuu-Tje1K1ekU_bP8w","微信读书"
"国科大就业","2024-10-30","招聘 | 康冠科技2025届校园招聘","https://mp.weixin.qq.com/s/N_aW2UO-WE2dY7nP62IlPw","微信读书"
"国科大就业","2024-10-30","招聘 | 航空工业金航数码2025届校园招聘正式启动","https://mp.weixin.qq.com/s/4ZGpGuwbaUlC3l8fKTSkQg","微信读书"
"国科大就业","2024-10-30","招聘 | 点点互动秋招提前批热招中！offer已就位，速投！","https://mp.weixin.qq.com/s/pPN4v5FvnwZLndyuFxTgiA","微信读书"
"国科大就业","2024-10-30","双选会 | 11月12日 中国科学院大学（雁栖湖校区）硕博专场—中博汇高层次人才洽谈会“2024年度秋季巡回”招聘会","https://mp.weixin.qq.com/s/reKD1Al5U7LzSejgiD53GQ","微信读书"
"国科大就业","2024-10-29","中国石油集团海洋工程有限公司2024年秋季高校毕业生招聘公告","https://mp.weixin.qq.com/s/uLU_w3qj--jt9z1MO35jfA","微信读书"
"国科大就业","2024-10-29","招聘 | 天成先进2025届秋季校园招聘","https://mp.weixin.qq.com/s/UrLk_O96yYjT9CiWoaJjlA","微信读书"
"国科大就业","2024-10-29","招聘 | 江苏省国信集团2024年秋季集中招聘公告","https://mp.weixin.qq.com/s/im4RLEUCyK5vmRe4TboymA","微信读书"
"国科大就业","2024-10-29","招聘 | 东方电气集团2025届校园招聘","https://mp.weixin.qq.com/s/DOHxBH-KJxg_42aC3fVnlA","微信读书"
"国科大就业","2024-10-29","宣讲会 | 10月30日 广西科技大学2024年校园招聘","https://mp.weixin.qq.com/s/_fRlsip9qndVOcD01Iu-OQ","微信读书"
"国科大就业","2024-10-29","宣讲会 | 10月30日 北京易智时代数字科技有限公司招聘","https://mp.weixin.qq.com/s/DkdlVw-2P5ryrrHOG9wjCQ","微信读书"
"国科大就业","2024-10-29","就业讲座 | 互联网行业发展趋势和职业机会（腾讯集团）","https://mp.weixin.qq.com/s/mMbhR2MmsQBE9AOSLkscRQ","微信读书"
"国科大就业","2024-10-28","招聘 | 深圳市南山区中科先进院实验学校面向2025年应届毕业生公开招聘教师","https://mp.weixin.qq.com/s/4kaCocf6kZB2n8n0N3PU1A","微信读书"
"国科大就业","2024-10-28","招聘 | 上海电力设计院有限公司2025届校园招聘","https://mp.weixin.qq.com/s/_iNKDz4Ki-pSigFkUG5PoQ","微信读书"
"国科大就业","2024-10-28","招聘 | 灵犀互娱2025届秋季校园招聘","https://mp.weixin.qq.com/s/m761FgGjkx8aWJHUP86LfA","微信读书"
"国科大就业","2024-10-28","宣讲会 | 10月31日 公安部第一研究所2025年公开招聘","https://mp.weixin.qq.com/s/oDNlRagVqJq-pCX2Tb0nhQ","微信读书"
"国科大就业","2024-10-28","宣讲会 | 10月30日 中国信通院2025届校园招聘开始啦","https://mp.weixin.qq.com/s/xJlOnvr-hLBS7VkE7Qs1Pg","微信读书"
"国科大就业","2024-10-28","就业指导 | 就业指导系列讲座——申论的能力揭秘","https://mp.weixin.qq.com/s/2ewaPTdGXzDjpO4LixIGIQ","微信读书"
"国科大就业","2024-10-25","招聘 | 中建五局山东公司“青苗计划”2025校园招聘正式启动！","https://mp.weixin.qq.com/s/tlWEfBLkUHcwNh88U97Ezg","微信读书"
"国科大就业","2024-10-25","招聘 | 中国人寿再保险有限责任公司2025校园招聘","https://mp.weixin.qq.com/s/rV8prXtOo7islHF_64oFjQ","微信读书"
"国科大就业","2024-10-25","招聘 | 通用技术集团2025届校招正式启动","https://mp.weixin.qq.com/s/3Mv7leNw6jUpXPbkzpdA9A","微信读书"
"国科大就业","2024-10-25","招聘 | 青春无限，大友可为 | 友塔游戏2025校园招聘正式批启动","https://mp.weixin.qq.com/s/ktThe8H9uy6xf-x0zU6dFQ","微信读书"
"国科大就业","2024-10-25","冶金工业规划研究院2025年校园招聘","https://mp.weixin.qq.com/s/M0xmXUZwyH6_spLOal_LPA","微信读书"
"国科大就业","2024-10-25","宣讲会 | 10月28日 一汽红旗（研发总院）2025校园招聘丨正式启动","https://mp.weixin.qq.com/s/Wb_iAWBVul5DspGueWmY8g","微信读书"
"国科大就业","2024-10-25","「 筑梦基层 」国科大选调生经验分享交流会青选计划、福建省引进生专场预告","https://mp.weixin.qq.com/s/ZTwVUW83QbUlcxpeL-yQMA","微信读书"
"国科大就业","2024-10-24","招聘 | 中核地质科技有限公司招聘开始啦！","https://mp.weixin.qq.com/s/-hakvydUA1Z_uU7K1S-JSw","微信读书"
"国科大就业","2024-10-24","招聘 | 中国一汽2025双百计划丨正式启动！","https://mp.weixin.qq.com/s/dbFTfRJGnvWJmpq0V3NKcA","微信读书"
"国科大就业","2024-10-24","招聘 | 德施曼2025届校园招聘","https://mp.weixin.qq.com/s/zCxzqTarBYkm34yluCVwxA","微信读书"
"国科大就业","2024-10-24","招聘 | 安克创新科技股份有限公司全球校园招聘","https://mp.weixin.qq.com/s/K2RixYlrTxLpnEyUtA_ypw","微信读书"
"国科大就业","2024-10-24","招聘 | 2025届哈曼中国校园招聘","https://mp.weixin.qq.com/s/1Ilr6KrwSqsff3MjY7H0Gg","微信读书"
"国科大就业","2024-10-24","宣讲会 | 10月25日 中国绿发投资集团有限公司2025年高校毕业生招聘公告","https://mp.weixin.qq.com/s/yGbKtIBFnvUzsax1e6A98w","微信读书"
"国科大就业","2024-10-24","双选会 | 10月25日下午，“京彩就业”中国科学院大学2025届毕业生秋季校园双选会2","https://mp.weixin.qq.com/s/3IIO4f7m_a3xUysptkj9Hw","微信读书"
"国科大就业","2024-10-24","活动预告 | 就业指导系列讲座——简历 面试指导","https://mp.weixin.qq.com/s/DCvmKBjSRZtwqI7abj-Zkg","微信读书"
"国科大就业","2024-10-23","招聘会 | 10月25日 山西省朔州市2024年博士人才招聘公告","https://mp.weixin.qq.com/s/I7gLwpx9IAmTJ6d6kgmTKQ","微信读书"
"国科大就业","2024-10-23","招聘 | 中国信科—数据所（兴唐公司）2025届校园招聘开始啦！！！","https://mp.weixin.qq.com/s/0HkR6vYpKh8u7ZIWhptzkQ","微信读书"
"国科大就业","2024-10-23","招聘 | 人大附中亦庄新城学校招聘","https://mp.weixin.qq.com/s/cvJTRpw8xe8KGFfjD7M5Eg","微信读书"
"国科大就业","2024-10-23","招聘 | 国家开发投资集团有限公司2025年校园招聘","https://mp.weixin.qq.com/s/qxC5rjrvbxj-nC3ww-0f9A","微信读书"
"国科大就业","2024-10-23","宣讲会 | 10月25日 中国绿发投资集团有限公司2025年高校毕业生招聘公告","https://mp.weixin.qq.com/s/Szb0bUXU3uK_5LmXDzVhPA","微信读书"
"国科大就业","2024-10-23","宣讲会 | 10月24日 中国财产再保险有限责任公司2025校园招聘","https://mp.weixin.qq.com/s/8RGDOE252eWsEMPHcG8QKg","微信读书"
"国科大就业","2024-10-23","就业讲堂 | 离职要支付违约金吗？","https://mp.weixin.qq.com/s/JlsRo6oqnVgNNf3qbSrgOQ","微信读书"
"国科大就业","2024-10-23","福建省2025届引进生选拔公告","https://mp.weixin.qq.com/s/NNgHbYoq4IrGNJA5VIBS4w","微信读书"
"国科大就业","2024-10-22","招聘 | 中化蓝天2025校园招聘正式启动","https://mp.weixin.qq.com/s/Lqjhh6pO6P3MxncNBon-Iw","微信读书"
"国科大就业","2024-10-22","招聘 | 中国银联博士后科研工作站2025年招收简章","https://mp.weixin.qq.com/s/sd4A_9t7c9yhBI_qWd4Oeg","微信读书"
"国科大就业","2024-10-22","招聘 | 药明生物2025秋季校招正式启动！","https://mp.weixin.qq.com/s/UraTlsgc61mzKBvexjU-Yg","微信读书"
"国科大就业","2024-10-22","招聘 | 广州市规划院GZPI·2025届校园招聘正式启动！","https://mp.weixin.qq.com/s/-LZ76oUFovByGPvVq7UJQg","微信读书"
"国科大就业","2024-10-22","宣讲会 | 10月25日 温州市教育系统面向全国引进优秀教育人才中国科学院大学专场招聘会","https://mp.weixin.qq.com/s/4aH-VGhiVqzN0C_wSAbkxA","微信读书"
"国科大就业","2024-10-22","宣讲会 | 10月24日 装备制造创新中心（北京石油机械有限公司）2024年秋季高校毕业生招聘启事","https://mp.weixin.qq.com/s/l90piSSk0pMk2OHMT0SGrQ","微信读书"
"国科大就业","2024-10-22","双选会 | 10月31日 2024年济南市“才聚泉城高校行”中国科学院大学专场引才活动","https://mp.weixin.qq.com/s/sEEQxVmjp9E5LX_w1oHIxA","微信读书"
"国科大就业","2024-10-22","就业指导 | 就业指导系列讲座——消费电子及智能制造行业发展趋势与职业机会（小米集团）","https://mp.weixin.qq.com/s/fXTK8JVWGvxcGvdhTlkdPg","微信读书"
"国科大就业","2024-10-21","招聘 | Payer Max2025届全球校园招聘","https://mp.weixin.qq.com/s/2o7eqszLjJt8mNdmWKy1dQ","微信读书"
"国科大就业","2024-10-21","招聘 | 康龙化成2025全球校园招聘正式启动！","https://mp.weixin.qq.com/s/wG-Wukq7XuTMDCO0VV2yNA","微信读书"
"国科大就业","2024-10-21","招聘 | 虎牙2025届校园招聘全面启动！","https://mp.weixin.qq.com/s/PaLeKz3VYhunOWt-jQc55A","微信读书"
"国科大就业","2024-10-21","宣讲会 | 10月23日 重庆市规划和自然资源调查监测院2025年应届毕业研究生招聘公告","https://mp.weixin.qq.com/s/JC62brsf6hPxD7qrK4JdTw","微信读书"
"国科大就业","2024-10-21","宣讲会 | 10月22日 中石化（北京）化工研究院有限公司启动2025年校园招聘","https://mp.weixin.qq.com/s/y4IkWsDQUPinDylubMdbKA","微信读书"
"国科大就业","2024-10-21","宣讲会 | 10月22日 宁德时代2025届全球校园招聘正式启动！","https://mp.weixin.qq.com/s/W9DdQ2vhMgHjVK4sTmtX7w","微信读书"
"国科大就业","2024-10-21","青海省2025年度选调应届优秀大学毕业生公告","https://mp.weixin.qq.com/s/bEi9D7epNll-JA0I1pbYPQ","微信读书"
"国科大就业","2024-10-21","就业指导 | 就业指导系列讲座——行测的基础知识","https://mp.weixin.qq.com/s/ZHkfcVDTxrFoF551uMqDeg","微信读书"
"国科大就业","2024-10-19","招聘丨天津港航工程2025届校园招聘正式启程！","https://mp.weixin.qq.com/s/NCcns2R-PKYtGVHjmuvYTg","微信读书"
"国科大就业","2024-10-19","招聘 | 中国移动（成都）产业研究院2025秋季校园招聘暨“金种子”计划启动","https://mp.weixin.qq.com/s/O9pEOe0exiZhE8KPgo0ArQ","微信读书"
"国科大就业","2024-10-19","招聘 | 思摩尔国际 | 2025摩范生全球校园招聘正式启动","https://mp.weixin.qq.com/s/EJcOFJ6-DRTF_eceI1ICNA","微信读书"
"国科大就业","2024-10-19","招聘 | 进迭时空（杭州）科技有限公司2025校园招聘","https://mp.weixin.qq.com/s/Gkf_NZHyRTBOt-dzFs9PEw","微信读书"
"国科大就业","2024-10-19","招聘 | 金蝶2025校园招聘火热启动！带你踏上未来之旅","https://mp.weixin.qq.com/s/Y1Qmc_kpTHXiwULSfveMQg","微信读书"
"国科大就业","2024-10-19","招聘 | 2025年武汉市属企业管培生招聘首发启航","https://mp.weixin.qq.com/s/31A_Jt9JWszRFeDnNh3C5A","微信读书"
"国科大就业","2024-10-19","宣讲会 | 10月21日 中国出口信用保险公司2025年校园招聘公告","https://mp.weixin.qq.com/s/QxSmOjlrsO0cXllBD3hZwg","微信读书"
"国科大就业","2024-10-19","上海 | 博硕人才必看！来2024上海首届千企万岗招聘会解锁豪华阵容！","https://mp.weixin.qq.com/s/gCMFZdD2p5G-xYwRuY__jA","微信读书"
"国科大就业","2024-10-18","MoonBit （月兔）全球编程创新挑战赛正式启动！","https://mp.weixin.qq.com/s/9xMVoaUchVvhKHdmE3spKQ","微信读书"
"国科大就业","2024-10-18","中国中化2025校园招聘正式启动！","https://mp.weixin.qq.com/s/S205gXF4i8KJkiciSFRXmQ","微信读书"
"国科大就业","2024-10-18","招聘 | 珠海基石科技有限公司2025届校园招聘","https://mp.weixin.qq.com/s/jA3cpqFjfTgV21n1MAQFTA","微信读书"
"国科大就业","2024-10-18","招聘 | 先声药业集团2025届校园招聘全面启动！","https://mp.weixin.qq.com/s/h7OxXIkccG_4oyNu_9hNkw","微信读书"
"国科大就业","2024-10-18","招聘 | 齐鲁银行2025校园招聘正式启动","https://mp.weixin.qq.com/s/h6OAguBDU39Py_n_YaWMWg","微信读书"
"国科大就业","2024-10-18","招聘 | 杭州研极微电子2025届校园招聘","https://mp.weixin.qq.com/s/sRPX0fgMXP1W57As2FEe5Q","微信读书"
"国科大就业","2024-10-18","招聘 | 北京环卫集团2025届校园招聘","https://mp.weixin.qq.com/s/taj-f7hZJOpSHk7D1PmJ3A","微信读书"
"国科大就业","2024-10-18","就业讲堂 | 被公司辞退，但却不给经济补偿怎么办？","https://mp.weixin.qq.com/s/U5_9c0grDju1GV0M-6jnhA","微信读书"
"国科大就业","2024-10-17","招聘 | 莫干山地信实验室，“职”等你来（2024年第二批）","https://mp.weixin.qq.com/s/T_bDIstvZbUoMM7UvxWJCA","微信读书"
"国科大就业","2024-10-17","招聘 | 咪咕2025届秋季校园招聘全面启动","https://mp.weixin.qq.com/s/y3aAtM68-NT-91hnuBm4DQ","微信读书"
"国科大就业","2024-10-17","招聘 | 帝迈2025届博士招聘全球启动","https://mp.weixin.qq.com/s/bEkUQH4vjSxsGrCwLmsMuw","微信读书"
"国科大就业","2024-10-17","招聘 | 2025校园招聘 | 中国电子科技集团公司第十一研究所","https://mp.weixin.qq.com/s/haZr9S9msYw0T_6kkYBKjA","微信读书"
"国科大就业","2024-10-17","宣讲会 | 10月19日 御微半导体2025届秋季校园招聘正式启动！","https://mp.weixin.qq.com/s/FKug9foo0NkJcl2MNXh66w","微信读书"
"国科大就业","2024-10-17","宣讲会 | 10月19日 湖南石化启动2025年校园招聘！","https://mp.weixin.qq.com/s/fp87_vwu8SKRm40kC9IHEg","微信读书"
"国科大就业","2024-10-17","宣讲会 | 10月18日 北大附中2025年招聘正式启动","https://mp.weixin.qq.com/s/zVOKO7lbpD1rnOMN3Mk3lg","微信读书"
"国科大就业","2024-10-17","就业讲堂 | @初入职场的小伙伴：签合同，这些事要注意！","https://mp.weixin.qq.com/s/dB7dkJCW-vXpLFoTTWqtYA","微信读书"
"国科大就业","2024-10-16","招聘 | 中国联通研究院2025校园招聘——闪耀新苗“引博优才计划”同步启动！","https://mp.weixin.qq.com/s/c73XOCMhgwpasAsYg22LZg","微信读书"
"国科大就业","2024-10-16","招聘 | 武汉市2025年选聘生招聘公告","https://mp.weixin.qq.com/s/uG7HtAaNTYCNICcmyyWVEQ","微信读书"
"国科大就业","2024-10-16","招聘 | 国网数科控股公司2025年校园招聘正式启动","https://mp.weixin.qq.com/s/cfCaYLfrhA2l6RNBfGguCQ","微信读书"
"国科大就业","2024-10-16","宣讲会 | 10月17日 芯创未来 | 力积存储2025校招正式开启","https://mp.weixin.qq.com/s/-EMhLXHFL02f7unwkNPRrQ","微信读书"
"国科大就业","2024-10-16","宣讲会 | 10月17日 深空探测实验室2025届校园宣讲会邀你共赴星辰之旅","https://mp.weixin.qq.com/s/E057itdf_D81OAXof_s7fA","微信读书"
"国科大就业","2024-10-16","江西省2025年从中国科学院大学选调应届优秀大学毕业生公告","https://mp.weixin.qq.com/s/fgbw0nYHxHRZ8QwNAvhocA","微信读书"
"国科大就业","2024-10-16","2025年度陕西省面向中国科学院大学招录选调生公告","https://mp.weixin.qq.com/s/bPbsVjrCH-GniN-WYgskIA","微信读书"
"国科大就业","2024-10-16","「 筑梦基层 」国科大选调生经验分享交流会海南省、广东省选调生专场预告","https://mp.weixin.qq.com/s/fxg6R4LcBSrQTAhxS1JVvg","微信读书"
"国科大就业","2024-10-15","招聘 | 天津市医药集团有限公司2025届校园招聘","https://mp.weixin.qq.com/s/nrociQ5NX3O-ooTEi5ZUIQ","微信读书"
"国科大就业","2024-10-15","招聘 | 河北联通 | 2025秋招正式启动！","https://mp.weixin.qq.com/s/-yCYF5AKbpWnqVwML-WlOA","微信读书"
"国科大就业","2024-10-15","用人单位邀请函 ▏10月20日、21日中国科学院上海分院2025届毕业生校园招聘会","https://mp.weixin.qq.com/s/20vck1m2SekFGiqLWtYyQw","微信读书"
"国科大就业","2024-10-15","宣讲会 | 10月16日 泰丰先行（锂电）集团2024校园秋招","https://mp.weixin.qq.com/s/tona4GpGNo1h6OuN2T98rA","微信读书"
"国科大就业","2024-10-15","宣讲会 | 10月16日 重庆芯联微电子2025届校园招聘","https://mp.weixin.qq.com/s/SvIWJ6ysnhiwZwadgiQqOg","微信读书"
"国科大就业","2024-10-15","宣讲会 | 10月16日 北京市育英学校招聘教师公告","https://mp.weixin.qq.com/s/lTGImRDByaeOUxNDjEyoXw","微信读书"
"国科大就业","2024-10-15","美团技术讲座-10月16日 大模型技术的发展、实践及挑战","https://mp.weixin.qq.com/s/Sn6H64Qcl7MFIXKW9uUgiw","微信读书"
"国科大就业","2024-10-15","就业讲堂 | 试用期时长、工资能随意定吗？","https://mp.weixin.qq.com/s/uMD7qAsZFp5dDU_5Lh0abQ","微信读书"
"国科大就业","2024-10-14","宣讲会丨10月15日 数据所（兴唐公司）2025校园招聘宣讲会","https://mp.weixin.qq.com/s/MnFc7gNb58sImS_Nab2xyA","微信读书"
"国科大就业","2024-10-14","宣讲会 | 10月16日 2024年石家庄高层次人才交流洽谈会","https://mp.weixin.qq.com/s/CVHidJeA6koRJEGxrdpvdw","微信读书"
"国科大就业","2024-10-14","宣讲会 | 10月15日 茂名石化2025年校园招聘","https://mp.weixin.qq.com/s/OiejItR0r0SL9AElpiFnfA","微信读书"
"国科大就业","2024-10-14","宣讲会 | 10月15日 国网信通产业集团2025届校园招聘正式启动！","https://mp.weixin.qq.com/s/I5oymeF-leRXm1m2tBV6zg","微信读书"
"国科大就业","2024-10-14","双选会 | 【成都】10月18日 【中国科学院大学成都学院硕博专场】——中博汇高层次人才洽谈会“2024年度秋季巡回”招聘会","https://mp.weixin.qq.com/s/TIq6XgcyzearpbL2unbfRw","微信读书"
"国科大就业","2024-10-14","​内蒙古自治区2025年度集中选调应届优秀大学毕业生公告","https://mp.weixin.qq.com/s/8P8WkYMApUonXnyq7DspUw","微信读书"
"国科大就业","2024-10-14","就业指导 | 就业指导系列讲座——公考需要知道的那些事儿","https://mp.weixin.qq.com/s/g2zPR-QwKPy_HZPdASUuMA","微信读书"
"国科大就业","2024-10-14","贵州省2025年定向部分高校选调优秀毕业生公告","https://mp.weixin.qq.com/s/EXQdmbG4fcTQNE234LFQzg","微信读书"
"国科大就业","2024-10-13","招聘｜兴业银行2025校园招聘全面启动！","https://mp.weixin.qq.com/s/z9zju2ebgdi9-XEvgA0USw","微信读书"
"国科大就业","2024-10-13","招聘 | 中国移动广西公司 | 2025校园招聘火热进行中！","https://mp.weixin.qq.com/s/KKwnF2Zd2x1XPHO85-8w9w","微信读书"
"国科大就业","2024-10-13","招聘 | 中国电信广东公司2025校园招聘正式启动！","https://mp.weixin.qq.com/s/xN8i4Tzy3rnOHv8ob8kQCA","微信读书"
"国科大就业","2024-10-13","招聘 | 浙江浙能科技环保集团股份有限公司及所属营运企业2025届秋季招聘正式启动！","https://mp.weixin.qq.com/s/LVfQzh54xHYwBQ7Z6lp37A","微信读书"
"国科大就业","2024-10-13","招聘 | 统信软件2025届校园招聘&博士后招聘正式启动","https://mp.weixin.qq.com/s/jU7BZVUxTrnFLnX_ZfB09Q","微信读书"
"国科大就业","2024-10-13","用人单位邀请函 | 10月26日 中国科学院大学化学类专场招聘会参会单位招募中","https://mp.weixin.qq.com/s/iFaPMUTohpY2zCrTeXsrGA","微信读书"
"国科大就业","2024-10-13","安徽省2025年度面向中国科学院大学定向招录选调生公告","https://mp.weixin.qq.com/s/DhXAl4ZAVrGQ0Cdq4RA5rw","微信读书"
"国科大就业","2024-10-12","招聘｜算能2025届天才招聘正式启动","https://mp.weixin.qq.com/s/pGiGdBTDfXNvN9RiqsfWqA","微信读书"
"国科大就业","2024-10-12","招聘 | 中建-大成2025年秋季校园招聘等你来！","https://mp.weixin.qq.com/s/ThSx8a5meb-TBuk1hKeZog","微信读书"
"国科大就业","2024-10-12","招聘 | 长沙银行2025校园招聘全面启动！","https://mp.weixin.qq.com/s/RHW5yXQgs0_u3M33fNNsgA","微信读书"
"国科大就业","2024-10-12","招聘 | 渤海银行2025校园招聘全面启航，星辰大海等你来探！","https://mp.weixin.qq.com/s/h_xXTu-gwkbmmXfNmBUmNg","微信读书"
"国科大就业","2024-10-12","宣讲会 | 10月14日 中国电科三十六所2025届秋季校园招聘全面启动！","https://mp.weixin.qq.com/s/d9HoZLvTEfvqZKKxfjqyww","微信读书"
"国科大就业","2024-10-12","宣讲会 | 10月14日 芯恩2025届校园招聘全面启动","https://mp.weixin.qq.com/s/F66QarMjUlUNvwMagg8gmQ","微信读书"
"国科大就业","2024-10-12","宣讲+双选 | 10月14日 中国电信2025校园招聘全面启动！","https://mp.weixin.qq.com/s/3PQqOWT5LpGeVI-U1FzDAw","微信读书"
"国科大就业","2024-10-12","就业讲堂 | 不签合同就不用缴社保吗？","https://mp.weixin.qq.com/s/NQm8oSnKk1F0lc7Wy4tk7Q","微信读书"
"国科大就业","2024-10-11","招聘｜华虹集团2025届校园招聘正式启动","https://mp.weixin.qq.com/s/0METlVpo43zWkpTqF8WCxQ","微信读书"
"国科大就业","2024-10-11","招聘 | 易盛信息2025校园招聘正式启动","https://mp.weixin.qq.com/s/i1yIvdP2JYgmCgTioDF0EA","微信读书"
"国科大就业","2024-10-11","招聘 | 亦庄产投2025届秋季校园招聘","https://mp.weixin.qq.com/s/wXFBLiPXtNYBjWMg56omVw","微信读书"
"国科大就业","2024-10-11","招聘 | 微策略2025校园招聘正式开启","https://mp.weixin.qq.com/s/xaluue_qzSv-IbRS1-nLLg","微信读书"
"国科大就业","2024-10-11","招聘 | 晋华集成电路2025校园招聘正式启动！","https://mp.weixin.qq.com/s/VZbBHOvr7wCKDOyBrNaJCQ","微信读书"
"国科大就业","2024-10-11","招聘 | 北京智芯微电子科技有限公司2025年校园招聘公告（提前批）","https://mp.weixin.qq.com/s/tvkUKhjX33IgnEtetKxBXw","微信读书"
"国科大就业","2024-10-11","双选会 | 参会单位更新 | 10月12日 2024年秋季全国博士、博士后高层次人才巡回签约洽谈会——中国科学院大学站","https://mp.weixin.qq.com/s/WmeTqZeJyZCo4WVeJfe0pA","微信读书"
"国科大就业","2024-10-11","就业指导系列讲座——简历 面试指导","https://mp.weixin.qq.com/s/zQ-X57wF_ymxruRk-RXcHQ","微信读书"
"国科大就业","2024-10-10","宣讲会 | 10月12日 中国航天科工集团第十总体设计部2025届校园招聘正式启动","https://mp.weixin.qq.com/s/m-fDJdKVfJWSZPEOS3O4dw","微信读书"
"国科大就业","2024-10-10","宣讲会 | 10月12日 中国电力科学研究院有限公司2025年校园招聘简章","https://mp.weixin.qq.com/s/PjpO9fZUaMmhDTfWXN7_VQ","微信读书"
"国科大就业","2024-10-10","双选会 | 10月25日，“京彩就业”中国科学院大学2025届毕业生秋季校园双选会2","https://mp.weixin.qq.com/s/wfht3EAjPgL9veNCsfvYFA","微信读书"
"国科大就业","2024-10-10","江苏省2025年应届优秀大学毕业生选调工作公告","https://mp.weixin.qq.com/s/4DUVrVS868bcsdFNZA5UbQ","微信读书"
"国科大就业","2024-10-10","吉林省面向中国科学院大学定向招录2025届选调生公告","https://mp.weixin.qq.com/s/EqSqKNfe67dXFBl5_vt0Wg","微信读书"
"国科大就业","2024-10-10","吉林省2024年秋季组团引才公告","https://mp.weixin.qq.com/s/4A8Hxsp1aP9bg_3Bcu0C7w","微信读书"
"国科大就业","2024-10-10","活动预告｜“京彩助梦 成功就业”线上公益讲座","https://mp.weixin.qq.com/s/UnvgxijRqKL7yrHFxSyt_Q","微信读书"
"国科大就业","2024-10-10","2025秋招攻略：确定职业方向，走出求职第一步","https://mp.weixin.qq.com/s/fm54jvD-H1OPmObFap7KLw","微信读书"
"国科大就业","2024-10-09","宣讲会 | 10月11日 中芯国际2025届校园招聘正式启动","https://mp.weixin.qq.com/s/j0118QAMD-ZTnKAzTcR2VQ","微信读书"
"国科大就业","2024-10-09","宣讲会 | 10月11日 中车株洲所2025秋季校园招聘","https://mp.weixin.qq.com/s/OBbzz-OBmQ7SXsx7SeW36w","微信读书"
"国科大就业","2024-10-09","宣讲会 | 10月11日 屹唐半导体2025校园招聘正式启动！","https://mp.weixin.qq.com/s/Qf-wKiael8WmKOJw3awB3w","微信读书"
"国科大就业","2024-10-09","宣讲会 | 10月11日 浪潮集团2025届校园招聘，期待你的加入！","https://mp.weixin.qq.com/s/ZYS2xPxSdOcqn9t47FV2uQ","微信读书"
"国科大就业","2024-10-09","宣讲会 | 10月11日 电科莱斯、28所2024届校园招聘正式启动！","https://mp.weixin.qq.com/s/z_wGmijldr67Q6Rt2Zv0CA","微信读书"
"国科大就业","2024-10-09","宣讲会 | 10月11日 北京银行2025年校园招聘正式启动","https://mp.weixin.qq.com/s/dNLXc_yignPeKAaIRQgZGA","微信读书"
"国科大就业","2024-10-09","宣讲会 | 10月10日 61161部队直招军官","https://mp.weixin.qq.com/s/186hXzva3nmGPtJFPVPkZw","微信读书"
"国科大就业","2024-10-09","活动预告 | 就业指导系列讲座：增强法律意识 防范就业风险","https://mp.weixin.qq.com/s/70m2sGE3kdOxzrKam3EGvA","微信读书"
"国科大就业","2024-10-08","招聘 | 中国贸促会专利商标事务所2025年度校园招聘","https://mp.weixin.qq.com/s/SA7qUskWFIB9fycW6bFf_w","微信读书"
"国科大就业","2024-10-08","招聘 | 中国联通软件研究院2025届校园招聘正式启动！","https://mp.weixin.qq.com/s/a-wzSuh8XgLsT0Fz0hNk2g","微信读书"
"国科大就业","2024-10-08","招聘 | 国网信通产业集团2025届校园招聘正式启动！","https://mp.weixin.qq.com/s/Gw1gVZAJMKqVgrmUvUKRkA","微信读书"
"国科大就业","2024-10-08","选调生风采 | 扎根基层 以行动践行初心","https://mp.weixin.qq.com/s/DySQ7RzRs3i22N5To4AvYg","微信读书"
"国科大就业","2024-10-08","宣讲会 | 10月10日 联影集团2025届校园招聘正式启动","https://mp.weixin.qq.com/s/V6yzliFJWluG0Dk3F28G-A","微信读书"
"国科大就业","2024-10-08","宣讲会 | 10月10日 江西天红科技2025校园招聘","https://mp.weixin.qq.com/s/337Hq_0T3YnxNVMEusLZGw","微信读书"
"国科大就业","2024-10-08","宣讲会 | 10月10日 恒行者，逸梦无边界——恒逸集团2025届校园招聘正式启动！","https://mp.weixin.qq.com/s/jnGRPyxJThYvzs9v7-yb6Q","微信读书"
"国科大就业","2024-10-08","就业讲堂 | 事关工资、参保、试用期……非全日制用工，指南请查收→","https://mp.weixin.qq.com/s/3tDfHcDR2Ur8EstRGhYZEA","微信读书"
"国科大就业","2024-10-01","举国同庆 盛世华诞","https://mp.weixin.qq.com/s/Vz0hOuKX91u6AKb8caMkbw","微信读书"
"国科大就业","2024-09-30","招聘 | 中国移动总部2025校招岗位上线啦！","https://mp.weixin.qq.com/s/f8XGNHLisiA4ejbjPxiUKQ","微信读书"
"国科大就业","2024-09-30","招聘 | 中国移动终端公司 | 2025校园招聘火热进行中！","https://mp.weixin.qq.com/s/zwIKery6KRanKZHAsl0q-w","微信读书"
"国科大就业","2024-09-30","招聘 | 中国光大银行金融科技板块2025年秋季校园招聘正式启动","https://mp.weixin.qq.com/s/1_YnRNkpqNlzmt-fOkpNRw","微信读书"
"国科大就业","2024-09-30","招聘 | 国家开发银行辽宁省分行2025年校园招聘","https://mp.weixin.qq.com/s/Az03_v6sU4E736iIxd3Z0Q","微信读书"
"国科大就业","2024-09-30","宣讲会 | 10月9日 海信集团2025届信动力计划全新升级来袭！","https://mp.weixin.qq.com/s/vgKfOnfAhXg5TRDz22cv2A","微信读书"
"国科大就业","2024-09-30","宣讲会 | 10月9日 “发现自我  向美而行”——北京市丰台区建华学校2025年校园招聘","https://mp.weixin.qq.com/s/WBK9FYKvvbhDTH9qST4Pxg","微信读书"
"国科大就业","2024-09-30","双选会 | 10月11日 中国联通2025届校园招聘","https://mp.weixin.qq.com/s/SjM0prwTLrJui7L62E899Q","微信读书"
"国科大就业","2024-09-30","就业讲堂 | 什么样的劳动合同是无效的？","https://mp.weixin.qq.com/s/b3YQoiTJuV6SXJKpqIk0VA","微信读书"
"国科大就业","2024-09-29","招聘 | 最高年薪百万，3000+博士博士后招聘需求，知名高校、国家实验室和博士博士后重点平台云集！等你来！","https://mp.weixin.qq.com/s/T2fWEbQVr00v9j1zl7rV-g","微信读书"
"国科大就业","2024-09-29","招聘 | 中信百信银行2025届校园招聘启动","https://mp.weixin.qq.com/s/zPXhP3Iq06jSCxFS_WjItQ","微信读书"
"国科大就业","2024-09-29","招聘 | 银联数据服务有限公司25届秋季校招","https://mp.weixin.qq.com/s/HLJ917kjlYLfvcvANgLl9Q","微信读书"
"国科大就业","2024-09-29","招聘 | 霍尼韦尔2025届校园招聘正式启动","https://mp.weixin.qq.com/s/ODvR_zJdYnq-e5_dD55tqw","微信读书"
"国科大就业","2024-09-29","招聘 | 湖南移动2025校园招聘正式启动！","https://mp.weixin.qq.com/s/coJ84cG_3GDT0BPpmH1F7Q","微信读书"
"国科大就业","2024-09-29","双选会 | 【成都】10月18日 中博汇高层次人才洽谈会“2024年度秋季巡回”招聘会","https://mp.weixin.qq.com/s/zbbYi9MH5SjlLjGVcUkYQQ","微信读书"
"国科大就业","2024-09-29","就业讲堂 | 劳动合同的履行和变更，有哪些规定？一图看懂","https://mp.weixin.qq.com/s/FX5C2zCAZcu8HEtAg_Cv2w","微信读书"
"国科大就业","2024-09-28","招聘丨湖南银行2025届全球校园招聘 朝晖计划第三期","https://mp.weixin.qq.com/s/Olw8DKTUOqBUFKc3zl4Q2Q","微信读书"
"国科大就业","2024-09-28","招聘 | 金开新能2025校园招聘正式启动！","https://mp.weixin.qq.com/s/ewZqsNPUa0tGRClPipHBfw","微信读书"
"国科大就业","2024-09-28","招聘 | 汉高2025秋季校园招聘带“敢”开启","https://mp.weixin.qq.com/s/neTno-BJZVksc9QW8pnhNA","微信读书"
"国科大就业","2024-09-28","招聘 | “第一届唐山‘凤凰英才’北京高校云招聘”活动","https://mp.weixin.qq.com/s/uDh8PlniLeo0keysd0N5JQ","微信读书"
"国科大就业","2024-09-28","就业讲堂 | 如何应对结构化面试？锦囊送上→","https://mp.weixin.qq.com/s/YsODGpSevqHDbBhromBFfA","微信读书"
"国科大就业","2024-09-28","国家电网南瑞集团2025届校园招聘公告（提前批）","https://mp.weixin.qq.com/s/aPoUCtBf_5B9MHdRmONtPA","微信读书"
"国科大就业","2024-09-28","重庆市面向中国科学院大学定向选调2025届急需紧缺专业应届优秀大学毕业生","https://mp.weixin.qq.com/s/AiKKMS5lYBHGcWaDtxWEXQ","微信读书"
"国科大就业","2024-09-27","招聘｜中国恩菲工程技术有限公司2025校园招聘","https://mp.weixin.qq.com/s/pjqipKR2xJcpg1Vq1wEnQA","微信读书"
"国科大就业","2024-09-27","招聘 | 中信百信银行2025届校园招聘启动","https://mp.weixin.qq.com/s/F2Ik_gr0BBUv0D-HD5b2gQ","微信读书"
"国科大就业","2024-09-27","招聘 | 中国航空工业集团津电2025届校园招聘","https://mp.weixin.qq.com/s/CKhMZamLXQht8m0G-oTLRw","微信读书"
"国科大就业","2024-09-27","招聘 | 因诺资产2025届校园招聘全面启动","https://mp.weixin.qq.com/s/DRkNCj_oQUMnE7aAsXnuoQ","微信读书"
"国科大就业","2024-09-27","招聘 | 大华股份2025届校园招聘正式启动！","https://mp.weixin.qq.com/s/YpdzYurC7BgwkxCSN6hLDg","微信读书"
"国科大就业","2024-09-27","招聘 | 2025届美的校园招聘正式启动！","https://mp.weixin.qq.com/s/tC8lrSfUKn-dH7onrDPWGQ","微信读书"
"国科大就业","2024-09-27","双选会 | 10月12日 2024年秋季全国博士、博士后高层次人才巡回签约洽谈会","https://mp.weixin.qq.com/s/fd5OV_BmCfsJxHNOGdILsQ","微信读书"
"国科大就业","2024-09-27","就业讲堂 | 《北京地区高校毕业生就业实用手册（2025届）》就业创业法规政策及相关解读网址合辑","https://mp.weixin.qq.com/s/ihMHaYGlJA8MuZLhqUWZsQ","微信读书"
"国科大就业","2024-09-26","招聘 | 中国电建西北院2025届校园招聘正式启动","https://mp.weixin.qq.com/s/DlhTA13d3O4vTNbwK_T0rA","微信读书"
"国科大就业","2024-09-26","招聘 | 燕东微2025届校园招聘正式启动！","https://mp.weixin.qq.com/s/BBv_q5vIV7HbtWITiMno0g","微信读书"
"国科大就业","2024-09-26","招聘 | 辉瑞2025管培生招聘启动｜创造独属于“我们”的成长形状","https://mp.weixin.qq.com/s/bAJZfbtt_wxjpXs5CX_vcw","微信读书"
"国科大就业","2024-09-26","招聘 | 成为影响未来的中金力量 | 中金公司2025届校园招聘正式启动","https://mp.weixin.qq.com/s/LEJ5GvCeqfj7ovA9qFh9fA","微信读书"
"国科大就业","2024-09-26","宣讲会丨9月27日 锐科激光2025届校园招聘开启","https://mp.weixin.qq.com/s/l1rOKYTNBEpzAQW3oHjRhA","微信读书"
"国科大就业","2024-09-26","宣讲会 | 9月27日 中国银行2025年全球校园招聘正式启动！","https://mp.weixin.qq.com/s/QfmjSJvzCwZG520TlUIP_Q","微信读书"
"国科大就业","2024-09-26","宣讲会 | 9月27日 天兵科技2025届校园招聘正式开启","https://mp.weixin.qq.com/s/RteziEy-SjeizVdSFfUEEw","微信读书"
"国科大就业","2024-09-26","就业指导 | 就业指导系列讲座——简历 面试指导","https://mp.weixin.qq.com/s/OoRxM9RIZlDb6JmFtNS6rQ","微信读书"
"国科大就业","2024-09-25","招聘 | 海淀区“企航计划”招聘2025年度应届优秀大学毕业生公告","https://mp.weixin.qq.com/s/eofeLcwqLrh4Rn_la84s7w","微信读书"
"国科大就业","2024-09-25","招聘 | 北京农商银行2025年校园招聘启动！","https://mp.weixin.qq.com/s/U6slKZ52JD6gWSpSoANfxQ","微信读书"
"国科大就业","2024-09-25","宣讲会 | 9月27日 海淀区2025年度定向选调生招录开始啦——","https://mp.weixin.qq.com/s/E_LeWqMj8wIUKWC-nhheug","微信读书"
"国科大就业","2024-09-25","四川省面向中国科学院大学选调2025届优秀大学毕业生公告","https://mp.weixin.qq.com/s/XxcFuH4bdbvoMBOV4BRahg","微信读书"
"国科大就业","2024-09-25","双选会 | 9月26日下午，“京彩就业”中国科学院大学2025届毕业生秋季校园双选会","https://mp.weixin.qq.com/s/zx_cMAkfbX8l9s-k8cFOUQ","微信读书"
"国科大就业","2024-09-25","就业指导 | 就业指导系列讲座——解码校招面试技巧","https://mp.weixin.qq.com/s/ip-Dn2BQlzLnEpBoJsx3Lg","微信读书"
"国科大就业","2024-09-25","甘肃省2025年选调应届优秀大学毕业生公告","https://mp.weixin.qq.com/s/QnD6RBnGAs2-L6fGk2ANUA","微信读书"
"国科大就业","2024-09-25","「 筑梦基层 」国科大选调生经验分享交流会湖北省、河北省选调生专场预告","https://mp.weixin.qq.com/s/-rd8O2YT-0GBJWqTtktItw","微信读书"
