公众号,发布日期,文章标题,文章链接,来源
"川大就业","2026-09-20","选调生 | 四川省面向四川大学选调2027届优秀大学毕业生公告及宣讲会信息","https://mp.weixin.qq.com/s/IA1IR7NPgKpHlG_ECZaWVA","微信读书"
"川大就业","2026-09-20","选调生 | 湖南省面向四川大学定向选调2027届优秀大学毕业生公告","https://mp.weixin.qq.com/s/bMoYGDvphFNbd40oTVUs1A","微信读书"
"川大就业","2026-09-20","线下宣讲 | 9月21日 | 中国邮政储蓄银行四川省分行2027校园招聘","https://mp.weixin.qq.com/s/mAPoQQM9n-6pK_jTovIIoQ","微信读书"
"川大就业","2026-09-20","线下宣讲 | 9月21日 | 中国移动四川公司2027校园招聘正式启动","https://mp.weixin.qq.com/s/ITM3bFL2mWKOlu0UgfJX5Q","微信读书"
"川大就业","2026-09-20","线下宣讲 | 9月21日 | 中国农业银行四川省分行2027年度校园招聘正式启动","https://mp.weixin.qq.com/s/SqI8vlnatafqUGrbEVi6uw","微信读书"
"川大就业","2026-09-20","线下宣讲 | 9月21日 | 四川电力设计咨询有限责任公司","https://mp.weixin.qq.com/s/rsy-G1tEjsQ3zAyhUSWbLw","微信读书"
"川大就业","2026-09-20","线下宣讲 | 9月21日 | 赛力斯集团股份有限公司","https://mp.weixin.qq.com/s/y0KIxZYk2Tg2dZQ-7vAjxA","微信读书"
"川大就业","2026-09-20","9月21日 | 双选会&宣讲会&招聘信息一览","https://mp.weixin.qq.com/s/j5G5OEJHXVUmOQ2ptMLxbA","微信读书"
"川大就业","2026-09-19","用人单位邀请函 | 10月9日 | 周五职通车——重点单位专场","https://mp.weixin.qq.com/s/z3Fczbi4Y5Hg21Cdh2D4-g","微信读书"
"川大就业","2026-09-19","线下宣讲&双选 | 9月20日 | 中国石油2026秋季高校毕业生校园招聘","https://mp.weixin.qq.com/s/71zRsJ6SA63wLlPT6f54mg","微信读书"
"川大就业","2026-09-19","线下宣讲&双选 | 9月20日 | 国家管网集团2027届校园招聘正式启动","https://mp.weixin.qq.com/s/0WvMDgmwx9EpgbDACS_6VQ","微信读书"
"川大就业","2026-09-19","线下宣讲 | 9月20日 | 中国建设银行四川省分行2027年度校园招聘正式启动","https://mp.weixin.qq.com/s/hFN0iItB3U6pRS3a6oWO2w","微信读书"
"川大就业","2026-09-19","线下宣讲 | 9月20日 | 中国核建2027届校园招聘正式启动","https://mp.weixin.qq.com/s/ypwZ5L9EbY4kw4SnSMm53A","微信读书"
"川大就业","2026-09-19","线下宣讲 | 9月20日 | 一汽大众2027全球校园招聘","https://mp.weixin.qq.com/s/PzCoQLv9b1NwJzjXCVAfzA","微信读书"
"川大就业","2026-09-19","企业招聘 |金融类合集 | 西南证券&邮政重庆&邮政深圳&平安总行&平安汽车消费&中国人民保险&银河证券&江苏银行无锡分行","https://mp.weixin.qq.com/s/v8Z1PF9gqfR6Rsiu7opS1Q","微信读书"
"川大就业","2026-09-19","9月20日 | 双选会&宣讲会&招聘信息一览","https://mp.weixin.qq.com/s/60tsu_VX2WOscQgoKHcTdA","微信读书"
"川大就业","2026-09-18","招聘合集 | 中国电信甘肃公司 & 中国移动物联网公司 &中国移动九天人工智能科技公司 & 广西移动","https://mp.weixin.qq.com/s/bP9NzKEWj1_uRYNIP6bQfg","微信读书"
"川大就业","2026-09-18","招聘合集 |  大众汽车集团  &上汽通用五菱&途虎养车&一汽解放","https://mp.weixin.qq.com/s/SGeXf6t1bBv9s7unmMgiNw","微信读书"
"川大就业","2026-09-18","用人单位邀请函 | 10月9日 | 周五职通车——重点单位专场","https://mp.weixin.qq.com/s/8mY-4RrEtn_aD8BceQgPIQ","微信读书"
"川大就业","2026-09-18","线下宣讲&双选 | 9月19日 | 南方电网公司2027年校园招聘","https://mp.weixin.qq.com/s/pFIAU6YI3ir1dNh9G1kXvw","微信读书"
"川大就业","2026-09-18","线下宣讲 | 9月19日 | 贵州航天风华精密设备有限公司线下宣讲","https://mp.weixin.qq.com/s/zmpRBEopolGFFVCN6B7EsA","微信读书"
"川大就业","2026-09-18","企业招聘 | 华友钴业2027校园招聘正式启动！","https://mp.weixin.qq.com/s/HGBgWPS6Yt1_PVhACyYMew","微信读书"
"川大就业","2026-09-18","国企招聘 | 中国聚变能源有限公司2027届校园招聘","https://mp.weixin.qq.com/s/5cEBMnMdFjinVhfVUKBjxw","微信读书"
"川大就业","2026-09-18","国企招聘 | 中国建筑集团2027届校园招聘正式启动","https://mp.weixin.qq.com/s/3cAA3DLh3pqzKM_pjHQh0w","微信读书"
"川大就业","2026-09-17","线下宣讲&双选 | 9月18日 | 航天科技集团2027届校园招聘开启｜航天强国新征程 等你来！","https://mp.weixin.qq.com/s/fDmlP_hgVNcm9J4AtYNlwA","微信读书"
"川大就业","2026-09-17","线下宣讲&双选 | 9月18日 | 2026年“山东——名校人才直通车”四川行 鲁南经济圈专场引才活动","https://mp.weixin.qq.com/s/4QgMTm91ZSZDkyRVWpwI1A","微信读书"
"川大就业","2026-09-17","线下宣讲&双选 | 9月18日 | @2027届毕业生：深圳国企校园招聘四川大学站将开启！","https://mp.weixin.qq.com/s/04VIXPZmG89cRUp4I_zBVw","微信读书"
"川大就业","2026-09-17","线下宣讲 | 9月18日 | 中国电科网络通信研究院（54所）2027届校园招聘","https://mp.weixin.qq.com/s/uiE3qB812gDpiRSXzQV4_Q","微信读书"
"川大就业","2026-09-17","线下宣讲 | 9月18日 | 火箭军直招军官招录简章，来啦！","https://mp.weixin.qq.com/s/kPMglKyk5OsLVMJvl1uEuA","微信读书"
"川大就业","2026-09-17","线下宣讲 | 9月18日 | “探索无界，智启未来”超聚变2027届校园招聘","https://mp.weixin.qq.com/s/iF3GG5S_SNgGDBIPom-QDg","微信读书"
"川大就业","2026-09-17","线下双选 | 9月18日 | 周五职通车——四川大学130周年校友企业专场","https://mp.weixin.qq.com/s/VJPtZQgXxIZ4cUc3gBXtTA","微信读书"
"川大就业","2026-09-17","9月18日 | 双选会&宣讲会&招聘信息一览","https://mp.weixin.qq.com/s/4rltmfNxu5iUR2-obh0XPg","微信读书"
"川大就业","2026-09-16","线下宣讲&双选 | 9月17日 | 东方电气集团2027届校园招聘","https://mp.weixin.qq.com/s/JhFDLqzr9dc54x431Jm3dQ","微信读书"
"川大就业","2026-09-16","线下宣讲&双选 | 9月17日 | 2026年“百万英才兴海南 四城同办”校招活动","https://mp.weixin.qq.com/s/FYNpM49p36fn1rRe0ZtE2g","微信读书"
"川大就业","2026-09-16","线下宣讲 | 9月17日 | 中国中车时代新材2027届校园招聘","https://mp.weixin.qq.com/s/56mupWgr0TDWQcelJfJCfA","微信读书"
"川大就业","2026-09-16","线下宣讲 | 9月17日 | 中国工商银行软件开发中心2027年度校园招聘—四川大学宣讲会","https://mp.weixin.qq.com/s/2EVAzWogFdHFmth2OZqDTw","微信读书"
"川大就业","2026-09-16","线下宣讲 | 9月17日 | 中国电子科技集团公司第三十六研究所2027届校园招聘","https://mp.weixin.qq.com/s/MU_VS9X7kEYGlUo4krB_YQ","微信读书"
"川大就业","2026-09-16","线下宣讲 | 9月17日 | 军委机关某直属单位直招军官和招录文职人员宣讲","https://mp.weixin.qq.com/s/edk7uMaDZBiwd2m8myzunA","微信读书"
"川大就业","2026-09-16","线下双选 | 9月17日 | 工信就业-中博汇高层次人才洽谈会“2026年度”秋季巡回招聘会-四川大学专场","https://mp.weixin.qq.com/s/_ftJNxN1ZK7kSWoBh6ky_g","微信读书"
"川大就业","2026-09-16","9月17日 | 双选会&宣讲会&招聘信息一览","https://mp.weixin.qq.com/s/TNDXzJZw9r34Mb2mc0kliw","微信读书"
"川大就业","2026-09-15","线下宣讲｜9月15日｜中国移动新疆公司2027校园招聘启动！","https://mp.weixin.qq.com/s/vWa_lzGRTy72G-a-RhOzKA","微信读书"
"川大就业","2026-09-15","线下宣讲｜9月15日｜广州地铁2027届校园招聘正式启动","https://mp.weixin.qq.com/s/X0OhGxX3wGKmOD2M3utx3g","微信读书"
"川大就业","2026-09-14","线下宣讲&双选 | 9月15日 | 四川大学站1300+优质岗位！湖南湘江新区2026年省外重点院校招聘正式启动！","https://mp.weixin.qq.com/s/udUFyY756GlaaG8cLN9cTQ","微信读书"
"川大就业","2026-09-14","线下宣讲&双选 | 9月15日 | 3600+岗位虚位以待！天府软件园2026秋季招聘即将火热开启","https://mp.weixin.qq.com/s/nSMbAzlVZkebpwHBu0OvHg","微信读书"
"川大就业","2026-09-14","线下宣讲 | 9月15日 | 中国航发动力股份有限公司2027届校园招聘-四川大学宣讲会","https://mp.weixin.qq.com/s/GxKbrO-k2zRwskSMPsQhHA","微信读书"
"川大就业","2026-09-14","线下宣讲 | 9月15日 | 中电十所2027届校招宣讲会行程（第二周）","https://mp.weixin.qq.com/s/yHb_Cj23wGAR7M1HTSosnw","微信读书"
"川大就业","2026-09-14","线下宣讲 | 9月15日 | 长鑫存储2027全球校园招聘正式开启！","https://mp.weixin.qq.com/s/okkrGUJ9YCJw6XWtoupwjQ","微信读书"
"川大就业","2026-09-14","线下宣讲 | 9月15日 | 新易盛2027届校园招聘正式启动","https://mp.weixin.qq.com/s/GAMftoctdrq_-DxeKc5E8Q","微信读书"
"川大就业","2026-09-14","线下宣讲 | 9月15日 | 网安新势力，逐梦赴此期| 中国网安/三十所2027届校园招聘正式启动！","https://mp.weixin.qq.com/s/rvZM8WwVUC8-P4P-_HAQAA","微信读书"
"川大就业","2026-09-14","9月15日 | 双选会&宣讲会&招聘信息一览","https://mp.weixin.qq.com/s/d4kRjy2bRBNgOCL_MHCLAQ","微信读书"
"川大就业","2026-09-13","线下宣讲｜9月14日 | 湖北省面向四川大学定向选调2027届优秀大学毕业生公告","https://mp.weixin.qq.com/s/-VPaDfy0EfUIaFF8v9Gopw","微信读书"
"川大就业","2026-09-13","线下宣讲&双选 | 2026年贵州军工专场校园招聘活动","https://mp.weixin.qq.com/s/rKbzATiAyqs9ctpAFB_jEQ","微信读书"
"川大就业","2026-09-13","线下宣讲 | 9月14日 | 中兴通讯27届秋招专场岗推","https://mp.weixin.qq.com/s/1oi--FF1VL210V1NSQ0NKA","微信读书"
"川大就业","2026-09-13","线下宣讲 | 9月14日 | 中国核电2027届校园招聘宣讲四川大学站","https://mp.weixin.qq.com/s/g4HhkyNZGCzZkh1U9ySrzQ","微信读书"
"川大就业","2026-09-13","线下宣讲 | 9月14日 | 贵州磷化集团&深南电路&西安赛格","https://mp.weixin.qq.com/s/tXqHxYpKhb8le6qoEt-aFA","微信读书"
"川大就业","2026-09-13","线下双选 | 9月14日 | 中研博硕2026年秋季全国博士、博士后高层次人才巡回签约洽谈会—四川大学站","https://mp.weixin.qq.com/s/l2GehJYJtzrkS-Bn5TEffw","微信读书"
"川大就业","2026-09-13","线下双选 | 9月14日 | 中国兵器2027届秋季校园招聘正式启动","https://mp.weixin.qq.com/s/mt-ZQ_0f4BMGuRT6h079GA","微信读书"
"川大就业","2026-09-13","9月14日 | 双选会&宣讲会&招聘信息一览","https://mp.weixin.qq.com/s/_RtoEg1A45MZlhZ2kxUWVg","微信读书"
"川大就业","2026-09-12","用人单位邀请函 | 9月18日 | 周五职通车——四川大学校友企业专场","https://mp.weixin.qq.com/s/J2F_R-o7mMGd49j_RxI4Dw","微信读书"
"川大就业","2026-09-12","校园招聘 | 中国移动合集","https://mp.weixin.qq.com/s/K02w5F9Q6yMjg4a8cxt6mg","微信读书"
"川大就业","2026-09-12","校园招聘 | 金融类合集","https://mp.weixin.qq.com/s/SvjYoqAX1QM15NIK7ea0gA","微信读书"
"川大就业","2026-09-12","企业招聘 | 新华三集团2027届校园招聘全球启动","https://mp.weixin.qq.com/s/fj9ezeNSxc6SHyTuakkZsQ","微信读书"
"川大就业","2026-09-12","国企招聘｜航天科工二院2027届校园招聘正式启动","https://mp.weixin.qq.com/s/kjIZ5w2kDvkp3u-iMzveLA","微信读书"
"川大就业","2026-09-12","国企招聘 | 中国航发南方工业有限公司2027届校园招聘正式启动","https://mp.weixin.qq.com/s/ikgBr2ye1Cxf9pLbPpvGhQ","微信读书"
"川大就业","2026-09-12","国企招聘 | 航空工业洪都2027届校园招聘正式启动","https://mp.weixin.qq.com/s/AAuqjXpq2gaJioanpSNUKw","微信读书"
"川大就业","2026-09-12","国企招聘 | 航空工业成都所2027届校园招聘","https://mp.weixin.qq.com/s/uZrZ8XqHzvzoSgLvYsfwjg","微信读书"
"川大就业","2026-09-11","招聘合集 | 中建八局西南公司&中建八局第一建设有限公司&中建八局南方公司&西北电力设计院&碧澄能源","https://mp.weixin.qq.com/s/gRxN56rw8LTUGZr9k2n2sg","微信读书"
"川大就业","2026-09-11","用人单位邀请函 | 9月18日 | 周五职通车——四川大学校友企业专场","https://mp.weixin.qq.com/s/AvaZELQXjphp0P1Z94Eyhw","微信读书"
"川大就业","2026-09-11","线下宣讲 | 9月13日 | 中铁七局集团有限公司2027届高校毕业生招聘","https://mp.weixin.qq.com/s/wEpbUgzAI46toNc3t5FNjQ","微信读书"
"川大就业","2026-09-11","线下宣讲 | 9月12日 | 中铁广州工程局集团有限公司招聘公告","https://mp.weixin.qq.com/s/jOTjWVZwsbrymDrqDMrrSQ","微信读书"
"川大就业","2026-09-11","线下宣讲 | 9月12日 | 中国人民解放军63679部队直招军官和文职人员","https://mp.weixin.qq.com/s/V4VSHqGobe-HI4ncwtT2ZQ","微信读书"
"川大就业","2026-09-11","线下宣讲 | 9月12日 | 中国人民解放军63653部队直招","https://mp.weixin.qq.com/s/hSBJeW7eiVM_cO9rs7MLjA","微信读书"
"川大就业","2026-09-11","线下宣讲 | 9月12日 | 广州视源电子科技股份有限公司校园招聘","https://mp.weixin.qq.com/s/y-6Vyxq9rOa9b_BDIzGfbw","微信读书"
"川大就业","2026-09-11","就业指导 | 2026年秋季学期职业生涯个体咨询服务来啦！","https://mp.weixin.qq.com/s/J2PY5ZFFqkdQ9JFGq0Jb-g","微信读书"
"川大就业","2026-09-10","选调生｜上海市2027年度面向四川大学选调应届优秀大学毕业生公告","https://mp.weixin.qq.com/s/WQvRtqeFrl8YLKXB4U6MLA","微信读书"
"川大就业","2026-09-10","线下宣讲&双选 | 9月11日 | 中建八局2027届“新砼人”秋季校园招聘正式启动","https://mp.weixin.qq.com/s/F0eAmSRHvoTxi5Et4Y1fVQ","微信读书"
"川大就业","2026-09-10","线下宣讲&双选 | 9月11日 | 军事航天部队2026-2027年度直接选拔招录军官","https://mp.weixin.qq.com/s/ETfxmPd4h06dFdhhvLjaSA","微信读书"
"川大就业","2026-09-10","线下宣讲&双选 | 9月11日 | 国家能源集团2027校园招聘","https://mp.weixin.qq.com/s/ZdTdD-GLejSwecAPTpY8xQ","微信读书"
"川大就业","2026-09-10","线下宣讲&双选 | 9月11日 | 2026年中国人民解放军20家部队单位直招军官","https://mp.weixin.qq.com/s/WhNiTzK-9opZPpU2iNWC5w","微信读书"
"川大就业","2026-09-10","线下宣讲 | 9月11日 | 中芯国际2027届校园招聘正式启动","https://mp.weixin.qq.com/s/i3zWYY2p3tIo3GWNyN8zdA","微信读书"
"川大就业","2026-09-10","线下双选 | 9月11日 | 周五职通车——江安校区综合场（一）","https://mp.weixin.qq.com/s/lpYZFcPn29W-vuFYqZKZuQ","微信读书"
"川大就业","2026-09-10","9月11日 | 双选会&宣讲会&招聘信息一览","https://mp.weixin.qq.com/s/gOrkJ4btgFYuck88u2czRw","微信读书"
"川大就业","2026-09-09","线下宣讲&双选 | 9月10日 | 向“扬”而来——2026年扬州市大学生秋季招聘活动四川大学专场","https://mp.weixin.qq.com/s/TjeCdNp7ZWbjzFXKQVSqJg","微信读书"
"川大就业","2026-09-09","线下宣讲&双选 | 9月10日 | 2027届华为应届生招聘宣讲","https://mp.weixin.qq.com/s/F_ZCCrJe_IwlANuAD1AU8A","微信读书"
"川大就业","2026-09-09","线下宣讲 | 9月10日 | 中国人民解放军信息支援部队直招军官和文职人员","https://mp.weixin.qq.com/s/lPNjyeppDPrudHl4JrsTBQ","微信读书"
"川大就业","2026-09-09","线下宣讲 | 9月10日 | 华虹集团2027届校园招聘—四川大学宣讲会","https://mp.weixin.qq.com/s/XmwFIpqOJIaxGB21w_rajA","微信读书"
"川大就业","2026-09-09","线下宣讲 | 9月10日 | 方田教育2027届校园招聘四川大学专场招聘会","https://mp.weixin.qq.com/s/Tc7pDyHB6RXwPAatQv94TQ","微信读书"
"川大就业","2026-09-09","线下宣讲 | 9月10日 | “梦想靠岸”招商银行总行、分行及子公司2027校园招聘","https://mp.weixin.qq.com/s/9ahQnKCXZVRFDQtKQsC2AQ","微信读书"
"川大就业","2026-09-09","线下双选 | 9月10日 | 赢文创好礼！2026无锡市“百企千才高校行”暨“才聚梁溪 梦启川渝”校园嘉年华等你来","https://mp.weixin.qq.com/s/mnYf4KlATCBtu_rD5MyIiA","微信读书"
"川大就业","2026-09-09","9月10日 | 双选会&宣讲会&招聘信息一览","https://mp.weixin.qq.com/s/0DpR_dY93UWDBAlyhSkspQ","微信读书"
"川大就业","2026-09-08","招聘合集 | 中国网安/三十所&航空工业一飞院& 中国航发成都发动机&中国电子信息产业集团","https://mp.weixin.qq.com/s/HilHXoAsQuY3CC4RY6AO7g","微信读书"
"川大就业","2026-09-08","线下宣讲 | 9月9日 | 中建三局&恒生&学而思","https://mp.weixin.qq.com/s/G5UyNF3PGftG1PYQbcC-wQ","微信读书"
"川大就业","2026-09-08","线下宣讲 | 9月9日 | 中国航发动控所（无锡动控）2027届校园招聘正式启动","https://mp.weixin.qq.com/s/x7qZTBJ8BSgBzFNJEn2Dpw","微信读书"
"川大就业","2026-09-08","线下宣讲 | 9月9日 | 中国电子科技集团公司第十一研究所2027届校园招聘","https://mp.weixin.qq.com/s/jC5Kmn_FILKjwsZGceF1BQ","微信读书"
"川大就业","2026-09-08","线下宣讲 | 9月9日 | 智元2027届校园招聘四川大学宣讲会","https://mp.weixin.qq.com/s/7eXze_Osr9j-e69QSXXOSQ","微信读书"
"川大就业","2026-09-08","线下宣讲 | 9月9日 | 荣耀27届校招四川大学专场","https://mp.weixin.qq.com/s/-wUgD1WCazsLjXlmUUBnww","微信读书"
"川大就业","2026-09-08","线下双选 | 9月9日 | 全国医类高校2027届毕业生就业双选会暨全国医疗卫生高层次人才引进专场洽谈会——四川大学站","https://mp.weixin.qq.com/s/-JxeKu62HEHCkmG0oIogIQ","微信读书"
"川大就业","2026-09-08","9月9日 | 双选会&宣讲会&招聘信息一览","https://mp.weixin.qq.com/s/96eNRhHtt7hrcFSLX0BGRg","微信读书"
"川大就业","2026-09-07","线下宣讲 | 9月8日 | 招商银行成都分行2027校园招聘火热进行中！","https://mp.weixin.qq.com/s/HC3cUgVr_D9JsbV2zF-xhw","微信读书"
"川大就业","2026-09-07","线下宣讲 | 9月8日 | 山东海科化工有限公司","https://mp.weixin.qq.com/s/hWBUckrS-HbKK6H4u3REPg","微信读书"
"川大就业","2026-09-07","线下宣讲 | 9月8日 | 南瑞继保校园招聘 四川大学专场","https://mp.weixin.qq.com/s/YWxEV1NTco5o9d-U80gwYg","微信读书"
"川大就业","2026-09-07","线下宣讲 | 9月8日 | 航空工业雷达所＆中航智谱2027届校园招聘正式开启！","https://mp.weixin.qq.com/s/4FoyF-M35S5BmS-jk-oMAQ","微信读书"
"川大就业","2026-09-07","线下宣讲 | 9月8日 | 2026年海军装备部面向社会公开招考文职人员公告","https://mp.weixin.qq.com/s/OApJ4Oj7g1SfwOtAUug-hA","微信读书"
"川大就业","2026-09-07","线下双选 | 9月8日 | 新质引擎 智领未来  全国巡回博士、博士后高层次人才专场签约洽谈会 四川大学站","https://mp.weixin.qq.com/s/x1Njd24jA7SySVU6FUVg9g","微信读书"
"川大就业","2026-09-07","线下双选 | 9月8日 | 全国重点高校2027届毕业生秋季巡回招聘会四川大学专场","https://mp.weixin.qq.com/s/dyGCbl7xshL51xSNymbsNg","微信读书"
"川大就业","2026-09-07","9月8日 | 双选会&宣讲会&招聘信息一览","https://mp.weixin.qq.com/s/z5Z_AK3JUUjm4qsvcN5FCw","微信读书"
"川大就业","2026-09-06","线下宣讲 | 9月7日 | OPPO2027届全球校园招聘四川大学专场","https://mp.weixin.qq.com/s/zs-JMFZeF-FxGWsjUp7eKw","微信读书"
"川大就业","2026-09-06","线下宣讲 | 9月7日 | 山东核电有限公司 2027年校园招聘","https://mp.weixin.qq.com/s/xGdtb1AOMlkQJm6YIbbAsQ","微信读书"
"川大就业","2026-09-06","线下宣讲 | 9月7日 | 宁德时代2027届全球校园招聘","https://mp.weixin.qq.com/s/hbMyhglU3ZuiAkIJeTd0lQ","微信读书"
"川大就业","2026-09-06","线下宣讲 | 9月7日 | 潮州三环（集团）股份有限公司","https://mp.weixin.qq.com/s/xbkZtDb_K9bA1tJwm278kA","微信读书"
"川大就业","2026-09-06","线下双选 | 9月7日 | 2026年秋季全国重点高校毕业生巡回招聘&合肥高新区&青岛崂山区&中国银行广东分行","https://mp.weixin.qq.com/s/cIXRbNrtBgh09S2iSgFevw","微信读书"
"川大就业","2026-09-06","国企招聘 | 中国兵器工业第二〇五研究所2027年校园招聘","https://mp.weixin.qq.com/s/Vmb4qjwsPg6R0B9Ztu2oNQ","微信读书"
"川大就业","2026-09-06","国企招聘 | 中国兵器2027届秋季校园招聘正式启动","https://mp.weixin.qq.com/s/e1uWUnYeoABaxTytYyjNAQ","微信读书"
"川大就业","2026-09-06","9月7日 | 双选会&宣讲会&招聘信息一览","https://mp.weixin.qq.com/s/nYPUP2g_zKZ8ncR6Difx0g","微信读书"
"川大就业","2026-09-05","招聘合集 | 中冶赛迪&网易有道&芯港集成&贝泰妮集团&贝壳","https://mp.weixin.qq.com/s/lVXiU0-4waedA1Y3vEgGNg","微信读书"
"川大就业","2026-09-05","用人单位邀请函 | 9月11日 | “周五职通车”——江安校区综合场（一）专场双选会","https://mp.weixin.qq.com/s/7lSP45Ucfss0xFMcHzqZkw","微信读书"
"川大就业","2026-09-05","线下宣讲 | 9月6日 | 中国电科产业基础研究院2027届校园招聘","https://mp.weixin.qq.com/s/SCwtkjPfBTbK8vAdRG37qA","微信读书"
"川大就业","2026-09-05","人才引进 | 关于组织学生参加宁波市第二十八届 高层次人才引进洽谈会的通知","https://mp.weixin.qq.com/s/VPiURj2BG8gFnBDX0AV8DA","微信读书"
"川大就业","2026-09-05","国企招聘 | 中航机载系统共性技术有限公司2027届校园招聘正式启动","https://mp.weixin.qq.com/s/4ubCu8EBUG-vgRS2501pgQ","微信读书"
"川大就业","2026-09-05","国企招聘 | 中国空空导弹研究院2027届校园招聘正式启动","https://mp.weixin.qq.com/s/Z6a_ugt7E0xPGbCQkKPzZQ","微信读书"
"川大就业","2026-09-05","国企招聘 | 西安航天动力机械有限公司招聘","https://mp.weixin.qq.com/s/3hm95JIXDFtoUf5OYgfgkQ","微信读书"
"川大就业","2026-09-05","国企招聘 | 上海民用航空电子系统有限公司2027届校园招聘正式开启！","https://mp.weixin.qq.com/s/QJphks34HLTh-ZWnjXvIOA","微信读书"
"川大就业","2026-09-04","用人单位邀请函 | 9月11日 | “周五职通车”——江安校区综合场（一）专场双选会","https://mp.weixin.qq.com/s/AXp8gQUksqiBVMEwnURT7w","微信读书"
"川大就业","2026-09-04","校园招聘 | 金融类合集","https://mp.weixin.qq.com/s/GYL0NYxirgWE59fKdf4GFA","微信读书"
"川大就业","2026-09-04","线下宣讲 | 9月5日 | 东风商用车2027届全球校园招聘-四川大学专场","https://mp.weixin.qq.com/s/X1cH9g_mq5bc8IYDM0VXzQ","微信读书"
"川大就业","2026-09-04","企业招聘 | 姚品国际2027校园招聘启动","https://mp.weixin.qq.com/s/lh5zrBz3F6KUsm8A5F1xXQ","微信读书"
"川大就业","2026-09-04","国企招聘 | 航空工业南京机电2027届校园招聘","https://mp.weixin.qq.com/s/7zfUFnjfxUQMMcDblyJmhw","微信读书"
"川大就业","2026-09-04","国企招聘 | 航空工业江西洪都商用飞机股份有限公司2027年招聘正式启动","https://mp.weixin.qq.com/s/MvPyw6c83sJ-3DzLPrSiFQ","微信读书"
"川大就业","2026-09-04","国企招聘 | 航空工业哈尔滨飞机工业集团有限责任公司2027届校园招聘正式启动","https://mp.weixin.qq.com/s/wi_yx-CjOu1i4siqp9nhqg","微信读书"
"川大就业","2026-09-04","国企招聘 | 北京航天试验技术研究所2027届高校毕业生招聘简章","https://mp.weixin.qq.com/s/6-8LUEvzfhHc4gegYnPHYA","微信读书"
"川大就业","2026-09-03","线下宣讲 | 9月4日 | 深圳市大疆创新科技有限公司2027校园招聘","https://mp.weixin.qq.com/s/w0YMXlqXZPDDO_aKoGTUtQ","微信读书"
"川大就业","2026-09-03","线下宣讲 | 9月4日 | 京东方科技集团股份有限公司2027校园招聘","https://mp.weixin.qq.com/s/kQV8Hi_EgvQs5eTGLFIDag","微信读书"
"川大就业","2026-09-03","线下宣讲 | 9月4日 | 海天集团2027届校园招聘","https://mp.weixin.qq.com/s/Ds2rBbguWTJJaGdT16lQZw","微信读书"
"川大就业","2026-09-03","线下双选 | 9月4日 | “周五职通车”——国企央企专场","https://mp.weixin.qq.com/s/9rfen6HeSzbiv2QmFV8p6w","微信读书"
"川大就业","2026-09-03","企业招聘 | 迈瑞医疗2027届全球校园招聘正式启动","https://mp.weixin.qq.com/s/MRcqdslKNwQTMDvwoar2dw","微信读书"
"川大就业","2026-09-03","国企招聘 | 中国电子信息产业集团有限公司 2027届校园招聘","https://mp.weixin.qq.com/s/paFiWekvVL8-ZpAcUgrOVw","微信读书"
"川大就业","2026-09-03","国企招聘 | 中国兵器2027届秋季校园招聘正式启动","https://mp.weixin.qq.com/s/T97-waRLwPuqC-ixuZeYhg","微信读书"
"川大就业","2026-09-03","9月4日 | 双选会&宣讲会&招聘信息一览","https://mp.weixin.qq.com/s/XfRoALtiKAd37eE-yAEqWg","微信读书"
"川大就业","2026-09-02","线下宣讲 | 9月3日 |嘉士伯中国2027届校园宣讲暨面试","https://mp.weixin.qq.com/s/l3Xq4N8pQ1gabS3znZZd4g","微信读书"
"川大就业","2026-09-02","线下宣讲 | 9月3日 | vivo 2027届秋季校园招聘全面启动！","https://mp.weixin.qq.com/s/fu5XNg7plgjVyjuzQU1pfw","微信读书"
"川大就业","2026-09-02","线下宣讲 | 9月3日 | 中国航发贵阳发动机设计研究所2027届校园招聘","https://mp.weixin.qq.com/s/U2gsAErlT6vT8q27jTEnoQ","微信读书"
"川大就业","2026-09-02","线下宣讲 | 9月3日 | 京东TET管培生项目专项线下见面会","https://mp.weixin.qq.com/s/IeWXBKvBpln1s_1Tnl_lPQ","微信读书"
"川大就业","2026-09-02","线上宣讲 | 9月3日 | 海信集团2027届校园招聘空中宣讲会","https://mp.weixin.qq.com/s/ciNMcPWOEl_PUqID1E5Kcg","微信读书"
"川大就业","2026-09-02","事业单位招聘 | 有编制，速报名！泰州医药高新区（高港区）招聘高层次人才，等你来！","https://mp.weixin.qq.com/s/VkSTRp9EoMmIX5S7swDa6g","微信读书"
"川大就业","2026-09-02","活动预告 | 9月3日 | 行业大讲堂之油气行业形势暨国企青年人才职业生涯成长路径介绍","https://mp.weixin.qq.com/s/PX8qij1IIZss0RE5fvGCFQ","微信读书"
"川大就业","2026-09-02","9月3日 | 宣讲会&双选会&招聘信息一览","https://mp.weixin.qq.com/s/bhOz26dWX8dKrWy35zD4eg","微信读书"
"川大就业","2026-09-01","用人单位邀请函 | 四川大学2026年秋季校园招聘“周五职通车”国企央企专场","https://mp.weixin.qq.com/s/7C0oLg48WxLYgfktmRpEPg","微信读书"
"川大就业","2026-09-01","企业招聘 | 姚品国际2027校园招聘启动","https://mp.weixin.qq.com/s/wHRdbQQtnBWPVRHjTTKlWQ","微信读书"
"川大就业","2026-09-01","企业招聘 | 海格通信2027秋季校园招聘正式启动！","https://mp.weixin.qq.com/s/OMGhlRwbXytrg8JS9LWL7Q","微信读书"
"川大就业","2026-09-01","企业招聘 | 帆软2027秋季校园招聘","https://mp.weixin.qq.com/s/f3rYIElKPgVSF7PmdcvaTg","微信读书"
"川大就业","2026-09-01","国企招聘 | 中国网安/三十所2027届校园招聘正式启动！","https://mp.weixin.qq.com/s/Y3cX3rViq0Qcq2NWSW1gnw","微信读书"
"川大就业","2026-09-01","国企招聘 | 中国电子科技集团公司第三十九研究所2027届校园招聘","https://mp.weixin.qq.com/s/8lMFofb9kw9bVBKV9NlzLA","微信读书"
"川大就业","2026-09-01","国企招聘 | 航空工业成飞2027届校园招聘正式启动！","https://mp.weixin.qq.com/s/842vA5gFgeep3a5bHH-G_Q","微信读书"
"川大就业","2026-09-01","国企招聘 | 北方集成电路技术创新中心2027届校园招聘全面启动！","https://mp.weixin.qq.com/s/n1FQpU8wDm9G68TcDZwV4w","微信读书"
"川大就业","2026-08-31","用人单位邀请函 | 四川大学2026年秋季校园招聘“周五职通车”国企央企专场","https://mp.weixin.qq.com/s/fXyS2ArAa67ilT5nkcQlnw","微信读书"
"川大就业","2026-08-31","线下宣讲 | 9月1日 | 中铁十一局集团有限公司","https://mp.weixin.qq.com/s/RLx5xYk9vZPVZtJKfIfuFg","微信读书"
"川大就业","2026-08-31","线下宣讲 | 9月1日 | 汇川技术2027届校招宣讲会","https://mp.weixin.qq.com/s/1EgK5JjNrJfQSOFknNPVNw","微信读书"
"川大就业","2026-08-31","人才引进 | 空军2026年下半年高层次人才引进公告","https://mp.weixin.qq.com/s/5wyd_CJ0ct9zoxAvrMVSCA","微信读书"
"川大就业","2026-08-31","企业招聘 | 海尔智家2027届全球校园招聘正式启动！","https://mp.weixin.qq.com/s/bDQEf8tnkZ5U13qLZT2cvA","微信读书"
"川大就业","2026-08-31","国企招聘 | 西北化工研究院2027年校园招聘","https://mp.weixin.qq.com/s/TsshvQbSkNCIOFxaut2skA","微信读书"
"川大就业","2026-08-31","国企招聘 | 航空工业综合所秋招暨2026开放日邀请函","https://mp.weixin.qq.com/s/cYSbjHqhJ1uvF08aVCX5ig","微信读书"
"川大就业","2026-08-31","高校招聘 | 云南师范大学2026年公开招聘公告","https://mp.weixin.qq.com/s/v9nY-JOwyv9mZyV9tY_Bpw","微信读书"
"川大就业","2026-08-30","用人单位邀请函 | 四川大学2026年秋季校园招聘“周五职通车”国企央企专场","https://mp.weixin.qq.com/s/C8zRh9smeiLhsJYnwn35uQ","微信读书"
"川大就业","2026-08-30","企业招聘 | TP-Link联洲2027届校园招聘启动","https://mp.weixin.qq.com/s/gWfOeY9CteDao987GFBnOQ","微信读书"
"川大就业","2026-08-30","企业招聘 | 格力电器2027届秋季校园招聘正式启动！","https://mp.weixin.qq.com/s/vU_7qUzgpZ5zlqRM983-6Q","微信读书"
"川大就业","2026-08-30","企业招聘 | 大华股份2027届校园招聘正式启动！","https://mp.weixin.qq.com/s/vA957ujA_Z0uBCwZPLJ4pw","微信读书"
"川大就业","2026-08-30","国企招聘 | 中建八局2027届“新砼人”秋季校园招聘正式启动","https://mp.weixin.qq.com/s/PALH1-XuqVd3eDmG_QHjag","微信读书"
"川大就业","2026-08-30","国企招聘 | 中国航空工业发展研究中心2027届校园招聘正式启动","https://mp.weixin.qq.com/s/lPpHfKuIFZK6YGYaT19ReA","微信读书"
"川大就业","2026-08-30","国企招聘 | 中国航发成都发动机有限公司2027届校园招聘公告","https://mp.weixin.qq.com/s/SacZ5CKXlz1f7wGo9cgUzg","微信读书"
"川大就业","2026-08-30","国企招聘 | 航天科技集团2027届校园招聘开启｜航天强国新征程 等你来！","https://mp.weixin.qq.com/s/PbxrOr0fhrv8OyIuCDFJMg","微信读书"
"川大就业","2026-08-29","用人单位邀请函 | 四川大学2026年秋季校园招聘“周五职通车”国企央企专场","https://mp.weixin.qq.com/s/K8FZipnjwjMHKCSv1ihSkw","微信读书"
"川大就业","2026-08-29","企业招聘 | 新石器2027届全球校园招聘正式启动！","https://mp.weixin.qq.com/s/H6vCG9FupfWDKavQ_lzi9A","微信读书"
"川大就业","2026-08-29","企业招聘 | 携程集团2027届秋季校园招聘正式启动！","https://mp.weixin.qq.com/s/jWzisvMlcNYs_XumVJ4GOQ","微信读书"
"川大就业","2026-08-29","企业招聘 | 微步在线2027届校招开启","https://mp.weixin.qq.com/s/nPL_b_PuqbKrLovXK-uwZQ","微信读书"
"川大就业","2026-08-29","企业招聘 | 宁德时代2027届全球校园招聘正式启动","https://mp.weixin.qq.com/s/tFzychKi6ZINWDnj7OkUHA","微信读书"
"川大就业","2026-08-29","企业招聘 | 科大讯飞星火X计划顶尖AI技术人才招募启动","https://mp.weixin.qq.com/s/SLqnvTC6VopC69VufjNI5g","微信读书"
"川大就业","2026-08-29","企业招聘 | 嘉士伯中国2027届校园招聘正式启动！","https://mp.weixin.qq.com/s/iHAmx8DxYpgf6982pclNiw","微信读书"
"川大就业","2026-08-29","企业招聘 | 海信集团2027届全球校园招聘正式启动！","https://mp.weixin.qq.com/s/aWMTOtoBEN3ODDaWMuVguQ","微信读书"
"川大就业","2026-08-28","用人单位邀请函 | 四川大学2026年秋季校园招聘“周五职通车”国企央企专场","https://mp.weixin.qq.com/s/hjbOl2VqRO7hRDvIjS1Oew","微信读书"
"川大就业","2026-08-28","企业招聘｜安踏集团2027届全球校园招聘正式启动！","https://mp.weixin.qq.com/s/fC2KyO8ORNu5cjCwMWXH8A","微信读书"
"川大就业","2026-08-28","企业招聘 | TP-Linkling 联洲2027届秋季校园招聘启动！","https://mp.weixin.qq.com/s/LXq-LsaD63hqD1IYNHNeaA","微信读书"
"川大就业","2026-08-28","企业招聘 | 与优秀同行，方田教育2027届校园招聘正式启动","https://mp.weixin.qq.com/s/DaMHMRcEGWF8LM49kRhQ6Q","微信读书"
"川大就业","2026-08-28","企业招聘 | 小米2027届全球校园招聘正式启动","https://mp.weixin.qq.com/s/23YrSKQiqLTxSGKptzBCpA","微信读书"
"川大就业","2026-08-28","企业招聘 | 圣邦微电子2027校园招聘火热开启！","https://mp.weixin.qq.com/s/NBpYnRkD4sNrmhAUXvo_gw","微信读书"
"川大就业","2026-08-28","企业招聘 | 恒生2027校园招聘正式启动","https://mp.weixin.qq.com/s/q2-znhUog7YibYebH0OngQ","微信读书"
"川大就业","2026-08-28","国企招聘 | 中国电子科技集团公司第十研究所2027届秋季校园招聘","https://mp.weixin.qq.com/s/l3ABYMA_hA2lwY3Bmvxg5A","微信读书"
"川大就业","2026-08-27","用人单位邀请函 | 四川大学2026年秋季校园招聘“周五职通车”国企央企专场","https://mp.weixin.qq.com/s/SmcnC8C-sq2DKwk8jPU5fw","微信读书"
"川大就业","2026-08-27","企业招聘 | TCL实业2027届全球校园招聘正式启动！","https://mp.weixin.qq.com/s/mbB5s2knFsGjDQNm1C9xQg","微信读书"
"川大就业","2026-08-27","企业招聘 | 腾讯AI产品经理培训生2027校园招聘启动！","https://mp.weixin.qq.com/s/4FgL6cVu5rTaM7S8noAhsA","微信读书"
"川大就业","2026-08-27","企业招聘 | 昇维旭2027校园招聘正式启动","https://mp.weixin.qq.com/s/r-XD_mEvdhS0MjybK3649w","微信读书"
"川大就业","2026-08-27","企业招聘 | 深信服2027届全球校招重磅开启","https://mp.weixin.qq.com/s/_UPEHdFzgLo0MjOUZwmtlA","微信读书"
"川大就业","2026-08-27","企业招聘 | 锐钲（杭州）科技有限公司2027届秋季校园招聘","https://mp.weixin.qq.com/s/fMIP53BDVlqTKGRKNt5OxQ","微信读书"
"川大就业","2026-08-27","企业招聘 | 平安人寿2027校园招聘正式启动！","https://mp.weixin.qq.com/s/DwIUTnBW7AIeX8gROPnGRg","微信读书"
"川大就业","2026-08-27","国企招聘丨永芯科技2027校园招聘正式启动！","https://mp.weixin.qq.com/s/MJ18PygJ4CSZfbyGqBlvFQ","微信读书"
"川大就业","2026-08-26","【就业指导】|面试遇到无领导小组讨论就慌？看这篇解锁通关秘籍","https://mp.weixin.qq.com/s/yE93Fsmci_uOYlpvQN5NZA","微信读书"
"川大就业","2026-08-26","【就业指导】| 实习不是走形式！教你科学规划实习经历","https://mp.weixin.qq.com/s/-5W6Q0hlMfEDpdqpYyZ1_Q","微信读书"
"川大就业","2026-08-26","【就业指导】| 莫让“实习焦虑”沦为收割陷阱","https://mp.weixin.qq.com/s/teADmXCnZdJut47UBZkXww","微信读书"
"川大就业","2026-08-26","【就业指导】| 补上“邮件礼仪”课，接住职场成长第一棒","https://mp.weixin.qq.com/s/1bciNWmULMCMMH8e26mdsQ","微信读书"
"川大就业","2026-08-26","【就业指导】 | 面试掌握主动权，三招就够了！","https://mp.weixin.qq.com/s/2ug5Dq4gyexqdN8fi3107Q","微信读书"
"川大就业","2026-08-24","用人单位邀请函 | 四川大学2026年秋季校园招聘“周五职通车”国企央企专场","https://mp.weixin.qq.com/s/4zj4qWpPDm-zQ03ELMKguA","微信读书"
"川大就业","2026-08-24","扬帆大志行 | 四川大学华西临床医学院学子在高原医疗三个现场寻找“抵达”的答案","https://mp.weixin.qq.com/s/87JY6uOfYchjqMV_iz1CkA","微信读书"
"川大就业","2026-08-24","扬帆大志行 | 四川大学公共管理学院访蓉城五企路  探文科新职途","https://mp.weixin.qq.com/s/-rDQgeu57kSIhbKMSnvzWA","微信读书"
"川大就业","2026-08-24","事业单位招聘 | 2026年“石榴同心·智荟阿坝”第二批次公开考核招聘事业单位工作人员的公告","https://mp.weixin.qq.com/s/OlNk72yl73JIyUygHwQv6w","微信读书"
"川大就业","2026-08-24","企业招聘 | 中际旭创2027届全球校园招聘正式启动！","https://mp.weixin.qq.com/s/4iRvz5_dU5lYi7pu089C8g","微信读书"
"川大就业","2026-08-24","企业招聘 | 迈瑞医疗2027届博士优招计划正式启动","https://mp.weixin.qq.com/s/AWPGLsFa2OlqhyPV0UQh_g","微信读书"
"川大就业","2026-08-24","高校招聘 | 四川开放大学2026年公开考试招聘事业编制辅导员公告","https://mp.weixin.qq.com/s/nIwWOsqdZAvntvz4OMLXFA","微信读书"
"川大就业","2026-08-24","高校招聘 | 电子科技大学2026年专职辅导员招聘公告","https://mp.weixin.qq.com/s/pJeRNTmsIuPgw0zMivz0qA","微信读书"
"川大就业","2026-08-22","用人单位邀请函 | 四川大学2026年秋季校园招聘“周五职通车”国企央企专场","https://mp.weixin.qq.com/s/puPxwd26N2-1DMz21PSvcA","微信读书"
"川大就业","2026-08-22","扬帆大志行丨四川大学网络空间安全学院“智御·志安”实践团赴企业开展走访调研","https://mp.weixin.qq.com/s/f6SD-P1KSZmnyVC3YgIGIw","微信读书"
"川大就业","2026-08-22","扬帆大志行 | 四川大学华西药学院企业参观与职业探索实践活动圆满结束","https://mp.weixin.qq.com/s/pjmCt_2xWTOGwQYDpAoQHA","微信读书"
"川大就业","2026-08-22","线下宣讲 | 华为2027届成渝地区应届生招聘宣讲会日程安排","https://mp.weixin.qq.com/s/XnmeedWqhgSooFaPm-7VrQ","微信读书"
"川大就业","2026-08-22","企业招聘 | 中芯国际2027届校园招聘正式启动","https://mp.weixin.qq.com/s/agfHPCaGifX57BWf7huzxA","微信读书"
"川大就业","2026-08-22","企业招聘 | 韶音科技2027届秋季校园招聘启动！","https://mp.weixin.qq.com/s/hkmjlT88c7FTrP8SvqtTgw","微信读书"
"川大就业","2026-08-22","企业招聘 | 荣耀2027届校园招聘全球启动","https://mp.weixin.qq.com/s/NexAzSJRMXt9xslbmJCLgw","微信读书"
"川大就业","2026-08-22","企业招聘 | 凡岛2027届校园招聘正式启动！","https://mp.weixin.qq.com/s/_aRGasfwUhROAviP65MPTg","微信读书"
"川大就业","2026-08-21","用人单位邀请函 | 四川大学2026年秋季校园招聘“周五职通车”国企央企专场","https://mp.weixin.qq.com/s/Uco_zXrJEoRcNJLXG98Qsg","微信读书"
"川大就业","2026-08-21","企业招聘 | vivo2027届全球校园招聘","https://mp.weixin.qq.com/s/j630pAnRUbap8sUmPyiyuQ","微信读书"
"川大就业","2026-08-21","企业招聘 | 中信期货2027届校园招聘火热开启！","https://mp.weixin.qq.com/s/-T_0SeNeAgjXWhWhExmRaA","微信读书"
"川大就业","2026-08-21","企业招聘 | 中国东方2027年度校园招聘正式启动","https://mp.weixin.qq.com/s/oZP5w6k2LDKTCLquHo0Xog","微信读书"
"川大就业","2026-08-21","企业招聘 | 思格新能源2027校招开启","https://mp.weixin.qq.com/s/2y2QiyoAgxZX1V5rNhlY3g","微信读书"
"川大就业","2026-08-21","企业招聘 | 上海光通信有限公司2027届校园招聘正式启动！","https://mp.weixin.qq.com/s/FPCOC0bUlN8eDqc1s2JR3w","微信读书"
"川大就业","2026-08-21","企业招聘 | 惠科2026届校招补录计划","https://mp.weixin.qq.com/s/7vWsGJRwaFcHdevVLCUCGQ","微信读书"
"川大就业","2026-08-21","企业招聘 | 华为2026年博士岗位交流会（成渝区域高校）","https://mp.weixin.qq.com/s/f9usRhc-LdpElVGaK4UOeA","微信读书"
"川大就业","2026-08-17","用人单位邀请函 | 四川大学2026年秋季校园招聘“周五职通车”国企央企专场","https://mp.weixin.qq.com/s/R5zg-1xcH_Y3MnoU45KC0Q","微信读书"
"川大就业","2026-08-17","扬帆大志行 | 四川大学生物医学工程学院2026“蓉城医工逐光队”暑期社会实践纪实","https://mp.weixin.qq.com/s/hFlPW0hIdm102lVwTax_PQ","微信读书"
"川大就业","2026-08-17","扬帆大志行 | 四川大学电气工程学院师生赴昆明开展暑期社会实践","https://mp.weixin.qq.com/s/3gTDhqSsvuJrGAMswtF5MA","微信读书"
"川大就业","2026-08-17","企业招聘 | 远景能源2027届全球校园招聘正式启动！","https://mp.weixin.qq.com/s/t5o2zTNdiW3zgZIKatJy8w","微信读书"
"川大就业","2026-08-17","企业招聘 | 米哈游2027校园招聘正式启动！","https://mp.weixin.qq.com/s/5BFXZirIj1aMf8vooIWkGA","微信读书"
"川大就业","2026-08-17","企业招聘 | 龙湖集团2027届仕官生校园招聘启动","https://mp.weixin.qq.com/s/CmbvD52Cddl_4OjnMAPTlw","微信读书"
"川大就业","2026-08-17","企业招聘 | 晶丰明源2026年秋季校园招聘正式启动！","https://mp.weixin.qq.com/s/C_j2HDfsgu5ND79SsNGzlw","微信读书"
"川大就业","2026-08-17","国企招聘 | 电科博微38所2027届校园招聘","https://mp.weixin.qq.com/s/QSUExnbLYrC1G2Xm3MfVRw","微信读书"
"川大就业","2026-08-14","用人单位邀请函 | 四川大学2026年秋季校园招聘活动安排","https://mp.weixin.qq.com/s/vCuYRJNlLTmOc1rFID5FTw","微信读书"
"川大就业","2026-08-14","企业招聘 | 兆芯2027校园招聘正式启动","https://mp.weixin.qq.com/s/Oh2wQ6116T5zFMGMfIz9Rg","微信读书"
"川大就业","2026-08-14","企业招聘 | 腾讯2027校园招聘全球启动","https://mp.weixin.qq.com/s/7Qjj88dJMfMPUOg4hzR26Q","微信读书"
"川大就业","2026-08-14","企业招聘 | 浪潮集团2027届校园招聘提前批正式启动！","https://mp.weixin.qq.com/s/yIDrQfHm7BiWxtFc5G8JQQ","微信读书"
"川大就业","2026-08-14","企业招聘 | 滴滴2027届校园招聘正式启动！","https://mp.weixin.qq.com/s/yM0xy5Cw47CXugD-3GbcIw","微信读书"
"川大就业","2026-08-14","企业招聘 | 阿里云智能集团2027届应届生招聘","https://mp.weixin.qq.com/s/VGooJSlk5XRtrdPZHpG7hA","微信读书"
"川大就业","2026-08-14","国企招聘｜中国航天科工集团第十总体设计部2026年夏令营暨2027届校园招聘（提前批）活动火热启动！","https://mp.weixin.qq.com/s/MCg8ei1YwNRrFn2-KvYQVA","微信读书"
"川大就业","2026-08-14","国企招聘 | 中国电科 43 所 2027 届校招启动！","https://mp.weixin.qq.com/s/BLfMSVNznZICFGLUyhMfew","微信读书"
"川大就业","2026-08-12","【就业指导】| 职场新人必看：“试岗期” ≠“试用期”，无薪都是陷阱！","https://mp.weixin.qq.com/s/-LSwqaNCL7qtArGFuIRLZg","微信读书"
"川大就业","2026-08-12","【就业指导】| 薪资栏空着就让签字？这份合同千万别落笔","https://mp.weixin.qq.com/s/3V3QmPEZfIdKZhEGECwZ7A","微信读书"
"川大就业","2026-08-12","【就业指导】| 线上签合同避坑指南：如何确认电子劳动合同平台是否合规？","https://mp.weixin.qq.com/s/CxpjOKwBG7nQGbzOqV6lJg","微信读书"
"川大就业","2026-08-12","【就业指导】| 警惕“无薪试岗”骗局，1分钟看懂","https://mp.weixin.qq.com/s/xvkmafMWgHtFQNhpX433bw","微信读书"
"川大就业","2026-08-10","扬帆大志行 | 四川大学水利水电学院师生深入川渝开展暑期社会实践活动","https://mp.weixin.qq.com/s/SsHNiSoGpDEROfQRnFZr7A","微信读书"
"川大就业","2026-08-10","线上双选 | 四川大学2026届毕业生 “离校不离心，服务不断线”线上双选会","https://mp.weixin.qq.com/s/M14UNPPooEMHTkv764Sh7A","微信读书"
"川大就业","2026-08-10","暑期开放日 | 中国电科产业基础研究院2027届暑期开放日邀请函","https://mp.weixin.qq.com/s/lTRXuiZe8_-8i1qMKCCF2Q","微信读书"
"川大就业","2026-08-10","企业招聘丨OPPO O-Star 顶尖人才计划 · 2027届招聘","https://mp.weixin.qq.com/s/xleDLCpFXmwi9-w0abJXDA","微信读书"
"川大就业","2026-08-10","企业招聘丨智元2027届校园招聘全面启动！","https://mp.weixin.qq.com/s/JBNMEMzxuFphj0noZzrbzw","微信读书"
"川大就业","2026-08-10","企业招聘 | 比亚迪2027届博士系列技术峰会火热来袭！","https://mp.weixin.qq.com/s/nttCh33vBkOqtLpLoo5OYg","微信读书"
"川大就业","2026-08-10","企业招聘 | 阿里巴巴2027届应届生招聘全球启动","https://mp.weixin.qq.com/s/QfVEjBo9xV6_GS8zbjROEQ","微信读书"
"川大就业","2026-08-10","企业招聘 | 2026-2027安永秋季应届毕业生招聘及审计寒假实习生招聘，网申启动！","https://mp.weixin.qq.com/s/3GegBK9Qn_Qaiu6B1xna5A","微信读书"
"川大就业","2026-08-07","夏令营招生 | 声聚云尖 纳才登峰 | 中船七一五所“尖峰计划”2026夏令营来啦！","https://mp.weixin.qq.com/s/CZ_YEeffBc2UAsNMDGADHg","微信读书"
"川大就业","2026-08-07","实习招聘 | 兴业银行成都分行实习生招聘","https://mp.weixin.qq.com/s/7LepZNJtE_pnxHJ3HUKxFQ","微信读书"
"川大就业","2026-08-07","企业招聘 | 字节跳动 2027 校园招聘正式启动！","https://mp.weixin.qq.com/s/8dbwDMuTuGIZudt_3aV5zg","微信读书"
"川大就业","2026-08-07","企业招聘 | 企业管培生岗位推荐","https://mp.weixin.qq.com/s/oOhk79cO_04rjPOyA96X7Q","微信读书"
"川大就业","2026-08-07","企业招聘 | 德勤2027校园招聘及寒假实习生招聘正式启动！","https://mp.weixin.qq.com/s/m4HUYo2q9RZlutkIZk-0aQ","微信读书"
"川大就业","2026-08-07","企业招聘 | 比亚迪2027届博士系列技术峰会火热来袭！","https://mp.weixin.qq.com/s/TfZtaY5d2ZSUO_CYipJM9A","微信读书"
"川大就业","2026-08-07","企业招聘 | 阿里巴巴淘天集团2027届应届生招聘","https://mp.weixin.qq.com/s/jrag5oP_BpaEObpWvtcalA","微信读书"
"川大就业","2026-08-07","国企招聘 | 中国航空发动机集团有限公司2027届校园招聘重磅开启","https://mp.weixin.qq.com/s/7xoG01tfJNXoz5ZRO8FvMQ","微信读书"
"川大就业","2026-08-05","【就业指导】| 重要提醒！就业服务、求职节点……毕业生关心的都在这","https://mp.weixin.qq.com/s/wyTJnhKsRQ5S62TBxV7EyQ","微信读书"
"川大就业","2026-08-05","【就业指导】| 档案能自己转递吗？存放收费吗？@毕业生，疑问这篇解答","https://mp.weixin.qq.com/s/HQgOwnvEZOYHyZ64wNq82w","微信读书"
"川大就业","2026-08-05","【就业指导】| 毕业了档案转去哪、怎么查？一文讲清","https://mp.weixin.qq.com/s/W_BXx4guIoWwHpbPrD2lTQ","微信读书"
"川大就业","2026-08-05","【就业指导】| @离校未就业毕业生，五项就业帮扶举措，一图看懂！","https://mp.weixin.qq.com/s/U0ETvqyDGLnWWOW0OHv-UQ","微信读书"
"川大就业","2026-08-03","扬帆大志行 | 四川大学水利水电学院赴五家单位走访调研","https://mp.weixin.qq.com/s/ruhzrIiJl-auKaFBXCnn0w","微信读书"
"川大就业","2026-08-03","扬帆大志行 | 四川大学机械工程学院赴兰州开展就业实践活动","https://mp.weixin.qq.com/s/Q7BhTvToEJEH1tE3Jgmh0A","微信读书"
"川大就业","2026-08-03","扬帆大志行 | 四川大学化学工程学院赴河南省重点企业开展“大志行”实践活动","https://mp.weixin.qq.com/s/sISU9U7jWfXiXyCRCxW00Q","微信读书"
"川大就业","2026-08-03","扬帆大志行 | 四川大学华西基法师生深入川渝开展暑期社会实践活动","https://mp.weixin.qq.com/s/GP3KRoqi9YAtK5TgIEM70A","微信读书"
"川大就业","2026-08-03","线上双选 | 四川大学2026届毕业生 “离校不离心，服务不断线”线上双选会","https://mp.weixin.qq.com/s/skyDgTJCPtS8PZn_RDwtbg","微信读书"
"川大就业","2026-08-03","企业招聘丨宇树科技2027届校园招聘正式启动！","https://mp.weixin.qq.com/s/Lg9BHqZmUx2KlosBL3M04A","微信读书"
"川大就业","2026-08-03","企业招聘 | 浪潮集团2027届校园招聘提前批正式启动！","https://mp.weixin.qq.com/s/YgbbFtUoMqlbzJO4rPvcEw","微信读书"
"川大就业","2026-08-03","国企招聘 | 中国航发2027届校园招聘","https://mp.weixin.qq.com/s/XOAFIYJ3MmHwuyCnMEy6MQ","微信读书"
"川大就业","2026-07-31","扬帆大志行｜材料学院“材聚实业路”实践团走访川内重点制造企业","https://mp.weixin.qq.com/s/70fwy8FrbfEEZez1pVgnkA","微信读书"
"川大就业","2026-07-31","线上双选 | 四川大学2026届毕业生 “离校不离心，服务不断线”线上双选会","https://mp.weixin.qq.com/s/Q_vKaL46SSDfTz5eAKXrsg","微信读书"
"川大就业","2026-07-31","暑期开放日 | 中汽工程2026年暑期开放日 · 正式开启报名！","https://mp.weixin.qq.com/s/G7uWOQRrz_r2LPdHCehDEg","微信读书"
"川大就业","2026-07-31","赛事通知 | 华为 CANN 挑战赛（西南赛区）报名启动","https://mp.weixin.qq.com/s/8SFUPyrEY4B8UN3tvuOJMQ","微信读书"
"川大就业","2026-07-31","企业招聘 | 芯原股份2027届校园招聘网申通道正式开启","https://mp.weixin.qq.com/s/O5wUp9E8PfZFaz3sv_IvZg","微信读书"
"川大就业","2026-07-31","企业招聘 | 科大讯飞2027届秋季校园招聘全面启动！","https://mp.weixin.qq.com/s/He-0kQWvapi02sBagi2e6w","微信读书"
"川大就业","2026-07-31","企业招聘 | 百度2027届校园招聘正式启动！","https://mp.weixin.qq.com/s/l58ZETG4wvbZ4Je7Lco10Q","微信读书"
"川大就业","2026-07-29","【就业指导】| @高校毕业生，这些补贴来看看→","https://mp.weixin.qq.com/s/3M1uheIXNCXBQPAgl2AStg","微信读书"
"川大就业","2026-07-29","【就业指导】 | 四项政策护航！全方位支持“三支一扶”人员安心扎根基层","https://mp.weixin.qq.com/s/FXxx37IJMOe6FQIWxJgEPQ","微信读书"
"川大就业","2026-07-27","用人单位邀请函 | 四川大学2026年秋季校园招聘活动安排","https://mp.weixin.qq.com/s/tznm0Rr2o2H_U_f02gVzWg","微信读书"
"川大就业","2026-07-27","事业单位招聘 | 生态环境部信息中心2026年公开招聘公告","https://mp.weixin.qq.com/s/ujv9zgN44OHpywhHw5-4pQ","微信读书"
"川大就业","2026-07-27","企业招聘 | 深信服[X-STAR]2027届顶尖人才校招引进提前批正式启动","https://mp.weixin.qq.com/s/NOUIlJ8_GKx5wfFXepmXnw","微信读书"
"川大就业","2026-07-27","企业开放日 | 中国兵器工业第二〇五研究所2026年暑期人才开放日","https://mp.weixin.qq.com/s/MbYBYupmm4DU5BDTbNyebg","微信读书"
"川大就业","2026-07-27","企业开放日 | 星途扬帆 携手远航 | 北京航天试验技术研究所2026年所区开放日正式邀约","https://mp.weixin.qq.com/s/JZsqEo4Q_Aeq-WAG61bJ_A","微信读书"
"川大就业","2026-07-27","活动邀请 | 陆军军医大学生物医学工程与影像医学系2026年青年学者论坛","https://mp.weixin.qq.com/s/cy3XtQEiCcCrmWRRP2yXwg","微信读书"
"川大就业","2026-07-27","高校招聘 | 中国民航大学2026年专职辅导员公开招聘公告","https://mp.weixin.qq.com/s/wxMT2PTYbkMwxLE3vw-kOg","微信读书"
"川大就业","2026-07-25","课程预告 | 教育部“互联网+就业指导”公益直播课：机械装备制造行业发展趋势和职业机会","https://mp.weixin.qq.com/s/LUyshhPfsBVUR76cnkQT4Q","微信读书"
"川大就业","2026-07-25","【就业指导】| 职业如何选择？5个关键指标要知道！","https://mp.weixin.qq.com/s/VHe3yLCdJkg5LosUvD2mwA","微信读书"
"川大就业","2026-07-25","【就业指导】| @高校毕业生，提升能力还能领补贴哦","https://mp.weixin.qq.com/s/2aV0KO9KuiTUpENgpqmwpA","微信读书"
"川大就业","2026-07-24","线上招聘 | 离校不断线、服务不打烊“百县对百校促就业行动”四川专场招聘会邀您共赴盛夏之约！","https://mp.weixin.qq.com/s/xuuLLRiXMpHLK7wtGz1FVw","微信读书"
"川大就业","2026-07-24","事业单位招聘 | 鄂尔多斯市本级事业单位 2026 年度第三批引进高层次和紧缺人才公告","https://mp.weixin.qq.com/s/TjgFiGfU7wiFOxpflVu-Qg","微信读书"
"川大就业","2026-07-24","企业招聘 | vivo 产品总经理储备计划｜全球招聘启动","https://mp.weixin.qq.com/s/ICBZm2y7CLoTkAAXubNXog","微信读书"
"川大就业","2026-07-24","企业招聘 | 比亚迪26届应届生补录半导体团队专场","https://mp.weixin.qq.com/s/p3UJFKLaPgFm6Z5X6auXsw","微信读书"
"川大就业","2026-07-24","军校招生 | 军事科学院2027年直招入伍攻读硕士研究生招生公告","https://mp.weixin.qq.com/s/soUgTEBOUJq2qazaLz1SCw","微信读书"
"川大就业","2026-07-24","国企招聘 | 兵器未来科学家·2027届博士招聘提前批正式启动","https://mp.weixin.qq.com/s/tEDO8SUS_uysC7n8XjQT7Q","微信读书"
"川大就业","2026-07-22","用人单位邀请函 |  四川大学2026年秋季校园招聘活动安排","https://mp.weixin.qq.com/s/eWxti52ekYyv4vKt2uz11g","微信读书"
"川大就业","2026-07-21","重要通知 | 暑期云端零距离，就业服务不断线——关于2026年暑假期间就业服务工作安排的通知","https://mp.weixin.qq.com/s/lYvBmgiHWE8AogbWd2Q-iw","微信读书"
"川大就业","2026-07-21","校园大使招募 | TCL实业2027届校园大使招募","https://mp.weixin.qq.com/s/4tjm500rLe0Zfv7-DWn3JA","微信读书"
"川大就业","2026-07-21","实习招聘 | 中国航天科技集团有限公司第五研究院院2027届暑期实习实践招聘","https://mp.weixin.qq.com/s/SLjUCaWMlGQqR-Vxa4AlgA","微信读书"
"川大就业","2026-07-21","企业招聘 | 中科星图测控技术股份有限公司2027年校园招聘","https://mp.weixin.qq.com/s/V0g8AICqyEES5apDD-hLkQ","微信读书"
"川大就业","2026-07-21","企业招聘 | 天锐星通2027届校园招聘提前批启动","https://mp.weixin.qq.com/s/3rTQiahugOvlyH19rj_Tfw","微信读书"
"川大就业","2026-07-21","企业招聘 | 软通动力信息技术（集团）股份有限公司2027届校园招聘","https://mp.weixin.qq.com/s/xvYTOXFZBIGiqoImV5xWGw","微信读书"
"川大就业","2026-07-21","国企招聘 | 中国航天科技集团五院502所2027届校园招聘提前批启动","https://mp.weixin.qq.com/s/cCf5Ip3T7Y_XsIaudTWsTw","微信读书"
"川大就业","2026-07-20","事业单位招聘 | 国家海洋技术中心2026年度博士后招收公告","https://mp.weixin.qq.com/s/9Lv76GqrrUZG-Yu41vsMMg","微信读书"
"川大就业","2026-07-20","企业招聘 | 湖南能源集团2026年夏季招聘","https://mp.weixin.qq.com/s/GHjuLdSPvgUvp3ir7K3S2A","微信读书"
"川大就业","2026-07-20","企业开放日 | 中国电子科技集团公司第四十七研究所暑期开放日邀请函","https://mp.weixin.qq.com/s/TtyasIwd-NfsEROgf4RwJg","微信读书"
"川大就业","2026-07-20","国家机关&事业单位招聘 | 多家国家机关及事业单位招聘信息推荐","https://mp.weixin.qq.com/s/3lBuwO2w-bma3Btc8DQlEQ","微信读书"
"川大就业","2026-07-20","高校招聘 | 四川工商学院大健康相关专业专任教师招聘公告","https://mp.weixin.qq.com/s/FEWjLOmyPAy4lxHwJ3llAg","微信读书"
"川大就业","2026-07-20","博士夏令营 | 中国电信2026年博士夏令营全面启航","https://mp.weixin.qq.com/s/pzKKorFB_-WFkWHUf-sOsQ","微信读书"
"川大就业","2026-07-19","校园大使招募 | 特斯拉2027届校园大使招募正式启动","https://mp.weixin.qq.com/s/1hgR23jddKm8nCBcOnnCuA","微信读书"
"川大就业","2026-07-19","企业招聘 | 卓驭2027届校招正式启动","https://mp.weixin.qq.com/s/IO3Lq75BqGrjSjofsfyxIA","微信读书"
"川大就业","2026-07-19","企业招聘 | 网易游戏雷火 27 届秋季校招全球启动！","https://mp.weixin.qq.com/s/cijou6Vck5OG6n6f-0yTVw","微信读书"
"川大就业","2026-07-19","国企招聘 | 中国长征火箭有限公司2027届校园招聘启动","https://mp.weixin.qq.com/s/ztvpcwus6cTdQ1KpiedrAA","微信读书"
"川大就业","2026-07-19","高校招聘 | 广州华夏职业学院2026年秋季招聘公告","https://mp.weixin.qq.com/s/W3WpnNLSjPnWB100Z-jk5w","微信读书"
"川大就业","2026-07-19","高校招聘 | 广东华夏高级技工学校2026年春季招聘公告","https://mp.weixin.qq.com/s/WAvFHa0pcn384TK4kG0VcQ","微信读书"
"川大就业","2026-07-18","校园大使招聘 | “海星”招募令，海信集团2027届校园大使招募正式启动！","https://mp.weixin.qq.com/s/8mi3hNzej0atsApCRaMS6A","微信读书"
"川大就业","2026-07-18","暑期开放日 | 航空工业成都飞机工业(集团)有限责任公司2026年暑期开放日","https://mp.weixin.qq.com/s/NP5hbONOx1gzLwi8U-wFiw","微信读书"
"川大就业","2026-07-18","实习招聘 | 中汽数据有限公司种子实习生招聘简章","https://mp.weixin.qq.com/s/t1m43rXv_PdpDaAGDTn6XQ","微信读书"
"川大就业","2026-07-18","实习招聘 | 面向2027届！航天科技集团五院遥感卫星总体部暑期实习招募全面启动！","https://mp.weixin.qq.com/s/vJyoIOcONX2y0wM9SGxz1A","微信读书"
"川大就业","2026-07-18","高校招聘 | 辽宁科技学院2026年面向社会公开招聘高层次和急需紧缺人才公告（第一批）","https://mp.weixin.qq.com/s/7lzB2wGRaC8F78GcQBu8iw","微信读书"
"川大就业","2026-07-18","高校招聘 | 河南工程学院2026年高层次人才招聘简章","https://mp.weixin.qq.com/s/AtzCBckzr2YxAOfSzf_ytQ","微信读书"
"川大就业","2026-07-17","事业单位招聘 | 湖北省宜城市2026年公开引进高层次紧缺人才公告","https://mp.weixin.qq.com/s/sNyRvIWEUmH-ZkbR73Vyaw","微信读书"
"川大就业","2026-07-17","实训招募 | 浪潮信息2026年AI专项实训营招募公告","https://mp.weixin.qq.com/s/iPLUe1vUWwEPG_ru_FdsUA","微信读书"
"川大就业","2026-07-17","企业招聘 | 兆易创新2027提前批校园招聘","https://mp.weixin.qq.com/s/ut1CQb5aJzk-Sc5YnYcbtw","微信读书"
"川大就业","2026-07-17","企业招聘 | 腾讯2027青云计划校招启动！请查收官方投递FAQ","https://mp.weixin.qq.com/s/kHbFwcyr2Te9dCH6PhVzLw","微信读书"
"川大就业","2026-07-17","企业招聘 | 对点咨询2027届校园招聘正式启动！","https://mp.weixin.qq.com/s/6tKsiRsN3lJ0je0ylz6xDA","微信读书"
"川大就业","2026-07-17","企业开放日 | 中国船舶集团系统工程研究院&中船智海创新研究院2027届校招企业开放日","https://mp.weixin.qq.com/s/t3g-ifsFBWwLEZWyGcuF-g","微信读书"
"川大就业","2026-07-16","校园大使招聘 | TCL实业2027届校园大使招募","https://mp.weixin.qq.com/s/5vZPordt_WhvNw7MktJ1uw","微信读书"
"川大就业","2026-07-16","暑期实践 | 长江逐浪 酒城聚才 百名博士泸州行","https://mp.weixin.qq.com/s/-VSio9YtCD1cC5Fa7T9wHw","微信读书"
"川大就业","2026-07-16","事业单位招聘 | 2026年伊犁州直面向社会公开招聘中学教师公告","https://mp.weixin.qq.com/s/bGuxHI5PjzcT5jxztSkVkg","微信读书"
"川大就业","2026-07-16","企业招聘 | OPPO2027届全球校园招聘","https://mp.weixin.qq.com/s/bSjyhbkxzIHsHTR0kyrzyg","微信读书"
"川大就业","2026-07-16","企业招聘 | 虹软科技2027届校园招聘","https://mp.weixin.qq.com/s/GE8ejmk6y_gAwP8Qo6DN0w","微信读书"
"川大就业","2026-07-16","高校招聘 | 上海民航职业技术学院2026年下半年公开招聘公告","https://mp.weixin.qq.com/s/S3VfHbCacNv-mypPwfYJAA","微信读书"
"川大就业","2026-07-15","线上双选 | 7月17日-8月31日 | 四川大学2026届毕业生“离校不离心，服务不断线”线上双选会","https://mp.weixin.qq.com/s/koiDEu2kLXKCWejRWxRVNA","微信读书"
"川大就业","2026-07-15","实习招聘 | 温氏股份实习生招募","https://mp.weixin.qq.com/s/mz6NG724tM9sNxnDM2InCw","微信读书"
"川大就业","2026-07-15","企业招聘 | DJI大疆2027校园招聘","https://mp.weixin.qq.com/s/1D0jfzCQKnmpgreRTvVm4Q","微信读书"
"川大就业","2026-07-15","企业招聘 | 智元AGIBOT2027届校园招聘","https://mp.weixin.qq.com/s/cG498rf3KA3yKQA348WbOg","微信读书"
"川大就业","2026-07-15","企业招聘 | 新东方集团南昌学校2026年秋季校招","https://mp.weixin.qq.com/s/dEygdn--jVcYWFusX4Yqjw","微信读书"
"川大就业","2026-07-15","企业招聘 | 软通动力信息技术（集团）股份有限公司2027届校园招聘","https://mp.weixin.qq.com/s/DSQy3zj4PZl88cug0q6mlg","微信读书"
"川大就业","2026-07-15","高校招聘 | 国防科技大学理学院2026年博士后招聘公告","https://mp.weixin.qq.com/s/9gqtoem8-N0A5EddV8vXQA","微信读书"
"川大就业","2026-07-14","实习招聘 | 绿城中国2027届暑期实习生招聘","https://mp.weixin.qq.com/s/za2uuWBdkQYzyVvkaAXXOQ","微信读书"
"川大就业","2026-07-14","企业招聘 | 探索无界 智启未来｜超聚变2027届校招OPEN DAY报名开启","https://mp.weixin.qq.com/s/5vcgQWuvSXZF1oFspT-_WA","微信读书"
"川大就业","2026-07-14","企业招聘 | 韶音科技2027届提前批校园招聘启动！","https://mp.weixin.qq.com/s/6GsLh5og1AEoeRfWNtJs8w","微信读书"
"川大就业","2026-07-14","企业开放日 | 中国船舶集团有限公司系统工程研究院&中船智海创新研究院2027届校招企业开放日邀请函","https://mp.weixin.qq.com/s/17OjbsQt1OIR5z0s7E6IMA","微信读书"
"川大就业","2026-07-14","国企招聘 | 航天智能院2027届校园招聘正式启动！","https://mp.weixin.qq.com/s/qMHdPYbg9-s_KgWQwXdrMw","微信读书"
"川大就业","2026-07-14","高校招聘 | 前海国际事务研究院｜博士后/助理研究员招聘","https://mp.weixin.qq.com/s/kU-LuLbf8c7dgpn2clHCMQ","微信读书"
"川大就业","2026-07-14","高校招聘 | 重庆轻工职业学院2026年招聘公告","https://mp.weixin.qq.com/s/YpcaugZPG55jZxFVxXAeSA","微信读书"
"川大就业","2026-07-13","暑期实践丨珠海横琴2026全球知名高校优秀青年人才暑期实践项目正式启动！","https://mp.weixin.qq.com/s/MxVjX0Vco-LRpZUfRQ9NCA","微信读书"
"川大就业","2026-07-13","企业招聘 | 用芯创造未来  中芯国际2026届校园招聘","https://mp.weixin.qq.com/s/NibvCR266_G2mEewHNE3fw","微信读书"
"川大就业","2026-07-13","企业招聘 | 微步在线2027届校招开启啦","https://mp.weixin.qq.com/s/_Wen6Ol5zCtAmwtbBZe3sQ","微信读书"
"川大就业","2026-07-13","企业招聘 | 京东2027TET管理培训生招募正式启动","https://mp.weixin.qq.com/s/7VfPYrbFXvwoj-0dfk2q7g","微信读书"
"川大就业","2026-07-13","国企招聘 | 国投人力平台运营中心岗位招聘","https://mp.weixin.qq.com/s/9THhuZed2Rh-WEXIuziazQ","微信读书"
"川大就业","2026-07-13","国企招聘 | 北方华创2027届校招提前批","https://mp.weixin.qq.com/s/r78ON-1io9BpJ4U1_tOaoQ","微信读书"
"川大就业","2026-07-12","实习招聘丨大众中国实习岗位新一轮热招开始","https://mp.weixin.qq.com/s/N83dUbKBrMItk-nxjDGi4g","微信读书"
"川大就业","2026-07-12","实习招聘｜蔚来公司营销暑期实习生招募","https://mp.weixin.qq.com/s/pnesWau_lbkPi7gMdLZybA","微信读书"
"川大就业","2026-07-12","实习招聘 | 中国建筑科学研究院2026春“榫”计划实习生招聘正式启动！","https://mp.weixin.qq.com/s/OiOUaoby7-iKj991UqR50w","微信读书"
"川大就业","2026-07-12","实习招聘 | 普渡机器人27届校招&28届实习生项目","https://mp.weixin.qq.com/s/rMVoUvroqpvBnsopWeM6Wg","微信读书"
"川大就业","2026-07-12","企业招聘 | 中兴微电子2027届“未来领军”招募","https://mp.weixin.qq.com/s/ZUmhYZUYdK1ynmQFWahLRg","微信读书"
"川大就业","2026-07-12","企业招聘 | 成都新东方2027届教学管培生提前批招募","https://mp.weixin.qq.com/s/oZrnZh3o_yT0-mWSTGfnjg","微信读书"
"川大就业","2026-07-12","国企招聘 | 中国一汽2026夏季校招","https://mp.weixin.qq.com/s/PRJklt4iOL6tNpcVsZMFfg","微信读书"
"川大就业","2026-07-11","线上双选 | 百日冲刺”全国重点高校2026届离校未就业&2027届秋招提前批空中双选会","https://mp.weixin.qq.com/s/AUspVJQlfokw7YYw7fL9Yg","微信读书"
"川大就业","2026-07-11","事业单位招聘 | 济南微生态生物医学省实验室招聘计划","https://mp.weixin.qq.com/s/VgCm9Kkd7fDhFRIdAtLl7A","微信读书"
"川大就业","2026-07-11","实习招募 | 小红书27届「Product Engineer 产品工程师」暑期实习项目火热招募中！","https://mp.weixin.qq.com/s/wWSwh9R76Iq0vhjry-g-Lg","微信读书"
"川大就业","2026-07-11","赛事信息 | 第五届Touch CIB•数字兴业科技挑战赛正式启动！","https://mp.weixin.qq.com/s/Ofqb8Vk3bkjyDuO8wSNcHg","微信读书"
"川大就业","2026-07-11","企业招聘 | 新奥能源研究院2026届校园招聘","https://mp.weixin.qq.com/s/qPx2WNhrUXdsSu8eNqw9Jw","微信读书"
"川大就业","2026-07-11","课程预告 | 教育部“互联网+就业指导”公益直播课：法律行业的职业发展之路","https://mp.weixin.qq.com/s/YJX_dVfhRYp5eD2wODDV4w","微信读书"
"川大就业","2026-07-11","国企招聘 | 四川天华化工集团股份有限公司2026年校园招聘公告","https://mp.weixin.qq.com/s/Bc0CBRA-72-MwR-6UCI6CQ","微信读书"
"川大就业","2026-07-10","暑期开放日 | 中国兵器工业集团第二〇二研究所2027届暑期开放日正式启动","https://mp.weixin.qq.com/s/nrPTZQ_MGDz1BOyv8crq5A","微信读书"
"川大就业","2026-07-10","企业招聘 | 长飞2027届全球校园招聘 联接你的无限可能","https://mp.weixin.qq.com/s/ho9e6OXO0Dj0tOKn1fCIyg","微信读书"
"川大就业","2026-07-10","国企招聘｜中国电信天翼云2027届超级优才招聘正式启动！","https://mp.weixin.qq.com/s/Ex_VLI9RVJPNWBKBbW2AGg","微信读书"
"川大就业","2026-07-10","国企招聘 | 中国电气装备集团数字科技有限公司招聘公告","https://mp.weixin.qq.com/s/z7igVXVEvAL8Qax3e5MUsA","微信读书"
"川大就业","2026-07-10","国企招聘 | 北方华创2027届校招提前批｜锁定你的“芯” offer","https://mp.weixin.qq.com/s/0_3owBFWuLYRupYc01OdRw","微信读书"
"川大就业","2026-07-10","高校招聘 | 淄博师范高等专科学校广纳良才","https://mp.weixin.qq.com/s/lYloUKAb1lpk5UfF1muLdg","微信读书"
"川大就业","2026-07-10","高校招聘 | 眉山职业技术学院2026年下半年编制内公开考核招聘辅导员、思政课教师的公告","https://mp.weixin.qq.com/s/kiKYYgSBl06-yzaM_pvziQ","微信读书"
"川大就业","2026-06-15","校园招聘｜2027届百度AIDU计划  顶尖人才招募正式启动","https://mp.weixin.qq.com/s/pytvrZpZLLO2q2yFdiiQIg","微信读书"
"川大就业","2026-06-15","校园招聘 | 宇通集团2027届校招提前批启动","https://mp.weixin.qq.com/s/3dLobBLN-l_VX-e-H9TsKQ","微信读书"
"川大就业","2026-06-15","事业单位招聘 | 住房城乡建设部直属事业单位2026年度第二批公开招聘公告","https://mp.weixin.qq.com/s/pNfNPlahwRXFGFmQFOyakA","微信读书"
"川大就业","2026-06-15","事业单位招聘 | 杭州市高层次和特殊专业技术岗位招聘188人公告","https://mp.weixin.qq.com/s/DNoLo_zMeMSjyptSdq0ebQ","微信读书"
"川大就业","2026-06-15","实习招聘｜联影集团2027届实习生专项启动","https://mp.weixin.qq.com/s/10-y3xBXZM8em_iRycq_Kg","微信读书"
"川大就业","2026-06-15","实习招聘 | 国贸股份2027届暑期实习生招聘正式启动","https://mp.weixin.qq.com/s/1HaUyvGzvY_BEW_I3Bnwkg","微信读书"
"川大就业","2026-06-15","赛事通知丨第五届杜邦青年创新大赛正式启动！","https://mp.weixin.qq.com/s/G5MsVTE4b2LNrY0FiyOhdA","微信读书"
"川大就业","2026-06-15","国聘行动 | 国家机关、事业单位招聘信息推荐 （第二期）","https://mp.weixin.qq.com/s/u4SPWqXPc_CC5yiWlTOozQ","微信读书"
"川大就业","2026-06-14","用人单位邀请函 | 6月26日 | “周五职通车”——补录及实习专场","https://mp.weixin.qq.com/s/d6BpFjHpLKs-kb3utrnLCg","微信读书"
"川大就业","2026-06-14","事业单位招聘 | 四川省文物考古研究院2026年公开考核招聘工作人员公告","https://mp.weixin.qq.com/s/5wyVapqBP_w02Y9ROcFsuA","微信读书"
"川大就业","2026-06-14","事业单位招聘 | 乾元国家实验室诚邀海内外各类英才","https://mp.weixin.qq.com/s/ikat3Lqea6nw2Pz9x6_92Q","微信读书"
"川大就业","2026-06-14","实习招聘 | 中电福富2027届实习生招聘正式启动","https://mp.weixin.qq.com/s/g2vkf_avF9n223fyTM1P8Q","微信读书"
"川大就业","2026-06-14","实习招聘 | 寻找未来设计大师  中铁二院2027届实习生招募及校园招聘启事","https://mp.weixin.qq.com/s/ljhbdcKecgutt8Aar2Q_1A","微信读书"
"川大就业","2026-06-14","实习招聘 | 华为ICT销售27届实习生持续招聘中","https://mp.weixin.qq.com/s/9YUzYCEXsaClldvE9DkFwQ","微信读书"
"川大就业","2026-06-14","国企招聘 | 重庆水务集团股份有限公司科技创新技术人才校园招聘","https://mp.weixin.qq.com/s/WjyIoyEtdaIfLJrWZretfg","微信读书"
"川大就业","2026-06-14","高校招聘 | 国防大学2026年人才引进公告","https://mp.weixin.qq.com/s/OOJLLsUNFB0cf6rsLBlo0g","微信读书"
"川大就业","2026-06-13","用人单位邀请函 | 6月26日 | “周五职通车”——补录及实习专场","https://mp.weixin.qq.com/s/79t4HIFV-a6WCjLeCAewlw","微信读书"
"川大就业","2026-06-13","暑期夏令营 | 崖州湾国家实验室2026年夏令营开始报名","https://mp.weixin.qq.com/s/-EXGnA5s93HYiEZO7_TiaA","微信读书"
"川大就业","2026-06-13","实习招聘 | 抓住暑假黄金期，“国聘行动”暑期实习岗位等你来Pick","https://mp.weixin.qq.com/s/qdm5FVGSuEsK9QGYOALeiA","微信读书"
"川大就业","2026-06-13","实习招聘 | 中国建设银行广西壮族自治区分行2026年度暑期实习生项目","https://mp.weixin.qq.com/s/eoqsA6YPHlDVB1ywcXSfhQ","微信读书"
"川大就业","2026-06-13","实习招聘 | 国贸股份2027届暑期实习生招聘正式启动","https://mp.weixin.qq.com/s/cR3oeFcA2B5akPvJ0cgdJA","微信读书"
"川大就业","2026-06-13","教师招聘 | 伊犁州直面向高校毕业生引进高中教师76人","https://mp.weixin.qq.com/s/GceD8RVprV2P_U1Mu0CWvQ","微信读书"
"川大就业","2026-06-13","教师招聘 | 海口市教育局2026年面向全国公开招聘直属学校工作人员","https://mp.weixin.qq.com/s/HN52x047KCQ1_mdqNnU47A","微信读书"
"川大就业","2026-06-13","国企邀请 | 陕汽控股第四届“博士人才企业开放日","https://mp.weixin.qq.com/s/j_mosPJAitZ9ZRaTjajwiw","微信读书"
"川大就业","2026-06-12","用人单位邀请函 | 6月26日 | “周五职通车”——补录及实习专场","https://mp.weixin.qq.com/s/lfidqcpwHGuGZ_KacnLesQ","微信读书"
"川大就业","2026-06-12","校园招聘 | 中国航空无线电电子研究所2027届提前批校园招聘正式启动","https://mp.weixin.qq.com/s/QP4icdiT1zUOYHInqigB5g","微信读书"
"川大就业","2026-06-12","校园招聘 | 北京海关所属事业单位2026年度公开招聘公告","https://mp.weixin.qq.com/s/kcxnn17BV79kfcheiZ3cmw","微信读书"
"川大就业","2026-06-12","暑期夏令营 | 四川大学医学前沿科学中心关于举办2026年全国优秀大学生暑期夏令营的通知","https://mp.weixin.qq.com/s/P2Rzqy0LR-goK1U7bWrBSA","微信读书"
"川大就业","2026-06-12","实习招聘 | 中国商飞公司2026年“启航”实习生计划","https://mp.weixin.qq.com/s/LBTOfvOcA-kQJWsmAjU9lg","微信读书"
"川大就业","2026-06-12","实习招聘 | 迈瑞医疗2027届暑期实习生招聘正式启动！","https://mp.weixin.qq.com/s/wDsELylYV8vtLFruQacLBg","微信读书"
"川大就业","2026-06-12","课程预告 | 教育部“互联网+就业指导”公益直播课：生涯蓄力，求职挫折应对与心理调试","https://mp.weixin.qq.com/s/MMpirfUcgmV9878EP0Ukiw","微信读书"
"川大就业","2026-06-12","比赛通知 | 腾讯云黑客松挑战赛","https://mp.weixin.qq.com/s/UxgetZx_7Znr-TiNqyEacA","微信读书"
"川大就业","2026-06-11","校园招聘 | 中国科学院西北生态环境资源研究院2026年人才招聘","https://mp.weixin.qq.com/s/Gvn4h2bhfHWDJOeh-B9fEQ","微信读书"
"川大就业","2026-06-11","校园招聘 | 华为2027届顶尖AI人才招聘专项——成渝人才峰会暨挑战课题发布会","https://mp.weixin.qq.com/s/XveXR9VhttSNcYANp7Gtrg","微信读书"
"川大就业","2026-06-11","校园招聘 | 航天科工集团科技保障中心有限公司2026年招聘启事","https://mp.weixin.qq.com/s/H8lVZWud9YGEmkjqQXFHoQ","微信读书"
"川大就业","2026-06-11","线下双选 | 6月12日丨扬州市生态科技新城成都校招活动","https://mp.weixin.qq.com/s/COKjlFGS4COrwphKGNmSJQ","微信读书"
"川大就业","2026-06-11","线下双选 | 6月12日 | 2026年惠安县省内外高校专场招聘活动","https://mp.weixin.qq.com/s/u-ydh52ShyQW-LymhYMJ7Q","微信读书"
"川大就业","2026-06-11","线下双选 | 06月12日 | “周五职通车”——补录及实习专场","https://mp.weixin.qq.com/s/7iC5klQ_c4AbadbuoCAYHg","微信读书"
"川大就业","2026-06-11","活动预告｜7月7日｜2026年四川大学大学生创业操盘实践课重磅开启！实战赋能，沉浸式开启创业成长之旅","https://mp.weixin.qq.com/s/NJWnW7qpBEd1MwLZ9g-r2A","微信读书"
"川大就业","2026-06-11","活动预告｜6月29日｜阿里星顶尖人才计划","https://mp.weixin.qq.com/s/0KJVRO3hNTrLnhvHtuCHMw","微信读书"
"川大就业","2026-06-10","校园招聘 | 中国建设银行2026年度暑期实习生项目火热开启！","https://mp.weixin.qq.com/s/sK5G6bSPaN16nLHRYjhI8Q","微信读书"
"川大就业","2026-06-10","校园招聘 | 小米2027全球顶尖人才校园招聘","https://mp.weixin.qq.com/s/PEOHJ-xnTz0HQokEbGJ_1g","微信读书"
"川大就业","2026-06-10","校园招聘 | 2026北京海关所属事业单位招聘6人公告","https://mp.weixin.qq.com/s/q71noOd3i8yzpT0gOGtZEA","微信读书"
"川大就业","2026-06-10","实习招聘 | 中国银河证券2027届暑期实习项目正式启动","https://mp.weixin.qq.com/s/77MbHIdXtL5XoVPLdCLAhg","微信读书"
"川大就业","2026-06-10","实习招聘 | 航空工业计量所2026暑期实习生招募","https://mp.weixin.qq.com/s/RThBWCzxt3SBzQ5rFDUASw","微信读书"
"川大就业","2026-06-10","赛事通知 | 最高资助3000万！第七届盐城市创新创业大赛人才创业赛海洋经济专场赛开始报名啦！","https://mp.weixin.qq.com/s/OLsRiN3lIn0K2daG_VjnXg","微信读书"
"川大就业","2026-06-10","高校招聘 | 国防科技大学电子科学学院电子科学系2026年人才引进公告","https://mp.weixin.qq.com/s/_SFUyIYNJ5neqWLcj3ejfw","微信读书"
"川大就业","2026-06-10","博士夏令营 | 中核集团2026年博士夏令营扬帆起航","https://mp.weixin.qq.com/s/de6ij7y9fgOqTMFVwmeZjQ","微信读书"
"川大就业","2026-06-09","用人单位邀请函 | 6月12日 | “周五职通车”——成渝地区专场","https://mp.weixin.qq.com/s/FZESJhqkmQU720u_x6tVQQ","微信读书"
"川大就业","2026-06-09","校园招聘丨成都外国语学院招聘启事（原四川外国语大学成都学院）","https://mp.weixin.qq.com/s/-GfLpm0lqjiq-HuGoc5_lQ","微信读书"
"川大就业","2026-06-09","双选活动 | 6月12日 | 数聚英才  共赴未来  2026年“才聚高新”数字经济产业专场招聘会","https://mp.weixin.qq.com/s/yzXh5ZUkaDRBh12wjpZoJg","微信读书"
"川大就业","2026-06-09","实习邀请 | 电子五所2026年暑期薪火计划OFFER快捷通道正式开启","https://mp.weixin.qq.com/s/i_jpws3xWWl5b058Sg827Q","微信读书"
"川大就业","2026-06-09","企业开放日 | 航空工业洪都2026年企业开放日来啦！","https://mp.weixin.qq.com/s/VdF0n4s8UCmw0B6Gi3OBtg","微信读书"
"川大就业","2026-06-09","活动预告 | 守护青春，金融消保伴你行 ——华夏银行金融安全“第一课”","https://mp.weixin.qq.com/s/zZc722t_7EFjbzSCSJruHA","微信读书"
"川大就业","2026-06-09","高校招聘丨四川大学2026年校聘非事业编制岗位招聘公告（第二批）","https://mp.weixin.qq.com/s/oUQrr58c1ip5ntSCnTxwcw","微信读书"
"川大就业","2026-06-09","高校招聘 | 广州华商职业学院 2026年高层次人才引进公告","https://mp.weixin.qq.com/s/2tMxZF3WC55aGGLRX7tMMA","微信读书"
"川大就业","2026-06-08","校园招聘 | Sharpa Robotics 2027校招提前批","https://mp.weixin.qq.com/s/XptTNK5TrF2PTDYAet_-og","微信读书"
"川大就业","2026-06-08","校园招聘 | 中国煤炭资产管理集团有限公司所属企业2026年度社会公开招聘公告","https://mp.weixin.qq.com/s/NjOYRdXcL90aMhju6KY37A","微信读书"
"川大就业","2026-06-08","校园招聘 | 中国船舶集团有限公司第七一六研究所2026届校园招聘","https://mp.weixin.qq.com/s/g5TJQ52kU0syYpZZ0dpOSA","微信读书"
"川大就业","2026-06-08","校园招聘 | 广西移动2026“梦想+”实习生计划启动！","https://mp.weixin.qq.com/s/-A4vQpD9FWfHiW8YGevWoQ","微信读书"
"川大就业","2026-06-08","线下宣讲 | 06月09日 | 歌尔2027届精英计划校园招聘","https://mp.weixin.qq.com/s/abymL1E0-WXsnG_YoSac9A","微信读书"
"川大就业","2026-06-08","实习招聘｜现代汽车研发中心2026暑期实习生招聘","https://mp.weixin.qq.com/s/GG1Kz6JQiCMkTehqLorHFg","微信读书"
"川大就业","2026-06-08","公务员补录 | 四川补充录用公务员1702名","https://mp.weixin.qq.com/s/itRE6DCrchIzTCI9I7iWxQ","微信读书"
"川大就业","2026-06-08","6月9日 | 宣讲会&招聘信息一览","https://mp.weixin.qq.com/s/HOeAYh-SrXiJTe8hb5IgzQ","微信读书"
"川大就业","2026-06-07","线下宣讲 | 06月09日 | 西安微电子技术研究所2027届提前批招聘","https://mp.weixin.qq.com/s/eEr6dr7UK6hMQApZ-5jNAA","微信读书"
"川大就业","2026-06-07","线下宣讲 | 06月09日 | 深圳市韶音科技有限公司","https://mp.weixin.qq.com/s/LY84Au7ELCjtNrBNGWeCAg","微信读书"
"川大就业","2026-06-07","线下宣讲 | 06月09日 | 歌尔2027届精英计划校园招聘","https://mp.weixin.qq.com/s/ZN4usLpZ9gLE015sOEVhRA","微信读书"
"川大就业","2026-06-07","暑期实习 | 建发房产 2026 年「建习生」暑期实习计划启动啦！","https://mp.weixin.qq.com/s/eG9l09sUXht5aLaX9GrzwQ","微信读书"
"川大就业","2026-06-07","暑期实习 | 从地球出发！中科宇航2026暑期实习生招聘","https://mp.weixin.qq.com/s/9Tl8zmDupK7HKembt5JuqQ","微信读书"
"川大就业","2026-06-07","暑期实习 | 2026年中国建设银行四川省分行暑期实习生招聘公告","https://mp.weixin.qq.com/s/m7LnA4JpKFrB_Pdi-NgF3A","微信读书"
"川大就业","2026-06-07","实习招聘 | 华为ICT BG-公共开发部2027届实习生招聘正式启动！","https://mp.weixin.qq.com/s/5ZB-umeAwR4Cks90AbB2VQ","微信读书"
"川大就业","2026-06-07","6月9日 | 宣讲会&招聘信息一览","https://mp.weixin.qq.com/s/fpxqYUsqsPvEMkPazhs4YQ","微信读书"
"川大就业","2026-06-06","用人单位邀请函 | 6月12日 | “周五职通车”——成渝地区专场","https://mp.weixin.qq.com/s/jFf--00ElusT3XBni4a1-Q","微信读书"
"川大就业","2026-06-06","校园招聘 | 小米2027全球顶尖人才校园招聘正式启动","https://mp.weixin.qq.com/s/Pg-OWYOgXSybSFe8dLFHNw","微信读书"
"川大就业","2026-06-06","校园招聘 | 上海人工智能实验室2027届春季招聘","https://mp.weixin.qq.com/s/xG7qi1tpXChtJJn1SIbfzg","微信读书"
"川大就业","2026-06-06","校园招聘 | 辽宁核电2026届春季校园招聘全面启动","https://mp.weixin.qq.com/s/z75_IWRCBvKU_oepoLQQJg","微信读书"
"川大就业","2026-06-06","暑期实习 | 中国工商银行2026年星令营暑期实习正式启动！","https://mp.weixin.qq.com/s/O37Dw2iSNN-aH7DdUxmWow","微信读书"
"川大就业","2026-06-06","课程预告 | 教育部“互联网+就业指导”公益直播课：教育行业发展趋势与职业机会","https://mp.weixin.qq.com/s/IAIOvursvTk75e12FXkEwQ","微信读书"
"川大就业","2026-06-05","用人单位邀请函 | 6月12日 | “周五职通车”——成渝地区专场","https://mp.weixin.qq.com/s/Npd6HWDA1tcO3-eimrqwkQ","微信读书"
"川大就业","2026-06-05","校园招聘｜好未来学而思2026年校园合伙人计划，开启你的校园新体验","https://mp.weixin.qq.com/s/gP9i1Ono3_AW-2-oA4vKkQ","微信读书"
"川大就业","2026-06-05","线上宣讲 | 6月17日 | 格见半导体2027届校园招聘正式开启！","https://mp.weixin.qq.com/s/dwTug6HIHipif8xjanm3NQ","微信读书"
"川大就业","2026-06-05","暑期夏令营 | 宜昌诚邀全国青年学子“充电”一“夏”！","https://mp.weixin.qq.com/s/XGxBxZkkcV7Tp2hEzfJnow","微信读书"
"川大就业","2026-06-05","实习招聘 | 中建安装2026年暑期实习计划火热开启！","https://mp.weixin.qq.com/s/Ri8bn6lZS4_sVrWqVysbSA","微信读书"
"川大就业","2026-06-05","实习招聘 | 浙商银行成都分行2027届暑期实习计划","https://mp.weixin.qq.com/s/lLwOLCmRhSC7-y3Mps06qg","微信读书"
"川大就业","2026-06-05","实习招聘 | 长城证券2027届暑期实习校园招聘正式启动！","https://mp.weixin.qq.com/s/8nQg0j1WhCkVQgebM8i1rg","微信读书"
"川大就业","2026-06-04","校园招聘 | 宇树科技2027届校园招聘正式启动","https://mp.weixin.qq.com/s/ANNNuyo_QnxRG8fw6R-biw","微信读书"
"川大就业","2026-06-04","校园招聘 | 央国企招聘信息汇总（央企及所属单位）6月","https://mp.weixin.qq.com/s/UQ2k9Nomi4fn0rftAhJwww","微信读书"
"川大就业","2026-06-04","校园招聘 | 太原重型机械集团有限公司2026年校园招聘253人","https://mp.weixin.qq.com/s/cncso9gZpwM3bozsUfOhaw","微信读书"
"川大就业","2026-06-04","校园招聘 | 泸州老窖股份有限公司2026暑期实习生招聘简章","https://mp.weixin.qq.com/s/Brui9bn6-DhL17TdbXrf_A","微信读书"
"川大就业","2026-06-04","校园招聘 | 国家国防科技工业局安全工程技术与合作交流中心2026年公开招聘公告","https://mp.weixin.qq.com/s/WKFPUFn35LmP-bkFE9tVhg","微信读书"
"川大就业","2026-06-04","线下双选 | 06月05日 | “周五职通车”——补录及实习专场","https://mp.weixin.qq.com/s/E049oKBbWaOQJIGIiuUB2w","微信读书"
"川大就业","2026-06-03","校园招聘 | 引智纳才，核创未来——核能安全技术研究所欢迎英才加入","https://mp.weixin.qq.com/s/UjFvaKv-KZ1zZAJsvbRQ8g","微信读书"
"川大就业","2026-06-03","校园招聘 | 格力电器26届春招补录惊喜上线！","https://mp.weixin.qq.com/s/_Dt1XPY-81bbSiHGgxUBbQ","微信读书"
"川大就业","2026-06-03","暑期夏令营 | 星动的感觉在长沙——邀请优秀的你，报名2026年全国高校学子长沙行活动","https://mp.weixin.qq.com/s/Yn9gffI5WhQ5xmKSs0o3xg","微信读书"
"川大就业","2026-06-03","事业单位招聘 | 2026年淮安经济技术开发区公开招聘工作人员公告","https://mp.weixin.qq.com/s/wTj9tAJktWv2FEWFeYrHLg","微信读书"
"川大就业","2026-06-03","实习招聘 | 匠星计划——华润置地2026年暑期实习生招聘正式启动！","https://mp.weixin.qq.com/s/zDXoLGhXP3nqxhwNyOt5wA","微信读书"
"川大就业","2026-06-03","实习招聘 | 国贸股份2027届暑期实习生招聘正式启动","https://mp.weixin.qq.com/s/irX18lFcljnVdAviPFRIaA","微信读书"
"川大就业","2026-06-03","赛事信息 | 2026正泰杯青年创新创业大赛全球招募正式启动！","https://mp.weixin.qq.com/s/ZJ7aabxQ72nfGxoNt0ta_Q","微信读书"
"川大就业","2026-06-03","权威发布 | 四川大学2026年普通本科招生章程","https://mp.weixin.qq.com/s/1gH6fVrgJwks1YdxSEuqeQ","微信读书"
"川大就业","2026-06-02","用人单位邀请函 | 6月5日 | “周五职通车”——补录及实习专场","https://mp.weixin.qq.com/s/TVX4DSBY2ujZeXKCbB088g","微信读书"
"川大就业","2026-06-02","校园招聘 | 中国华电2026年第三批校园招聘来啦！","https://mp.weixin.qq.com/s/sFXgFkQQPoX-kBBKwywmUA","微信读书"
"川大就业","2026-06-02","校园招聘 | 学而思2027届校招提前批新教师培训营","https://mp.weixin.qq.com/s/tQeZHUlWMMtbJzG3rqdSyg","微信读书"
"川大就业","2026-06-02","暑期研学 | 上海市虹口区2026年 “潮涌浦江·虹菁启航”优秀应届毕业生暑期研学营公告","https://mp.weixin.qq.com/s/RNnp3NbKNHulcass05kkMw","微信读书"
"川大就业","2026-06-02","事业单位招聘 | 442名！重庆市属事业单位2026年第二季度公开招聘工作人员公告","https://mp.weixin.qq.com/s/d67WMjwi4S748neacS_Llw","微信读书"
"川大就业","2026-06-02","实习招聘 | 南方有光 未来有数，南网数字集团2027届暑期实习生招募","https://mp.weixin.qq.com/s/0_PAULp3Lor9iqFcmyl2XA","微信读书"
"川大就业","2026-06-02","实习招聘 | 东方电气集团2026年实习生计划正式启动","https://mp.weixin.qq.com/s/KjCHZCZqWWthS7vx9tXhcQ","微信读书"
"川大就业","2026-06-02","高校招聘 | 齐齐哈尔医学院2026年诚邀海内外博士加盟！","https://mp.weixin.qq.com/s/X4XqNUBVn6UFlvPz8Mjnmg","微信读书"
"川大就业","2026-06-01","校园招聘 | 中国航天科技集团有限公司五院五一三所","https://mp.weixin.qq.com/s/LH1Ms_q71ARu7cSGCW7ZVg","微信读书"
"川大就业","2026-06-01","校园招聘 | 商丘工学院2026年教师招聘公告","https://mp.weixin.qq.com/s/SOc0q55nfSZ9WzaJ40AKrQ","微信读书"
"川大就业","2026-06-01","校园招聘 | 交通运输部所属事业单位2026年度第七批统一公开招聘公告","https://mp.weixin.qq.com/s/tyBXyQWfdTQMUT-K5r6qWg","微信读书"
"川大就业","2026-06-01","线下宣讲 | 06月02日 | 中航机载系统有限公司","https://mp.weixin.qq.com/s/T3i-gkvY0GRuEnC8Dr4MFg","微信读书"
"川大就业","2026-06-01","线下宣讲 | 06月02日 | 潮州三环（集团）股份有限公司","https://mp.weixin.qq.com/s/T13xierOjvNDk_Z2PKTx2g","微信读书"
"川大就业","2026-06-01","实习招聘 | 小红书27届马当路练习生开始招募","https://mp.weixin.qq.com/s/SCc0tx4B4PpY78lnzoKA2Q","微信读书"
"川大就业","2026-06-01","实习招聘 | 宁银消金2027届暑期实习招募","https://mp.weixin.qq.com/s/109aQ55YP04bNRYFWUa_MQ","微信读书"
"川大就业","2026-06-01","06月02日 | 双选会&宣讲会&招聘信息一览","https://mp.weixin.qq.com/s/2aCd3vyIgGs1Z3jMjdviTg","微信读书"
"川大就业","2026-05-31","用人单位邀请函 | 6月5日 | “周五职通车”——补录及实习专场","https://mp.weixin.qq.com/s/uS4XIWqpUBfSNbZUn4qqMA","微信读书"
"川大就业","2026-05-31","校园招聘 | 兰州大学2026年博士后人员招聘公告","https://mp.weixin.qq.com/s/5motHFN5kJWvI-14mPx36w","微信读书"
"川大就业","2026-05-31","校园招聘 | 哈尔滨工程大学2026年辅导员岗位招聘通知","https://mp.weixin.qq.com/s/uhskHyT5kVCifvpMNcdV3w","微信读书"
"川大就业","2026-05-31","校园招聘 | 广州软件学院专任教师招聘启事","https://mp.weixin.qq.com/s/6RR0HjYj6Di-oxclx-ixGg","微信读书"
"川大就业","2026-05-31","校园招聘 | 比亚迪26届春招弗迪电池制备中心团队专场（附内推码）","https://mp.weixin.qq.com/s/4av55rcJrQCHGwQ8xJrX0A","微信读书"
"川大就业","2026-05-31","夏令营报名 | 【中物院夏令营】心怀“核”志  筑梦中物——2026年中物院暑期夏令营实践活动报名启动","https://mp.weixin.qq.com/s/uvnxXIOaet5dIHvptuJEtw","微信读书"
"川大就业","2026-05-31","三支一扶 | 四川“三支一扶”计划招募3538人！","https://mp.weixin.qq.com/s/Ir2uioBQv65M1Ec1X4LgLA","微信读书"
"川大就业","2026-05-30","用人单位邀请函 | 6月5日 | “周五职通车”——补录及实习专场","https://mp.weixin.qq.com/s/HPQR5tmFZgF93XcF4eal0w","微信读书"
"川大就业","2026-05-30","校园招聘 | 图拉斯2026春季校园招聘正式启动！","https://mp.weixin.qq.com/s/0xLhPpRM1Gn0RUgPUJqPSw","微信读书"
"川大就业","2026-05-30","校园招聘 | 科锐国际2026届校园招聘","https://mp.weixin.qq.com/s/egmXfQ_z5rhlrKlcTNUFiw","微信读书"
"川大就业","2026-05-30","校园招聘 | 航天长峰朝阳电源有限公司","https://mp.weixin.qq.com/s/z0dSMXLHu-N6-hO5Ktapyw","微信读书"
"川大就业","2026-05-30","实习招聘 | 华为2027届销售类实习生招聘火热进行中","https://mp.weixin.qq.com/s/Rmx4-X2xl_M1DGtqfsrIug","微信读书"
"川大就业","2026-05-30","实习招聘 | 航空工业自控所 2026 年暑期实习正式开启","https://mp.weixin.qq.com/s/5gWJCWC8hL9FkP427EMQbw","微信读书"
"川大就业","2026-05-30","课程预告 | 教育部“互联网+就业指导”公益直播课：油气能源行业发展趋势与求职准备","https://mp.weixin.qq.com/s/TJUS0yP449ea5PI3p69QiA","微信读书"
"川大就业","2026-05-30","博士招聘丨重庆轻工职业学院","https://mp.weixin.qq.com/s/r37CRaH3NyzmoHCzzT4i7w","微信读书"
"川大就业","2026-05-29","用人单位邀请函 | 6月12日 | 周五职通车”——成渝地区专场","https://mp.weixin.qq.com/s/GAL51-viE9xWZFBR_LsoMQ","微信读书"
"川大就业","2026-05-29","校园招聘 | 中建八局南方公司2026届春季校园招聘正式启动！","https://mp.weixin.qq.com/s/0uczLF52RghUfGZ7uU_8nw","微信读书"
"川大就业","2026-05-29","校园招聘 | 中广核聚核体验营暨2027届提前批专场校园招聘正式启动！","https://mp.weixin.qq.com/s/65N3BZwSyA2wOx7_wNxzJQ","微信读书"
"川大就业","2026-05-29","校园招聘 | 皖江工学院2026年人才招聘启事","https://mp.weixin.qq.com/s/5pXGxNp0lpjKQ22k1Zsvbw","微信读书"
"川大就业","2026-05-29","校园招聘 | 美丽中国2026级项目老师补录中，两年支教，育人遇自己！","https://mp.weixin.qq.com/s/DWM6i7ctR2gSWaJiTb36Rw","微信读书"
"川大就业","2026-05-29","校园招聘 | 河南工程学院2026年高层次人才招聘简章","https://mp.weixin.qq.com/s/AVm2U-Lytf3PjUW4AFXJFg","微信读书"
"川大就业","2026-05-29","事业单位招聘 | 2026年上半年成都市事业单位公开选调","https://mp.weixin.qq.com/s/BTuN4adHnJHnYEzOpkqLCg","微信读书"
"川大就业","2026-05-29","实习招聘 | 潍柴2027届“领航”实习生计划","https://mp.weixin.qq.com/s/04FxcMIJN_WgoNNkB_SKew","微信读书"
"川大就业","2026-05-28","招生宣讲 | 5月29日 | 为国铸剑 逐梦苍穹  西北工业大学2027年研究生招生宣讲会成都站诚邀您来","https://mp.weixin.qq.com/s/YBHl2aevUsJzEedE_l4B0g","微信读书"
"川大就业","2026-05-28","招生宣讲 | 5月29日 | 2027长春应用化学研究所招生宣讲会","https://mp.weixin.qq.com/s/68Ri2CwystsGRpPia-TQHg","微信读书"
"川大就业","2026-05-28","校园招聘 | 上海华力2026届春招补录","https://mp.weixin.qq.com/s/QN2z96lnpq2zyrTD97BmZg","微信读书"
"川大就业","2026-05-28","校园招聘 | 三环集团校园招聘提前批启动啦！抢先入场，锁定心仪岗位~","https://mp.weixin.qq.com/s/_Xw0ARiUBsOHT30g09PxSg","微信读书"
"川大就业","2026-05-28","线下双选 | 5月29日 | 周五职通车”——新兴产业、未来产业专场","https://mp.weixin.qq.com/s/rrfxzUl7uTyr3od9db9-Zg","微信读书"
"川大就业","2026-05-28","实习招聘 | 中邮消费金融2026暑期实习生招聘正式启动！","https://mp.weixin.qq.com/s/-xqDik1heVbuLJSUhVELrA","微信读书"
"川大就业","2026-05-28","实习招聘 |  大疆2027 AI 实习生专项招聘计划    用 AI 定义飞行与影像的未来！","https://mp.weixin.qq.com/s/PeskDBuf84Cna2JHj8u4PQ","微信读书"
"川大就业","2026-05-28","活动预告 | 四川大学2026年大学生就业嘉年华！","https://mp.weixin.qq.com/s/PDw04-UbnoxIVfZGuSpFDQ","微信读书"
"川大就业","2026-05-27","重要通知 | 关于开展四川大学2026年暑期 “大志行”就业实践活动的通知","https://mp.weixin.qq.com/s/mA6w-kuk_08EKvavcgyfTA","微信读书"
"川大就业","2026-05-27","校园招聘 | 暑期直通金融核心赛道！国泰君安期货2026金衍同盟正式启动！","https://mp.weixin.qq.com/s/HeaPYTPJa202UEban8uAvw","微信读书"
"川大就业","2026-05-27","校园招聘 | 华北水利水电工程集团有限公司2026年招聘公告","https://mp.weixin.qq.com/s/4u4U4vM3-zQNLs0x95B_gA","微信读书"
"川大就业","2026-05-27","校园招聘 | 国电南自2027届校园招聘开放日报名开启","https://mp.weixin.qq.com/s/04PbPgA5kXkuDEyhVaidkw","微信读书"
"川大就业","2026-05-27","线下双选 | 5月28日 | 全国医类高校2026届本、硕、博、规培医疗毕业生专场巡回招聘会——四川大学站","https://mp.weixin.qq.com/s/OUh0aVEpmjSrfNsc3IonCA","微信读书"
"川大就业","2026-05-27","实习招聘 | 心田花开“青苗计划”27届夏令营启动——成都分校","https://mp.weixin.qq.com/s/2SOIMm094T9RGUizr2vZhw","微信读书"
"川大就业","2026-05-27","实习招聘 | 懂车帝2026暑期实习&amp;秋招提前批启动！","https://mp.weixin.qq.com/s/_63MSRpGa-5D1bBP9zOQag","微信读书"
"川大就业","2026-05-26","校园招聘 | 太行国家实验室2026年度引才公告","https://mp.weixin.qq.com/s/C7KFmIYvgFbLnrWLNAmcDA","微信读书"
"川大就业","2026-05-26","校园招聘 | 湖州市教育局2026年上半年赴浙江师范大学公开招聘2026届优秀毕业生公告","https://mp.weixin.qq.com/s/phMfRAb2k5YJOhdbJIZTGA","微信读书"
"川大就业","2026-05-26","线下宣讲 | 5月27日 | 成都九洲迪飞科技有限责任公司2026校园招聘","https://mp.weixin.qq.com/s/sW3xSlvtJbIhkPYpPgvVIQ","微信读书"
"川大就业","2026-05-26","线下宣讲 | 5月27日 | 2026年郑州市卫健委招聘宣讲","https://mp.weixin.qq.com/s/ogw512SzM5OpGXWqu1GRCQ","微信读书"
"川大就业","2026-05-26","线下双选 | 5月27日 |新质引擎·智领未来全国巡回博士、博士后高层次人才专场签约洽谈会","https://mp.weixin.qq.com/s/D4xO3V9A64KYPRXK5eRkWg","微信读书"
"川大就业","2026-05-26","线下双选 | 5月27日 | “百万英才汇南粤”海珠校地交流活动将走进成都！","https://mp.weixin.qq.com/s/WjewSNatWifNZCUGOc6Kug","微信读书"
"川大就业","2026-05-26","活动预告 | 四川大学2026年大学生就业嘉年华！","https://mp.weixin.qq.com/s/GatEAx6lprKuB1LUkPJ7gg","微信读书"
"川大就业","2026-05-26","5月27日 | 双选会&宣讲会&招聘信息一览","https://mp.weixin.qq.com/s/WgL4qdzrwTlsBlfDB0xJ4Q","微信读书"
"川大就业","2026-05-25","助理招新 | 川大就业指导中心市场科学生助理团队招新啦！","https://mp.weixin.qq.com/s/4Jo5qJJVgYVVw3y3y4ISDA","微信读书"
"川大就业","2026-05-25","用人单位邀请函 | 5月29日 | “周五职通车”——新兴产业、未来产业专场","https://mp.weixin.qq.com/s/NWS3y_wvnDOmJoUrSigMhg","微信读书"
"川大就业","2026-05-25","校园招聘 | 中国移动九天人工智能科技公司2026梦想+实习生计划重磅启动！","https://mp.weixin.qq.com/s/eVxcq8sGBCen8UL2QSMLEA","微信读书"
"川大就业","2026-05-25","校园招聘 | 山东高速集团有限公司2026年上半年校园招聘公告","https://mp.weixin.qq.com/s/AHQXsBqnXIqLFT2z7WHnRA","微信读书"
"川大就业","2026-05-25","校园招聘 | 湖南宁乡农村商业银行股份有限公司2026年员工招聘","https://mp.weixin.qq.com/s/Bf9GUeUOrlNF6T34a5W9Yw","微信读书"
"川大就业","2026-05-25","校园招聘 | 红塔证券股份有限公司2026年度招聘公告","https://mp.weixin.qq.com/s/JaarwvDsppm5ZjSIu-kv-g","微信读书"
"川大就业","2026-05-25","校园招聘 | 钢铁研究总院有限公司校园招聘","https://mp.weixin.qq.com/s/PaLiRN4KVZfrnOwrncHqBg","微信读书"
"川大就业","2026-05-25","线下宣讲 | 5月26日 | 国网四川省电力公司凉山供电公司","https://mp.weixin.qq.com/s/UHr7exK2ffx9yx_lsWnAqg","微信读书"
"川大就业","2026-05-24","邀请函 | 江苏连云港青连驿站","https://mp.weixin.qq.com/s/0Qh2iPP9YgUgmmMmdun-TQ","微信读书"
"川大就业","2026-05-24","校园招聘丨一汽奔腾2026春季校园招聘等你来！","https://mp.weixin.qq.com/s/RHyMyHLroaBg9HTWnmx1bA","微信读书"
"川大就业","2026-05-24","校园招聘 | 南京大学FinTech大模型实验室招募","https://mp.weixin.qq.com/s/_YxCtu2O7aIPEAW8arr07A","微信读书"
"川大就业","2026-05-24","校园招聘 | 牡丹江医科大学引进博士招聘公告","https://mp.weixin.qq.com/s/y-XHvSMsuxm9G_wd9yvhQg","微信读书"
"川大就业","2026-05-24","校园招聘 | 航空工业昌飞2026年博士招聘","https://mp.weixin.qq.com/s/tmX_NXVHw5QE1D_UZc52VQ","微信读书"
"川大就业","2026-05-24","校园招聘 | 北极星校园招聘名企优岗限时补录","https://mp.weixin.qq.com/s/4TtEegyz5aQOIeH_3-664g","微信读书"
"川大就业","2026-05-24","访企拓岗 | 校长汪劲松率队赴国家电投集团和中核集团访企拓岗","https://mp.weixin.qq.com/s/NNivhSIe0lNgSI7wHY6iFQ","微信读书"
"川大就业","2026-05-23","助理招新 | 川大就业指导中心市场科学生助理团队招新啦！","https://mp.weixin.qq.com/s/imzOgeoSdx6y1DnXODtpgg","微信读书"
"川大就业","2026-05-23","校园招聘 | 山东高速集团有限公司2026年上半年校园招聘公告","https://mp.weixin.qq.com/s/kKkFyX_YMeimsEPZKD-udQ","微信读书"
"川大就业","2026-05-23","校园招聘 | 人大附中海口实验学校高中部2026年引进高学历人才校园招聘简章","https://mp.weixin.qq.com/s/-XDl2kUU6RGR6xHXRXBgZw","微信读书"
"川大就业","2026-05-23","校园招聘 | 美丽中国2026级项目老师补录中，两年支教，育人遇自己！","https://mp.weixin.qq.com/s/ItfXUc39MFm8aGYsifz1qQ","微信读书"
"川大就业","2026-05-23","校园招聘 | 海信集团2027届信动力计划招聘正式启动！","https://mp.weixin.qq.com/s/29eXMDlmC_nMNO0wU0PnJg","微信读书"
"川大就业","2026-05-23","校园招聘 | 国耀融汇2026校园招聘正式启动","https://mp.weixin.qq.com/s/flMRi1T2jnifkXzD1QE6Eg","微信读书"
"川大就业","2026-05-23","校园招聘 | 2026年南通开放大学公开招聘高层次人才公告","https://mp.weixin.qq.com/s/wUWxLUw7Gk12AsLtQ6Mv5g","微信读书"
"川大就业","2026-05-23","实习招聘 | 河北建投交通投资有限责任公司2026年暑期实习生招聘","https://mp.weixin.qq.com/s/iKZHpBWyFGfIYmkBsAkTZw","微信读书"
"川大就业","2026-05-22","用人单位邀请函 | 5月29日 | “周五职通车”——新兴产业、未来产业专场","https://mp.weixin.qq.com/s/gNNndjkafWQKNNAHKtNnnw","微信读书"
"川大就业","2026-05-22","校园招聘 | 韶音科技2027届提前批校园招聘启动！","https://mp.weixin.qq.com/s/4sDH6xMH8BjVR8a5r9uK7g","微信读书"
"川大就业","2026-05-22","线下宣讲&双选 | 6月2日 | 航空工业机载2027届提前批招录宣讲暨双选会川大专场","https://mp.weixin.qq.com/s/MwGAot_mrIRjLbKcQmTrlw","微信读书"
"川大就业","2026-05-22","线下双选 | 5月23日 | 全国重点高校2026年暑期实习暨2027届秋季提前批双选会四川大学专场","https://mp.weixin.qq.com/s/s9Ke2VSjXAwuSS5Q-lqLOg","微信读书"
"川大就业","2026-05-22","课程预告 | 教育部“互联网+就业指导”公益直播课：面向未来的职业决策","https://mp.weixin.qq.com/s/GkUi54QzUR0eVMTiKV3-eQ","微信读书"
"川大就业","2026-05-22","活动预告｜“青春领航 职引未来”就业政策宣传讲座","https://mp.weixin.qq.com/s/TsbzC1hNwcNMFe79wezMXA","微信读书"
"川大就业","2026-05-22","地方引才 | 鄂尔多斯市本级事业单位2026年度第二批引进高层次和紧缺人才公告","https://mp.weixin.qq.com/s/A__L1qKOjxMGiv2YCfdkdg","微信读书"
"川大就业","2026-05-22","比赛公告 | 第二届“新国门”人才创新创业大赛项目征集公告","https://mp.weixin.qq.com/s/ho0116hjUpmQAlvqifMHrQ","微信读书"
"川大就业","2026-05-21","校园招聘 | 华为2027届顶尖AI人才招聘专项行动火热进行中！","https://mp.weixin.qq.com/s/IyGuy6yyQ0JCoUtHr2GLLQ","微信读书"
"川大就业","2026-05-21","校园招聘 | 国务院国资委委属事业单位2026年度公开招聘公告","https://mp.weixin.qq.com/s/w4QLyscRoBVFxnOvjXjMYA","微信读书"
"川大就业","2026-05-21","线下双选 | 5月22日 | 硕博汇-四川大学站博士专场就业双选会","https://mp.weixin.qq.com/s/PRJiNU9EBAbl0vQI2hsgyQ","微信读书"
"川大就业","2026-05-21","线下双选 | 5月22日 | 2026年西部科学城重庆高新区赴全国重点高校巡回引才系列活动四川大学专场","https://mp.weixin.qq.com/s/oSFxPFd0sLalmWwKCiDInw","微信读书"
"川大就业","2026-05-21","线下双选 | 5月22日 | “周五职通车”——专精特新专场","https://mp.weixin.qq.com/s/I5DiaJxQJgxVjXhrbkOHGw","微信读书"
"川大就业","2026-05-21","实习招聘 | 腾讯音乐2026实习生招聘全球启动","https://mp.weixin.qq.com/s/GHsahmWsuN86qybvzlXGhg","微信读书"
"川大就业","2026-05-21","就业政策 | 鼓励高校毕业生求职政策、支持高校毕业生提升就业能力政策有哪些？","https://mp.weixin.qq.com/s/B84yXMUbbgNJvKfzE-LD-g","微信读书"
"川大就业","2026-05-20","校园招聘 | 养生堂·农夫山泉2026 春季校园招聘正式启动！","https://mp.weixin.qq.com/s/a4hs9EAVEpDTP4SOFnso9w","微信读书"
"川大就业","2026-05-20","校园招聘 | 武汉工商学院2026年招聘简章","https://mp.weixin.qq.com/s/T5X149JI_HLVY527560fJg","微信读书"
"川大就业","2026-05-20","校外宣讲 | 5月21日 | 香港科技大学（广州）硕博招生宣讲会","https://mp.weixin.qq.com/s/XHMYmVCnAXasbsMyqITN4Q","微信读书"
"川大就业","2026-05-20","线下宣讲&双选 | 5月21日 | “才聚天府·筑梦成都”——2026“蓉漂人才荟” 四川大学专场活动暨都江堰市“4+4”产业链招才引智专场  ","https://mp.weixin.qq.com/s/Uou31Vqd_djelI7kLVYB2A","微信读书"
"川大就业","2026-05-20","线下宣讲 | 5月21日 | 成都新动力企业管理咨询有限公司","https://mp.weixin.qq.com/s/QfZcf85yisDOVnDE3KyblQ","微信读书"
"川大就业","2026-05-20","就业政策解读 | 补贴、贷款、税收优惠……毕业生快看！","https://mp.weixin.qq.com/s/Q1RR9aviBJ7WkQC8OQmJZw","微信读书"
"川大就业","2026-05-20","地方引才 | 2026年“百名博士进巴中”专项引才公告","https://mp.weixin.qq.com/s/yLP8f2twtmW2Eyx3aS7EzA","微信读书"
"川大就业","2026-05-20","5月21日 | 双选会&宣讲会&招聘信息一览","https://mp.weixin.qq.com/s/NXfErh2GscPNVvd20ehjJA","微信读书"
"川大就业","2026-04-23","校园招聘 | 中国电子技术标准化研究院2026年春季招聘简章","https://mp.weixin.qq.com/s/QVg_0XjnBD7UBlO7V7fngw","微信读书"
"川大就业","2026-04-23","校园招聘 | 中国兵器工业计算机应用技术研究所/中兵无人机研究院有限公司2026校园招聘","https://mp.weixin.qq.com/s/tPtOSDW6L475piprdW06ng","微信读书"
"川大就业","2026-04-23","校园招聘 | 武昌首义学院2026年教师招聘计划","https://mp.weixin.qq.com/s/Na0JDMvn9ny_jB7VpVVjAw","微信读书"
"川大就业","2026-04-23","线下宣讲&双选 | 4月24日 | 山东菏泽 — 名校人才直通车","https://mp.weixin.qq.com/s/7WWHEeb_1ku40O76FFUd_g","微信读书"
"川大就业","2026-04-23","线下宣讲&双选 | 4月24日 | “百万英才汇南粤”2026年东莞市长安镇城市人才品牌推介会（成都站）","https://mp.weixin.qq.com/s/k7mizk0t3ZDlnTufWZvwDA","微信读书"
"川大就业","2026-04-23","线下宣讲 | 4月24日 | 四川天府新区第一中学教师招聘","https://mp.weixin.qq.com/s/MzdusNp7M7hQRGUWOeoOpg","微信读书"
"川大就业","2026-04-23","线下双选 | 4月24日 | “周五职通车”——经管文史专场","https://mp.weixin.qq.com/s/jPYi5oAXxYV88FNUIdiJkw","微信读书"
"川大就业","2026-04-23","4月24日 | 双选会&宣讲会&招聘信息一览","https://mp.weixin.qq.com/s/LP2lxoIhlubqLw97czzqGw","微信读书"
"川大就业","2026-04-22","学生邀请函｜4月23日 | 四川大学法学院2026年春季专场招聘会","https://mp.weixin.qq.com/s/QRCK0GaeFTCoSc9Oy0cG_w","微信读书"
"川大就业","2026-04-22","校园招聘 | 中国海油2026届春季校园招聘启动","https://mp.weixin.qq.com/s/bR_lQgx0cOIl6ClsKgsMEw","微信读书"
"川大就业","2026-04-22","校园招聘 | 中国电子科技集团公司第四十、四十一研究所2026届校园招聘","https://mp.weixin.qq.com/s/SY4MABKmz-DQdM-N9DrJ_Q","微信读书"
"川大就业","2026-04-22","线下宣讲 | 4月23日 | 中建八局第一建设有限公司2026届校园招聘","https://mp.weixin.qq.com/s/PZrKupgB4yHzNC5EIwlFHw","微信读书"
"川大就业","2026-04-22","线下宣讲 | 4月23日 | 益丰大药房连锁股份有限公司","https://mp.weixin.qq.com/s/TQ7vCs4K3bbKe9LasibmtA","微信读书"
"川大就业","2026-04-22","线下双选&宣讲 | 4月23日 | 深圳市人社局组织重点企事业单位走进成渝高校——深化博士后合作对接，共建高水平人才发展","https://mp.weixin.qq.com/s/NcOLIsAX0Z0InvuDT3wpLg","微信读书"
"川大就业","2026-04-22","活动预告 | 4月23日 | 行业大讲堂之美丽生活“核”你同行","https://mp.weixin.qq.com/s/MwM_kDn5ZA-B-Yn87JgImg","微信读书"
"川大就业","2026-04-22","4月23日 | 双选会&宣讲会&招聘信息一览","https://mp.weixin.qq.com/s/6huNYD5kEmmD2DCkDFrqPw","微信读书"
"川大就业","2026-04-21","用人单位邀请函 | 4月24日 | “周五职通车”——经管文史专场","https://mp.weixin.qq.com/s/ljgsxNMGyXbXCJj7IjsKqg","微信读书"
"川大就业","2026-04-21","校园招聘 | 中国民生银行成都分行2026届校园招聘","https://mp.weixin.qq.com/s/IO5Byk6xxW9Zd10h_I4NRg","微信读书"
"川大就业","2026-04-21","校园招聘 | 中国电子科技集团公司第十二研究所2026年校园招聘","https://mp.weixin.qq.com/s/xeLPM12bMbvDPZ5Y0vKJiw","微信读书"
"川大就业","2026-04-21","校园招聘 | 小天才2026届春季校园招聘","https://mp.weixin.qq.com/s/-DE--Rclgp1j_ZUoG4N-DQ","微信读书"
"川大就业","2026-04-21","线下宣讲 | 4月22日 | 招商局新疆检测技术研究院有限公司","https://mp.weixin.qq.com/s/VXgMGxfeIj6fpaKzncmnxQ","微信读书"
"川大就业","2026-04-21","线下宣讲 | 4月22日 | 苏州东山精密制造股份有限公司","https://mp.weixin.qq.com/s/v-OF5223t1JSylD3YThibg","微信读书"
"川大就业","2026-04-21","赛事首发 | 嘉士伯中国高校商业挑战赛重磅启动！","https://mp.weixin.qq.com/s/IZUDvamDCPUz5A9XrmMKtA","微信读书"
"川大就业","2026-04-21","活动预告｜2027届国考部委&各省选调生全面解读系列讲座开讲啦！（含望江、江安、华西三校区）","https://mp.weixin.qq.com/s/xbviK7192lRFZurq7GFWMA","微信读书"
"川大就业","2026-04-20","校园招聘 | 中国计量大学现代科技学院招聘计划","https://mp.weixin.qq.com/s/KfG-jYxmuLEO8LKEywaCyA","微信读书"
"川大就业","2026-04-20","校园招聘 | 北京海开控股（集团）股份有限公司2026年校园招聘","https://mp.weixin.qq.com/s/og-STth_q9VAULxiFLkvpw","微信读书"
"川大就业","2026-04-20","线下宣讲 | 4月21日 | 军事科学院研究生招生宣讲会","https://mp.weixin.qq.com/s/ZGJkh-phjmNiOWUlHfvIKA","微信读书"
"川大就业","2026-04-20","线下宣讲 | 4月21日 | 国药集团西南医药有限公司专场校园招聘宣讲会","https://mp.weixin.qq.com/s/Tm8JZ7nQU5IkYi4Y7DbBkg","微信读书"
"川大就业","2026-04-20","线下双选｜4月21日｜在湖州看见美丽中国｜青创直通车即将驶抵巴蜀大地","https://mp.weixin.qq.com/s/ClRj08jfKe7nCOpSEMkBog","微信读书"
"川大就业","2026-04-20","活动预告|教师资格证面试培训","https://mp.weixin.qq.com/s/fISSiLTeIaSIygbD_ublHQ","微信读书"
"川大就业","2026-04-20","活动预告|4月23日|行业大讲堂之美丽生活“核”你同行","https://mp.weixin.qq.com/s/-wlPlcZnQ4TI_5POuaXLjw","微信读书"
"川大就业","2026-04-20","4月21日 | 双选会&宣讲会&招聘信息一览","https://mp.weixin.qq.com/s/rS3HuW7W7VXY0Mzcky0t_Q","微信读书"
"川大就业","2026-04-19","校园招聘 | 4月20日 | 中国三峡集团2026年春季校园招聘","https://mp.weixin.qq.com/s/H0LD_wqXQfmwOTiQ2ykn8w","微信读书"
"川大就业","2026-04-19","校园招聘 | 4月20日 |  深圳市知源高级中学","https://mp.weixin.qq.com/s/lIJ5RkNxTgTkEgxafqaU_A","微信读书"
"川大就业","2026-04-19","线下宣讲 | 4月20日 | 中车株洲电力机车研究所有限公司  2026届春季校园招聘公告","https://mp.weixin.qq.com/s/jlcnHlV2lpk5fnaol43K7A","微信读书"
"川大就业","2026-04-19","线下宣讲 | 4月20日 | 贵州省黔东南苗族侗族自治州人民医院2026年人才引进","https://mp.weixin.qq.com/s/VlG3gnyC4LrMRO21wORFkg","微信读书"
"川大就业","2026-04-19","线下宣讲 | 4月20日 | 成都泰美克晶体技术有限公司","https://mp.weixin.qq.com/s/g6mmDymtY-DiQ6iYITRdYw","微信读书"
"川大就业","2026-04-19","线下宣讲 | 4月20日 |  伊宁县2026年招引高层次紧缺专业人才","https://mp.weixin.qq.com/s/67V1d8J23_ALxTLdFX7_iA","微信读书"
"川大就业","2026-04-19","线下双选&宣讲 | 4月20日 | 广州花都赴川引才，名企好岗“薪”动来袭！","https://mp.weixin.qq.com/s/5ZQ_1Sc__YYSCUdAkLAlGg","微信读书"
"川大就业","2026-04-19","4月20日 | 双选会&宣讲会&招聘信息一览","https://mp.weixin.qq.com/s/K6JMNTNVzaKPzWtiAk8P7A","微信读书"
"川大就业","2026-04-18","用人单位邀请函 | 4月29日 | “就在四川·职向未来”四川省2026届高校毕业生硕博人才留川专场招聘会","https://mp.weixin.qq.com/s/JRWrXfW65YIUDBKzo22nYg","微信读书"
"川大就业","2026-04-18","校园招聘 | 天津天狮学院博士及高层次人才引进","https://mp.weixin.qq.com/s/xQkEH10cqSh4PjI8RW8JXQ","微信读书"
"川大就业","2026-04-18","校园招聘 | 国药集团2026届春季校园招聘火热进行中","https://mp.weixin.qq.com/s/0VTR5keiN68mW3BmOzpX9A","微信读书"
"川大就业","2026-04-18","校园招聘 | “职”等您来，“通”赢未来 | 宁波通商控股集团有限公司所属企业招聘公告","https://mp.weixin.qq.com/s/XP0yfkybtx7_DLIfo37ZZg","微信读书"
"川大就业","2026-04-18","校园&实习招聘 | 行云集成电路实习生&校园招聘启动！","https://mp.weixin.qq.com/s/9BJn4iAXyT5klXv5eKN0Qg","微信读书"
"川大就业","2026-04-18","校园&实习招聘 | 联想2026春季招聘","https://mp.weixin.qq.com/s/zCJjie3ewAHuhqyC39ZsEw","微信读书"
"川大就业","2026-04-18","地方引才 | 呼和浩特市直部门及旗县区所属事业单位2026年第二批人才引进公告","https://mp.weixin.qq.com/s/p1H9t24EZPrfgK4mYKd8uA","微信读书"
"川大就业","2026-04-17","用人单位邀请函 | 4月29日 | “就在四川·职向未来”四川省2026届高校毕业生硕博人才留川专场招聘会","https://mp.weixin.qq.com/s/3EYTWsNE6RgNIdIIYcsTQg","微信读书"
"川大就业","2026-04-17","用人单位邀请函 | 4月24日 | “周五职通车”——经管文史专场","https://mp.weixin.qq.com/s/IX1VKbzQt28yELkQFJ--Aw","微信读书"
"川大就业","2026-04-17","校园招聘 | FunPlus2026届春招补录&转正实习招聘启动！","https://mp.weixin.qq.com/s/MaIEHv6iRWr-2W5gUPUjCA","微信读书"
"川大就业","2026-04-17","校园招聘 | 邮你炫 耀出彩 中邮消费金融2026春季校园招聘正式启动！","https://mp.weixin.qq.com/s/ijZ3JLQHMwaYWjjM1mwBeA","微信读书"
"川大就业","2026-04-17","校园招聘 | 宝丰集团2026年春季校园招聘","https://mp.weixin.qq.com/s/FFo74Q28YZ6XKdqHTcH25w","微信读书"
"川大就业","2026-04-17","课程预告 | 教育部“互联网+就业指导”公益直播课：主动求变，掌握职业发展主动权","https://mp.weixin.qq.com/s/0OqFPOzggHmx1R49Bn1pBA","微信读书"
"川大就业","2026-04-17","活动预告 | 4月23日 | 行业大讲堂之美丽生活“核”你同行","https://mp.weixin.qq.com/s/ZK8i1EcpXnm3GCSmCbBgew","微信读书"
"川大就业","2026-04-17","活动回顾 | 行业大讲堂之低空飞行讲座成功举办","https://mp.weixin.qq.com/s/2X92xC76cORiKspAeb5AiQ","微信读书"
"川大就业","2026-04-16","校园招聘 | 非凡万象 共启未来  华润万象生活商业航道2026届春季校园招聘","https://mp.weixin.qq.com/s/XmhSgMOagYMbdkEQxi4Mbw","微信读书"
"川大就业","2026-04-16","校园招聘 | 东航2026年度远航飞行人才招聘","https://mp.weixin.qq.com/s/6xYlRg13IZhr5oflupTFng","微信读书"
"川大就业","2026-04-16","校园招聘 | 重庆三峡银行2026年春季校园招聘","https://mp.weixin.qq.com/s/FfGVrcJVLGtHQ6OYeXVxSA","微信读书"
"川大就业","2026-04-16","校园招聘 | 保利和润2026春季校园招聘全面启动！","https://mp.weixin.qq.com/s/Y9f5eu1gpAv8fA0LgPYWgg","微信读书"
"川大就业","2026-04-16","线下宣讲 | 4月17日 | 佛山市博维环保材料有限公司","https://mp.weixin.qq.com/s/FT8NfRsKltg2HZnFnfQMKg","微信读书"
"川大就业","2026-04-16","线下双选 | 4月17日 | “周五职通车”——江安校区综合场（二）","https://mp.weixin.qq.com/s/dJL-TjVppgGDSV9OJE17Jw","微信读书"
"川大就业","2026-04-16","实习招聘 | 特斯拉2027届T-STAR实习生项目","https://mp.weixin.qq.com/s/qb9Om2xOPak0IwgfSWW8gw","微信读书"
"川大就业","2026-04-16","4月17日 | 双选会&宣讲会&招聘信息一览","https://mp.weixin.qq.com/s/4GJA5f6CJcT-kHk2N_RKYg","微信读书"
"川大就业","2026-04-15","校园招聘 | 养生堂·农夫山泉2026 春季校园招聘正式启动！","https://mp.weixin.qq.com/s/SRZ_83dfiSZxHoNjRb8Xmw","微信读书"
"川大就业","2026-04-15","线下宣讲 | 4月16日 | 中国三峡建工（集团）有限公司","https://mp.weixin.qq.com/s/M4CVizkzBPXPUHw5a0iZ9Q","微信读书"
"川大就业","2026-04-15","线下宣讲 | 4月16日 | “智汇贵人·才聚贵师”-贵州师范大学2026年书记校长赴知名高校宣介人才需求活动——四川大","https://mp.weixin.qq.com/s/mWlsCstmDZLSy0lTXZK1vQ","微信读书"
"川大就业","2026-04-15","线下双选 | 4月16日 | 2026年“百万人才兴重庆”全国重点高校（春季）巡回引才活动（四川行）--四川大学专场","https://mp.weixin.qq.com/s/-WZ7gLrZKcb0n9_ATVK-yw","微信读书"
"川大就业","2026-04-15","实习招募 | 中国民生银行成都分行2026实习生招募火热开启","https://mp.weixin.qq.com/s/xgLZ6TpQBuCWB5Ig8Gijmw","微信读书"
"川大就业","2026-04-15","开放日邀请函 | “博天揽地 致大尽微”走进电科博微/中国电科38所2026年博士专场开放日邀请函","https://mp.weixin.qq.com/s/a7M2jvqwmb4idxj7cT7n5g","微信读书"
"川大就业","2026-04-15","地方引才 | 云端赴厦约！2026春季厦门引才通道开启，留厦躺赢攻略速码","https://mp.weixin.qq.com/s/4Xi3iNcxvKMWnOYU1QykdA","微信读书"
"川大就业","2026-04-15","4月16日 | 双选会&宣讲会&招聘信息一览","https://mp.weixin.qq.com/s/xjCnaJRAFV4I-ujSOslvPg","微信读书"
"川大就业","2026-04-14","线下宣讲 | 4月15日 | A股上市公司-深圳市景旺电子股份有限公司-校招宣讲会","https://mp.weixin.qq.com/s/TV_cdrDuZsE_VQZFvu_3KQ","微信读书"
"川大就业","2026-04-14","线下宣讲 | 4月15日 | 中国石油化工股份有限公司中原油田分公司","https://mp.weixin.qq.com/s/pI1NOS8pRbApSMlo3EwGyQ","微信读书"
"川大就业","2026-04-14","线下宣讲 | 4月15日 | 中国人民解放军国防科技大学专场宣讲会","https://mp.weixin.qq.com/s/29xkzpRrefwmjKXEcqAX2w","微信读书"
"川大就业","2026-04-14","线下宣讲 | 4月15日 | 美的集团股份有限公司-美少年暑期实习生计划宣讲会","https://mp.weixin.qq.com/s/vVm-0GRn9Vl8D67vRiIojQ","微信读书"
"川大就业","2026-04-14","线下宣讲 | 4月15日 | 重庆市第八中学校招聘2026、2027应届毕业生（9：00开始）","https://mp.weixin.qq.com/s/A3puGb9eHi7Bur4R4j1gMw","微信读书"
"川大就业","2026-04-14","活动预告 | 4月15日 | 行业大讲堂之低空飞行","https://mp.weixin.qq.com/s/I5celw849zTXsXsktoQ9Gg","微信读书"
"川大就业","2026-04-14","活动预告 | “朋辈领航筑梦 选调奋进成才”——四川大学2026年选调生经验分享会","https://mp.weixin.qq.com/s/zVtY0EFZoUZYx2juVkw96w","微信读书"
"川大就业","2026-04-14","4月15日 | 双选会&宣讲会&招聘信息一览","https://mp.weixin.qq.com/s/xOrI5oH57jxYUeLSf0n14g","微信读书"
"川大就业","2026-04-13","线下宣讲 | 4月13日 | 上海叠纸科技有限公司校园招聘","https://mp.weixin.qq.com/s/BddiZNu_XzH47zFTB2aqmA","微信读书"
"川大就业","2026-04-12","校园招聘 | 科华集团2026届春季校园招聘","https://mp.weixin.qq.com/s/SPW_R-tyzlYs9hsrmO6m3Q","微信读书"
"川大就业","2026-04-12","线下宣讲&双选 | 4月13日| 2026年春季“合肥千企万岗请您来”——四川大学专场","https://mp.weixin.qq.com/s/NM-torZp57Q17bMW9YfPHg","微信读书"
"川大就业","2026-04-12","线下宣讲 | 4月13日 | 中电科芯片技术股份有限公司2026届春季校招","https://mp.weixin.qq.com/s/2qDSh5E0o6naNxir1dHPwg","微信读书"
"川大就业","2026-04-12","线下宣讲 | 4月13日 | 浙江荣盛控股集团有限公司","https://mp.weixin.qq.com/s/Fz2P8fzRHo5tt1TLz8Q_wg","微信读书"
"川大就业","2026-04-12","线下宣讲 | 4月13日 | 西藏日喀则市2026年党政机关及事业单位招录急需紧缺人才宣讲会","https://mp.weixin.qq.com/s/Zq1_f6gePRFpos4Q4QHWGw","微信读书"
"川大就业","2026-04-12","线下双选 | 4月13日 | 四川省泸州市2026年春季赴高校招聘活动——四川大学专场","https://mp.weixin.qq.com/s/SpqQTyS-oMyyekvLuJHCYw","微信读书"
"川大就业","2026-04-12","线下双选 | 4月13日 | 2026年春季全国重点高校毕业生巡回招聘面试会——四川大学专场（第二场）","https://mp.weixin.qq.com/s/U4KhCoGcXn_Ot6eXiJ0yxg","微信读书"
"川大就业","2026-04-12","4月13日 | 双选会&宣讲会&招聘信息一览","https://mp.weixin.qq.com/s/GGsT8p27-_msrbtwpgOkaw","微信读书"
"川大就业","2026-04-11","用人单位邀请函 | “周五职通车”——江安校区综合场（二）","https://mp.weixin.qq.com/s/PaCCZRJww4SbjJhEFqbyzQ","微信读书"
"川大就业","2026-04-11","校园招聘丨财信金控2026“晨星计划”春季全球校招","https://mp.weixin.qq.com/s/acR_KP4Ff3lIwcwDyzkkjQ","微信读书"
"川大就业","2026-04-11","校园招聘 | 中国光大银行北京分行2026年春季校园招聘","https://mp.weixin.qq.com/s/4RNtqdSdcFr721kGG7ja5A","微信读书"
"川大就业","2026-04-11","校园招聘 | 中国电子科技集团公司第十一研究所","https://mp.weixin.qq.com/s/D2KvzN2rA1BFfDfQT1idRg","微信读书"
"川大就业","2026-04-11","校园招聘 | 长江产业集团2026届春季校园招聘开启","https://mp.weixin.qq.com/s/IWm_1aw8Fe6-ZIYklOXURQ","微信读书"
"川大就业","2026-04-11","校园招聘 | 腾讯2026校招补录","https://mp.weixin.qq.com/s/KL1TZQG0LYBdbB8b06w6_g","微信读书"
"川大就业","2026-04-11","校园招聘 | 四川九洲空管科技有限责任公司2026届校园招聘","https://mp.weixin.qq.com/s/T1QyrXkbY_Np6IQQSUXHgA","微信读书"
"川大就业","2026-04-11","校园招聘 | 快乐学习教育2026届校园招聘","https://mp.weixin.qq.com/s/tRqYxuIt-YYPZjKmVaPLbA","微信读书"
"川大就业","2026-04-10","用人单位邀请函 | “周五职通车”——江安校区综合场（二）","https://mp.weixin.qq.com/s/GKOJtDD0XB7CzNfnBtOrcQ","微信读书"
"川大就业","2026-04-10","校园招聘 | 中国邮政储蓄银行重庆分行2026春季校园招聘","https://mp.weixin.qq.com/s/TapjBDK8meBQKVNTs6zS0Q","微信读书"
"川大就业","2026-04-10","校园招聘 | 浙商银行成都分行2026春季校园招聘全面启动！","https://mp.weixin.qq.com/s/4BjLYoiAa6p5TAYVFv2a9A","微信读书"
"川大就业","2026-04-10","线下宣讲&双选 | 4月13日 | 2026年春季“合肥千企万岗请您来”——四川大学专场","https://mp.weixin.qq.com/s/ktGvXdQ3qrGrx-DCRHYC6Q","微信读书"
"川大就业","2026-04-10","线下双选 | 4月13日 | 2026年春季全国重点高校毕业生巡回招聘面试会——四川大学专场（第二场）","https://mp.weixin.qq.com/s/vy5b2ZGVTiOq43b8HFQXmg","微信读书"
"川大就业","2026-04-10","实习招聘 | 得物27届暑期实习生招聘正式启动","https://mp.weixin.qq.com/s/gEA0saayfDmUYCO8hGOeIw","微信读书"
"川大就业","2026-04-10","人才引进 | 2026年克拉玛依市企事业单位高层次、急需紧缺人才引进公告","https://mp.weixin.qq.com/s/0OH_7Kq79Mu18kloIqtPOQ","微信读书"
"川大就业","2026-04-10","活动预告 | 4月15日 | 行业大讲堂之低空飞行","https://mp.weixin.qq.com/s/U2I3wMwdYAxuvgEzPFgW7w","微信读书"
"川大就业","2026-04-09","线下宣讲 | 4月10日 | 中信银行信用卡中心2026年春季校园招聘-四川大学站","https://mp.weixin.qq.com/s/xfk6PchjyLYgwqt3TNIgIQ","微信读书"
"川大就业","2026-04-09","线下宣讲 | 4月10日 | 三峡集团27届三峡班选录宣讲","https://mp.weixin.qq.com/s/-XrhF9CBic8I93WwoUVfKw","微信读书"
"川大就业","2026-04-09","线下宣讲 | 4月10日 | 南通市海门区区属国有企业2026年度春季校园招聘公告","https://mp.weixin.qq.com/s/Wb_2tGPxnBvWssbKStE4hw","微信读书"
"川大就业","2026-04-09","线下宣讲 | 4月10日 | 合肥他们方田教育科技有限公司","https://mp.weixin.qq.com/s/cvaRahMi512Pfnm9j4O0Jg","微信读书"
"川大就业","2026-04-09","线下宣讲 | 4月10日 | 成都四威科技股份有限公司","https://mp.weixin.qq.com/s/ZTy3jjjWwG6BO3g6f-qcdw","微信读书"
"川大就业","2026-04-09","线下双选 | 4月10日 | 2026浙里更闪耀—四川硕博人才专场招聘会预告","https://mp.weixin.qq.com/s/Jw46dEVYWQPCCcOEzwyaog","微信读书"
"川大就业","2026-04-09","线下双选 | 4月10日 | “周五职通车”——行业骨干专场双选会","https://mp.weixin.qq.com/s/80L4Qrs2GOdZNeOGjfELkA","微信读书"
"川大就业","2026-04-09","4月10日 | 双选会&宣讲会&招聘信息一览","https://mp.weixin.qq.com/s/D70nj4qUjU_TRPweQ3DOtw","微信读书"
"川大就业","2026-04-08","校园招聘 | 龙湖集团2026春季校园招聘正式开启！","https://mp.weixin.qq.com/s/65f1ngG_8MK0V-tMNSDN5g","微信读书"
"川大就业","2026-04-08","校园招聘 | 华润电力2026届春季校园招聘全球启动，诚邀共植未来能源之花！","https://mp.weixin.qq.com/s/kFxt-dtHIUhHG4gOaZnFxA","微信读书"
"川大就业","2026-04-08","线下宣讲 | 4月9日 | 招商银行第10季数字金融训练营（2027校招提前批）宣讲会","https://mp.weixin.qq.com/s/_WCT61KziW_yo0DHE6UmzA","微信读书"
"川大就业","2026-04-08","线下宣讲 | 4月9日 | 四川川恒控股集团股份有限公司","https://mp.weixin.qq.com/s/M1C6dXRYnDo0sWdleRJltA","微信读书"
"川大就业","2026-04-08","线下宣讲 | 4月9日 | 深圳燃气2026届春季校园招聘","https://mp.weixin.qq.com/s/_hTM0s_M8SkMgpXxPnR0WA","微信读书"
"川大就业","2026-04-08","线下宣讲 | 4月9日 | 深圳联通2026届春季校园招聘","https://mp.weixin.qq.com/s/EJuyVsnZ6GLWIbjxTSqK7w","微信读书"
"川大就业","2026-04-08","人才引进 | 2026年青岛市即墨区“优秀青年人才选育计划（事业单位工作人员）”公告","https://mp.weixin.qq.com/s/ItPLsOaSWBuvQTaMcPPdaQ","微信读书"
"川大就业","2026-04-08","4月9日 | 宣讲会&招聘信息一览","https://mp.weixin.qq.com/s/YbrKbfrN9avsmFu2U12ewQ","微信读书"
"川大就业","2026-04-07","线下宣讲 | 4月8日 | 中国科学院空间应用工程与技术中心“星际航行·银河战队”夏令营招募","https://mp.weixin.qq.com/s/lVJIEFs4ax6qqjAL3dfY7g","微信读书"
"川大就业","2026-04-07","线下宣讲 | 4月8日 | 中国航天科工集团第十研究院 2026届春季招聘公告","https://mp.weixin.qq.com/s/YZ0SYjP12OB-bjUyp5GCdQ","微信读书"
"川大就业","2026-04-07","线下宣讲 | 4月8日 | 新特能源股份有限公司","https://mp.weixin.qq.com/s/yKA7NEknzgRad6OVfZ5hug","微信读书"
"川大就业","2026-04-07","线下宣讲 | 4月8日 | 上汽红岩汽车有限公司","https://mp.weixin.qq.com/s/5X029njfXDcmcwTmACwydA","微信读书"
"川大就业","2026-04-07","线下宣讲 | 4月8日 | 江西省交通投资集团有限责任公司2026年春季招聘","https://mp.weixin.qq.com/s/dp-VlErsN6gA6dXyFS37ww","微信读书"
"川大就业","2026-04-07","线下双选 | 4月8日 | 高校人才网2026年春季博士人才全国巡回招聘会暨博士后招收对接会——四川大学专场","https://mp.weixin.qq.com/s/cGbFCS5nzk7HkaMfMcfsnw","微信读书"
"川大就业","2026-04-07","讲座预告 | 2027届四川紧缺选调备考深度解读","https://mp.weixin.qq.com/s/AR8E0iqXf0UrEQcOfMa66g","微信读书"
"川大就业","2026-04-07","4月8日 | 双选会&宣讲会&招聘信息一览","https://mp.weixin.qq.com/s/nzlJxJIfBMQ-S7hpMY6mbg","微信读书"
"川大就业","2026-04-06","校园招聘 | 中国航天科工集团第六研究院41所","https://mp.weixin.qq.com/s/Ud6tcoV7oNA5SF_TdqGhJQ","微信读书"
"川大就业","2026-04-06","校园招聘 | 湛江科技学院2026年优秀人才招聘公告","https://mp.weixin.qq.com/s/rvsj3nJw2a0l9FA0xGBcKw","微信读书"
"川大就业","2026-04-06","校园招聘 | 得物2026届校园招聘","https://mp.weixin.qq.com/s/XzhZzpSrJe0oOil8YOKN6Q","微信读书"
"川大就业","2026-04-06","校园招聘 | 达能2026销售管培生春招启动","https://mp.weixin.qq.com/s/7z-SxRYj3NUz7mjFGUnY7A","微信读书"
"川大就业","2026-04-06","线下宣讲 | 4月7日 | 河南心连心化学工业集团股份有限公司","https://mp.weixin.qq.com/s/5_fQ6umVF7EvMv3RMGA7oQ","微信读书"
"川大就业","2026-04-06","线下宣讲 | 4月7日 | 甘肃有色冶金职业技术学院","https://mp.weixin.qq.com/s/2usLVQdTk0lypBasC9ahSg","微信读书"
"川大就业","2026-04-06","人才引进 | 深圳南山公开招聘高层次紧缺专业人才！","https://mp.weixin.qq.com/s/_BHdtZ-2r3uS-DZOxJ4Z7g","微信读书"
"川大就业","2026-04-06","4月7日 | 宣讲会&招聘信息一览","https://mp.weixin.qq.com/s/luysDinBqPUh6dgo6KTwJA","微信读书"
"川大就业","2026-04-04","用人单位邀请函 | 4月23日 | 四川大学法学院2026年春季专场招聘会用人单位邀请函","https://mp.weixin.qq.com/s/S4RzAHGHf4gR3YKxzLCN3w","微信读书"
"川大就业","2026-04-04","校园招聘 | 优衣库2026校园招聘开启","https://mp.weixin.qq.com/s/taiFKne9Ki1zSuDw2yL7sQ","微信读书"
"川大就业","2026-04-04","校园招聘 | 四川铁塔2026年春季春季校园招聘高科技专场","https://mp.weixin.qq.com/s/9U78pIAxbj6mRcTEb-xpQg","微信读书"
"川大就业","2026-04-04","校园招聘 | 平安科技2026届春季校园招聘正式启动","https://mp.weixin.qq.com/s/T1L1aGpCmGwuqECLBDrH3w","微信读书"
"川大就业","2026-04-04","校园招聘 | 海南核电2026年校园招聘正式启动","https://mp.weixin.qq.com/s/5hJL9DP4ZSlzkCJmQGuuwA","微信读书"
"川大就业","2026-04-04","校园招聘 | 广州发展新能源集团股份有限公司2026校园招聘","https://mp.weixin.qq.com/s/Ix3PTjk8T60tACGu1xcY8g","微信读书"
"川大就业","2026-04-04","人才引进 | 大理州2026年高层次专业化“霞光人才”引进公告","https://mp.weixin.qq.com/s/tFgJjCB9RLVyyqaBscP2JQ","微信读书"
"川大就业","2026-04-04","高校招聘 | 中国石油大学（华东）招聘辅导员！","https://mp.weixin.qq.com/s/kag0_khSMbPbOjk3nVO3eA","微信读书"
"川大就业","2026-04-03","训练营活动 | 美力加速中！欧莱雅2026有意思青年OOTD请查收","https://mp.weixin.qq.com/s/pdWmts1nBgOpXKQINS7UTw","微信读书"
"川大就业","2026-04-03","校园招聘 | ASML 2026春招启动 相约春日，向“芯”出发！","https://mp.weixin.qq.com/s/G7xVNVuTer1_zwiTBMdBeA","微信读书"
"川大就业","2026-04-03","校园招聘 | 中粮集团2026届春季校园招聘正式启动！","https://mp.weixin.qq.com/s/-jXZU8V7MkODWZaFXhJvwg","微信读书"
"川大就业","2026-04-03","校园招聘 | 广西移动2026春季校园招聘","https://mp.weixin.qq.com/s/AUYsSS3MvAVR7EE3oq6ivA","微信读书"
"川大就业","2026-04-03","实习招聘 | GE医疗2027届暑期实习生项目（EID）正式启动！","https://mp.weixin.qq.com/s/x7ZeXWYOI56GVhiu6M03aw","微信读书"
"川大就业","2026-04-03","实习招聘 | 平安银行实习生招聘 @2027届毕业生：定义你的橙色夏天","https://mp.weixin.qq.com/s/84W0AzhQgykdj-5LxtQl9Q","微信读书"
"川大就业","2026-04-03","开放日活动 | 2026中航科创 “百名博士进科创” 人才专项活动火热报名中","https://mp.weixin.qq.com/s/ueGj6N8PGuIBphXinJYF2Q","微信读书"
"川大就业","2026-04-03","“用人单位邀请函 | 周五职通车”——行业骨干专场双选会","https://mp.weixin.qq.com/s/uJ6jPS09nEXODyaPgUdTag","微信读书"
"川大就业","2026-04-02","校园招聘 | 越秀地产2026春季校园招聘正式启动","https://mp.weixin.qq.com/s/1yTTM-kuUqpIpqbzT03T9g","微信读书"
"川大就业","2026-04-02","校园招聘 | 平安产险2026春招正式启动","https://mp.weixin.qq.com/s/dvVfn-l2dlGa5lqaNJCqTw","微信读书"
"川大就业","2026-04-02","校园招聘 | 海信集团2026年实习生招聘正式启动！","https://mp.weixin.qq.com/s/crsGyAqSKkP73FWhruc55w","微信读书"
"川大就业","2026-04-02","线下宣讲 | 4月3日 | 职启耀华，筑梦未来 耀华集团2026校园招聘","https://mp.weixin.qq.com/s/BYK5r-4yGCXRBDxBmYFrfg","微信读书"
"川大就业","2026-04-02","线下双选｜4月3日｜ “周五职通车” ——国央企专场","https://mp.weixin.qq.com/s/iuhq9l7jOsauWJTQtGRZ3w","微信读书"
"川大就业","2026-04-02","线下双选 | 4月3日 | 成渝站组团揽才！2026年福田区“优才中国行”校园招聘活动“职”等你来","https://mp.weixin.qq.com/s/6UbR1KymHIaoR41BJzLuuw","微信读书"
"川大就业","2026-04-02","企业开放日 | 安永开放日活动邀请函","https://mp.weixin.qq.com/s/NubcFZQuMSNWI6Wt5HK5yA","微信读书"
"川大就业","2026-04-02","4月3日 | 双选会&宣讲会&招聘信息一览","https://mp.weixin.qq.com/s/Ke2SnTyQNRb4iMHkeuIanA","微信读书"
"川大就业","2026-04-01","校园招聘 | 中信证券华南2026校园招聘火热进行中！","https://mp.weixin.qq.com/s/AJVWgOvOzNoSF3-dOM-8jg","微信读书"
"川大就业","2026-04-01","校园招聘 | 江苏省南通市海门区区属国有企业2026年度春季校园招聘公告","https://mp.weixin.qq.com/s/Xf3KsMTRYbf3f_-uZtpKVw","微信读书"
"川大就业","2026-04-01","线下宣讲 | 4月2日 | 哈尔滨电机厂有限责任公司","https://mp.weixin.qq.com/s/CxozecZv3H-IXGvSkf2UFw","微信读书"
"川大就业","2026-04-01","4月2日 | 宣讲会&招聘信息一览","https://mp.weixin.qq.com/s/IgchAQzL6HeGFQePPdl7yw","微信读书"
"川大就业","2026-04-01","2026届毕业生档案寄送信息填写指南 | 必看！避免档案退寄","https://mp.weixin.qq.com/s/JBt6MUCScMOnaXYx0gI2-A","微信读书"
"川大就业","2026-03-31","线下宣讲&双选 | 04月01日 | 华为2027届实习生招聘岗位推介会——四川大学站","https://mp.weixin.qq.com/s/nD6l_OKYaV2rHSCOTeudtw","微信读书"
"川大就业","2026-03-31","线下宣讲 | 04月01日 | 中国空气动力研究与发展中心高速空气动力研究所","https://mp.weixin.qq.com/s/W0owtcRE-Joi0CbOZu_Xpw","微信读书"
"川大就业","2026-03-31","线下宣讲 | 04月01日 | 新东方x四川大学江安校区26届春招专场宣讲会-年保薪18W起，教师岗等你来投！","https://mp.weixin.qq.com/s/7SVhGY0FtoLcMJQkmJXbFQ","微信读书"
"川大就业","2026-03-31","线下宣讲 | 04月01日 | 科大讯飞股份有限公司&中国化学华陆工程科技有限责任公司","https://mp.weixin.qq.com/s/KzVhJNr_uau20lntmWX9ug","微信读书"
"川大就业","2026-03-31","线下宣讲 | 04月01日 | 2026年苏州高新区管委会人才引进","https://mp.weixin.qq.com/s/FftH7Ef1Rhh-CiuTHTalGQ","微信读书"
"川大就业","2026-03-31","线下双选 | 04月01日 | 贵阳贵安2026年高校毕业生引筑系列活动4月1日将走进四川！1228个岗位需求2982人！","https://mp.weixin.qq.com/s/Rs8aNvKVlTh6HYqXqB2SPA","微信读书"
"川大就业","2026-03-31","讲座预告 | 2027届四川紧缺选调备考深度解读","https://mp.weixin.qq.com/s/TIyPeF9Y8O6XmO1QXTjc-w","微信读书"
"川大就业","2026-03-31","04月01日 | 双选会&宣讲会&招聘信息一览","https://mp.weixin.qq.com/s/qb512_OX_rM0qMnXk-xSfg","微信读书"
"川大就业","2026-03-30","校园招聘 | 中国移动数智事业部2026春季校园招聘正式启动！","https://mp.weixin.qq.com/s/EpTw1-UfhNmWH1dSESos3Q","微信读书"
"川大就业","2026-03-30","校园招聘 | 医路有为 耀启新程——国药集团2026届春季校园招聘全面启动","https://mp.weixin.qq.com/s/IS5vjObAwhZiVJiIabg2NA","微信读书"
"川大就业","2026-03-30","校园招聘 | 蜀道集团下属企业招聘公告","https://mp.weixin.qq.com/s/DAvlsHxzzGjrA45PzAHBMA","微信读书"
"川大就业","2026-03-30","校园招聘 | 起航湾区 遇建未来—中建三局华南公司2026届春季校园招聘正式启动","https://mp.weixin.qq.com/s/oiV00gZRzmcwNF-bc_AN0Q","微信读书"
"川大就业","2026-03-30","线下宣讲&双选 | 03月31日 | “北京欢迎你”——北京市2026年高校毕业生专场招聘活动","https://mp.weixin.qq.com/s/qQvvJNOvul7D59y3Dd2zaQ","微信读书"
"川大就业","2026-03-30","线下宣讲 | 03月31日 | 中建西部建设建材科学研究院有限公司","https://mp.weixin.qq.com/s/WhJFgLH-V93V41tQkoPhnw","微信读书"
"川大就业","2026-03-30","线下宣讲 | 03月31日 | 顺丰集团“一切由你创造” 2026届校园春季招聘","https://mp.weixin.qq.com/s/-nDNeEfiLs_0e0Adstp4mg","微信读书"
"川大就业","2026-03-30","03月31日 | 双选会&宣讲会&招聘信息一览","https://mp.weixin.qq.com/s/0IV8C2NZZW1vROV1qzbC5w","微信读书"
"川大就业","2026-03-29","校园招聘 | TP-LINK&作业帮&途游游戏","https://mp.weixin.qq.com/s/9HatmQevfa5JAJuLclDgfw","微信读书"
"川大就业","2026-03-29","校园招聘 | 怀柔实验室山西研究院&光资源与环境研究所&山西新华防化装备研究院","https://mp.weixin.qq.com/s/Df8Uz2By_PvWwdQCNXWGFA","微信读书"
"川大就业","2026-03-29","校园招聘 | 宝洁&ZURU&元气森林&SHEIN&曼伦","https://mp.weixin.qq.com/s/nMUa8u7tPgtc0616jkjjlA","微信读书"
"川大就业","2026-03-29","线下宣讲 | 03月30日 | 中国航发贵州黎阳航空动力有限公司2026届春季校招","https://mp.weixin.qq.com/s/2Dj2cgNzf7fWM_l5GEiRBg","微信读书"
"川大就业","2026-03-29","线下宣讲 | 03月30日 | 中国电器科学研究院股份有限公司","https://mp.weixin.qq.com/s/qMJd9781Jbo9lQPSG5lX-g","微信读书"
"川大就业","2026-03-29","线下宣讲 | 03月30日 | 四川邮政2026年春季校园招聘—四川大学专场宣讲会","https://mp.weixin.qq.com/s/sqfEHVn8a9-CmP96YIG6ig","微信读书"
"川大就业","2026-03-29","事业单位 | 成都事业单位公开招聘！","https://mp.weixin.qq.com/s/KURZm8nY0L1GWbxTK9-r6A","微信读书"
"川大就业","2026-03-29","03月30日 | 双选会&宣讲会&招聘信息一览","https://mp.weixin.qq.com/s/riYV9tysE2nvRHDmhRk8Ig","微信读书"
"川大就业","2026-03-28","用人单位邀请函 | 04月03日 | 周五职通车”——国央企专场双选会","https://mp.weixin.qq.com/s/0Fo2jCweZoX_C7AORB8p6w","微信读书"
"川大就业","2026-03-28","校园招聘 | 中国资源循环集团&广州发展新能源集团&华宝新能&中国烟草宁夏烟草专卖局","https://mp.weixin.qq.com/s/22ihBEo1qUCAt90K8mptJA","微信读书"
"川大就业","2026-03-28","校园招聘 | 中国铁塔&中国移动总部&中国铁塔重庆&数字广东&禾赛科技","https://mp.weixin.qq.com/s/D7mBJGqBowlc5MfkUe5UMw","微信读书"
"川大就业","2026-03-28","校园招聘 | 邮储四川分行&邮储深圳分行&建行广西分行&农行广西分行&农行甘肃分行","https://mp.weixin.qq.com/s/2EyfZbx2_-TLICsCdjXaGA","微信读书"
"川大就业","2026-03-28","校园招聘 | 奇瑞捷豹路虎&陕西同力重工&中建八局一公司&思特威","https://mp.weixin.qq.com/s/W3gkxn0vQR7FM4ym_NqD_Q","微信读书"
"川大就业","2026-03-28","校园招聘 | 合肥工业大学&中国劳动关系学院&康复大学&安徽信息工程学院&河北传媒学院等","https://mp.weixin.qq.com/s/QE-R8-OlRIP30LAUoTTw4w","微信读书"
"川大就业","2026-03-28","校园招聘 | 国机集团&航天科工十院&航空工业洪都&航空工业未来飞行&中科光电&中船七二六所","https://mp.weixin.qq.com/s/J8L6_zppSrLHEt1tvhBjfw","微信读书"
"川大就业","2026-03-28","事业单位 | 水利部所属单位2026年第二批公开招聘工作人员","https://mp.weixin.qq.com/s/IZc7fNxNq9wKUTlVGfSwHA","微信读书"
"川大就业","2026-03-27","用人单位邀请函 | 04月03日 | 周五职通车”——国央企专场双选会","https://mp.weixin.qq.com/s/CIzdxlRtlhzZBEImBDD4_Q","微信读书"
"川大就业","2026-03-27","校外双选 | 03月28日 | 2026春季BioTalent生物医药专场招聘会重磅开启倒计时...！","https://mp.weixin.qq.com/s/ElsWI9kTOZPQTO1-ltNLww","微信读书"
"川大就业","2026-03-27","线下宣讲 | 03月28日 | 苏州珂玛材料科技股份有限公司","https://mp.weixin.qq.com/s/rAxP1wcgqEkSD1rwaMFIsA","微信读书"
"川大就业","2026-03-27","事业单位招聘 | 四川成都市卫生健康委员会所属部分事业单位招聘166人公告","https://mp.weixin.qq.com/s/bk8xjOsbnsW4NYopVziyig","微信读书"
"川大就业","2026-03-27","人才引进 | 湖北省黄石市2026年专项引进急需紧缺人才公告","https://mp.weixin.qq.com/s/YqrKrQLkiKT4QEWWU6AbJw","微信读书"
"川大就业","2026-03-27","课程预告 | 教育部“互联网+就业指导”公益直播课：就业机会的识别与扩展","https://mp.weixin.qq.com/s/j874Pp4b30zixxpmxGvgBA","微信读书"
"川大就业","2026-03-27","活动邀请函 | 2026年福建晋江校企人才合作对接会","https://mp.weixin.qq.com/s/2u3yN-hsZoAbKiruM7ns6g","微信读书"
"川大就业","2026-03-27","春招&实习 | 华为&阿里巴巴&科大讯飞&美团&拼多多","https://mp.weixin.qq.com/s/tJeQaw7YnVQ5XdDCGcmJ3Q","微信读书"
"川大就业","2026-03-02","重点领域|唐鹏：算法可商讨，思路不盲从","https://mp.weixin.qq.com/s/6bPM7RzRtFqWfp0f-duiyQ","微信读书"
"川大就业","2026-03-02","用人单位邀请函 | 四川大学2026年春季校园招聘活动安排","https://mp.weixin.qq.com/s/AWZH5uDXk_Fxx2U0qgBg9g","微信读书"
"川大就业","2026-03-02","校园招聘 | 中航成飞2026届校园招聘正式启动！","https://mp.weixin.qq.com/s/bY1KI7R-XL7p1b_22235Vw","微信读书"
"川大就业","2026-03-02","校园招聘 | 雅安市商业银行员工招聘公告","https://mp.weixin.qq.com/s/kJV23B6tk5gtXcMY3TnJcw","微信读书"
"川大就业","2026-03-02","校园招聘 | 国网电力空间技术有限公司2026年高校毕业生招聘","https://mp.weixin.qq.com/s/X0OurZZSinhkJH83BNB6uw","微信读书"
"川大就业","2026-03-02","校园招聘 | 格力电器2026届“市场新锐计划”重磅来袭","https://mp.weixin.qq.com/s/3NAB41TVSrNFHypjo3RNyA","微信读书"
"川大就业","2026-03-02","校园招聘 | 德勤2026校招｜春季全职招聘 + 暑期实习 全面开启！","https://mp.weixin.qq.com/s/H44y1G6UGJDODgu8qmtr4w","微信读书"
"川大就业","2026-03-02","校园招聘 | 安克创新2026届春季全球校园招聘正式启动！","https://mp.weixin.qq.com/s/DNOrbXsMKUOG6mU6Mk7IAw","微信读书"
"川大就业","2026-02-27","校园招聘 | 元宵开门红，offer马上有！2026成都高新星空夜市招聘会等你来！","https://mp.weixin.qq.com/s/Ze4Ofk-xQDaURYTz-YHmVw","微信读书"
"川大就业","2026-02-27","校园招聘 | 赢迪金佰利区域销售直通车项目春季校园招聘正式启动！","https://mp.weixin.qq.com/s/jyiAtd6eskIKukCg58nlDA","微信读书"
"川大就业","2026-02-27","校园招聘 | 数据所（兴唐公司）2026校园招聘","https://mp.weixin.qq.com/s/zPO5LfjCthhxKTbT4EEDXA","微信读书"
"川大就业","2026-02-27","高校招聘 | 中央财经大学2026年度招聘人才14人公告","https://mp.weixin.qq.com/s/D84T2ieRxwIYirzj38jcog","微信读书"
"川大就业","2026-02-27","高校招聘 | 西南民族大学2026年考核招聘应届博士辅导员公告","https://mp.weixin.qq.com/s/7uav-nuGXgX8M_Gict_Vdg","微信读书"
"川大就业","2026-02-27","高校招聘 | 四川大学2026年专职辅导员招聘公告","https://mp.weixin.qq.com/s/J0DQh2jv4DDQs7LP7M10nA","微信读书"
"川大就业","2026-02-27","高校招聘 | 湖南第一师范学院2026年公开招聘工作人员公告","https://mp.weixin.qq.com/s/GIthVAGCAVJuii2CqFB3vA","微信读书"
"川大就业","2026-02-27","高校招聘 | 北部湾大学2026年高层次人才招聘公告","https://mp.weixin.qq.com/s/CLli1GOd1TzDzqOPp004Ug","微信读书"
"川大就业","2026-02-25","就业指导 | 收好！2026这些职业资格考试时间定了","https://mp.weixin.qq.com/s/pNzSs6RhBcRuFqklonGpGg","微信读书"
"川大就业","2026-02-25","国内深造 | 王宇涵：真诚面对所学，诚实面对自己","https://mp.weixin.qq.com/s/cuPHCkaKAHMqSFp1ZxrVYg","微信读书"
"川大就业","2026-02-16","恭贺新年 | 川大就业祝大家春节快乐","https://mp.weixin.qq.com/s/-Gre0TS5wbWul1_4k3waZg","微信读书"
"川大就业","2026-02-13","校园招聘 | vivo 2026届春季校园招聘正式启动","https://mp.weixin.qq.com/s/dgTrS_PYYLXoEX8BnkvTJA","微信读书"
"川大就业","2026-02-13","校园招聘 | 央企名企人力资源类岗位推荐 2月（第二期）","https://mp.weixin.qq.com/s/CcP7tUUDPonIsrmqxPie-g","微信读书"
"川大就业","2026-02-13","校园招聘 | 宁波通商控股集团有限公司校园招聘公告","https://mp.weixin.qq.com/s/v0X_zz-ZRoBSgtQjqrUXdA","微信读书"
"川大就业","2026-02-13","校园招聘 | 洛阳市2026年招引年青大学生人才春季专项行动","https://mp.weixin.qq.com/s/cTll0yQ_81FsvV9kcJEoZA","微信读书"
"川大就业","2026-02-13","校园招聘 | 公安部大数据中心2026年度公开招聘公告","https://mp.weixin.qq.com/s/T_rcpY9ghqPsOh542IngTQ","微信读书"
"川大就业","2026-02-13","实习招聘 | 华为AI实习生招聘全年进行中！","https://mp.weixin.qq.com/s/T9HhrfYaBsKM7qNc42Cxjg","微信读书"
"川大就业","2026-02-11","就业指导|就业实用指南：毕业生求职的基本方法","https://mp.weixin.qq.com/s/AvXm44PcXWaVLLWNXEf--g","微信读书"
"川大就业","2026-02-11","创新创业|束凌峰：历创业之挫，筑生涯灯塔","https://mp.weixin.qq.com/s/ZH2H9Y4Zhf3SB8oU5GuEcw","微信读书"
"川大就业","2026-02-09","校园招聘 | 中国铁路信息科技集团有限公司2026年招聘应届高校毕业生公告","https://mp.weixin.qq.com/s/tcu3P67qqHw_c81H3itkJA","微信读书"
"川大就业","2026-02-09","校园招聘 | 中国华录集团有限公司2026届校园招聘正式开启","https://mp.weixin.qq.com/s/Eg_L0AtsB5ZPd0t7rh1qRw","微信读书"
"川大就业","2026-02-09","校园招聘 | 智汇深蓝，海纳英才 | 中船智海创新研究院2026届春季招聘","https://mp.weixin.qq.com/s/7Bt8HILDU38s5fR3ZuJRdQ","微信读书"
"川大就业","2026-02-09","校园招聘 | 四川旅游学院2026年公开招聘公告","https://mp.weixin.qq.com/s/dqqy0JxnM5GzO0BJkwplTg","微信读书"
"川大就业","2026-02-09","实习招聘 | 淘天集团T-Star计划 | 全年开放日常实习生招聘","https://mp.weixin.qq.com/s/vOcK2MZn0XXWLL_XxXWCaA","微信读书"
"川大就业","2026-02-06","学校招聘 | 成华这些学校正在招人","https://mp.weixin.qq.com/s/f5Kr2LnxGnkczcdWoZMwWQ","微信读书"
"川大就业","2026-02-06","校园招聘 | 中证数据2026年校园招聘全面启动","https://mp.weixin.qq.com/s/ktYu4R39df1s-9-rqZPnYg","微信读书"
"川大就业","2026-02-06","校园招聘 | 长安汽车产品策划部专项招聘，60+岗位全面开放！","https://mp.weixin.qq.com/s/5VYR3-GzuVjadDg7TASQ6Q","微信读书"
"川大就业","2026-02-06","校园招聘 | 央企名企管培生岗位推荐 2月（第一期）","https://mp.weixin.qq.com/s/85Qe6hlkTT6SSZ9qZJgFDQ","微信读书"
"川大就业","2026-02-06","实习招聘 | 华为AI实习生招聘全年进行中！","https://mp.weixin.qq.com/s/F9Yjvd3cJWOpkh2gHjQa8A","微信读书"
"川大就业","2026-02-06","高校招聘 | 对外经济贸易大学2026年事业编辅导员、其他专技人员招聘公告","https://mp.weixin.qq.com/s/IE7P4g2lQLkDzNg8iFVGjQ","微信读书"
"川大就业","2026-02-04","选调风采|张礼森：与家乡同行，担时代大任","https://mp.weixin.qq.com/s/74BLnZMXANvbYSw7j6vuWg","微信读书"
"川大就业","2026-02-04","就业指导|求职简历应该是“通用版”还是“定制版”","https://mp.weixin.qq.com/s/klZwyh60pPvtXQQDWW-P6g","微信读书"
"川大就业","2026-02-02","重点领域 | 中国兵器工业第二O八研究所","https://mp.weixin.qq.com/s/QonskVE4hPXeruo0bYedxQ","微信读书"
"川大就业","2026-02-02","医疗卫生 | 四川大学校医院人才招聘启事","https://mp.weixin.qq.com/s/YDLb1vu3xIDIcRv-iasP3A","微信读书"
"川大就业","2026-02-02","人才引进 | 重庆市属事业单位2026年第一季度公开招聘工作人员公告","https://mp.weixin.qq.com/s/ZtnrPT8D-YqGURFkpHECYQ","微信读书"
"川大就业","2026-02-02","高校招聘 | 四川师范大学2026年公开考核招聘事业单位工作人员公告","https://mp.weixin.qq.com/s/qiTQOn-m9Os_7_2upGUceg","微信读书"
"川大就业","2026-02-02","高校招聘 | 东南大学2026年度专职辅导员招聘公告","https://mp.weixin.qq.com/s/d5LqWO8whA3ROQLKVrHwHw","微信读书"
"川大就业","2026-02-02","高校招聘 | 成都理工大学2026年考核招聘博士辅导员公告","https://mp.weixin.qq.com/s/qdaaNGuqg5_jceQv1h1RJQ","微信读书"
"川大就业","2026-01-30","校园招聘 | 四川多所学校公开招聘！","https://mp.weixin.qq.com/s/dO1Q7H_g1mkGp2k082rmNA","微信读书"
"川大就业","2026-01-30","校园招聘 | 上海证券交易所2026年员工招聘启事","https://mp.weixin.qq.com/s/AOoPqCriM22tCfmVjdLzXQ","微信读书"
"川大就业","2026-01-30","实习招聘 | 招商银行2026年度寒假实习生招聘","https://mp.weixin.qq.com/s/OBxZMTp2ITOZ1lTpQy-ISw","微信读书"
"川大就业","2026-01-30","实习招聘 | 腾讯2026实习生招聘技术提前批正式启动！","https://mp.weixin.qq.com/s/GurX7OJ0dOaQYoeiRrmqfQ","微信读书"
"川大就业","2026-01-30","实习招聘 | 2026世界银行集团先锋人才计划（WBG Pioneers）招募","https://mp.weixin.qq.com/s/CBtlUYvk4-ifGhjqH_x2kA","微信读书"
"川大就业","2026-01-28","选调风采 | 杨学涛：以物理之严谨，赴基层之山海","https://mp.weixin.qq.com/s/Mu5LcwzUQROJnVW0MTudOA","微信读书"
"川大就业","2026-01-28","就业指导 | @毕业生，5个关键点快速锁定好工作","https://mp.weixin.qq.com/s/LRDsh3NmB7mb5A7oceOPZA","微信读书"
"川大就业","2026-01-27","校园招聘｜中国金币集团有限公司及下属子公司2026年度春季校园招聘正式启动！","https://mp.weixin.qq.com/s/kaORvGEYEY4_nMuAbAxurQ","微信读书"
"川大就业","2026-01-27","校园招聘 | 中国铁路信息科技集团有限公司2026年招聘应届高校毕业生公告","https://mp.weixin.qq.com/s/4Wr3nhLP0edZHIOL-zLrkw","微信读书"
"川大就业","2026-01-27","校园招聘 | 宁夏回族自治区2026年事业单位公开招聘工作人员公告","https://mp.weixin.qq.com/s/Az7BsrarCvcrG1B73kmkdA","微信读书"
"川大就业","2026-01-27","校园招聘 | 2026年度上海市青浦区储备人才招聘公告","https://mp.weixin.qq.com/s/Fzbxe9z1hI-4oLYaXV-TTA","微信读书"
"川大就业","2026-01-27","校园招聘 | @2026届高校毕业生，15场招聘活动别错过","https://mp.weixin.qq.com/s/Mo_msrtLSSGaQQ-D0LmbNg","微信读书"
"川大就业","2026-01-27","寒假不断线，暖心促就业 —关于2025-2026学年寒假期间就业服务工作安排的通知","https://mp.weixin.qq.com/s/3E9pj7eZA4KO0EXnZQ_htg","微信读书"
"川大就业","2026-01-26","重点领域 | 王旭晖：于理性抉择中，听见理想的回声","https://mp.weixin.qq.com/s/oke_yLaBaFsF_vKCrxelcw","微信读书"
"川大就业","2026-01-26","选调生｜海南省2026年度选调应届优秀大学毕业生公告","https://mp.weixin.qq.com/s/B3gQXnS816bycGkYcnvu7g","微信读书"
"川大就业","2026-01-26","校园招聘 | 住房城乡建设部直属事业单位2026年度第一批公开招聘公告","https://mp.weixin.qq.com/s/To5Qu-fHDp1LYa4afFcazg","微信读书"
"川大就业","2026-01-26","校园招聘 | 中国刑事警察学院2026年度公开招聘高层次人才公告","https://mp.weixin.qq.com/s/sx8rQI0yjvLUaI8CkgQU6w","微信读书"
"川大就业","2026-01-26","校园招聘 | 交通运输部所属事业单位2026年度第四批统一公开招聘公告","https://mp.weixin.qq.com/s/x-miasboHeIELiXnAp9q1Q","微信读书"
"川大就业","2026-01-26","校园招聘 | 公安部道路交通安全研究中心2026年度人民警察岗位公开招聘公告","https://mp.weixin.qq.com/s/ii9oCAK1cCAbvfQNTNoeQw","微信读书"
"川大就业","2026-01-26","人才引进 | 1806人！荆州市2026年人才引进公告！","https://mp.weixin.qq.com/s/tqNKUoqtmdSoSEpNonZR9A","微信读书"
"川大就业","2026-01-25","校园招聘 | 中华财险2026总部社招重磅启动","https://mp.weixin.qq.com/s/r3wFOUYbSoTQUns8fkLuZQ","微信读书"
"川大就业","2026-01-25","校园招聘 | 中国航天科技集团有限公司五院510所2026届校园招聘","https://mp.weixin.qq.com/s/73qapG7fyxdur5v2tcuX6w","微信读书"
"川大就业","2026-01-25","校园招聘 | 中船科技2026届校园招聘","https://mp.weixin.qq.com/s/oJDZ4eIxYsY4SmVIS_S9BQ","微信读书"
"川大就业","2026-01-25","校园招聘 | 江瀚新材2026校园招聘","https://mp.weixin.qq.com/s/bMCw1M8gxNUZS5lhUvJPqw","微信读书"
"川大就业","2026-01-25","就业指导|就业实用指南：毕业生求职的基本方法","https://mp.weixin.qq.com/s/y9TOwnM07g5LJuJuVFp7BQ","微信读书"
"川大就业","2026-01-25","高校招聘 | 武汉理工大学2026年专职辅导员招聘启事","https://mp.weixin.qq.com/s/8LJ9LhqXegKJsErtWdAxHQ","微信读书"
"川大就业","2026-01-24","校园招聘｜长鑫存储2026全球校园招聘博士专场","https://mp.weixin.qq.com/s/tTcnSiOLfgNM9l7Io9krvg","微信读书"
"川大就业","2026-01-24","校园招聘 | 佳驰科技2026届校园招聘","https://mp.weixin.qq.com/s/HAHFacw-y02HwhMMierxag","微信读书"
"川大就业","2026-01-24","校园招聘 | 成都树德中学教育集团2026年人才储备","https://mp.weixin.qq.com/s/eR0Bcxj9fxQ6MKzaizDPEg","微信读书"
"川大就业","2026-01-24","校园招聘 | 成都七中及教育集团成员学校2026年优秀人才储备计划","https://mp.weixin.qq.com/s/K425imTPl-dMDBFkMGTwog","微信读书"
"川大就业","2026-01-24","就业指导|@SCUers，把握春招机会！四川大学【AI简历优化系统】助你写出完美简历！","https://mp.weixin.qq.com/s/2YCcl4IqQagq0VITmNxmHg","微信读书"
"川大就业","2026-01-24","高校招聘丨湛江科技学院2026年优秀人才招聘公告","https://mp.weixin.qq.com/s/kjf_lswwUmXTm3kAtwHJUg","微信读书"
"川大就业","2026-01-23","校园招聘 | 新疆阿克苏地区引进专任教师公告","https://mp.weixin.qq.com/s/J69Zlq_uRrzSbmHcH0B4Zw","微信读书"
"川大就业","2026-01-23","校园招聘 | 常德烟草机械有限责任公司2026公开招聘公告","https://mp.weixin.qq.com/s/yS8oPJ-rXI7EaB3UHNdyOg","微信读书"
"川大就业","2026-01-23","教育行业 | 张冉冉：追光而遇，沐光而行","https://mp.weixin.qq.com/s/yIB3NUd3geTUf0VT5JrBag","微信读书"
"川大就业","2026-01-23","公务员招聘 | 内蒙古自治区党政群机关（参公单位）2026年考试录用公务员简章发布","https://mp.weixin.qq.com/s/jKWbB1oqOKd9hxRAR7tD2A","微信读书"
"川大就业","2026-01-23","工作回顾 | 凝心聚力促就业 笃行实干启新程  川大就业2025年工作回顾","https://mp.weixin.qq.com/s/BN4ROfu0PBRsAAMdIvwxIw","微信读书"
"川大就业","2026-01-23","高校招聘 | 皖江工学院2026年人才招聘启事","https://mp.weixin.qq.com/s/x9reNUMFPoPSBrwXSr1dUA","微信读书"
"川大就业","2026-01-22","用人单位邀请函 | 四川大学2026年春季校园招聘活动安排","https://mp.weixin.qq.com/s/QspIyYN4F7kjKWiaMJGC5A","微信读书"
"川大就业","2026-01-22","选调风采 | 熊智涵：在选择中明晰方向，于坚定中勇敢前行","https://mp.weixin.qq.com/s/PcbR7MGCvp_4tppOJvvShw","微信读书"
"川大就业","2026-01-22","校园招聘 | 中国印钞造币集团有限公司2026年度校园招聘公告","https://mp.weixin.qq.com/s/RBhSEtwlvSAg_KRJks10FA","微信读书"
"川大就业","2026-01-22","校园招聘 | 四川航空集团有限责任公司招聘公告","https://mp.weixin.qq.com/s/gLeh0zjmSYm1TxOnGzy_Iw","微信读书"
"川大就业","2026-01-22","校园招聘 | 南充市教育和体育局关于四川省南充高级中学2026年第二批公开考核招聘硕士研究生的公告","https://mp.weixin.qq.com/s/oXVcy8h82_YVrb6i2_PJ0g","微信读书"
"川大就业","2026-01-22","校园招聘 | 丽水学院2026年公开招聘71名事业编制高层次人才","https://mp.weixin.qq.com/s/fHP5EuAPADLv5P6S1ARoOQ","微信读书"
"川大就业","2026-01-21","校园招聘 | 中远海运全球物流基础设施投资、建设、运营人才招聘","https://mp.weixin.qq.com/s/Axnr_xqzIOFuKvZkQQT8Rg","微信读书"
"川大就业","2026-01-21","校园招聘 | 中央办公厅所属事业单位2026年度公开招聘工作人员公告（政治学、国际政治、国际关系、外交学）","https://mp.weixin.qq.com/s/b9LplBQq6hCgyoD1UteqWQ","微信读书"
"川大就业","2026-01-21","校园招聘 | 中国航空工业集团贵阳电机2026校园招聘","https://mp.weixin.qq.com/s/-DhesLA4jRbD5FfnYFWRTg","微信读书"
"川大就业","2026-01-21","校园招聘 | 海亮股份（世界500强、总部杭州）2026届校园招聘","https://mp.weixin.qq.com/s/1NL4baNIRQQvmUdszFQYzQ","微信读书"
"川大就业","2026-01-21","校园招聘 | 贵州航天控制技术有限公司航天科工十院0612研究所招聘简章","https://mp.weixin.qq.com/s/-5Pr2HJ7iQNSinRgdiaZZQ","微信读书"
"川大就业","2026-01-21","法治建设 | 许可：以实习探路，用实践求真","https://mp.weixin.qq.com/s/9XW8NFqBjSRMxlFNawL1cQ","微信读书"
"川大就业","2026-01-20","邀请函 | 成渝地区双城经济圈高校就业创业联盟2026届毕业生寒假暖心促就业空中双选会","https://mp.weixin.qq.com/s/UBedygYe3kZjHsrMt7Oqjw","微信读书"
"川大就业","2026-01-20","校园招聘 | 中国妇女报社等全国妇联所属在京事业单位2026年度公开招聘公告","https://mp.weixin.qq.com/s/_KKuoEM62B5MvKQygTKcbA","微信读书"
"川大就业","2026-01-20","校园招聘 | 航天科工二院2026年博士后招聘正式启动！","https://mp.weixin.qq.com/s/Icvmivf821zT91pSQnqPAw","微信读书"
"川大就业","2026-01-20","校园招聘 | 杭州市钱塘区教育局所属事业单位公开招聘30人公告","https://mp.weixin.qq.com/s/Up-1-kT1IOG4omaJ_w9Ujw","微信读书"
"川大就业","2026-01-20","社会实践 | 关于开展2026年全国大学生“返家乡”社会实践活动的通知","https://mp.weixin.qq.com/s/7bc_nDBfWbogs4zLJyyeyw","微信读书"
"川大就业","2026-01-19","校园招聘 | 华为数字能源模组部 2026届应届生招聘","https://mp.weixin.qq.com/s/M1o5KaYlKjr8IpV3anwfOw","微信读书"
"川大就业","2026-01-19","校园招聘 | 东方电气集团国际合作有限公司招聘","https://mp.weixin.qq.com/s/RxPaJsdKDohYgBtLtZW-ZA","微信读书"
"川大就业","2026-01-19","校园招聘 | 大兴区2026年“聚贤工程”定向招聘应届优秀毕业生公告","https://mp.weixin.qq.com/s/UzFkhv8-3m6MrXOxQiA_AQ","微信读书"
"川大就业","2026-01-19","就业指导|火车票、住宿有优惠！教育部等4部门助力高校毕业生异地找工作","https://mp.weixin.qq.com/s/pdcqsuO4d_qBkMjM5qRa_Q","微信读书"
"川大就业","2026-01-19","高校招聘 | 西北农林科技大学2026年专职辅导员招聘公告","https://mp.weixin.qq.com/s/dvA96nusI-ivKA2uawms0A","微信读书"
"川大就业","2026-01-18","校园招聘 | 中国建筑第三工程局铁投公司2026年校园招聘","https://mp.weixin.qq.com/s/yXzmzIRH8PN-FM65qBUrJg","微信读书"
"川大就业","2026-01-18","校园招聘 | 河南省科学院激光制造研究所","https://mp.weixin.qq.com/s/0das0Y3diyyvojl4QgLljQ","微信读书"
"川大就业","2026-01-18","人才引进 | 杭州市富阳区面向2026年优秀应届毕业生招聘中小学教师公告","https://mp.weixin.qq.com/s/fSPRj0u5kBxPgxCsXlX0Ug","微信读书"
"川大就业","2026-01-18","课程预告 | 教育部“互联网+就业指导”公益直播课：把握新职业发展机遇","https://mp.weixin.qq.com/s/-S41WR6uVEpn60-f9bkSDQ","微信读书"
"川大就业","2026-01-18","寒假家乡行 | @江宁籍大学生，寒假“返家乡”感知江宁活动，邀你参与！","https://mp.weixin.qq.com/s/ziXbPFy0bQ0Vw37vebV7EQ","微信读书"
"川大就业","2026-01-18","高校招聘丨绥化学院常年招聘博士教师公告","https://mp.weixin.qq.com/s/luay2NSrE1j_pjAXxlz5Uw","微信读书"
"川大就业","2026-01-18","高校招聘丨山东外事职业大学教师招聘公告","https://mp.weixin.qq.com/s/uoDuqm6d1ZP2i_yksy36UQ","微信读书"
"川大就业","2026-01-16","政法任职|冯孙：从虚拟世界的追梦者，到现实安全的守护人","https://mp.weixin.qq.com/s/W4-gHlm2Iu7iSXNT5OGkHg","微信读书"
"川大就业","2026-01-16","校园招聘 | 四川中烟工业有限责任公司2026年度员工招聘公告","https://mp.weixin.qq.com/s/XfQGsjfs4j2-WN_wgsaQgg","微信读书"
"川大就业","2026-01-16","校园招聘 | 陕西师范大学2026年专职辅导员与心理健康教育专职教师招聘公告","https://mp.weixin.qq.com/s/N2HO6r28Wwg6KaiCevBxaQ","微信读书"
"川大就业","2026-01-16","校园招聘 | 成都农业科技中心2026年度第一批公开招聘公告","https://mp.weixin.qq.com/s/7iMFYTpnUi4oYDNdgTcb9g","微信读书"
"川大就业","2026-01-16","校园招聘 | 2026年遂宁市成渝地区双城经济圈高质量发展研究院事业单位工作人员招聘公告","https://mp.weixin.qq.com/s/hxEbyWhSCLPA0_83h51zJw","微信读书"
"川大就业","2026-01-16","实习招聘 | 招商银行重庆分行2026年寒假实习生招聘公告","https://mp.weixin.qq.com/s/Y1VtX_zdq6gii3p6OhEF5w","微信读书"
"川大就业","2026-01-15","重点领域 | 刘星雨: 走出专业围城，点亮一方夜空","https://mp.weixin.qq.com/s/ROgpYltV6zM6ERC3eNTJAw","微信读书"
"川大就业","2026-01-15","校园招聘 | 中国新闻社2026年度公开招聘应届高校毕业生公告","https://mp.weixin.qq.com/s/RCmdd_i0oncvRiPkBPez7g","微信读书"
"川大就业","2026-01-15","校园招聘 | 象屿集团2026届校园招聘火热开启！","https://mp.weixin.qq.com/s/celjz_WVJmtzqWztKucBhQ","微信读书"
"川大就业","2026-01-15","校园招聘 | 上海海关学院2026年度公开招聘公告","https://mp.weixin.qq.com/s/PoPcRzgSW7VmjAHvzF9Ylw","微信读书"
"川大就业","2026-01-15","校园招聘 | 2026年遂宁市成渝地区双城经济圈高质量发展研究院事业单位工作人员招聘公告","https://mp.weixin.qq.com/s/AgcjUS02pJEsTGyDBK2NQQ","微信读书"
"川大就业","2026-01-15","人才招聘｜“蓉”遇贤才    “职”等你来","https://mp.weixin.qq.com/s/IhLu3NlRkwS6w_Cmbl6U9Q","微信读书"
"川大就业","2026-01-14","征兵宣传 | 2026全国征兵公益宣传片重磅发布","https://mp.weixin.qq.com/s/21kP7LCs0TDdGIR--gAxmw","微信读书"
"川大就业","2026-01-14","选调风采|曹艺禾: 从“仰望星空”到“脚踏实地”","https://mp.weixin.qq.com/s/EpSNZPTap9pA3IXK3DXlQA","微信读书"
"川大就业","2026-01-14","校园招聘 | 中央统战部直属事业单位2026年度应届高校毕业生公开招聘公告","https://mp.weixin.qq.com/s/eHlbZSGhmb8vrmmi3OQoDA","微信读书"
"川大就业","2026-01-14","校园招聘 | 中央广播电视总台2026届毕业生和留学人员公开招聘","https://mp.weixin.qq.com/s/FkmnGMxKIdSf9c09S7xgrQ","微信读书"
"川大就业","2026-01-14","校园招聘 | 山东省烟草专卖局（公司）2026年高校毕业生招聘","https://mp.weixin.qq.com/s/glOqmjGegVeiXe0yY8_I0Q","微信读书"
"川大就业","2026-01-14","校园招聘 | 康龙化成2026全球博士招聘","https://mp.weixin.qq.com/s/WiGu4hVZ7nQAjFnVlGo-OA","微信读书"
"川大就业","2026-01-14","线下宣讲 | 1月15日 | 重庆市公安局某直属单位招聘宣讲","https://mp.weixin.qq.com/s/Hd75NEna9iPnDbuv3A5AJA","微信读书"
"川大就业","2026-01-13","校园招聘 | 中国铁建投资集团有限公司2026届校园招聘公告","https://mp.weixin.qq.com/s/nO3ZdTF9nwIkpgX53R0IXw","微信读书"
"川大就业","2026-01-13","校园招聘 | 中国华录集团有限公司2026届校园招聘正式开启","https://mp.weixin.qq.com/s/_SpICds5aWQIH4_PBR2_7A","微信读书"
"川大就业","2026-01-13","校园招聘 | 浙江省数据局关于下属事业单位2026年公开招聘人员的公告","https://mp.weixin.qq.com/s/tCJBcdHlZGFawTyMwg_ikg","微信读书"
"川大就业","2026-01-13","校园招聘 | 浙江大学碳中和研究院2026年招聘公告","https://mp.weixin.qq.com/s/O7Td5jF31tNo-qAUQm2xtQ","微信读书"
"川大就业","2026-01-13","校园招聘 | 广州大学2026年第一次公开招聘事业编制辅导员公告","https://mp.weixin.qq.com/s/dqc21crjlpGxSvV5F7yTZA","微信读书"
"川大就业","2026-01-13","校园招聘 | 成都印钞有限公司2026年度工作人员招聘公告","https://mp.weixin.qq.com/s/8i00k2WEpYQJeN8FoKSgRw","微信读书"
"川大就业","2026-01-12","校园招聘｜中国联通上海市分公司2026校园招聘","https://mp.weixin.qq.com/s/i7hGh78SFET5CpZrXTJTVA","微信读书"
"川大就业","2026-01-12","校园招聘 | 中建安装集团有限公司西南公司","https://mp.weixin.qq.com/s/LR36VpiWaXJcUEYm2fCs3g","微信读书"
"川大就业","2026-01-12","校园招聘 | 中国烟草总公司合肥设计院 2026年招聘公告","https://mp.weixin.qq.com/s/Zv6o7LxAq1OGEXMv3kjQ8w","微信读书"
"川大就业","2026-01-12","校园招聘 | 格力电器2026届春招提前批正式启动","https://mp.weixin.qq.com/s/YPlKs1FNz_BgOIteTEdd6w","微信读书"
"川大就业","2026-01-12","人才引进 | 2026年江苏省镇江经济技术开发区优秀人才选聘公告","https://mp.weixin.qq.com/s/NNu-rf0-NmtIX7FDwUNJrw","微信读书"
"川大就业","2026-01-12","高校招聘 | 中国大连高级经理学院2026年师资招聘公告","https://mp.weixin.qq.com/s/KDnRO8e6OgtuCUg9Jd67_w","微信读书"
"川大就业","2025-12-18","选调风采|刘奇瑞: 实践启初心，笃行赴基层","https://mp.weixin.qq.com/s/U3hgUAqnaa_zNbCQxO0a4A","微信读书"
"川大就业","2025-12-18","线下宣讲 | 12月19日 | 深圳证券交易所及其下属单位2026年信息技术人员招聘","https://mp.weixin.qq.com/s/eHOpuVq-iHCBKnG5XjuIFw","微信读书"
"川大就业","2025-12-18","线下宣讲 | 12月19日 | 国家计算机网络应急技术处理协调中心面向四川大学2026年度校园招聘启事","https://mp.weixin.qq.com/s/ymzSE880tcvb7-UILL0heg","微信读书"
"川大就业","2025-12-18","线下双选 | 12月19日 | “周五职通车”- 望江校区综合场","https://mp.weixin.qq.com/s/-GpR6bdIdtm2JgU6PfRxGA","微信读书"
"川大就业","2025-12-18","地方引才 | 泉州市2026届选优生选拔引进公告","https://mp.weixin.qq.com/s/gMwI5feKRn_AzCXzaAo2WQ","微信读书"
"川大就业","2025-12-18","地方引才 | 30名！雄安新区面向2026年优秀应届毕业生选聘急需紧缺人才","https://mp.weixin.qq.com/s/Qs2_Lf740ZFIaSoiREr9tA","微信读书"
"川大就业","2025-12-18","12月19日 | 双选会&宣讲会&招聘信息一览","https://mp.weixin.qq.com/s/l8doK8GpdKd4IpmV5DKisQ","微信读书"
"川大就业","2025-12-17","选调生 | 河北省2026年度定向选调应届优秀大学毕业生公告","https://mp.weixin.qq.com/s/MxvztPKzE8fgxTpVo4sDvA","微信读书"
"川大就业","2025-12-17","校园招聘丨武汉大学专职管理人员和学生辅导员公开招聘","https://mp.weixin.qq.com/s/cDzHEEdlgNgT4o90Rms2TQ","微信读书"
"川大就业","2025-12-17","校园招聘丨四川农商联合银行信息科技部2026年校园招聘","https://mp.weixin.qq.com/s/ENKmqTyyfrTqsDun90Tthg","微信读书"
"川大就业","2025-12-17","线下宣讲 | 12月18日 | 伊利集团成人营养品事业部2026年校园招聘——四川大学站","https://mp.weixin.qq.com/s/TOX0sjzr7pDDdQ2KZEvfCw","微信读书"
"川大就业","2025-12-17","线下宣讲 | 12月18日 | 翰森制药2026届校园招聘宣讲会","https://mp.weixin.qq.com/s/ZVl1StjrJ7djITfdmLnjNg","微信读书"
"川大就业","2025-12-17","12月18日 | 宣讲会&招聘信息一览","https://mp.weixin.qq.com/s/hAzEcGWKWFdCze80hsWDjw","微信读书"
"川大就业","2025-12-16","校园招聘 | 雄安未来产业技术研究院2026年校园招聘公告","https://mp.weixin.qq.com/s/JeTkMzPSnEwjFyxqKkFmoQ","微信读书"
"川大就业","2025-12-16","校园招聘 | 四川农商联合银行2026校园招聘","https://mp.weixin.qq.com/s/LAX4Zsb9RcD_d962itr_kA","微信读书"
"川大就业","2025-12-16","校园招聘 | 2025年度招聘公告上海民航职业技术学院","https://mp.weixin.qq.com/s/tSl48U_WN_9MzoijvBSDpg","微信读书"
"川大就业","2025-12-16","线下宣讲 | 12月17日 | 中核苏能核电有限公司","https://mp.weixin.qq.com/s/pW5__hicG558E-W2TREMWg","微信读书"
"川大就业","2025-12-16","实习招聘 | 广州“梦工场”招商银行广州分行2026寒假实习生招聘","https://mp.weixin.qq.com/s/7TvYAb25KMDvSJWtvZCXSQ","微信读书"
"川大就业","2025-12-16","国内深造 | 张梦凌: 步步有坎步步越，前路迢迢亦灼灼","https://mp.weixin.qq.com/s/53I8WEQtJeuzsgjsbFQJBQ","微信读书"
"川大就业","2025-12-16","12月17日 | 宣讲会&招聘信息一览","https://mp.weixin.qq.com/s/KSTelGuvrZUNgzbUqvVe_w","微信读书"
"川大就业","2025-12-15","用人单位邀请函 | 12月19日 | “周五职通车”-望江校区综合场","https://mp.weixin.qq.com/s/yXC9Qg0BvkoYaClQ_70Xwg","微信读书"
"川大就业","2025-12-15","校园招聘 | 中国黄金集团黄金珠宝股份有限公司招聘公告","https://mp.weixin.qq.com/s/M9Nj-_hrx9JQ7cx0Reb2hg","微信读书"
"川大就业","2025-12-15","校园招聘 | 雄安国创中心科技有限公司2026年校园招聘","https://mp.weixin.qq.com/s/kUKZrmAENxlXz-Nyl9N5mg","微信读书"
"川大就业","2025-12-15","校外双选 | 关于诚邀参加第十六届“河北省高层次人才引进交流大会”的函","https://mp.weixin.qq.com/s/n5ujRoehAyLBIAUr4KnXhw","微信读书"
"川大就业","2025-12-15","线下宣讲 | 12月16日 | 国家知识产权局专利局专利审查协作四川中心","https://mp.weixin.qq.com/s/6xmsn6VZnKFWM29Rq5byTQ","微信读书"
"川大就业","2025-12-15","课程预告 | @大学生，这份年终“就业礼盒”请收好","https://mp.weixin.qq.com/s/q7BCz4ZycdZ6-PW0tHb8Zg","微信读书"
"川大就业","2025-12-13","校园招聘 | 中国电子科技集团公司第三十八研究所博士招聘简章","https://mp.weixin.qq.com/s/z_qBOM-hHdH4gbimHVyk4w","微信读书"
"川大就业","2025-12-13","校园招聘 | 央企名企管培生岗位推荐 （第一期）","https://mp.weixin.qq.com/s/MJCVzMmpQye5JukiBbNBMA","微信读书"
"川大就业","2025-12-13","校园招聘 | 崖州湾国家实验室2026年度招聘公告（一）","https://mp.weixin.qq.com/s/9p0HkDh3HP6I88meRI5vBw","微信读书"
"川大就业","2025-12-13","校园招聘 | 星海无界，大有可卫！海南长光卫星2026年招聘正式启动！","https://mp.weixin.qq.com/s/icYMStZd6buftuDyUSUR1g","微信读书"
"川大就业","2025-12-13","课程预告 | 教育部“互联网+就业指导”公益直播课：医药卫生行业发展趋势和职业机会","https://mp.weixin.qq.com/s/m1Th3JML9FxTYSMojUsGNQ","微信读书"
"川大就业","2025-12-13","活动预告 | 12月16日 | 解码大厂:腾讯的组织活力与人才战略","https://mp.weixin.qq.com/s/HRDdNsMWEFsk0UKPraqfbA","微信读书"
"川大就业","2025-12-12","重点领域|何幸依:步履逐梦想，奋斗绽芳华","https://mp.weixin.qq.com/s/YikVEVp9VHOLngtwktPsYQ","微信读书"
"川大就业","2025-12-12","用人单位邀请函 | 12月19日 | “周五职通车”-望江校区综合场","https://mp.weixin.qq.com/s/6Tdnrl8uQp7NGalrD3ja5w","微信读书"
"川大就业","2025-12-12","校园招聘 | 中国一汽2026全球校园招聘","https://mp.weixin.qq.com/s/c6viCMIXrOCCU43KK0hqCA","微信读书"
"川大就业","2025-12-12","校园招聘 | 合肥工业大学（合肥校区）专职辅导员、心理健康教育教师（辅导员岗位）招聘公告","https://mp.weixin.qq.com/s/J59xEwlrtLSb-1iodyhLPg","微信读书"
"川大就业","2025-12-12","校园招聘 | 大连商品交易所集团2025年招聘","https://mp.weixin.qq.com/s/ObrxuGNj_XvgnEACJDb3wg","微信读书"
"川大就业","2025-12-12","校园招聘 | 大连海事大学2026年公开招聘编制人员公告","https://mp.weixin.qq.com/s/H8PgiJtEpuhgtZQKWEtA-Q","微信读书"
"川大就业","2025-12-12","入选教育部奖励名单！川大人徐颖雪，你真棒！","https://mp.weixin.qq.com/s/kmV7TZ3FmQEjbG_g_FvRCA","微信读书"
"川大就业","2025-12-11","选调风采|柳凤琼: 以青春赴使命，让理想在基层绽放","https://mp.weixin.qq.com/s/4wZigjHr2pcN9ZnUMNA7XA","微信读书"
"川大就业","2025-12-11","校园招聘 | 诺唯赞2026秋季校园招聘正式启动啦","https://mp.weixin.qq.com/s/WwBTXxP5JjloMSKRe-rpFg","微信读书"
"川大就业","2025-12-11","校园招聘 | 华润燃气2026届校园招聘“菁英计划· 管培生”全面开启","https://mp.weixin.qq.com/s/s-kzIyi2TtbLIjxl_L_oXA","微信读书"
"川大就业","2025-12-11","校园招聘 | 航空工业未来飞行训练装备技术协同创新中心（北京）2025年博士招聘","https://mp.weixin.qq.com/s/joOfgWaO6mCQ-8OBz4jpsg","微信读书"
"川大就业","2025-12-11","校园招聘 | 东莞市步步高实验学校校园招聘","https://mp.weixin.qq.com/s/3_FZRdIGedOLHLuSRApQvQ","微信读书"
"川大就业","2025-12-11","校园招聘 | 北京航天万源科技有限公司2026校园招聘","https://mp.weixin.qq.com/s/_lgFdGilRWIy6ZbslFILQA","微信读书"
"川大就业","2025-12-11","校外双选 | 第四届四川省社会组织招聘活动暨益社共筑、职引未来2025年成都市社会组织助力高校毕业生就业创业专场招聘","https://mp.weixin.qq.com/s/piL35EgVjljXobZG_waqew","微信读书"
"川大就业","2025-12-11","线下双选 | 12月12日 | “周五职通车”-江安校区综合场（四）","https://mp.weixin.qq.com/s/-h04T__sBw6op5LE9NLLVA","微信读书"
"川大就业","2025-12-10","校园招聘｜筑梦九天 火耀未来 | 四川航天川南火工技术有限公司2026届校园招聘火热进行中","https://mp.weixin.qq.com/s/8u4AwKpVgDdSfty1yVk2AA","微信读书"
"川大就业","2025-12-10","校园招聘｜中国科学院合肥物质科学研究院管理及支撑岗位招聘","https://mp.weixin.qq.com/s/qjQ9S03GA9cAo1_2k2yYzQ","微信读书"
"川大就业","2025-12-10","校园招聘｜“能”人志士，“源”梦有你 | 清华四川院2026校园招聘正式开启","https://mp.weixin.qq.com/s/a6Z_uObPbqaA-MnhFcQcpA","微信读书"
"川大就业","2025-12-10","线下宣讲 | 12月11日 | 四川省毒品监测技术中心","https://mp.weixin.qq.com/s/JGHBvH-6RJ9bI7kQBklyQA","微信读书"
"川大就业","2025-12-10","线下宣讲 | 12月11日 | 杭州地铁运营有限公司2026届校园招聘","https://mp.weixin.qq.com/s/gQLONEwyJG8ROXqzUAbK9g","微信读书"
"川大就业","2025-12-10","线下宣讲 | 12月11日 | 成都市双流区立格实验学校","https://mp.weixin.qq.com/s/N7rS9VLGkh3sTPThKweQvQ","微信读书"
"川大就业","2025-12-10","12月11日 | 宣讲会&招聘信息一览","https://mp.weixin.qq.com/s/FIipD52hPQDRcUdbAAy4lg","微信读书"
"川大就业","2025-12-09","重点领域 | 刘妤：青春当燃，逐梦远方","https://mp.weixin.qq.com/s/iw77ov9Qm80ongszkX7log","微信读书"
"川大就业","2025-12-09","校园招聘｜成方金融科技有限公司2026届校园招聘","https://mp.weixin.qq.com/s/E1fyv7GyEaZJzLivcvdxUQ","微信读书"
"川大就业","2025-12-09","线下宣讲&双选 | 12月10日 | 才聚江西 智荟赣鄱” 江西省“引培生”招录宣讲+双选会——四川大学站","https://mp.weixin.qq.com/s/eMGWUGl0zjN__I0HI5er6Q","微信读书"
"川大就业","2025-12-09","线下宣讲 | 12月10日 | 江西天新药业股份有限公司","https://mp.weixin.qq.com/s/gn6gIzcq4cuzJx2fg_E4Vw","微信读书"
"川大就业","2025-12-09","线下宣讲 | 12月10日 | 广东联通2026校园招聘进行中","https://mp.weixin.qq.com/s/_pxHZqK6A9FDcAVGInm2cw","微信读书"
"川大就业","2025-12-09","地方引才 | 关于诚邀参加第十六届“河北省高层次人才引进交流大会”的函","https://mp.weixin.qq.com/s/whXNNzVEsti9ivgJkGVLlg","微信读书"
"川大就业","2025-12-09","12月10日 | 双选会&宣讲会&招聘信息一览","https://mp.weixin.qq.com/s/-TJXgvy5cnOeiGpHtgFXjA","微信读书"
"川大就业","2025-12-08","助理招新 | 解锁你的未来！川大就业指导中心市场科学生助理团队招新啦！","https://mp.weixin.qq.com/s/QuUARxUnktYvnL0hzYKVpA","微信读书"
"川大就业","2025-12-08","校园招聘 | 中远海运财产保险自保有限公司经理层主要负责人公开招聘","https://mp.weixin.qq.com/s/hS2Xn-y3ZQXyDi9EWkWOvA","微信读书"
"川大就业","2025-12-08","校园招聘 | 人民日报社2026年度公开招聘工作人员公告","https://mp.weixin.qq.com/s/8_iDHVXZ8Jq0MTQG8G9oEw","微信读书"
"川大就业","2025-12-08","线下宣讲 | 12月9日 | 普米斯生物技术（珠海）有限公司","https://mp.weixin.qq.com/s/2LlqgaC5YkFNG3pWKXIQSA","微信读书"
"川大就业","2025-12-08","线下宣讲 | 12月9日 | 宁波市北仑区教育局","https://mp.weixin.qq.com/s/-bw2c9vBdx1kEixLqa41Jw","微信读书"
"川大就业","2025-12-08","线下宣讲 | 12月9日 | 成都高新投资集团有限公司 2026届第一批校园招聘","https://mp.weixin.qq.com/s/xO9zBS3A-3RBOkIGbSUZ_w","微信读书"
"川大就业","2025-12-08","线下宣讲 | 12月9日 | 安徽叉车集团有限责任公司","https://mp.weixin.qq.com/s/FZWXW8LkGnA4XPwPERn9YA","微信读书"
"川大就业","2025-12-08","12月9日 | 宣讲会&招聘信息一览","https://mp.weixin.qq.com/s/MFV08CPvXxOOd_e5WRW24A","微信读书"
"川大就业","2025-12-07","用人单位邀请函 | 线下双选 | 12月12日 |  “周五职通车”-江安校区综合场（四）","https://mp.weixin.qq.com/s/ovQzXjQoCkM5vfq9DQaI6w","微信读书"
"川大就业","2025-12-07","校园招聘 | 中建三局总承包公司2026届校园招聘正式启动","https://mp.weixin.qq.com/s/pNoebojbsyZElFfQcHbzJg","微信读书"
"川大就业","2025-12-07","校园招聘 | 中建电商（云筑）2026届校园招聘正式启动","https://mp.weixin.qq.com/s/t5NU2NoeJrqUwK8CkmFsug","微信读书"
"川大就业","2025-12-07","校园招聘 | 秋招冲刺&春招抢跑！免费住宿&岗位推荐","https://mp.weixin.qq.com/s/Sv4iAEUhlVwfvEnYv_uzVw","微信读书"
"川大就业","2025-12-07","校园招聘 | 华夏幸福2026届常青藤校园招聘","https://mp.weixin.qq.com/s/4RyDAaFRQZFaaDLctonIgw","微信读书"
"川大就业","2025-12-07","线下宣讲 | 12月8日 | 普米斯生物技术（珠海）有限公司","https://mp.weixin.qq.com/s/zXHLlKf-ZxYwwajFw3EM5A","微信读书"
"川大就业","2025-12-06","用人单位邀请函 | 线下双选 | 12月12日 |  “周五职通车”-江安校区综合场（四）","https://mp.weixin.qq.com/s/qLw_WCTJQ0WyL-8iDDZ0Eg","微信读书"
"川大就业","2025-12-06","校园招聘 | 四川大学宜宾园区专职博士后招聘启事（2025年第四期）","https://mp.weixin.qq.com/s/O3RcbLNZbHJbLq3PH544Ng","微信读书"
"川大就业","2025-12-06","校园招聘 | 思创数智科技有限公司","https://mp.weixin.qq.com/s/1LFZMB8THpHEe1b4XZsMUQ","微信读书"
"川大就业","2025-12-06","校园招聘 | 今起报名！浙大公开招聘，等你来","https://mp.weixin.qq.com/s/eP3tqH-GZxFNwcLifsdyTw","微信读书"
"川大就业","2025-12-06","校园招聘 | 江苏中烟工业有限责任公司","https://mp.weixin.qq.com/s/xPhUBckJDMy2j3rtVjZdPw","微信读书"
"川大就业","2025-12-06","校园招聘 | 国家电力投资集团有限公司高级管理人员选聘公告","https://mp.weixin.qq.com/s/T0hC1TVm4-ozv_qY0M4Pqw","微信读书"
"川大就业","2025-12-05","选调风采|马煜东: 青春无悔赴基层，理想照亮回乡路","https://mp.weixin.qq.com/s/xcj-_Oj83nrYd2Ym5O71xA","微信读书"
"川大就业","2025-12-05","校园招聘 | 珠海·横琴2026年全球知名高校优秀青年人才寒假实践活动来了！","https://mp.weixin.qq.com/s/KVZJpUct2iphbEdxvr3BRA","微信读书"
"川大就业","2025-12-05","校园招聘 | 中国长城资产校园招聘正式启动","https://mp.weixin.qq.com/s/Mr8JmA5lLDfBL42QrqSbbQ","微信读书"
"川大就业","2025-12-05","校园招聘 | 央企名企公共管理类专业岗位推荐 （第一期）","https://mp.weixin.qq.com/s/yF70nVk3dTyqWIsCHEh8IA","微信读书"
"川大就业","2025-12-05","校园招聘 | 江西省农业科学院2026年高层次人才招聘","https://mp.weixin.qq.com/s/hz4LdkfulSMZYAwugHWOlg","微信读书"
"川大就业","2025-12-05","校园招聘 | 共逐光明梦，赋能新未来 | 南方投资集团2026年校园招聘全面启动！","https://mp.weixin.qq.com/s/eJCBzjdnUnBm0Fa3zDaEXg","微信读书"
"川大就业","2025-12-05","线下双选 | 12月8日 | 2025年秋季西南区域博士、博士后专场—成都站","https://mp.weixin.qq.com/s/4rlv-ctejqfUmwY2-oj5lQ","微信读书"
"川大就业","2025-12-05","课程预告 | 教育部“互联网+就业指导”公益直播课：解锁就业“心”技能——大学生就业压力的心理解码与应对之道","https://mp.weixin.qq.com/s/92TlNzIx6n4yai1CHsyu3g","微信读书"
"川大就业","2025-12-04","重点领域 | 牟娇:路虽远，行则将至","https://mp.weixin.qq.com/s/QG4yta_Z15EkblJUEspgDg","微信读书"
"川大就业","2025-12-04","用人单位邀请函 | 线下双选 | 12月12日 |  “周五职通车”-江安校区综合场（四）","https://mp.weixin.qq.com/s/nCxfy3AQdLqLGS5bakjUSQ","微信读书"
"川大就业","2025-12-04","校园招聘 | 中建电商（云筑）2026届星青年校园招聘正式启动","https://mp.weixin.qq.com/s/hOuzOFzui7U2Ww9SCaLheA","微信读书"
"川大就业","2025-12-04","校园招聘 | 中国再保2026届校园招聘","https://mp.weixin.qq.com/s/eoaXTEUZ4qZ0faa9Th8ZoQ","微信读书"
"川大就业","2025-12-04","校园招聘 | 央企名企生物学类专业岗位推荐 11月（第一期）","https://mp.weixin.qq.com/s/Vaz7o1u4HXTcUzXrEe1eKg","微信读书"
"川大就业","2025-12-04","校园招聘 | 西安银行2026校园招聘启事","https://mp.weixin.qq.com/s/PsyHtm9ICPZxq-iDBGM57A","微信读书"
"川大就业","2025-12-04","线下双选&宣讲 | 12月5日 | 达州市“达人英才计划”2025年事业单位引才（成都场）","https://mp.weixin.qq.com/s/vnT_yVR2BVc6grH7E7NWDA","微信读书"
"川大就业","2025-12-03","扬帆大志行 | 电子学生走进高科技企业成都九洲迪飞","https://mp.weixin.qq.com/s/dFKLYKYoO_y6bQAp3c8H8g","微信读书"
"川大就业","2025-12-03","校园招聘 | 珠海·横琴2026年全球知名高校优秀青年人才寒假实践活动来了！","https://mp.weixin.qq.com/s/XrDJ44w_afvRXW3mHuM4aA","微信读书"
"川大就业","2025-12-03","校园招聘 | 宁波金融资产管理股份有限公司2026校园招聘","https://mp.weixin.qq.com/s/yc2NnJu2ji_fjAzlCsn2aQ","微信读书"
"川大就业","2025-12-03","校园招聘 | 迈瑞医疗2026届全球校园招聘 - AI专项热招中","https://mp.weixin.qq.com/s/HKCWOZiJq_Wlnu0dL1Gpkw","微信读书"
"川大就业","2025-12-03","校园招聘 | 国家移民管理局出入境管理信息技术研究所2026年公开招聘","https://mp.weixin.qq.com/s/82_UImLbLQKDVJApKhWgTw","微信读书"
"川大就业","2025-12-03","校园招聘 | 共逐光明梦，赋能新未来 | 南方投资集团2026年校园招聘全面启动！","https://mp.weixin.qq.com/s/U9iQOzFkrZ0-U5mzmNJ7WA","微信读书"
"川大就业","2025-12-03","岗位推荐 | 央企名企哲学类专业岗位推荐 11月（第一期）","https://mp.weixin.qq.com/s/-ghp9Q6bHZfgAbTZimirkg","微信读书"
"川大就业","2025-12-02","选调生 | 陕西省2026年度定向选调应届优秀大学毕业生公告","https://mp.weixin.qq.com/s/ITdRaBYonfaeyJYeom14-A","微信读书"
"川大就业","2025-12-02","选调生 | 广东省2026年度选调优秀大学毕业生公告","https://mp.weixin.qq.com/s/rWmQ3leZ0Jjhk_3ZaPzNSg","微信读书"
"川大就业","2025-12-02","选调风采|李宇灏: 心之所向，素履以往","https://mp.weixin.qq.com/s/BfD2Z5fhyupDj8pNyhdfUA","微信读书"
"川大就业","2025-12-02","校园招聘 | 中再资产2026年度校园招聘","https://mp.weixin.qq.com/s/cyieTnwo0LWNpJyDCfblNw","微信读书"
"川大就业","2025-12-02","校园招聘 | 奇瑞捷豹路虎2026校园招聘·焕新启航","https://mp.weixin.qq.com/s/HpNSUwCp0vLFcqCLBMrZgQ","微信读书"
"川大就业","2025-12-02","线下宣讲&双选 | 12月3日 | 暖城之邀——鄂尔多斯市2025年度四川站引才选聘","https://mp.weixin.qq.com/s/O6j161mG9c694YA594Yb4Q","微信读书"
"川大就业","2025-12-02","线下宣讲 | 12月3日 | 北京市长城企业战略研究所","https://mp.weixin.qq.com/s/YIipdCzJ0a7nA9p6uO4Lgg","微信读书"
"川大就业","2025-12-02","12月3日 | 双选会&宣讲会&招聘信息一览","https://mp.weixin.qq.com/s/R3NOdWVUaGeOzYbTpL52IQ","微信读书"
"川大就业","2025-12-01","校园招聘 | 中国地质大学（武汉） 2025-2026年度管理和专业技术人员招聘启事","https://mp.weixin.qq.com/s/8KSvglnCtVTiQBXRARO7GA","微信读书"
"川大就业","2025-12-01","校园招聘 | 国家外汇管理局中央外汇业务中心2026年度应届生公开招聘20人公告","https://mp.weixin.qq.com/s/aFvdziRrPDb22mM4I00tbw","微信读书"
"川大就业","2025-12-01","校园招聘 | 广西气象局2026年应届毕业生博士岗位补充招聘公告","https://mp.weixin.qq.com/s/FzUHf8Jf9YGkXDs4to8gCA","微信读书"
"川大就业","2025-12-01","校园招聘 | 复旦大学2026年度专职辅导员、专职心理健康教育教师公开招聘启事","https://mp.weixin.qq.com/s/vTFl_TBwWWfQZ3QejGqL8Q","微信读书"
"川大就业","2025-12-01","线下宣讲 | 12月1日 | 绵阳蓝奥机器人有限公司","https://mp.weixin.qq.com/s/etFq36eerhbB7ZOak6E30g","微信读书"
"川大就业","2025-12-01","线下宣讲 | 12月1日 | 创通新科（深圳）集团有限公司","https://mp.weixin.qq.com/s/jjNBBwqoydImVCN-gv1-kQ","微信读书"
"川大就业","2025-12-01","12月1日 | 宣讲会&招聘信息一览","https://mp.weixin.qq.com/s/1RNTktCWGhYDZN2iqUGBBA","微信读书"
"川大就业","2025-11-29","助理招新 | 解锁你的未来！川大就业指导中心市场科学生助理团队招新啦！","https://mp.weixin.qq.com/s/XZdiVfh3P5JZDDVet-7dUw","微信读书"
"川大就业","2025-11-29","研究生支教团|刘静秋:青春赴山海，支教绽芳华","https://mp.weixin.qq.com/s/P_cdtLJa8PwWzHGqAeRHeQ","微信读书"
"川大就业","2025-11-29","校园招聘 | 中国地质大学（武汉）2025-2026年度专职辅导员招聘启事","https://mp.weixin.qq.com/s/cyDctTxCE1I8kvb6pb0Uzw","微信读书"
"川大就业","2025-11-29","校园招聘 | 心田花开“职场副本”青苗速来闯关！","https://mp.weixin.qq.com/s/1X2JKLBMfXOwcHh2RHRfug","微信读书"
"川大就业","2025-11-29","校园招聘 | 上海外服2026届管培生校园招聘正式启动！","https://mp.weixin.qq.com/s/2_xPdcjnfbdu9ztOW3xNrw","微信读书"
"川大就业","2025-11-29","校园招聘 | 九号公司2026届校园招聘正式启动！","https://mp.weixin.qq.com/s/7EcfCisDddbBEup9BdvJqQ","微信读书"
"川大就业","2025-11-29","课程预告 | 教育部“互联网+就业指导”公益直播课：明晰方向，驭浪前行——在不确定时代掌控你的内在力量","https://mp.weixin.qq.com/s/LjrZEngWgpm11n4PtAHeZg","微信读书"
"川大就业","2025-11-28","重点领域|徐国安:以专业笃行，叩开职业之门","https://mp.weixin.qq.com/s/zpvVje0wOou5-EyEpyFxAw","微信读书"
"川大就业","2025-11-28","用人单位邀请函 | 线下双选 | 12月5日 | “周五职通车”-先进制造专场","https://mp.weixin.qq.com/s/xxDbaJtPT7u9Oeuby_we0w","微信读书"
"川大就业","2025-11-28","校园招聘 | 央企名企航空航天类专业岗位推荐","https://mp.weixin.qq.com/s/f8vTRjrWbtSr8YE1U-zk9Q","微信读书"
"川大就业","2025-11-28","校园招聘 | 西南民族大学2026年人才引进预公告","https://mp.weixin.qq.com/s/tGNtF1pmmvOkdhlf047ktA","微信读书"
"川大就业","2025-11-28","校园招聘 | 四川开放大学2025年下半年事业编制岗位公开考核招聘博士教师公告","https://mp.weixin.qq.com/s/jnLNwhxYmc7TIhSVpIdz0Q","微信读书"
"川大就业","2025-11-28","校园招聘 | 国网信通产业集团2026届校园招聘正式启动！","https://mp.weixin.qq.com/s/nkMcE5c4F3CWbBQj1ZPKXQ","微信读书"
"川大就业","2025-11-28","校园招聘 | 北京证券交易所全国股转公司2025年校园招聘公告","https://mp.weixin.qq.com/s/vJmaNzNmE7bjiBnUJXK3PA","微信读书"
"川大就业","2025-11-28","校园招聘 | 北京理工大学附属实验学校招聘","https://mp.weixin.qq.com/s/CXai2WsYdVIabQKuGuTfTQ","微信读书"
"川大就业","2025-11-27","校园招聘 | 招聘|四川省教育考试院公开招聘编外聘用人员15人！","https://mp.weixin.qq.com/s/I4WCqmOOWCuydD8aWkKNRg","微信读书"
"川大就业","2025-11-27","线下宣讲 | 11月28日 | 新华社2026年校园招聘宣介会","https://mp.weixin.qq.com/s/LmjP7PcW3PjQlEqtQgpuEA","微信读书"
"川大就业","2025-11-27","线下宣讲 | 11月28日 | 重庆康洲大数据(集团)有限公司","https://mp.weixin.qq.com/s/hk4aNRePxyJdpMwzNZKEJw","微信读书"
"川大就业","2025-11-27","线下宣讲 | 11月28日 | 2026年度珠海市干部队伍储备人才选聘及选调生政策宣讲会（四川大学专场）","https://mp.weixin.qq.com/s/9c4BtHc-chmBE7_bM9e-yw","微信读书"
"川大就业","2025-11-27","线下双选 | 11月28日 | 全国重点高校2025年秋季硕士、博士、博士后 人才引进招聘会四川大学站","https://mp.weixin.qq.com/s/45ex5hCcenA3lRoVs-cJbg","微信读书"
"川大就业","2025-11-27","线下双选 | 11月28日 | “周五职通车”-硕博专场","https://mp.weixin.qq.com/s/1Sc73Fag2amHqoxeOzGRRQ","微信读书"
"川大就业","2025-11-27","线下双选 | 11月28日 | “博聚楚天·共建支点”湖北省2025年赴外省招硕引博活动暨全国重点高校2025年秋季招聘","https://mp.weixin.qq.com/s/kvM069Hoi_GpGewAKrScTA","微信读书"
"川大就业","2025-11-27","11月28日 | 双选会&宣讲会&招聘信息一览","https://mp.weixin.qq.com/s/-KXuPBAA2nbtAx9OhZp_0A","微信读书"
"川大就业","2025-11-26","选调生 | 西藏自治区2026年度定向选调应届优秀大学毕业生公告","https://mp.weixin.qq.com/s/3T_aZMK7MiieR4WQJDAXyQ","微信读书"
"川大就业","2025-11-26","校园招聘 | 南开大学2026年学生工作辅导员岗位招收公告","https://mp.weixin.qq.com/s/6jvyoxIP9HF8WbPpzmilqQ","微信读书"
"川大就业","2025-11-26","线下宣讲 | 11月27日 | 中山大学附属小学2026年教师招聘","https://mp.weixin.qq.com/s/zV7OgtlV8CpSwqCwpk--_Q","微信读书"
"川大就业","2025-11-26","线下宣讲 | 11月27日 | 泰达建设集团","https://mp.weixin.qq.com/s/50XthaFcXtb8D6ff2D5w3A","微信读书"
"川大就业","2025-11-26","线下宣讲 | 11月27日 | 深圳蜂巢互联科技有限公司","https://mp.weixin.qq.com/s/7JJ0oAq73L4tdoFciNAXiw","微信读书"
"川大就业","2025-11-26","线下宣讲 | 11月27日 | 金诺教育集团2026年四川大学招聘专场","https://mp.weixin.qq.com/s/OIHLSlIrKVZ_3xoisPELvw","微信读书"
"川大就业","2025-11-26","地方引才 | 河南省科学院2025年公开招聘高层次人才686人公告","https://mp.weixin.qq.com/s/cjYXq9mBUSt29Cz0PdxjAg","微信读书"
"川大就业","2025-11-26","11月27日 | 宣讲会&招聘信息一览","https://mp.weixin.qq.com/s/cmBCMXn9XIoleJNtljOBOQ","微信读书"
"川大就业","2025-11-25","校园招聘 | 中国电科四十、四十一所2026届校园招聘启动","https://mp.weixin.qq.com/s/uDXgtI4KfAMfiFa985KroQ","微信读书"
"川大就业","2025-11-25","校园招聘 | 康龙化成2026届全球校园招聘启动！","https://mp.weixin.qq.com/s/sSeOI7PG0AL4AKy3bwAHBQ","微信读书"
"川大就业","2025-11-25","线下宣讲 | 11月26日 | 莱克电气股份有限公司","https://mp.weixin.qq.com/s/7c9UrwbW9T6DP4Z-dF_U5A","微信读书"
"川大就业","2025-11-25","线下宣讲 | 11月26日 | 德邦快递2026届校园招聘","https://mp.weixin.qq.com/s/hQfwe9AFAwSGa3g7CDKngQ","微信读书"
"川大就业","2025-11-25","国内深造 | 朴泓瑜：行而不辍，逐梦直博规划之路","https://mp.weixin.qq.com/s/znqmZDVytahS1d90S9ALMw","微信读书"
"川大就业","2025-11-25","地方引才 | 西藏自治区财政厅2026年度引进急需紧缺人才公告","https://mp.weixin.qq.com/s/p2VtyHII36zht9sNSeUb0g","微信读书"
"川大就业","2025-11-25","11月26日 | 宣讲会&招聘信息一览","https://mp.weixin.qq.com/s/acq95DK5S6uQYDa6OjoYHg","微信读书"
"川大就业","2025-11-24","校园招聘 | 中国航空工业集团凯天岗位招聘","https://mp.weixin.qq.com/s/ka8nHID3TfydBs1kaQgzew","微信读书"
"川大就业","2025-11-24","校园招聘 | 陆军研究院某研究所","https://mp.weixin.qq.com/s/2wqYLEmpUW7KSVxSa433jw","微信读书"
"川大就业","2025-11-24","线下宣讲&双选 | 11月25日 | 2025东营市招才引智高校行","https://mp.weixin.qq.com/s/2e7Ykqa4hVWRvln-OwkcCA","微信读书"
"川大就业","2025-11-24","线下宣讲 | 11月25日 | 宁波市鄞州区人力资源和社会保障局","https://mp.weixin.qq.com/s/osD9l12HCuDnEPdx2DV9wg","微信读书"
"川大就业","2025-11-24","线下宣讲 | 11月25日 | 福建永福电力设计股份有限公司","https://mp.weixin.qq.com/s/523zKNSPncrem2A_5dtcPA","微信读书"
"川大就业","2025-11-24","就业指导 | 四川大学专属求职神器——求职精灵上线！","https://mp.weixin.qq.com/s/BeqbEPRaZzn1C-Gq3U-RPQ","微信读书"
"川大就业","2025-11-24","11月25日 | 双选会&宣讲会&招聘信息一览","https://mp.weixin.qq.com/s/5rTew0UVbaI0yQdPKJGzMg","微信读书"
"川大就业","2025-11-23","校园招聘 | 中信城开2026年校园招聘","https://mp.weixin.qq.com/s/aK2tXO4KBrrfWPQLphYX2g","微信读书"
"川大就业","2025-11-23","校园招聘 | 中国航油2026届校园招聘全面启动","https://mp.weixin.qq.com/s/XTmtMU3JaIhC9I8XqcS_Zw","微信读书"
"川大就业","2025-11-23","校园招聘 | 华中科技大学公开招聘专职辅导员启事","https://mp.weixin.qq.com/s/CZXo1Mi42qHLcBq52vNA9Q","微信读书"
"川大就业","2025-11-23","线下宣讲&双选 | 11月24日 | “激荡青春 创业南充”四川大学综合类专场招聘活动","https://mp.weixin.qq.com/s/eRbCcVHFtLh8rfBTi8VV3g","微信读书"
"川大就业","2025-11-23","线下宣讲 | 11月24日 | 重庆巅慧科技有限公司","https://mp.weixin.qq.com/s/-q1EbZX7Vd4pNkLjkY-wtA","微信读书"
"川大就业","2025-11-23","线下宣讲 | 11月24日 | 2025年重庆大学专职辅导员招聘宣讲会","https://mp.weixin.qq.com/s/DD-TLJ2QBUTxx2aRnwD2_Q","微信读书"
"川大就业","2025-11-23","11月24日 | 双选会&宣讲会&招聘信息一览","https://mp.weixin.qq.com/s/dY3tp5O4jb0By0lD49mPGQ","微信读书"
"川大就业","2025-11-22","助理招新 | 解锁你的未来！川大就业指导中心市场科学生助理团队招新啦！","https://mp.weixin.qq.com/s/HIpWDxSus9qWuQLwIg0ygw","微信读书"
"川大就业","2025-11-22","校园招聘 | 中国南方航空2026届校园招聘","https://mp.weixin.qq.com/s/pWuXIMRh6jELUyeUGeNAcw","微信读书"
"川大就业","2025-11-22","校园招聘 | 中国兵器工业第二〇六研究所校园招聘","https://mp.weixin.qq.com/s/cQWcPNXD_4y0ECL9rDblpA","微信读书"
"川大就业","2025-11-22","校园招聘 | 香港科技大学（广州）硕博士招生师生见面会","https://mp.weixin.qq.com/s/3mcDo_ASz7T9bPHZHI921w","微信读书"
"川大就业","2025-11-22","校园招聘 | 施维雅2026校园招聘开启，校园到职场，施家手账藏着成长答案","https://mp.weixin.qq.com/s/wvD7jpGFi7WsB-7wEPEVzA","微信读书"
"川大就业","2025-11-22","校园招聘 | 省广集团2026届校园招聘正式启航！","https://mp.weixin.qq.com/s/d5HhgRbPaC4b4JeJPMXo1Q","微信读书"
"川大就业","2025-11-22","校园招聘 | 瑞沃德2026届校招多城启动，速查宣讲行程！","https://mp.weixin.qq.com/s/_iwNXSA3RcOC0NCjZxGa8g","微信读书"
"川大就业","2025-11-22","校园招聘 | 奇瑞捷豹路虎2026校园招聘·焕新启航","https://mp.weixin.qq.com/s/FSXpi09Wp12tSur0DAW_Zw","微信读书"
"川大就业","2025-11-21","用人单位邀请函 | 线下双选 | 11月28日 | “周五职通车”-硕博专场","https://mp.weixin.qq.com/s/p4ZaV96KZ_4dXWjaFiCz_Q","微信读书"
"川大就业","2025-11-21","选调生 | 福建省2026年度选调生选拔工作公告","https://mp.weixin.qq.com/s/_fJDR-1DcqRd8mbX9tNNBw","微信读书"
"川大就业","2025-11-21","校园招聘 | 未岚大陆2026届校园招聘","https://mp.weixin.qq.com/s/y5Zw8dt83sJrah9nrRyA2g","微信读书"
"川大就业","2025-11-21","校园招聘 | 金茂服务2026届校园招聘","https://mp.weixin.qq.com/s/h9xXZ6mLYkER9N7pA1i73g","微信读书"
"川大就业","2025-11-21","校园招聘 | 汇丰科技 2026 校招：码定未来，职得无限！","https://mp.weixin.qq.com/s/I-E6hgAKtPMfBS_eNpmVwQ","微信读书"
"川大就业","2025-11-21","校园招聘 | 北京证券交易所 全国股转公司 中证股转科技有限公司2025年校园招聘","https://mp.weixin.qq.com/s/4hBhu_qVsl9VYaKcuRVpwA","微信读书"
"川大就业","2025-11-21","课程预告 | 教育部“互联网+就业指导”公益直播课：信息通信业发展趋势和职业机会","https://mp.weixin.qq.com/s/-optzuWIQaM-J3YD_0qcqw","微信读书"
"川大就业","2025-11-21","国内深造 | 李爱冰:代码深耕学术志，笃行致远向未来","https://mp.weixin.qq.com/s/XehHxEoHzWTRCnPz2zCcIA","微信读书"
"川大就业","2025-11-20","选调风采|褚悦:以经济学之笔，绘基层服务之卷","https://mp.weixin.qq.com/s/tTqPwXTK4CmOV7Nt5hP11Q","微信读书"
"川大就业","2025-11-20","校园招聘 | 智绘绿能新篇 共赴燃梦未来——华润燃气2026届校园招聘“菁英计划”","https://mp.weixin.qq.com/s/CMqOxcAnKFZtMFa7zW1GeA","微信读书"
"川大就业","2025-11-20","校园招聘 | 秦山核电2026年校园招聘正式启动：铸国之光荣，聘天下英才","https://mp.weixin.qq.com/s/ph32oZHdhEOin1_sCnARYA","微信读书"
"川大就业","2025-11-20","校园招聘 | 教育部直属事业单位2026年度公开招聘公告（应届生）","https://mp.weixin.qq.com/s/gI8gbdP862wrweVIbh9z2Q","微信读书"
"川大就业","2025-11-20","线下宣讲 | 11月21日 | 中国地质大学（武汉）2025-2026年度管理和专业技术人员、辅导员招聘","https://mp.weixin.qq.com/s/JBMc0atiK4poNTdIql_osA","微信读书"
"川大就业","2025-11-20","线下双选 | 11月21日 | “周五职通车”——成渝地区专场","https://mp.weixin.qq.com/s/wVDH3GO0O_c7MLM1pKdwXg","微信读书"
"川大就业","2025-11-20","国企招聘 | 中国储备粮管理集团有限公司2026年度招聘公告","https://mp.weixin.qq.com/s/Rh_3ZDJe44rQBGKf1u08jg","微信读书"
"川大就业","2025-11-20","11月21日 | 双选会&宣讲会&招聘信息一览","https://mp.weixin.qq.com/s/vpWYXQedD9zEwWO-fvOuIw","微信读书"
"川大就业","2025-10-27","校园招聘 | 中国铁塔2026年秋季校园招聘正式启动！","https://mp.weixin.qq.com/s/xkgm6x2yfDFcs20mIQ9J8Q","微信读书"
"川大就业","2025-10-27","校园招聘 | 河北建投新能源有限公司2026届校园招聘","https://mp.weixin.qq.com/s/U4jE23JGK6c4ed6mekf_Qw","微信读书"
"川大就业","2025-10-27","线下宣讲&双选 | 10月28日 | 信息支援部队文职人员宣讲","https://mp.weixin.qq.com/s/9PyfGgsJBS-n-UkiAeg0uA","微信读书"
"川大就业","2025-10-27","线下宣讲&双选 | 10月28日 | 国家电投2026年度校园招聘宣讲会","https://mp.weixin.qq.com/s/sf-0F7g-wP1dx8OwBET_hw","微信读书"
"川大就业","2025-10-27","线下宣讲&双选 | 10月28日 | 2025年四川广元人才活动推介会","https://mp.weixin.qq.com/s/zI9yvpFHbPFV59YfCR03Lw","微信读书"
"川大就业","2025-10-27","线下宣讲 | 10月28日 | 中核四0四有限公司2026届秋季校园招聘简章","https://mp.weixin.qq.com/s/iTjcww1wcZ0KDrC4botDYg","微信读书"
"川大就业","2025-10-27","线下宣讲 | 10月28日 | 石家庄2025年“进百校”宣讲活动","https://mp.weixin.qq.com/s/R2PXVzfUGuIEYwmOTOYa9g","微信读书"
"川大就业","2025-10-27","10月28日 | 双选会&宣讲会&招聘信息一览","https://mp.weixin.qq.com/s/MabzZODfnaiYuvipVVASHw","微信读书"
"川大就业","2025-10-26","校园招聘 | 重庆大学专业技术人员招聘","https://mp.weixin.qq.com/s/4Pu1s1QLPynrtr0KTihJVA","微信读书"
"川大就业","2025-10-26","线下宣讲&双选 | 10月27日 | 中国航天科工2026届校园招聘全面启动","https://mp.weixin.qq.com/s/2HnYWvv-pkcwbA72UZY1iA","微信读书"
"川大就业","2025-10-26","线下宣讲&双选 | 10月27日 | 智汇涪江 才享遂宁 2025年“遂州英才”高校行——成都专场","https://mp.weixin.qq.com/s/JNbQpyB6kGvkySVPcR_2kw","微信读书"
"川大就业","2025-10-26","线下宣讲&双选 | 10月27日 | 2025年自贡知名高校秋招行四川大学专场","https://mp.weixin.qq.com/s/UsUEpjjzJRhgYg4EEr6vCw","微信读书"
"川大就业","2025-10-26","线下宣讲 | 10月27日 | 中建港航局集团有限公司2026届校园招聘","https://mp.weixin.qq.com/s/iD_brbXwpHBleXBchi9Drw","微信读书"
"川大就业","2025-10-26","线下宣讲 | 10月27日 | 凯莱英医药集团2026届校园招聘正式启动！","https://mp.weixin.qq.com/s/JlRkC-VJ3oJybe4KhVsqmw","微信读书"
"川大就业","2025-10-26","线下宣讲 | 10月27日 | 喀什地区人才引进宣讲会","https://mp.weixin.qq.com/s/jAw9xBcXOihYyWN5DNCdXw","微信读书"
"川大就业","2025-10-26","10月27日 | 双选会&宣讲会&招聘信息一览","https://mp.weixin.qq.com/s/PfgVTJbLD9YugY0Px0AtFg","微信读书"
"川大就业","2025-10-24","校园招聘丨四川资源集团2026届校园招聘盛大启动","https://mp.weixin.qq.com/s/am8NLj8h_mfh_NE_HYQOOQ","微信读书"
"川大就业","2025-10-24","校园招聘丨四川省钢构制造有限公司2026年应届毕业生校园招聘正式启动","https://mp.weixin.qq.com/s/UYPLr5mbHrkjcRUKXvVHYA","微信读书"
"川大就业","2025-10-24","校园招聘 | 中国移动互联网2026校园招聘正式启动！","https://mp.weixin.qq.com/s/vJxTvnKUvN1R3UWJyjC_Bw","微信读书"
"川大就业","2025-10-24","校园招聘 | 浙江省海洋风电发展有限公司2026年应届生招聘简章","https://mp.weixin.qq.com/s/5WI3dppqXqpjcwg6rcuCtw","微信读书"
"川大就业","2025-10-24","线下宣讲 | 10月26日 | 陕西飞机工业有限责任公司","https://mp.weixin.qq.com/s/0dP3zQaXyDrsnoVu2TGa_A","微信读书"
"川大就业","2025-10-24","线下宣讲 | 10月25日 | 中建八局2026届“新砼人”校园招聘全面开启！","https://mp.weixin.qq.com/s/b-0Gr-ef8DAeyD_ESiiG8Q","微信读书"
"川大就业","2025-10-24","线下双选 | 10月25日 | 四川大学站硕博专场就业双选会","https://mp.weixin.qq.com/s/YCwh7r2I_lZGLlGjE6NwOw","微信读书"
"川大就业","2025-10-24","10月25日&26日 | 双选会&宣讲会&招聘信息一览","https://mp.weixin.qq.com/s/82VNQQwEiOUCmg0rk11FLA","微信读书"
"川大就业","2025-10-23","校园招聘 | 海南控股2026校园招聘","https://mp.weixin.qq.com/s/E1Ii6ZZIzPnqNhIRUuUixg","微信读书"
"川大就业","2025-10-23","校园招聘 | 广东省阳江市阳东区事业单位2025年下半年公开引进高层次（急需紧缺）人才公告","https://mp.weixin.qq.com/s/Csu-SGZfPHSNv4vXI9MTeA","微信读书"
"川大就业","2025-10-23","校园招聘 | 2026年湘潭市市直事业单位综合类、教育类、医卫类岗位硕博人才引进（北京、武汉专场）活动","https://mp.weixin.qq.com/s/kZMIXh3BZscb6MGgwkgiCA","微信读书"
"川大就业","2025-10-23","线下宣讲 | 10月24日 | 中控技术2026届校园招聘正式启动！","https://mp.weixin.qq.com/s/9GmQwR5NcgwAp14JFL_DNA","微信读书"
"川大就业","2025-10-23","线下宣讲 | 10月24日 | 协鑫科技2026届“星光计划”全球校园招聘璀璨启航！","https://mp.weixin.qq.com/s/WC6BSWr0OwkOApa40_43rQ","微信读书"
"川大就业","2025-10-23","线下双选 | 10月24日 |“周五职通车”——四川大学经管文史专场","https://mp.weixin.qq.com/s/9bIqc2oy7ZFbpctDFnsLTw","微信读书"
"川大就业","2025-10-23","活动预告丨10月24日丨就业相关政策、法规讲座","https://mp.weixin.qq.com/s/oUc8hwj0R5ntzaOf9b8LqQ","微信读书"
"川大就业","2025-10-23","10月24日 | 双选会&宣讲会&招聘信息一览","https://mp.weixin.qq.com/s/Ik3IgVstEZziNdadsDf8tQ","微信读书"
"川大就业","2025-10-22","线下宣讲 | 10月23日 | 药明生物2026校园招聘正式启动","https://mp.weixin.qq.com/s/K2Ak5h7yeANBIQrv5bW_pg","微信读书"
"川大就业","2025-10-22","线下宣讲 | 10月23日 | 科伦集团-四川大学专场线下宣讲会！速速扫码入群","https://mp.weixin.qq.com/s/Z8IkCiSsKOoGTJLpT3yASg","微信读书"
"川大就业","2025-10-22","线下宣讲 | 10月23日 | 爱琴海集团2026届校园招聘正式启动","https://mp.weixin.qq.com/s/_pcTHo-vUb35CHgfcrcD2Q","微信读书"
"川大就业","2025-10-22","线下双选 | 10月23日 | ACCA2025成都站财金菁英招聘会","https://mp.weixin.qq.com/s/y9cQKQQrV_ZMIzloNB-ucA","微信读书"
"川大就业","2025-10-22","线下双选 | 10月23日 | 周五职通车-四川大学华西校区医药卫生专场双选会","https://mp.weixin.qq.com/s/vr2E_ierfVoZEjOLiOFrRg","微信读书"
"川大就业","2025-10-22","线下双选 | 10月23日 | 四川大学2025年医药卫生类秋季校园双选会（华东、华南地区专场）","https://mp.weixin.qq.com/s/E9x3U0GIGXQ-6R24imzACA","微信读书"
"川大就业","2025-10-22","面试团辅工作坊｜告别紧张，掌握你的面试主场","https://mp.weixin.qq.com/s/J92mAfX-b99QImj_2fThOw","微信读书"
"川大就业","2025-10-22","10月23日 | 双选会&宣讲会&招聘信息一览","https://mp.weixin.qq.com/s/mGvExHoonaB28dXZeeUEdg","微信读书"
"川大就业","2025-10-21","选调生 | 新疆维吾尔自治区和新疆生产建设兵团2026年度选调大学毕业生公告","https://mp.weixin.qq.com/s/1mC4uylKUZ0_0_x59NGptg","微信读书"
"川大就业","2025-10-21","线下宣讲＆双选 | 10月23日 | 宁波市医疗卫生单位成都专场招聘活动宣讲会","https://mp.weixin.qq.com/s/_za8EtRAUQSvV2dnnVsVog","微信读书"
"川大就业","2025-10-21","线下宣讲＆双选 | 10月22日 | 2025年济南市“才聚泉城高校行” 四川大学专场引才活动","https://mp.weixin.qq.com/s/pXA9gSBtMTZxkHgbTa-5mw","微信读书"
"川大就业","2025-10-21","线下宣讲 | 10月22日 | 中国三峡集团2026年校园招聘","https://mp.weixin.qq.com/s/aN3Y82yfyhrt2HptPlrX8Q","微信读书"
"川大就业","2025-10-21","线下宣讲 | 10月22日 | 名创优品2026校园招聘四川大学站","https://mp.weixin.qq.com/s/hyEBgXmeAC1so_ET5u-TAg","微信读书"
"川大就业","2025-10-21","线下宣讲 | 10月22日 | 建发房产2026届旗建生校园招聘启动","https://mp.weixin.qq.com/s/AVjZ0Ray6VdTkGmg0Myu-Q","微信读书"
"川大就业","2025-10-21","线下双选 | 10月22日 | 四川大学2025年医药卫生类秋季校园双选会（西南地区专场&中部、北部地区专场）","https://mp.weixin.qq.com/s/6vJU7emV-mnYvprhTz8-DQ","微信读书"
"川大就业","2025-10-21","10月22日 | 双选会&宣讲会&招聘信息一览","https://mp.weixin.qq.com/s/jylLNvph5p2meirCr2Q5xQ","微信读书"
"川大就业","2025-10-20","选调生 | 线下宣讲 | 10月21日 | 江苏省2026年应届优秀大学毕业生选调工作公告","https://mp.weixin.qq.com/s/DJ6Xmzh7a2bbXxkenSgkFg","微信读书"
"川大就业","2025-10-20","线下宣讲＆双选 | 10月21日 | 2025南通高新区优企引才成都行","https://mp.weixin.qq.com/s/NA8qNVoqP5XXWJ2Q_NiRQw","微信读书"
"川大就业","2025-10-20","线下宣讲 | 10月21日 | 中国华电集团有限公司","https://mp.weixin.qq.com/s/HMR1VR3yrBGVGfnatfP9eg","微信读书"
"川大就业","2025-10-20","线下宣讲 | 10月21日 | 中国宝武2026届国宝生英才招聘计划","https://mp.weixin.qq.com/s/QnKctEmY6LSQlo0YExmnNA","微信读书"
"川大就业","2025-10-20","线下宣讲 | 10月21日 | 国家电网有限公司直属单位2026年高校毕业生招聘校园宣讲公告","https://mp.weixin.qq.com/s/oFwBgiKwWeHukhKosY5reg","微信读书"
"川大就业","2025-10-20","线下双选 | 10月21日 | 四川大学2025年医药卫生类秋季校园双选会（“蓉漂”专场&川渝专场）","https://mp.weixin.qq.com/s/SC4u818WyB6R9RWCjC22Pw","微信读书"
"川大就业","2025-10-20","线下双选 | 10月21日 | 贵州省2025年省校合作引才四川大学专场","https://mp.weixin.qq.com/s/Tv-XxQ4vjnW_TOJpIrAhOg","微信读书"
"川大就业","2025-10-20","10月21日 | 双选会&宣讲会&招聘信息一览","https://mp.weixin.qq.com/s/KSftc99CBtcaJgw7L2cegQ","微信读书"
"川大就业","2025-10-19","线下宣讲 | 10月20日 | 珠海格力电器2026届秋季校园招聘宣讲会","https://mp.weixin.qq.com/s/JBcz6PJN5eNzi7sVShhuGg","微信读书"
"川大就业","2025-10-19","线下宣讲 | 10月20日 | 中航光电科技股份有限公司","https://mp.weixin.qq.com/s/XGl_sPn-dz6_UeQrkqQgLQ","微信读书"
"川大就业","2025-10-19","线下宣讲 | 10月20日 | 中国人民解放军91776部队","https://mp.weixin.qq.com/s/Zz6X2H_AfCdzNBuS0WSbng","微信读书"
"川大就业","2025-10-19","线下宣讲 | 10月20日 | 浙江恒逸集团有限公司","https://mp.weixin.qq.com/s/417bbeDOsm_xuKjbwXUpWw","微信读书"
"川大就业","2025-10-19","线下宣讲 | 10月20日 | 先导科技集团有限公司2026届校招宣讲","https://mp.weixin.qq.com/s/tJhRuTTpaDEaHmDC_wIbmA","微信读书"
"川大就业","2025-10-19","线下宣讲 | 10月20日 | 特步集团&湖北兴发化工集团股份有限公司","https://mp.weixin.qq.com/s/haphDEu_MeosFYQcZLrA2w","微信读书"
"川大就业","2025-10-19","线下宣讲 | 10月20日 | 路特创新&中国石化","https://mp.weixin.qq.com/s/M6IT4o3f6HoY_KMVUhz6NQ","微信读书"
"川大就业","2025-10-19","10月20日 | 双选会&宣讲会&招聘信息一览","https://mp.weixin.qq.com/s/mFqQya0EYCK47sZCFi6DAQ","微信读书"
"川大就业","2025-10-18","招聘合集 | 华夏久盈&无锡地铁&保利物业","https://mp.weixin.qq.com/s/N5MM1w0xlsB7yPTn1avryQ","微信读书"
"川大就业","2025-10-18","招聘合集 | 广东邮政&上海期货信息技术有限公司&中国科学院金属研究所","https://mp.weixin.qq.com/s/lKrdiieufT85OeE8TN1QjA","微信读书"
"川大就业","2025-10-18","招聘合集 | 安踏集团&智慧芽&韶音科技","https://mp.weixin.qq.com/s/xG3AlAHMIrXB8YEh-jZSzg","微信读书"
"川大就业","2025-10-18","用人单位邀请函 | 线下双选 | 10月24日 | “周五职通车”-经管文史专场","https://mp.weixin.qq.com/s/6VyZxmZFuF_VniXAWGcnAA","微信读书"
"川大就业","2025-10-18","线下宣讲 | 10月19日 | 国家税务总局浙江省税务局宣讲会","https://mp.weixin.qq.com/s/d2In_-jTGlBqLia3waSY3w","微信读书"
"川大就业","2025-10-18","线下双选 | 10月19日 | 2025年秋季全国博士、硕士研究生专场巡回双选会-四川大学站","https://mp.weixin.qq.com/s/ulPLsmC4RuejIlcAYqsqDA","微信读书"
"川大就业","2025-10-18","课程预告 | 教育部“互联网+就业指导”公益直播课：大学生高质量就业的完备方案和关键步骤","https://mp.weixin.qq.com/s/PIxAOdXxKHe6QQNCEdmX0g","微信读书"
"川大就业","2025-10-18","10月19日 | 双选会&宣讲会&招聘信息一览","https://mp.weixin.qq.com/s/GlOm3kCYKTI7SfnBrWeWBA","微信读书"
"川大就业","2025-10-17","招聘合集 | 中国能建西南院&厦门海辰储能","https://mp.weixin.qq.com/s/D1Bh8GBrs4NeioRV_cSAeA","微信读书"
"川大就业","2025-10-17","招聘合集 | 兵器工业集团&中国电子科技集团第十一研究所","https://mp.weixin.qq.com/s/sj1M-Pblm9FIkeCGFK4ZxA","微信读书"
"川大就业","2025-10-17","用人单位邀请函 | 线下双选 | 10月24日 | “周五职通车”-经管文史专场","https://mp.weixin.qq.com/s/0u3vzb3Hfko1YnAypPMFfw","微信读书"
"川大就业","2025-10-17","用人单位邀请函 | 线下双选 | 10月23日 | 周五职通车-四川大学华西校区医药卫生专场双选会","https://mp.weixin.qq.com/s/P0pTmf6kKc2iLEEiLYmMJA","微信读书"
"川大就业","2025-10-17","选调生 | 湖南省面向四川大学定向招录2026届选调生公告","https://mp.weixin.qq.com/s/ny7vQsF0ZojnNcFiN_jomA","微信读书"
"川大就业","2025-10-17","线下双选 | 10月18日 | 中国船舶集团有限公司2026届高校毕业生专场招聘会","https://mp.weixin.qq.com/s/QrpQl2mcheTFRPk1dzMwuQ","微信读书"
"川大就业","2025-10-17","活动预告丨“探索自我，筑梦启航”——四川大学职业规划大赛成长赛道分享会即将开启！","https://mp.weixin.qq.com/s/wJED_5kdjG8jftHvwA5yeQ","微信读书"
"川大就业","2025-10-17","10月18日&10月19日 | 双选会&宣讲会&招聘信息一览","https://mp.weixin.qq.com/s/khNXpc0Y8EA6FzJg4-sVsg","微信读书"
"川大就业","2025-10-16","选调风采 | 周祥屿：大雅在国、小雅在己，践行选调生的山海使命","https://mp.weixin.qq.com/s/3kuHitFx7m31BrxJldQfTQ","微信读书"
"川大就业","2025-10-16","线下宣讲 | 10月17日 | 中华人民共和国成都海关","https://mp.weixin.qq.com/s/qyb3N4j-oP9ItK29C4Cs4g","微信读书"
"川大就业","2025-10-16","线下宣讲 | 10月17日 | 新东方成都四川大学宣讲会","https://mp.weixin.qq.com/s/SyZ_eTo1w5X-H5Ef3nGEig","微信读书"
"川大就业","2025-10-16","线下宣讲 | 10月17日 | 海军装备部公开招考文职人员宣讲","https://mp.weixin.qq.com/s/jcK_LMpqZSLUkoZsXHF2Cw","微信读书"
"川大就业","2025-10-16","线下双选&宣讲｜10月17日 | 2025连云港“高校求贤季”四川大学专场即将启动！","https://mp.weixin.qq.com/s/on7w9Q9kBbQHy2PT0x-2FA","微信读书"
"川大就业","2025-10-16","线下双选&宣讲 | 10月17日 | 中国航天电子技术研究院2026届校园招聘四川大学专场","https://mp.weixin.qq.com/s/tubZR99FeE9mnNhOhpCPJQ","微信读书"
"川大就业","2025-10-16","线下双选 | 10月17日 | “周五职通车”-江安校区综合场（二）","https://mp.weixin.qq.com/s/W_EjcrGNXpUI3Regm6oMUg","微信读书"
"川大就业","2025-10-16","10月17日 | 双选会&宣讲会&招聘信息一览","https://mp.weixin.qq.com/s/09G2TMPqbLpxwG5sdlaSYw","微信读书"
"川大就业","2025-10-15","选调生 | 线下宣讲 | 10月21日 | 江苏省2026年应届优秀大学毕业生选调工作公告","https://mp.weixin.qq.com/s/jvx8Byhs4-6wp1QV0iTBjQ","微信读书"
"川大就业","2025-10-15","选调生 | 线下宣讲 | 10月16日 | 贵州省2026年度定向部分高校选调优秀毕业生公告","https://mp.weixin.qq.com/s/RSrO_X2Qihp0W6LQKmmZgw","微信读书"
"川大就业","2025-10-15","线下宣讲&双选 | 10月16日 | 中国航天科技集团有限公司第四研究院2026届校园招聘会","https://mp.weixin.qq.com/s/YCZ-EOch5RkLHllqbLu2cg","微信读书"
"川大就业","2025-10-15","线下宣讲&双选 | 10月16日 | 选择厦门·书写精彩丨「四川大学站」城市引才推介暨校园招聘活动来啦！","https://mp.weixin.qq.com/s/NXRjG-c8o8qihsydWz3ALA","微信读书"
"川大就业","2025-10-15","线下宣讲 | 10月16日 | 中国核建2026届校园招聘正式启动","https://mp.weixin.qq.com/s/TjBIvpCEHEVkArrvwzRlyA","微信读书"
"川大就业","2025-10-15","线下宣讲 | 10月16日 | 航天一院2026届校园招聘宣讲","https://mp.weixin.qq.com/s/JsUTy6gPxt5VSmmLuF3s1A","微信读书"
"川大就业","2025-10-15","线下宣讲 | 10月16日 | 共铸国之光荣与梦想，2026届校园招聘正式启动！","https://mp.weixin.qq.com/s/qqnnvNP5bU7JDm3Ol0x5Mg","微信读书"
"川大就业","2025-10-15","10月16日 | 双选会&宣讲会&招聘信息一览","https://mp.weixin.qq.com/s/enSmmweCwvjssmMq2b-yyA","微信读书"
"川大就业","2025-10-14","线下宣讲&双选 | 10月15日 | 拉萨市高层次和急需紧缺人才招聘会（四川大学站）","https://mp.weixin.qq.com/s/smZCnkryQHR-GQoMD6VG9Q","微信读书"
"川大就业","2025-10-14","线下宣讲 | 10月15日 | 中国重汽集团国际有限公司","https://mp.weixin.qq.com/s/70BFcvplmkkw_cMGZrVDLQ","微信读书"
"川大就业","2025-10-14","线下宣讲 | 10月15日 | 浙江华友钴业股份有限公司","https://mp.weixin.qq.com/s/etNUxaoWatkSepUPe2-4_g","微信读书"
"川大就业","2025-10-14","线下宣讲 | 10月15日 | 香港中国企业组团招聘","https://mp.weixin.qq.com/s/GFIWiPkxqSlAcHVyCT36wg","微信读书"
"川大就业","2025-10-14","线下宣讲 | 10月15日 | 成都设计咨询集团2026届校园招聘","https://mp.weixin.qq.com/s/3rrmZHeliqgBynkKbSab2Q","微信读书"
"川大就业","2025-10-14","线下双选 | 10月15日 | “振兴龙江 邀您同行”2025年黑龙江人才周引才活动","https://mp.weixin.qq.com/s/Olv3ekdpAunvegD4ft2vng","微信读书"
"川大就业","2025-10-14","教育行业 | 蒲婉秋：从学子到师者，在高校续写崭新篇章","https://mp.weixin.qq.com/s/7dEl6B_hc0p6-0RvdXvxBw","微信读书"
"川大就业","2025-10-14","10月15日 | 双选会&宣讲会&招聘信息一览","https://mp.weixin.qq.com/s/z_RjOme3iYRchfqc0TZxlw","微信读书"
"川大就业","2025-10-13","线下宣讲 | 10月14日 | 中广核核技术发展股份有限公司&中广核新能源投资（深圳）有限公司云南分公司","https://mp.weixin.qq.com/s/3_RRE6vGWkZINJirpTbfmw","微信读书"
"川大就业","2025-10-13","线下宣讲 | 10月14日 | 一汽-大众&江淮汽车宣讲会","https://mp.weixin.qq.com/s/hFJtKcFMBmA57yDNKgp9OQ","微信读书"
"川大就业","2025-10-13","线下宣讲 | 10月14日 | 山东能源集团2026年高层次人才校园招聘","https://mp.weixin.qq.com/s/2cv4y2bm7zIQKx8gq32Scw","微信读书"
"川大就业","2025-10-13","线下宣讲 | 10月14日 | 海信集团校园招聘会","https://mp.weixin.qq.com/s/Aghf3KAihNCg5EMS6QnlaQ","微信读书"
"川大就业","2025-10-13","线下宣讲 | 10月14日 | 国网数科控股公司2026年校园招聘正式启动！","https://mp.weixin.qq.com/s/4MiPzuvMA-6GTwhGOxbmsg","微信读书"
"川大就业","2025-10-13","线下双选 | 10月14日 | 西安市2025年秋季高层次及急需紧缺人才赴外巡回招聘活动","https://mp.weixin.qq.com/s/Z5oOBvXbSrKt5ZxojaryCQ","微信读书"
"川大就业","2025-10-13","线下双选 | 10月14日 | 杭州高新区（滨江）2026届毕业生全国巡回校园招聘四川大学站","https://mp.weixin.qq.com/s/_1L8Xj34AIllvS_e3929yA","微信读书"
"川大就业","2025-10-13","10月14日 | 双选会&宣讲会&招聘信息一览","https://mp.weixin.qq.com/s/ZO_xtVJPn5cESJ5QzjEuAg","微信读书"
"川大就业","2025-10-12","线下宣讲&双选 | 10月13日 | 深圳国企校园招聘四川大学站","https://mp.weixin.qq.com/s/DTS4S9xTUDFxOYXiBU-jmA","微信读书"
"川大就业","2025-10-12","线下宣讲&双选 | 10月13日 | 阿拉善盟人才引进宣介会&双选会","https://mp.weixin.qq.com/s/VM3o9Vyc930RaOVZiH99uQ","微信读书"
"川大就业","2025-10-12","线下宣讲&双选 | 10月13日 | 2025年秋季“合肥千企万岗请您来”四川大学专场活动","https://mp.weixin.qq.com/s/aKTF7VH3aIle1BFWHUaTwA","微信读书"
"川大就业","2025-10-12","线下宣讲 | 10月13日 | 中国电气装备许继集团、许继电气2026年秋季校园招聘","https://mp.weixin.qq.com/s/Gz1r4-dFyMWUWsFymcUhhA","微信读书"
"川大就业","2025-10-12","线下宣讲 | 10月13日 | 中车株洲电力机车研究所有限公司","https://mp.weixin.qq.com/s/LHWGJf32a6FszxtYKuuuUA","微信读书"
"川大就业","2025-10-12","线下宣讲 | 10月13日 | 小米集团2026届校园招聘中国区专场","https://mp.weixin.qq.com/s/gOncqWCuvMpN3XSHVDtUmw","微信读书"
"川大就业","2025-10-12","线下双选 | 10月13日 | 2025年秋季全国重点高校毕业生巡回招聘面试会—四川大学专场（第二场）","https://mp.weixin.qq.com/s/ghyb7Z58SRZL3VJzlkLRvw","微信读书"
"川大就业","2025-10-12","10月13日 | 双选会&宣讲会&招聘信息一览","https://mp.weixin.qq.com/s/Ac4Ax8gTy20u77AGoOPW1Q","微信读书"
"川大就业","2025-10-11","用人单位邀请函 | 10月23日 | 周五职通车-四川大学华西校区医药卫生专场双选会","https://mp.weixin.qq.com/s/e1ebtN6nw5-BIJbjUkvvoA","微信读书"
"川大就业","2025-10-11","用人单位邀请函 | 10月17日 | “周五职通车”-江安校区综合场（二）","https://mp.weixin.qq.com/s/mEwL3Cmwo9Hlo8oP_-Ii9A","微信读书"
"川大就业","2025-10-11","选调生 | 安徽省2026年度面向四川大学定向招录选调生公告","https://mp.weixin.qq.com/s/bJRlYzphGAHhVCM5s_AygQ","微信读书"
"川大就业","2025-10-11","校园招聘 | 中国移动终端公司四川分公司2026校园招聘","https://mp.weixin.qq.com/s/WHfq6PyjGTaM36rJwxRNGQ","微信读书"
"川大就业","2025-10-11","校园招聘 | 浙商银行成都分行校园招聘","https://mp.weixin.qq.com/s/S00plRP0wFMEh9WbrZBMlQ","微信读书"
"川大就业","2025-10-11","线下宣讲&双选 | 10月13日 | 2025年秋季“合肥千企万岗请您来”四川大学专场活动","https://mp.weixin.qq.com/s/zcHks9_A-mtZv8NMBiYI8g","微信读书"
"川大就业","2025-10-11","线下双选 | 10月13日 | 2025年秋季全国重点高校毕业生巡回招聘面试会—四川大学专场（第二场）","https://mp.weixin.qq.com/s/FbuJF6K3etdBpnyNAYR9uQ","微信读书"
"川大就业","2025-10-11","活动预告 | “精简人生，职赢未来”简历指导讲座","https://mp.weixin.qq.com/s/0-UdclGVAH3TsafMQSR-rg","微信读书"
"川大就业","2025-10-10","选调生 | 辽宁省面向四川大学定向招录2026届选调生公告","https://mp.weixin.qq.com/s/mMoYY3La8rR1OtENVzP18g","微信读书"
"川大就业","2025-10-10","线下宣讲 | 10月11日 | 中国人民财产保险股份有限公司广西壮族自治区分公司","https://mp.weixin.qq.com/s/uHwwPz86iPejQOpmMlBbEA","微信读书"
"川大就业","2025-10-10","线下宣讲 | 10月11日 | 兴业银行股份有限公司成都分行","https://mp.weixin.qq.com/s/uWVIKtAkuGw4yEfE_bI1vg","微信读书"
"川大就业","2025-10-10","线下宣讲 | 10月11日 | 南京电子工程研究所（中国电子科技集团公司第二十八研究所）","https://mp.weixin.qq.com/s/vHhEJwqA_oMs5QAbKLLROA","微信读书"
"川大就业","2025-10-10","线下宣讲 | 10月11日 | 河南心连心化学工业集团股份有限公司","https://mp.weixin.qq.com/s/_fDAuJr6HcV5OSQD7sq3vA","微信读书"
"川大就业","2025-10-10","线下宣讲 | 10月11日 | 杭州银行总行信息技术部2026届校园招聘","https://mp.weixin.qq.com/s/lw__IrXJ1xEvXFFKVKSl_g","微信读书"
"川大就业","2025-10-10","线下宣讲 | 10月11日 | 广东电网有限责任公司","https://mp.weixin.qq.com/s/7e9v14A_vQvQwqcGx1o0_g","微信读书"
"川大就业","2025-10-10","10月11日 | 双选会&宣讲会&招聘信息一览","https://mp.weixin.qq.com/s/9A_GxG8dC2jNyCxdiomXHQ","微信读书"
"川大就业","2025-10-09","选调生 I 线下宣讲 | 10月10日 | 重庆市面向四川大学定向选调2026届急需紧缺专业应届优秀大学毕业生简章及宣讲安排","https://mp.weixin.qq.com/s/Puea_5AK_6ugROjC4Cf00g","微信读书"
"川大就业","2025-10-09","选调生 | 线下宣讲 | 10月10日 | 2026年辽宁省人才及选调生政策宣讲会","https://mp.weixin.qq.com/s/8ottlY-QJ1mqAqU537LYsw","微信读书"
"川大就业","2025-10-09","线下宣讲&双选 | 10月10日 | 湛江市人力资源与社会保障局线下宣讲","https://mp.weixin.qq.com/s/qxNRRN8gcRSIR80oNuThYQ","微信读书"
"川大就业","2025-10-09","线下宣讲 | 10月10日 | 浙江吉利控股集团有限公司线下宣讲","https://mp.weixin.qq.com/s/yeRRnFKwn_b0p7Z28uPRaw","微信读书"
"川大就业","2025-10-09","线下宣讲 | 10月10日 | 腾讯CDG2026校园招聘宣讲会","https://mp.weixin.qq.com/s/fEt9hvjhXpS5emy5EUDcKw","微信读书"
"川大就业","2025-10-09","线下双选 | 10月10日 | 周五职通车-新质生产力专场","https://mp.weixin.qq.com/s/vvsV3wlnLGRbr0sGTm79oQ","微信读书"
"川大就业","2025-10-09","线下双选 | 10月10日 | 2025 年“百万人才兴重庆” 全国重点高校秋季巡回引才活动","https://mp.weixin.qq.com/s/aeNq81qAqGhu47h8Ki7_lg","微信读书"
"川大就业","2025-10-09","10月10日 | 双选会&宣讲会&招聘信息一览","https://mp.weixin.qq.com/s/iJV4MTfZSq-OLDGoVV4JMQ","微信读书"
"川大就业","2025-10-08","选调生 I 线下宣讲 | 10月10日 | 重庆市面向四川大学定向选调2026届急需紧缺专业应届优秀大学毕业生简章及宣讲安排","https://mp.weixin.qq.com/s/tkRQnI2ZKgOxGfckqkfktA","微信读书"
"川大就业","2025-10-08","选调风采 | 张良泉：择路川江向基层，筑坝青春守初心","https://mp.weixin.qq.com/s/aAFnjhbcYvmVtvXybw82Ew","微信读书"
"川大就业","2025-10-08","校园招聘 | 中信集团管培生2026年校园招聘全面启动","https://mp.weixin.qq.com/s/dssC4szwkW79n78d117bAA","微信读书"
"川大就业","2025-10-08","校园招聘 | 中国大唐2026届校园招聘全面启动","https://mp.weixin.qq.com/s/jR280Epkij9FbeDc2XAPWg","微信读书"
"川大就业","2025-10-08","校园招聘 | 十大军工央企下级单位招聘信息","https://mp.weixin.qq.com/s/T69ursyHlWbhg7eKj3hEgA","微信读书"
"川大就业","2025-10-08","线下宣讲 | 10月9日 | 深圳能源集团股份有限公司2026届秋季校园招聘宣讲会","https://mp.weixin.qq.com/s/amMGHyqRLh52CmHGUYRmJA","微信读书"
"川大就业","2025-10-08","就业指导 | @26届毕业生：秋招签合同，这些事要注意","https://mp.weixin.qq.com/s/Ho70JttuqLKWRo43g4wEkw","微信读书"
"川大就业","2025-10-08","10月9日 | 宣讲会&招聘信息一览","https://mp.weixin.qq.com/s/rRBPJ4lsuIGbh3TIsjLD7w","微信读书"
"川大就业","2025-10-07","选调生 | 线下宣讲 | 10月10日 | 2026年辽宁省人才及选调生政策宣讲会","https://mp.weixin.qq.com/s/aqxWujxqchINU9GbtamFRg","微信读书"
"川大就业","2025-10-07","校园招聘丨一汽奔腾2026全球校园招聘正式启动！","https://mp.weixin.qq.com/s/WjSQrUoFeZ895lX-Iug8dA","微信读书"
"川大就业","2025-10-07","校园招聘 | 中国农业银行上海市分行2026年度校园招聘","https://mp.weixin.qq.com/s/EgGxZ5k6amr8RV9ShfnGSg","微信读书"
"川大就业","2025-10-07","校园招聘 | 中国贸促会专利商标事务所2026届校园招聘","https://mp.weixin.qq.com/s/ZcRiTY-t2gmA-4Y65-QxDA","微信读书"
"川大就业","2025-10-07","校园招聘 | 中国出版集团有限公司2026校园招聘启动","https://mp.weixin.qq.com/s/8N9FsNvgJUh2R2RypkCvkg","微信读书"
"川大就业","2025-10-07","线下双选 | 10月10日 | 周五职通车-新质生产力专场","https://mp.weixin.qq.com/s/eMfEDaI25X1b0Wj_2PPHKA","微信读书"
"川大就业","2025-10-07","就业指导 | @高校毕业生，求职路上这些“坑”千万别踩！","https://mp.weixin.qq.com/s/dg5MdT8xkf9IwKzJ74pKYA","微信读书"
"川大就业","2025-10-07","教育行业 | 冉宏林：体教星火淬讲台，云帆直挂济沧海","https://mp.weixin.qq.com/s/nP067thiuMo8NykYep28ig","微信读书"
"川大就业","2025-10-04","研究生招录 | 军事科学院2026年硕士研究生招生简章（预告版）","https://mp.weixin.qq.com/s/Ed5ieFnca9ERlT1SuO7jcw","微信读书"
"川大就业","2025-10-04","校园招聘 | 中物院软件中心2026届校招全面启动","https://mp.weixin.qq.com/s/nHoppDkBzlrRzZskIhyq8w","微信读书"
"川大就业","2025-10-04","校园招聘 | 中铁工业2026届校园招聘正式启动","https://mp.weixin.qq.com/s/pxiTzKsBom8JRsHW4UbO3A","微信读书"
"川大就业","2025-10-04","校园招聘 | 中国建设银行广西区分行2026年度校园招聘正式启动！","https://mp.weixin.qq.com/s/nW8HHoE2fiJzvSjDVTvqxA","微信读书"
"川大就业","2025-10-04","校园招聘 | 中国东方2026年度校园招聘正式启动","https://mp.weixin.qq.com/s/EK31wBVBdMu99Yt7YV5csw","微信读书"
"川大就业","2025-10-04","校园招聘 | 天津市武清区国有企业招聘（四川大学站）","https://mp.weixin.qq.com/s/8nfrQ5Jy4pn492icCb_lzg","微信读书"
"川大就业","2025-10-04","线下宣讲 | 10月15日 | 中央某部委在京直属行政单位2026年度国家公务员招录宣讲会","https://mp.weixin.qq.com/s/TipDd__aMekFwGQYoo5BRA","微信读书"
"川大就业","2025-10-04","线下双选 | 10月10日 | 周五职通车—新质生产力专场","https://mp.weixin.qq.com/s/K42qEebKKGIj-hzygO_xTQ","微信读书"
"川大就业","2025-09-30","选调生 | 线下宣讲 | 10月10日|2026年辽宁省人才及选调生政策宣讲会","https://mp.weixin.qq.com/s/ksyjz7kFROuScNOCXg10RA","微信读书"
"川大就业","2025-09-30","选调生 | 吉林省面向四川大学定向招录2026届选调生公告","https://mp.weixin.qq.com/s/a8Y6gpHQs2JFrTPvhomDjA","微信读书"
"川大就业","2025-09-30","校园招聘 | 中信集团管培生2026年校园招聘全面启动","https://mp.weixin.qq.com/s/Rm29v7DB2TYS5R1asl7Omw","微信读书"
"川大就业","2025-09-30","校园招聘 | 中国船舶集团第七一〇研究所2026校园招聘正式启动！","https://mp.weixin.qq.com/s/KS44-26HHaSYA30bvcBwog","微信读书"
"川大就业","2025-09-30","校园招聘 | 正浩EcoFlow2026届New Power全球校园招聘满电启动","https://mp.weixin.qq.com/s/wOr8RVH6z6tNwCDa3E0fsQ","微信读书"
"川大就业","2025-09-30","校园招聘 | 越秀地产2026届校园招聘正式启动","https://mp.weixin.qq.com/s/I51S-IbpImnqvVjguVkzBQ","微信读书"
"川大就业","2025-09-30","校园招聘 | 现代服务业合集","https://mp.weixin.qq.com/s/4HeCo2uaj8sJb05jE8CakQ","微信读书"
"川大就业","2025-09-30","校园招聘 | 广东电网2026年校园招聘提前批正式启动","https://mp.weixin.qq.com/s/p2_t1h8XbFjHvufDK-KXEA","微信读书"
"川大就业","2025-09-29","研究生招生 | 航天二院2026年硕士研究生招生启动","https://mp.weixin.qq.com/s/U-ApRWrF7eHUeEZdp5xHUw","微信读书"
"川大就业","2025-09-29","选调生 I 重庆市面向四川大学定向选调2026届急需紧缺专业应届优秀大学毕业生简章及宣讲安排","https://mp.weixin.qq.com/s/uElp6kQHzIQgMIO9V2JmlA","微信读书"
"川大就业","2025-09-29","校园招聘 | 中建八局南方公司2026届校园招聘正式启动！","https://mp.weixin.qq.com/s/cDjBhDmilyeC69nFLUJoyA","微信读书"
"川大就业","2025-09-29","校园招聘 | 中国航空工业集团津电2026届校园招聘启动","https://mp.weixin.qq.com/s/h_VhFdcCgZbOzTlhtYOt1g","微信读书"
"川大就业","2025-09-29","校园招聘 | 信息技术服务合集","https://mp.weixin.qq.com/s/M7OxSs5LTBVqAJJ-88DYgQ","微信读书"
"川大就业","2025-09-29","校园招聘 | 泸州老窖集团2026届校园招聘正式启动","https://mp.weixin.qq.com/s/oaG_qTHD2ZDhFOJ7rPH3sA","微信读书"
"川大就业","2025-09-29","校园招聘 | 金融类合集","https://mp.weixin.qq.com/s/9gHrCzSCZhWebIKlk54LvA","微信读书"
"川大就业","2025-09-29","四川大学130周年校庆公告（第一号）","https://mp.weixin.qq.com/s/r_W36efMqaNn5cW3GV_CYw","微信读书"
"川大就业","2025-09-28","校园招聘 | 中国银行四川省分行2026年校园招聘正式启动","https://mp.weixin.qq.com/s/-nvCKHqBPScD5K_lXsKjxQ","微信读书"
"川大就业","2025-09-28","校园招聘 | 中国华能集团有限公司2026年校园招聘","https://mp.weixin.qq.com/s/OSQ83LAwgzdBaAAbO_3SWg","微信读书"
"川大就业","2025-09-28","校园招聘 | 联通数据智能有限公司2026届校园招聘","https://mp.weixin.qq.com/s/Wd1NI5KBJsyaXtAlsLP97w","微信读书"
"川大就业","2025-09-28","校园招聘 | 成都轨道交通集团有限公司专场校园招聘公告","https://mp.weixin.qq.com/s/-1iqkrsv_ciOTiuyovSSSQ","微信读书"
"川大就业","2025-09-28","线下宣讲丨9月29日 | 国药集团2026届校园招聘全面启动","https://mp.weixin.qq.com/s/gs8A_uOL88qnbJY__iBUYw","微信读书"
"川大就业","2025-09-28","线下宣讲 | 9月29日 | 中国人民解放军火箭军工程大学校园招聘","https://mp.weixin.qq.com/s/NGe-txbQMkatK46eYUO2_g","微信读书"
"川大就业","2025-09-28","线下双选 | 9月29日 | 中国电科2026届校园招聘正式启动","https://mp.weixin.qq.com/s/0BMmk3GE8JPWaX1PIniu-g","微信读书"
"川大就业","2025-09-28","9月29日 | 双选会&宣讲会&招聘信息一览","https://mp.weixin.qq.com/s/4LnjV_7A7CGfWu-WgHoXQg","微信读书"
"川大就业","2025-09-27","用人单位邀请函 |四川大学 “周五职通车”-新质生产力专场","https://mp.weixin.qq.com/s/xM0WjbHC2_fQiKM5DyXldw","微信读书"
"川大就业","2025-09-27","校园招聘 | 中久数创2026届校招全面启动","https://mp.weixin.qq.com/s/aEvDTsI-FzpjwjZZx5kdeg","微信读书"
"川大就业","2025-09-27","校园招聘 | 中国移动总部2026校招岗位上线啦！","https://mp.weixin.qq.com/s/JREzZVFHz42fgCxFdFaHWQ","微信读书"
"川大就业","2025-09-27","校园招聘 | 中国电建西北院2026届校园招聘正式启动","https://mp.weixin.qq.com/s/iL6GZqFalqfdXpeYDFh3Cg","微信读书"
"川大就业","2025-09-27","校园招聘 | 金融类合集","https://mp.weixin.qq.com/s/2oKc7JXRjiAMfFkSArnRbw","微信读书"
"川大就业","2025-09-27","校园招聘 | 国网天津市电力公司2026年校园招聘","https://mp.weixin.qq.com/s/OE30JbAuFApSwK0CNsfouw","微信读书"
"川大就业","2025-09-27","线下宣讲 | 9月28日 | 特变电工2026届校园招聘四川大学专场宣讲会","https://mp.weixin.qq.com/s/V3uOT4ZXH24M5HquBstvlQ","微信读书"
"川大就业","2025-09-27","线下宣讲 | 9月28日 | 国机精工集团股份有限公司2026校园招聘","https://mp.weixin.qq.com/s/J7890CLLiHHoENkZuZx61Q","微信读书"
"川大就业","2025-09-26","校园招聘 | 湘电集团2026届校园招聘正式启动","https://mp.weixin.qq.com/s/ioAw9CshsU12pyegECucOw","微信读书"
"川大就业","2025-09-26","校园招聘 | 五矿钢铁2026年“炼习生”管培生招聘计划正式启动","https://mp.weixin.qq.com/s/XChenJsXWVmgCdDC4uwPtg","微信读书"
"川大就业","2025-09-26","校园招聘 | 平安产险深圳分公司2026届校园招聘正式启动！","https://mp.weixin.qq.com/s/IDxprXXrd3NG56b7oKgXxg","微信读书"
"川大就业","2025-09-26","校园招聘 | 江南造船2026届校园招聘启动","https://mp.weixin.qq.com/s/3tY3xnLI_6IK20okP3eKXA","微信读书"
"川大就业","2025-09-26","校园招聘 | 国网江苏省电力有限公司2026年校园招聘公告","https://mp.weixin.qq.com/s/7heqNPNW4ZdE2uNYftyR-g","微信读书"
"川大就业","2025-09-26","线下双选 | 9月28日 | 高校人才网2025下半年博士人才全国巡回招聘会——成都站","https://mp.weixin.qq.com/s/lVmGoY8P-W0yeEp1f8KHNA","微信读书"
"川大就业","2025-09-26","课程预告 | 教育部“互联网+就业指导”公益直播课：转换视角 脱颖而出——简历与网申实战指南","https://mp.weixin.qq.com/s/rv5ua-vw8CUqex5ImQnBfw","微信读书"
"川大就业","2025-09-26","9月27日&28日 | 双选会&宣讲会&招聘信息一览","https://mp.weixin.qq.com/s/nzFkPVpZDz8hGd8An69vEw","微信读书"
"川大就业","2025-09-25","线下宣讲丨9月26日 | 中国一汽2026全球校园招聘","https://mp.weixin.qq.com/s/Yv738OZ_f3qJB5FO4pq2wA","微信读书"
"川大就业","2025-09-25","线下宣讲&双选 | 9月26日 | 中国机械工业集团2026届校园招聘四川大学双选会","https://mp.weixin.qq.com/s/F9mCV3-1HCCIOrAhyWLsnA","微信读书"
"川大就业","2025-09-25","线下宣讲&双选 | 9月26日 | 国家能源集团大渡河公司026秋季校园招聘指南","https://mp.weixin.qq.com/s/C-JwyKxBkXIbr2H5_DU8rQ","微信读书"
"川大就业","2025-09-25","线下宣讲&双选 | 9月26日 | 广州金融2025年秋季招聘活动四川大学专场","https://mp.weixin.qq.com/s/7Y4pYEZMfsP9tGdo0yYhgw","微信读书"
"川大就业","2025-09-25","线下宣讲 | 9月26日 | 华为终端BG Marketing与销售服务部 2026届应届生招聘宣讲会-四川大学专场","https://mp.weixin.qq.com/s/55yiz38TvS_jsHOcP6C5cQ","微信读书"
"川大就业","2025-09-25","线下双选| 9月26日 | 四川大学“周五职通车”-国企央企专场","https://mp.weixin.qq.com/s/6IGimAYWYeDsPUXBAoA5NQ","微信读书"
"川大就业","2025-09-25","线下双选 | 9月26日 | 泸州市2025年秋季校园招聘正式启动！","https://mp.weixin.qq.com/s/DqA07wjlI9mhWRP3MV-bNA","微信读书"
"川大就业","2025-09-25","9月26日 | 双选会&宣讲会&招聘信息一览","https://mp.weixin.qq.com/s/LESCaYMWHKvDh1p2DikFVg","微信读书"
"川大就业","2025-09-01","用人单位邀请函丨四川大学2025年秋季校园招聘活动安排","https://mp.weixin.qq.com/s/obMMiRI2Q6zvLQsH9FHhuw","微信读书"
"川大就业","2025-09-01","校园招聘 | 啄木鸟医疗2026届校园招聘正式启动","https://mp.weixin.qq.com/s/63ECLvi83HZRMQVzgRdwCA","微信读书"
"川大就业","2025-09-01","校园招聘 | 中兴通讯2026届校园招聘正式启动","https://mp.weixin.qq.com/s/r7DirPqG62LS06RvrEOamw","微信读书"
"川大就业","2025-09-01","校园招聘 | 中国建筑集团2026届校园招聘正式启动","https://mp.weixin.qq.com/s/A_z_nPUZhO1NiaDsunscvg","微信读书"
"川大就业","2025-09-01","校园招聘 | 中国航天科工2026届校园招聘全面启动","https://mp.weixin.qq.com/s/LaSQtlhPN2cRMGZWs1JTPA","微信读书"
"川大就业","2025-09-01","校园招聘 | 鹏新旭2026届校园招聘正式启动！","https://mp.weixin.qq.com/s/etZbH4j-j1Y_2HpPBkxorw","微信读书"
"川大就业","2025-09-01","校园招聘 | 航天科技集团2026届校园招聘开启","https://mp.weixin.qq.com/s/tnw4sCyu7pfxnBE1yR2f5w","微信读书"
"川大就业","2025-09-01","校园招聘 | 大华股份2026届校园招聘正式启动！","https://mp.weixin.qq.com/s/X81kLznhQgiHsUfzMNxSUw","微信读书"
"川大就业","2025-08-29","校园招聘丨昇维旭2026校园招聘正式启动！","https://mp.weixin.qq.com/s/hL4sfJTuIAr9nKzbP1gqcg","微信读书"
"川大就业","2025-08-29","校园招聘｜成都华微2026届校园招聘正式启动","https://mp.weixin.qq.com/s/4x7oJcey8RzeBf-WiNrppQ","微信读书"
"川大就业","2025-08-29","校园招聘 | FunPlus2026届校园招聘正式开启！","https://mp.weixin.qq.com/s/buTwVr3DP_Lu6bKDecpmtg","微信读书"
"川大就业","2025-08-29","校园招聘 | 中国航发涡轮院2026届校园招聘正式启动！","https://mp.weixin.qq.com/s/3Y8XgF5qMxxs4msVXg9HfA","微信读书"
"川大就业","2025-08-29","校园招聘 | 中国兵器工业第二〇六研究所2026届校园招聘","https://mp.weixin.qq.com/s/Ohr1IB1FoEvioRU3L-4mEg","微信读书"
"川大就业","2025-08-29","联合国系统近期实习生招募汇总","https://mp.weixin.qq.com/s/wES1ECy0CZEI_tgXT1dgIw","微信读书"
"川大就业","2025-08-29","国内深造 | 蒋丽莉：赠人玫瑰，手有余香","https://mp.weixin.qq.com/s/Y4u6MMtOLW6no5hqqsQKGA","微信读书"
"川大就业","2025-08-29","访企拓岗 | 水利水电学院领导带队赴多家水电行业重点企事业单位调研交流","https://mp.weixin.qq.com/s/MJYXbiOA2vbDVBHSXwdN0Q","微信读书"
"川大就业","2025-08-26","用人单位邀请函丨四川大学2025年秋季校园招聘活动安排","https://mp.weixin.qq.com/s/knWWAVDWUch-a2xo2qAeWQ","微信读书"
"川大就业","2025-08-26","校园招聘 | TCL实业2026届全球校园招聘","https://mp.weixin.qq.com/s/Qj5gutUzSopuPiXKvoI00w","微信读书"
"川大就业","2025-08-26","校园招聘 | 携程集团2026届秋季校园招聘","https://mp.weixin.qq.com/s/zhwM7I-PTm0BcDtHmnkfRA","微信读书"
"川大就业","2025-08-26","校园招聘 | 理想汽车2026校园招聘正式启动","https://mp.weixin.qq.com/s/c13XAJiW8Kiz0mayog79eA","微信读书"
"川大就业","2025-08-26","校园招聘 | 格力电器2026届秋季校园招聘开启","https://mp.weixin.qq.com/s/wQyrtrfuzFXxMJ-0AJWRqA","微信读书"
"川大就业","2025-08-26","校园招聘 | 2026红杉联合校园招聘正式启动","https://mp.weixin.qq.com/s/iU59yyngH-8BzwEubmfyJQ","微信读书"
"川大就业","2025-08-26","国内深造|于家伟：从书斋到田野的博士之旅","https://mp.weixin.qq.com/s/W9bae4G4hrKxCedFJR0LUw","微信读书"
"川大就业","2025-08-25","在潮城，赴一场“政”好之约——川大学子2025暑期赴海宁市政务实习","https://mp.weixin.qq.com/s/sSwcOq9HWVX9Q3R1Lj-ecg","微信读书"
"川大就业","2025-08-25","用人单位邀请函丨四川大学2025年秋季校园招聘活动安排","https://mp.weixin.qq.com/s/DPqxHoiXblfM2SY0qbi6Ow","微信读书"
"川大就业","2025-08-25","校园招聘 | 中国电子科技集团公司第十研究所2026届秋季校园招聘","https://mp.weixin.qq.com/s/GHk8cbz_1OnURgPrAAXTUA","微信读书"
"川大就业","2025-08-25","校园招聘 | 三一重能2026届全球校园招聘","https://mp.weixin.qq.com/s/RyQ_Vny7zgiroYfPyDyp1w","微信读书"
"川大就业","2025-08-25","校园招聘 | 睿创微纳2026校园招聘全面启动","https://mp.weixin.qq.com/s/QYX2syS4n-TmvZd373hs3Q","微信读书"
"川大就业","2025-08-25","校园招聘 | 康冠科技2026届校园招聘正式启动！","https://mp.weixin.qq.com/s/K5uW7kjceudo5Zj3KY-u8w","微信读书"
"川大就业","2025-08-25","校园招聘 | 晶丰明源2025年秋季校园招聘季盛大启幕","https://mp.weixin.qq.com/s/ueNT5X6qZ5CaoqZJcArKGg","微信读书"
"川大就业","2025-08-25","校园招聘 | 2025-2026安永秋季校园招聘及审计寒假实习生招聘网申正式启动 ！","https://mp.weixin.qq.com/s/SrzeqHMTtY1uPidOrs9xhw","微信读书"
"川大就业","2025-08-23","用人单位邀请函丨四川大学2025年秋季校园招聘活动安排","https://mp.weixin.qq.com/s/7RLxZ3EtO-NdPadYbu0OQg","微信读书"
"川大就业","2025-08-23","校园招聘 | Shopee研发中心2026届校园招聘正式启动！","https://mp.weixin.qq.com/s/gjUQomdq-121zowvtffn8w","微信读书"
"川大就业","2025-08-23","校园招聘 | 远景动力2026届全球校园招聘正式启动！","https://mp.weixin.qq.com/s/Q4J4GDUbgyOHj9ZtLK3yOg","微信读书"
"川大就业","2025-08-23","校园招聘 | 龙湖集团2026届仕官生校园招聘","https://mp.weixin.qq.com/s/64FXFBUAXoODTKFY7l2KTg","微信读书"
"川大就业","2025-08-23","校园招聘 | 华为智能汽车解决方案BU | 2026届校园招聘","https://mp.weixin.qq.com/s/qIOyQUbocZfE34u0K2alNQ","微信读书"
"川大就业","2025-08-23","校园招聘 | 恒生2026校园招聘正式启动","https://mp.weixin.qq.com/s/L0dbWAk0uC6Q22h7KsMmIA","微信读书"
"川大就业","2025-08-23","校园招聘 | 海尔2026校园招聘正式启动!","https://mp.weixin.qq.com/s/H3smGZk86WTYHictJdY29w","微信读书"
"川大就业","2025-08-23","线下双选 | 9月15日 | 2025年秋季全国博士、博士后高层次人才巡回签约洽谈会","https://mp.weixin.qq.com/s/AunHtZU9EcbrcrzebVre7g","微信读书"
"川大就业","2025-08-22","选调风采 | 王海宁：俯身乡土间，举头心常明","https://mp.weixin.qq.com/s/l_QaJ3UXYIDISmiUEh1O2w","微信读书"
"川大就业","2025-08-22","校园招聘丨中国人保2026届全系统校园招聘火热进行中","https://mp.weixin.qq.com/s/Xf8gdcqlbY2k4wZ1AaAFMg","微信读书"
"川大就业","2025-08-22","校园招聘丨上海人工智能实验室2026届全球校招开启","https://mp.weixin.qq.com/s/_7KoiZUIyysokfrOCB1YHg","微信读书"
"川大就业","2025-08-22","校园招聘丨芒果TV2025年青芒计划·产研专场招聘启动！","https://mp.weixin.qq.com/s/pHSXm34FViST3qKwbS21xg","微信读书"
"川大就业","2025-08-22","校园招聘丨卡奥斯2026届校园招聘全面启动！","https://mp.weixin.qq.com/s/jkO_rqhYZGKweRfHXKv0lA","微信读书"
"川大就业","2025-08-22","校园招聘丨滴滴2026届秋季校招正式启动！","https://mp.weixin.qq.com/s/t3HCyVbsdaMad2-0JA8xbw","微信读书"
"川大就业","2025-08-22","就业指导 | 一批典型案例公布，成都8起！事关大学生求职","https://mp.weixin.qq.com/s/3ymqt7G-DTskWamY7IBYNw","微信读书"
"川大就业","2025-08-22","教育部公布获奖名单！川大学子一金两银！","https://mp.weixin.qq.com/s/TLhv8Eireb6_r4Zx04RNRg","微信读书"
"川大就业","2025-08-20","用人单位邀请函丨四川大学2025年秋季校园招聘活动安排","https://mp.weixin.qq.com/s/1fcm2_5V-0VLOEJPKx-JNg","微信读书"
"川大就业","2025-08-20","校园招聘丨鹰角网络2026秋季校园招聘","https://mp.weixin.qq.com/s/ghh87DgMOtNITsMCw1QvDg","微信读书"
"川大就业","2025-08-20","校园招聘丨新浪微博2026届校园招聘全面启动","https://mp.weixin.qq.com/s/zyJD29ORjSDSmda38Sg__w","微信读书"
"川大就业","2025-08-20","校园招聘丨韶音科技2026届秋季校园招聘正式启动！","https://mp.weixin.qq.com/s/ydcPyJvg0qwwHwqRuQPcBg","微信读书"
"川大就业","2025-08-20","校园招聘丨安克创新2026届全球校园招聘正式启动！","https://mp.weixin.qq.com/s/wWa9aUX3YCf9wrh8MOyRUQ","微信读书"
"川大就业","2025-08-20","校园招聘｜思特奇2026届校园招聘全面开启！","https://mp.weixin.qq.com/s/T3hR9exMeEyguS9OTw0kSA","微信读书"
"川大就业","2025-08-20","校园招聘 | 联合电子2026校园招聘正式启动！","https://mp.weixin.qq.com/s/woOCZGU5B8fO7IdiRgIVmg","微信读书"
"川大就业","2025-08-20","开放日邀请函 | 华为ICT BG销售与服务-成渝地区OPENDAY","https://mp.weixin.qq.com/s/YzKsuByjJUU2svNlbOK2Cw","微信读书"
"川大就业","2025-08-19","扬帆大志行｜四川大学材料科学与工程学院赴西南技术物理研究所和西南电子设备研究所开展暑期社会实践","https://mp.weixin.qq.com/s/BbHvmArdDK2cqSxk5O-IMA","微信读书"
"川大就业","2025-08-19","校园招聘丨新东方成都2026销售管培生招聘正式启动！","https://mp.weixin.qq.com/s/JT_2XpkN8vKYv3TmPGbIxg","微信读书"
"川大就业","2025-08-19","校园招聘丨心田花开“青苗创造营”开营啦！","https://mp.weixin.qq.com/s/3zOnnv6bls3RG_bkoz6tkA","微信读书"
"川大就业","2025-08-19","校园招聘丨蚂蚁集团2026届秋季校园招聘开启！","https://mp.weixin.qq.com/s/gdB7wtZDyBVbI5pSThbPuw","微信读书"
"川大就业","2025-08-19","校园招聘丨阿里巴巴2026届秋季应届生招聘正式启动","https://mp.weixin.qq.com/s/nisYmD76XSnl9s8cNinQiw","微信读书"
"川大就业","2025-08-19","线下双选 | 9月28日 | 高校人才网2025下半年博士人才全国巡回招聘会——成都站","https://mp.weixin.qq.com/s/d-ekUN2AL-KodhYCJO9_Gw","微信读书"
"川大就业","2025-08-19","线下双选 | 2025年秋季全国重点高校毕业生巡回招聘面试会—四川大学专场","https://mp.weixin.qq.com/s/o7DHX-tSgcJTlxq4jUwkAw","微信读书"
"川大就业","2025-08-19","高职院校 | 刘瑶：职业教育赛道的求职突围记","https://mp.weixin.qq.com/s/lR5D5_VpSPhwD19H3hicgA","微信读书"
"川大就业","2025-08-18","扬帆大志行 | 四川大学华西公共卫生学院——医保调研践真知，助力健康中国梦","https://mp.weixin.qq.com/s/90B_BL_BJKAXX3lAAvggfA","微信读书"
"川大就业","2025-08-18","校园招聘 | 新能安2026全球校园招聘A+Star顶尖人才计划正式启动！","https://mp.weixin.qq.com/s/wiutqksnU5noXYmw8WVrlA","微信读书"
"川大就业","2025-08-18","校园招聘 | 请接「招」！2026届美的校园招聘全面启动","https://mp.weixin.qq.com/s/KLTfe2isp87uRyWc-UVeRQ","微信读书"
"川大就业","2025-08-18","校园招聘 | 宁德新能源(ATL)2026届全球校招 | A TOP顶尖人才计划正式启动！","https://mp.weixin.qq.com/s/5dgcKaNj7Wm5p9AxLBQ1iw","微信读书"
"川大就业","2025-08-18","校园招聘 | 火速预约！阿里淘天校招首次开播！必看！","https://mp.weixin.qq.com/s/RdkDS8Tls5Qr9zMNgTbHsA","微信读书"
"川大就业","2025-08-18","校园招聘 | 华为2026届应届生招聘启动","https://mp.weixin.qq.com/s/tVVVH327mCEfs7STCx4Jqw","微信读书"
"川大就业","2025-08-18","校园招聘 | 2026 普华永道校园招聘正式开启","https://mp.weixin.qq.com/s/mKhMnNVHjC64vD1N1b3Kiw","微信读书"
"川大就业","2025-08-18","开箱新世界 | 得物2026届校园招聘正式启动！","https://mp.weixin.qq.com/s/rnMfqs64q1KP6QMT-p1KMw","微信读书"
"川大就业","2025-08-15","用人单位邀请函丨四川大学2025年秋季校园招聘活动安排","https://mp.weixin.qq.com/s/ppgjSIsWihYXTHYl15q1nQ","微信读书"
"川大就业","2025-08-15","校园招聘 | vivo 2026届全球校园招聘正式启动","https://mp.weixin.qq.com/s/8L5XwAvrVTX10ph-H-przg","微信读书"
"川大就业","2025-08-15","校园招聘 | 中物院软件中心2026届校招提前批火热开启","https://mp.weixin.qq.com/s/Z5VcGenVK9H5k5E_oV_UIw","微信读书"
"川大就业","2025-08-15","校园招聘 | 中航成飞2026届校园招聘正式启动！","https://mp.weixin.qq.com/s/dGOKKUNMIoj82fynN5twqA","微信读书"
"川大就业","2025-08-15","校园招聘 | 青岛市博士人才岗位对接","https://mp.weixin.qq.com/s/lzhC2G4wBMI9_KyIgCxgwA","微信读书"
"川大就业","2025-08-15","校园招聘 | 迈瑞医疗2026届博士优招计划正式启动","https://mp.weixin.qq.com/s/DG9R34yvWH4EsgOBzknE5g","微信读书"
"川大就业","2025-08-15","校外双选 | 8月21日 | “才聚高新”重点产业专场静待贤才","https://mp.weixin.qq.com/s/OAhFehi2mKKQhe9vH_mX2A","微信读书"
"川大就业","2025-08-15","西部计划 | 李景淳：以青春之名，在西部沃土书写奉献华章","https://mp.weixin.qq.com/s/0Nu7eHawQFbkLaWO2IJELw","微信读书"
"川大就业","2025-08-13","就业指导 | 高校毕业生离校后就业服务哪里找？这个小程序别错过→","https://mp.weixin.qq.com/s/kI1dLsCuJ3R_00SXyzkVzQ","微信读书"
"川大就业","2025-08-13","国内深造 | 与细胞打交道的“非传统法医学生” ，他是川大学子张灵轩","https://mp.weixin.qq.com/s/3avCH0A0HS33rLvcA4a9Lw","微信读书"
"川大就业","2025-08-12","扬帆大志行 | 赴中国电建西北勘测设计研究院有限公司暑期社会实践","https://mp.weixin.qq.com/s/s32XLvwe1KL9VuoSjwIxWg","微信读书"
"川大就业","2025-08-12","选调生 | 秦鹏程：从军营到基层，以初心赴新程","https://mp.weixin.qq.com/s/Y-0s2KiWJcs3ibFArmD4qw","微信读书"
"川大就业","2025-08-12","校园招聘 | 兆芯2026校园招聘正式启动！","https://mp.weixin.qq.com/s/RW-fx75DJPkpeZ3HNxOt9w","微信读书"
"川大就业","2025-08-12","校园招聘 | 小红书2026校园招聘全球启动！","https://mp.weixin.qq.com/s/-tAYENn6yEMVwr9pKkJHMQ","微信读书"
"川大就业","2025-08-12","校园招聘 | 完美世界2026届秋季校园招聘正式启动！","https://mp.weixin.qq.com/s/J-uky-z40o5r5zBDCt4qvA","微信读书"
"川大就业","2025-08-12","校园招聘 | 荣耀2026届校园招聘全球热招","https://mp.weixin.qq.com/s/6cq5RKzAxfGXWzywisVtSw","微信读书"
"川大就业","2025-08-12","校园招聘 | 米哈游2026校园招聘正式启动！","https://mp.weixin.qq.com/s/4Q9Dx7Q1uAMpHEwJ8D-rDg","微信读书"
"川大就业","2025-08-12","校园招聘 | 海天集团2026届高潜专项招聘正式启动","https://mp.weixin.qq.com/s/txxU0UmeV1Xz1Y5lw59Buw","微信读书"
"川大就业","2025-08-10","扬帆大志行 | 四川大学水利水电学院“润泽知行，驭水逐梦”暑期社会实践团队赴西安暑期社会实践","https://mp.weixin.qq.com/s/tC-mZ3yqyyOrvlNnC7Xvfg","微信读书"
"川大就业","2025-08-10","校园招聘 | 中国电子科技集团公司第三十八研究所2026届校园招聘","https://mp.weixin.qq.com/s/mO5X5VkkjLTthl2XktT2QQ","微信读书"
"川大就业","2025-08-10","校园招聘 | 招联2026届校园招聘正式启动！","https://mp.weixin.qq.com/s/UvHKZk3HAox7WDrVRZFSxg","微信读书"
"川大就业","2025-08-10","校园招聘 | 小米2026届全球校园招聘","https://mp.weixin.qq.com/s/SUvtl7feZIwz5OWRVgKnsA","微信读书"
"川大就业","2025-08-10","校园招聘 | 四川 vivo 2026秋季校园招聘","https://mp.weixin.qq.com/s/WAJ-FKgI3IJYhRiNhR5RLw","微信读书"
"川大就业","2025-08-10","校园招聘 | 迈瑞医疗2026届校园星探招募正式启动","https://mp.weixin.qq.com/s/9xZjtqKOuJjnaWemSIRs6Q","微信读书"
"川大就业","2025-08-10","校园招聘 | 凡岛2026届校园招聘正式启动！","https://mp.weixin.qq.com/s/S6lu3t-Q0P0H6Ism3Hd5qw","微信读书"
"川大就业","2025-08-08","扬帆大志行 | 四川大学机械工程学院“智造赋能绿能兴疆，机械助力生态共建”实践团赴新疆开展就业实践活动","https://mp.weixin.qq.com/s/KFsitiIsMFA44gFiuCbhsA","微信读书"
"川大就业","2025-08-08","校园招聘｜埃科光电2026届校园招聘","https://mp.weixin.qq.com/s/WJ6VvIaUCYIaeeMRd7v0nQ","微信读书"
"川大就业","2025-08-08","校园招聘 | 腾讯2026校园招聘全球启动","https://mp.weixin.qq.com/s/WnHmykZfL-gMzpinGTj93g","微信读书"
"川大就业","2025-08-08","校园招聘 | 理想汽车2026届AI人才专项“理想+”计划全面启动","https://mp.weixin.qq.com/s/EjUYJnL7rXe0juU9e8yO5A","微信读书"
"川大就业","2025-08-08","校园招聘 | 德勤2026校园招聘启动","https://mp.weixin.qq.com/s/7--N9Zr3ktplb85a28PDzw","微信读书"
"川大就业","2025-08-08","校园招聘 | 2026届蚂蚁星Plan A人才专项招募启动！","https://mp.weixin.qq.com/s/I_OoQ4ysSK1MkBf9Yl3XqA","微信读书"
"川大就业","2025-08-08","夏令营邀请函｜中国船舶集团有限公司第七一五研究所尖峰计划","https://mp.weixin.qq.com/s/ew_S6kRO44IgP64RugYiyQ","微信读书"
"川大就业","2025-08-08","开放日邀请函 | 康尼机电开放日","https://mp.weixin.qq.com/s/DnOc9EYQhBuTdZ3pvACotA","微信读书"
"川大就业","2025-08-05","重点领域 | 李如意：以坚持锚定方向，用选择书写初心","https://mp.weixin.qq.com/s/YyWY0uANoZzgpfWU0zAzcA","微信读书"
"川大就业","2025-08-05","用人单位邀请函丨四川大学2025年秋季校园招聘活动安排","https://mp.weixin.qq.com/s/jPq9uztPjZ6GCpV4dSGj4g","微信读书"
"川大就业","2025-08-05","校园招聘｜米哈游2026校园招聘正式开启","https://mp.weixin.qq.com/s/s7ZxPcs2j8o1afDz3q5SmA","微信读书"
"川大就业","2025-08-05","校园招聘 | vivo首届产品经理管培生招募启动！","https://mp.weixin.qq.com/s/H5IizolcJ94-WPccF9d0WA","微信读书"
"川大就业","2025-08-05","校园招聘 | 字节跳动2026校园招聘","https://mp.weixin.qq.com/s/LWcwLeo23E38Y2xgTd8sGQ","微信读书"
"川大就业","2025-08-05","校园招聘 | 淘天集团2026届秋季应届生招聘","https://mp.weixin.qq.com/s/4_lYqBE2B-opSg1P_q8nGQ","微信读书"
"川大就业","2025-08-05","校园招聘 | 4399游戏2026届秋季校园招聘正式启动","https://mp.weixin.qq.com/s/UlsNy1C10NrOGp79leZLeA","微信读书"
"川大就业","2025-08-05","就业服务不断线！暑期7场招聘活动等你来","https://mp.weixin.qq.com/s/BxY4bQbrRkE-i2CksIGK8Q","微信读书"
"川大就业","2025-08-01","扬帆大志行丨数学学院开展2025年暑期大志行社会实践活动","https://mp.weixin.qq.com/s/00bsgJ3Rjypwhxe0BEpY_g","微信读书"
"川大就业","2025-08-01","扬帆大志行 | 华西临床医学院“南丁薪传”实践团赴广东省开展扬帆大志行暑期社会实践","https://mp.weixin.qq.com/s/X2M9VFDm775Iky0lNtfd8A","微信读书"
"川大就业","2025-08-01","扬帆大志行 | 华西口腔医学院“华”光耀牙谷，校友薪火行","https://mp.weixin.qq.com/s/G917l4uzQ6AuMwfAo2IsDw","微信读书"
"川大就业","2025-08-01","扬帆大志行 | 高分子学院“志行千里，材聚未来，筑梦新征程”","https://mp.weixin.qq.com/s/UmIUSexE1QhLel7t2BRFhg","微信读书"
"川大就业","2025-08-01","扬帆大志行 | “深”探名企，“职”引未来——电气工程学院师生赴深圳开展暑期社会实践活动","https://mp.weixin.qq.com/s/RLorg_sr7FM_a0yhzUl9Lg","微信读书"
"川大就业","2025-08-01","校园招聘 | 四川高速公路建设开发集团有限公司公开招聘","https://mp.weixin.qq.com/s/VppkfqYZtvgBWeS2cvjlnA","微信读书"
"川大就业","2025-08-01","校园招聘 | 快手2026全球秋季校园招聘启动","https://mp.weixin.qq.com/s/EtG6A_7QuCSaOKUU6Nku8g","微信读书"
"川大就业","2025-08-01","国内深造 | 川大“不设限”少年陶泽宇，真棒！","https://mp.weixin.qq.com/s/Y5DScMRp7KT5hKDgFeuz4w","微信读书"
"川大就业","2025-07-29","重点领域 | 胡英达：从机械到嵌入式，跨专业的逐梦之路","https://mp.weixin.qq.com/s/jcZfoYcF4OrceHzd0lRouw","微信读书"
"川大就业","2025-07-29","扬帆大志行 | 化学工程学院“扬帆大志行·化绘滇云”暑期社会实践圆满完成","https://mp.weixin.qq.com/s/sN2GOLh1gCiVKxrka2redQ","微信读书"
"川大就业","2025-07-29","扬帆大志行 | “芯”火相传暑期社会实践团走访陕西对口就业单位，以问题导向聚力人才培养与高质量就业","https://mp.weixin.qq.com/s/GuSF4L3GemXjV2Bga-ISDw","微信读书"
"川大就业","2025-07-29","校园招聘 | 中国铁建科学技术研究总院公开招聘公告","https://mp.weixin.qq.com/s/bth0MJhDNy7yQMl-UKujRA","微信读书"
"川大就业","2025-07-29","校园招聘 | 美团2026届校园招聘","https://mp.weixin.qq.com/s/jw-c8V3qObbowHrVKIaqgw","微信读书"
"川大就业","2025-07-29","校园招聘 | 国家开发投资集团有限公司战略新兴产业子公司公开招聘","https://mp.weixin.qq.com/s/RjABE87m0wrG7YwmB6xGCw","微信读书"
"川大就业","2025-07-29","空中双选会 | 7月28日—8月31日 | “百日冲刺”全国重点高校2025届毕业生离校未就业&2026届秋招提","https://mp.weixin.qq.com/s/yGoRgiuPlwOANo3b-iY31w","微信读书"
"川大就业","2025-07-29","教育部在发力，离校未就业必知的帮扶计划","https://mp.weixin.qq.com/s/zLK92VN3BjeJehRL2gsiIg","微信读书"
"川大就业","2025-07-25","中国教育报 | 四川大学构建就业育人生态","https://mp.weixin.qq.com/s/UNotvnwWrcGGDINVL9XXyw","微信读书"
"川大就业","2025-07-25","选调风采 | 韩宇宇：扎根基层办实事，曲径通幽寻“药香”","https://mp.weixin.qq.com/s/AIic9a6ApWG7Y_zY-02Dxw","微信读书"
"川大就业","2025-07-25","校园招聘 | 中国航空工业集团津电2025届博士招聘","https://mp.weixin.qq.com/s/UUMi5fJpTmaXtNeewzQDHg","微信读书"
"川大就业","2025-07-25","校园招聘 | 拼多多集团-PDD研发提前批","https://mp.weixin.qq.com/s/LDv_LLBWjiPZnGkmX2gUpQ","微信读书"
"川大就业","2025-07-25","校园招聘 | 凯莱英医药集团2026届提前批校园招聘正式启动","https://mp.weixin.qq.com/s/cSwuophmAAywh-v6bDFkKA","微信读书"
"川大就业","2025-07-25","暑期开放日 | 中国航天科技集团有限公司第五研究院第五一〇研究所（510所）2025年暑期开放日实践活动正式启动","https://mp.weixin.qq.com/s/kPYwl4lcB84k1O6s_S5FDw","微信读书"
"川大就业","2025-07-25","暑期开放日 | 航宇救生装备有限公司第五届硕博开放日","https://mp.weixin.qq.com/s/ZN4UsJfuDlsE5U0Gz8fp3A","微信读书"
"川大就业","2025-07-21","重点领域 | 王佳乐：逐梦核途，我的求职之旅与职场新启","https://mp.weixin.qq.com/s/CH2mvrc4zLc6PpuoTbCbKQ","微信读书"
"川大就业","2025-07-21","扬帆大志行 | 就业实践团赴西安、嘉峪关开展暑期社会实践活动","https://mp.weixin.qq.com/s/kPGDmzK5TDgTTcQj7odZhg","微信读书"
"川大就业","2025-07-21","校园招聘 | OPPO2026届全球校园招聘正式开启！","https://mp.weixin.qq.com/s/v4ODlFVf7bR_xTjhivKhjw","微信读书"
"川大就业","2025-07-21","校园招聘 | 网通院2026年度提前批招聘暨暑期开放日活动来啦！","https://mp.weixin.qq.com/s/e9wVyxayLnt4MWZpwuxkiw","微信读书"
"川大就业","2025-07-21","校园招聘 | 科大讯飞2026届秋季校园招聘全面上线 | 放宽毕业时间 解锁更多岗位机会","https://mp.weixin.qq.com/s/YYj5_gurlH3vbLwgnMsBfQ","微信读书"
"川大就业","2025-07-21","校园招聘 | 京东2026校园招聘全面启动","https://mp.weixin.qq.com/s/r7gplQ1yoClOQatNGftmNA","微信读书"
"川大就业","2025-07-21","校园招聘 | 成都多所学校公开招聘","https://mp.weixin.qq.com/s/YiV-XdAh20LJCo0hkUF4Xw","微信读书"
"川大就业","2025-07-21","暑期开放日 | 烽火通信2025年暑期开放日开启招募！","https://mp.weixin.qq.com/s/L0mrkmvAkKwlI9KapuMUtQ","微信读书"
"川大就业","2025-07-18","重点领域 | 翁思佳：在实践中逐梦，于坚守中绽放","https://mp.weixin.qq.com/s/EfBA4dvDJ8Z7lQ8UtTgkGA","微信读书"
"川大就业","2025-07-18","用人单位邀请函丨四川大学2025年秋季校园招聘活动安排","https://mp.weixin.qq.com/s/RxhwAXqWJe7YUCiENlPWCA","微信读书"
"川大就业","2025-07-18","扬帆大志行 | 电子信息学院“芯”火相传暑期实践团走进四川九洲，探寻高质量就业新航道","https://mp.weixin.qq.com/s/soz3qT2iEqI7MzkttHwKAQ","微信读书"
"川大就业","2025-07-18","校园招聘 | 中兴终端2026届未来领军人才招聘：与AI同行，成就无限可能","https://mp.weixin.qq.com/s/2xl4dUvpjt2Ft-7SK23o8w","微信读书"
"川大就业","2025-07-18","校园招聘 | 网易游戏（互娱）2026届校园招聘启动","https://mp.weixin.qq.com/s/Bbg_fyacyZAErGQrq6m4wg","微信读书"
"川大就业","2025-07-18","校园招聘 | 四川交通职业技术学院公开招聘","https://mp.weixin.qq.com/s/JFofNkIAxnCneju7aI22MQ","微信读书"
"川大就业","2025-07-18","校园招聘 | 成都市大邑县公开考核招聘","https://mp.weixin.qq.com/s/MNAmjbR_gfg-qwLXPc9W5w","微信读书"
"川大就业","2025-07-18","活动报名 | 2025年海内外博士（后）烟台对接交流活动","https://mp.weixin.qq.com/s/C68MbAydwgTEzcu-bFO9tQ","微信读书"
"川大就业","2025-07-16","用人单位邀请函丨四川大学2025年秋季校园招聘活动安排","https://mp.weixin.qq.com/s/TkJY7qDqATVEhWL49nNC7A","微信读书"
"川大就业","2025-07-16","扬帆大志行 | 电子师生走进华为成都研究所","https://mp.weixin.qq.com/s/tt7Vk84Y-j963WMqVq6pHQ","微信读书"
"川大就业","2025-07-16","校园招聘 | 京东方2026届「先锋京英计划」全球校园招募正式启动！","https://mp.weixin.qq.com/s/8NACw8qsB3_7KXsZtmamWg","微信读书"
"川大就业","2025-07-16","校园招聘 | 国机集团2025届夏季校园招聘全面启动","https://mp.weixin.qq.com/s/U2sGon8mzwWY1PBI3mnYGQ","微信读书"
"川大就业","2025-07-16","暑期开放日 | 中国空气动力研究与发展中心暑期开放日重磅开启！","https://mp.weixin.qq.com/s/yfv4eYKVsptYiLTLJcDN2g","微信读书"
"川大就业","2025-07-15","用人单位邀请函 | 四川大学2025年秋季校园招聘活动安排","https://mp.weixin.qq.com/s/DISBckGm5eUwcmcAJkDTug","微信读书"
"川大就业","2025-07-15","扬帆大志行 | 就业实践团赴长沙、株洲开展暑期社会实践活动","https://mp.weixin.qq.com/s/PT3FrCXCkiLLJ6MFud1lfA","微信读书"
"川大就业","2025-07-15","校园招聘 | 米哈游2026校园招聘技术提前批启动！","https://mp.weixin.qq.com/s/7nwLynXSwesOBbhrIHHdGw","微信读书"
"川大就业","2025-07-15","实习招聘 | 小米2026顶尖实习生计划正式启动","https://mp.weixin.qq.com/s/lczm5gn7SYEdrBDMZMqsXA","微信读书"
"川大就业","2025-07-15","赛事信息 | 第四届石家庄“海石杯”高层次人才创新创业大赛","https://mp.weixin.qq.com/s/tCcOCGaTq01gHddG7Jiq8g","微信读书"
"川大就业","2025-07-15","关于暑假期间就业准备与就业服务工作安排的温馨提示","https://mp.weixin.qq.com/s/OcHqR5vO2zwXSU1T92VGLQ","微信读书"
"川大就业","2025-07-14","学生邀请函 | 四川大学2025届2025年度-离校未就业毕业生 “离校不离心，服务不断线”线上双选会","https://mp.weixin.qq.com/s/QjmkT0rrNIiUmjdc_tzWig","微信读书"
"川大就业","2025-07-14","校园招聘｜快手2026届技术提前批校园招聘","https://mp.weixin.qq.com/s/wwN-HWOGGh0KA0A_B2wCHg","微信读书"
"川大就业","2025-07-14","校园招聘 | 上海农商银行2026届校园招聘FINTECH培训生提前批开启！","https://mp.weixin.qq.com/s/OhMnM8DPLhEBXfWcBeVAhA","微信读书"
"川大就业","2025-07-14","校园招聘 | 华为ICT BG 2025年天才少年招聘公告","https://mp.weixin.qq.com/s/-gul7EpLoJwwUrK8qEYb8Q","微信读书"
"川大就业","2025-07-14","校园招聘 | 滴滴2026届秋季校招提前批正式启动！","https://mp.weixin.qq.com/s/VECMfhhY3zOxNl3pkBXVLQ","微信读书"
"川大就业","2025-07-14","实习招聘 | 中工国际2026届暑期实习生招聘","https://mp.weixin.qq.com/s/CHRMSOUOzZYLQvzWamWCWA","微信读书"
"川大就业","2025-07-14","竞赛报名 | Touch CIB•数字兴业科技挑战赛（暨数字化人才提前批）正式开启！","https://mp.weixin.qq.com/s/ya1LwAXtYO0LIWT-dTwn9w","微信读书"
"川大就业","2025-07-13","校园招聘｜北方矿业2026届校园招聘提前批正式启动","https://mp.weixin.qq.com/s/4Tc27Ru5YrWmAtm6Yns-1A","微信读书"
"川大就业","2025-07-13","校园招聘 | 上海农商银行2026届校园招聘FINTECH培训生提前批开启","https://mp.weixin.qq.com/s/XwQl1_WJavIAuEhaY9vkwQ","微信读书"
"川大就业","2025-07-13","校园招聘 | 哈工大（深圳）公开招聘专职辅导员","https://mp.weixin.qq.com/s/rEm7cdk3S7fG7WGzuboUIg","微信读书"
"川大就业","2025-07-13","校园招聘 | 成都高质量发展研究中心、郫都区、成都航空职业技术大学等事业单位公开招聘","https://mp.weixin.qq.com/s/1rf2T1G-4IYG-zQtXULm9A","微信读书"
"川大就业","2025-07-13","线下宣讲 | 7月14日 | 中电科集团宣讲（发展规划院、9所、10所、20所、29所、30所、芯片院、联合微电子）","https://mp.weixin.qq.com/s/hk5kSFP2eodOgq69DIMj_A","微信读书"
"川大就业","2025-07-13","实习招聘 | 长安银行2025暑期实习生岗位开放啦！","https://mp.weixin.qq.com/s/uC-A23FRedgyHQrEWzsoRQ","微信读书"
"川大就业","2025-07-13","实习招聘 | 蔚来2026届实习生招募，研发领域抢先开启","https://mp.weixin.qq.com/s/JKGdUHMXmK0Bo6VvxdGVAQ","微信读书"
"川大就业","2025-07-12","校园招聘 | 极客未来2026届校招空中宣讲会来袭！","https://mp.weixin.qq.com/s/LOTVzS0sPCcz_Zrtm48K3w","微信读书"
"川大就业","2025-07-12","线下宣讲 | 7月14日 | 中电科集团宣讲（发展规划院、9所、10所、20所、29所、30所、芯片院、联合微电子）","https://mp.weixin.qq.com/s/p86t9Cs1v5t3ewShKq0Qcw","微信读书"
"川大就业","2025-07-12","赛事信息 | 中信银行信用卡中心2025年第三届「星耀杯」金融创新大赛正式启动！","https://mp.weixin.qq.com/s/EoA2fb6rnDk88ZXUHrt3oQ","微信读书"
"川大就业","2025-07-12","赛事信息 | 第四届Touch CIB·数字兴业科技挑战赛（兴业银行数字化人才提前批）全面开启！","https://mp.weixin.qq.com/s/BfZJUtnIOQKilkm80WJuUw","微信读书"
"川大就业","2025-07-12","开放日邀请函 | TCL实业邀你一起集结深圳！TCL Industries Campus OpenDay is comi","https://mp.weixin.qq.com/s/5xPTTxog-P7AxIXgyqoH6g","微信读书"
"川大就业","2025-07-11","重点领域 | 靳海峰：扎根祖国南疆，守护万家灯火","https://mp.weixin.qq.com/s/7m7ibwynPclakK1TSdLLBA","微信读书"
"川大就业","2025-07-11","校园招聘 | 中国兵器工业集团第二〇二研究所提前批招聘暨暑期开放日","https://mp.weixin.qq.com/s/eZLkqbBM3-EOHf71a0eEYw","微信读书"
"川大就业","2025-07-11","校园招聘 | 华为公司2026届应届毕业生就业意向收集","https://mp.weixin.qq.com/s/DOP-kOi177cuUuNcerjnRg","微信读书"
"川大就业","2025-07-11","线下宣讲 | 7月14日 | 中电科集团宣讲（发展规划院、9所、10所、20所、29所、30所、芯片院、联合微电子）","https://mp.weixin.qq.com/s/gSGqysI8rsIYVX6aqy_5ww","微信读书"
"川大就业","2025-07-11","硕博开放日｜南京机电2025硕博开放日等你启航！","https://mp.weixin.qq.com/s/lKVwYY2mHUng1H15wFtndw","微信读书"
"川大就业","2025-07-11","实习招聘 | 宝钢股份宝山基地2026届暑期实习生计划暨秋招提前批计划","https://mp.weixin.qq.com/s/khvE72q8zbMMWrFkzr4HyA","微信读书"
"川大就业","2025-07-11","就业指导 | 避开暑假工那些坑，大学生必读指南！","https://mp.weixin.qq.com/s/d03LYf0HSKljQX23rebIaQ","微信读书"
"川大就业","2025-07-11","交流会邀请函 | 华为2025年博士岗位交流会（面向西南区域高校）","https://mp.weixin.qq.com/s/kVzAxFuDO94PxFH1tiZY7w","微信读书"
"川大就业","2025-07-10","学生邀请函 | 四川大学2025届2025年度-离校未就业毕业生 “离校不离心，服务不断线”线上双选会","https://mp.weixin.qq.com/s/pL3GN0oake_zWKfEmuuOzg","微信读书"
"川大就业","2025-07-10","校园招聘 | 东方电子股份有限公司 2025届招聘公告","https://mp.weixin.qq.com/s/p84CSSZoumIxcIypZnNQWA","微信读书"
"川大就业","2025-07-10","校园招聘 | 2025年国家自然科学基金委员会面向社会公开招聘工作人员的公告","https://mp.weixin.qq.com/s/LuDr3GFHJcpoEkOw6TWE7A","微信读书"
"川大就业","2025-07-10","实习招聘 | 中国中化集团2025年暑期实习招募","https://mp.weixin.qq.com/s/zNiZoYNQ5JAV4NkydhEZaQ","微信读书"
"川大就业","2025-07-10","实习招聘 | 中国铁建地产2025年暑期TOP实习营招聘","https://mp.weixin.qq.com/s/linhqMoZJvfoUKgnirLUKA","微信读书"
"川大就业","2025-07-10","实习招聘 | 中国科学院微小卫星创新研究院实习生招聘","https://mp.weixin.qq.com/s/yd4HK7Cf3rVepv-PDT3Z2A","微信读书"
"川大就业","2025-06-16","用人单位邀请函 | 【百日冲刺】“周五职通车”- 四川大学毕业生离校前暨宏志助航专场双选会","https://mp.weixin.qq.com/s/TGADcS30eI_R4tWU0qToDA","微信读书"
"川大就业","2025-06-16","校园招聘 | 关于2025年上半年青神县事业单位公开考核招聘优秀人才的公告","https://mp.weixin.qq.com/s/aV01lq67uOEMn0TLYa5Jpw","微信读书"
"川大就业","2025-06-16","线下双选 | 6月17日 | 硕博汇-四川大学站博士专场就业双选会","https://mp.weixin.qq.com/s/_1UktteTnImABsTXe8ujZg","微信读书"
"川大就业","2025-06-16","暑期实习 | 关于组织开展2025“大学生追梦济南” 暑期实习训练营活动的通知","https://mp.weixin.qq.com/s/-dRhtTtFi6MYdlpoN5E3Lw","微信读书"
"川大就业","2025-06-16","暑期实习 | 关于开展大庆市2025年暑期大学生实习实训活动的通知","https://mp.weixin.qq.com/s/59VFXQr3vYRz7wMB9bGpOQ","微信读书"
"川大就业","2025-06-16","暑期开放日 | 中国航发涡轮院&中国航发成发2025年暑期开放日正式启动！","https://mp.weixin.qq.com/s/C_XiV9q_AuDAR07YIPK0hA","微信读书"
"川大就业","2025-06-16","开放日活动 | 2025年“眉州逐梦实习生·仁寿感知行”活动报名通知","https://mp.weixin.qq.com/s/N5n4W23OZ4u3WAOgqyl0WQ","微信读书"
"川大就业","2025-06-16","毕业季 | 2025届毕业生离校手续办理指南来啦！","https://mp.weixin.qq.com/s/YI1FTZIRr0BLfos2SXQ2xw","微信读书"
"川大就业","2025-06-15","校园招聘｜广东宏业投资开发集团有限公司2025年校招公告","https://mp.weixin.qq.com/s/_QgNx_qSPBNVmBR_QOCQcw","微信读书"
"川大就业","2025-06-15","线下宣讲｜6月16日｜广东省毒品实验技术中心（国家毒品实验室广东分中心）","https://mp.weixin.qq.com/s/TNUTR8XyzmdoxCQHslj6dQ","微信读书"
"川大就业","2025-06-15","夏令营招募｜德康集团2025“德计划”夏令营招募令","https://mp.weixin.qq.com/s/ZPTRaZcunIl_wsV9QCaO2g","微信读书"
"川大就业","2025-06-15","事业单位｜北京市社会科学院2025年行政管理岗位公开招聘工作人员公告","https://mp.weixin.qq.com/s/pNmtUKVtNfRymrhALyZSjA","微信读书"
"川大就业","2025-06-15","实习招聘｜苏交科集团26届“J-STAR”转正实习生招聘正式启动","https://mp.weixin.qq.com/s/TvtGhn01PekAEZDb7BfINw","微信读书"
"川大就业","2025-06-15","实习招聘｜金控集团招聘2025年暑期实习生","https://mp.weixin.qq.com/s/Msv6gXYEP0XDWxPa9ZFB0A","微信读书"
"川大就业","2025-06-15","实习招聘｜交银金融科技有限公司2026届实习生招聘正式启动！","https://mp.weixin.qq.com/s/uyZvc3Gdn2bv4mSbd8VOdQ","微信读书"
"川大就业","2025-06-15","【百日冲刺】用人单位邀请函｜“周五职通车”- 四川大学补录及提前批专场双选会","https://mp.weixin.qq.com/s/KrZEST6sFj6mKJdU_KZQlw","微信读书"
"川大就业","2025-06-14","校园招聘 | 中国科学院兰州化学物理研究所2025年人才招聘","https://mp.weixin.qq.com/s/cqnomkmGWU4BBBg7YvGptA","微信读书"
"川大就业","2025-06-14","校园招聘 | 河南交通投资集团有限公司2025年度公开招聘公告","https://mp.weixin.qq.com/s/soxK3KD9baWArGjmO_LWFw","微信读书"
"川大就业","2025-06-14","线下宣讲&双选｜6月15日｜塔城地区2025年下半年急需紧缺人才引进","https://mp.weixin.qq.com/s/s1BnUlVg-Sq7647_xtSaqQ","微信读书"
"川大就业","2025-06-14","实习招聘 | 中国建设银行四川省分行2025年度暑期实习生项目启动","https://mp.weixin.qq.com/s/ekxfCgcAtRdup6HzRwIoMw","微信读书"
"川大就业","2025-06-14","实习招聘 | 智元2026届实习生招募启动","https://mp.weixin.qq.com/s/YoKkUQUEGvjzyeFjpgqpCg","微信读书"
"川大就业","2025-06-14","赛事信息｜2025第十届BOE全球校园创新挑战赛正式启动！","https://mp.weixin.qq.com/s/uZBzeSL-E34qEhd_ipZBcg","微信读书"
"川大就业","2025-06-14","国内深造 | 63门课程满绩，成功直博！她说：每次付出都是为了离理想更近！","https://mp.weixin.qq.com/s/EwduU4SlcDobteASjtyJEA","微信读书"
"川大就业","2025-06-14","【百日冲刺】用人单位邀请函｜“周五职通车”- 四川大学补录及提前批专场双选会","https://mp.weixin.qq.com/s/jpYpMbpBIJLaNojUmLdQFA","微信读书"
"川大就业","2025-06-13","应征入伍 | 邹俊辉：矢志强军报国，青春无怨无悔","https://mp.weixin.qq.com/s/ckVflY4MOW670INQwlATCQ","微信读书"
"川大就业","2025-06-13","校园招聘｜广州芯德通信科技股份有限公司(V·SOL)2025届研发岗补录进行时","https://mp.weixin.qq.com/s/qvb3wNE_crQPEVCzBTB3zA","微信读书"
"川大就业","2025-06-13","校外宣讲&双选｜6月19日｜ 2025年“立志满园·聚才强企”招才引智活动成都专场","https://mp.weixin.qq.com/s/tz3YH98SsObWlu0KFS9C7g","微信读书"
"川大就业","2025-06-13","线下宣讲&双选｜6月14日｜四川省达州市2025年市属国有企业招才引智","https://mp.weixin.qq.com/s/zkaX8pVJOQ7KGej0aQSvSQ","微信读书"
"川大就业","2025-06-13","实习招聘｜大连商品交易所2025暑期实习生招收简章","https://mp.weixin.qq.com/s/0J-GahOQA7xzwUPFTqj3NQ","微信读书"
"川大就业","2025-06-13","课程预告 | 教育部“互联网+就业指导”公益直播课：旅游行业发展趋势与职业机会","https://mp.weixin.qq.com/s/op16-qwKfG7Hpg0nu48yBw","微信读书"
"川大就业","2025-06-13","6月14日 | 宣讲会&双选会&招聘信息一览","https://mp.weixin.qq.com/s/Dcfb2bmrnIQWboFzLhprGw","微信读书"
"川大就业","2025-06-13","【百日冲刺】用人单位邀请函｜“周五职通车”- 四川大学补录及提前批专场双选会","https://mp.weixin.qq.com/s/WloSgOZM_phajnxAjHnCVQ","微信读书"
"川大就业","2025-06-12","校园招聘 | 广东省毒品实验技术中心2025年招收博士后研究人员公告","https://mp.weixin.qq.com/s/fyfqQYHSzOmPT3ryu-X3oA","微信读书"
"川大就业","2025-06-12","线下宣讲 | 6月13日 | 中国人民解放军32051部队招生宣讲","https://mp.weixin.qq.com/s/U5rLqCPGbkd4tAR2IpjE9w","微信读书"
"川大就业","2025-06-12","线下宣讲 | 6月13日 | 四川蜀道装备科技股份有限公司","https://mp.weixin.qq.com/s/jAGBHenCrwmducKo9RVGJA","微信读书"
"川大就业","2025-06-12","暑期实践 | 重磅：四川省泸州市发布“知名高校百名博士泸州行”暑期社会实践活动招贤令","https://mp.weixin.qq.com/s/IlVR8y-zakkYQ2AUa103Jw","微信读书"
"川大就业","2025-06-12","暑期开放日 | 桂林力源集团2025年暑期开放月实践活动邀请函","https://mp.weixin.qq.com/s/nCv0YCs053DsJfr2tXXKfg","微信读书"
"川大就业","2025-06-12","实习招聘 | 华为ICT销售与服务2026届实习生招聘正式启动！","https://mp.weixin.qq.com/s/vhsfdmOdRMGjfym8bnIoog","微信读书"
"川大就业","2025-06-12","就业指导 | 暑期实习黄金期，简历制作系统带你速抢名企Offer！","https://mp.weixin.qq.com/s/5uoDUbSJyXPZ8acKN_MATw","微信读书"
"川大就业","2025-06-12","6月13日｜宣讲会&招聘信息一览","https://mp.weixin.qq.com/s/ldcAgoSIJ8CKASBfkzPjtA","微信读书"
"川大就业","2025-06-11","校园招聘 | 中广核聚核体验营暨2026届提前批专场校园招聘正式启动！","https://mp.weixin.qq.com/s/LzEOLr-q8_MNeLSiSTrCvA","微信读书"
"川大就业","2025-06-11","校园招聘 | 科大讯飞研究院【2026届飞星计划】校园招聘正式启动！","https://mp.weixin.qq.com/s/AEqYsVBH1gOnLYZW0cP3Uw","微信读书"
"川大就业","2025-06-11","线下宣讲 ｜ 6月12日 ｜京东校招2025高校求职辅导&王牌实习生项目宣讲","https://mp.weixin.qq.com/s/6-dGgo2aB7KlzdUiC4UfqQ","微信读书"
"川大就业","2025-06-11","线下宣讲 | 6月12日 | 沈阳理工大学专任教师招聘","https://mp.weixin.qq.com/s/Dpe-RJUwXRSOKIW-PpjRMA","微信读书"
"川大就业","2025-06-11","线下宣讲 | 6月12日 | 国防科技大学理学院诚聘全球优秀人才","https://mp.weixin.qq.com/s/Sy48TGVWCGHX3cCNnwAV7Q","微信读书"
"川大就业","2025-06-11","实习招聘丨小天才2026届实习招聘正式启动","https://mp.weixin.qq.com/s/fA1I62YiVpHhP-0VlmsL5Q","微信读书"
"川大就业","2025-06-11","6月12日 | 宣讲会&招聘信息一览","https://mp.weixin.qq.com/s/mZxB1zCaWaLjKFGT3MddNg","微信读书"
"川大就业","2025-06-11","【光明日报】四川大学：推动人才供给与产业需求同频共振","https://mp.weixin.qq.com/s/s7uPi7A8HntlY2vENVRn4A","微信读书"
"川大就业","2025-06-10","校园开放日｜中国航空工业集团直升机所第八届校园开放日活动邀请函","https://mp.weixin.qq.com/s/aplaibo9L6vDbLhO4MPCKQ","微信读书"
"川大就业","2025-06-10","线下宣讲｜6月11日｜中国共产党奉节县委员会组织部","https://mp.weixin.qq.com/s/sPJ54s4UhF-csRP2MunKaA","微信读书"
"川大就业","2025-06-10","线下宣讲｜6月11日｜国防科技大学2026年研究生招生线下宣讲","https://mp.weixin.qq.com/s/wO_TGhTylFm8rZNexbgCjA","微信读书"
"川大就业","2025-06-10","线下宣讲｜6月11日｜阿克苏市教育局","https://mp.weixin.qq.com/s/w7wuyYNL23rxjtS99JYJ4Q","微信读书"
"川大就业","2025-06-10","线下宣讲 ｜ 6月11日&12日 ｜京东校招2025高校求职辅导&王牌实习生项目宣讲","https://mp.weixin.qq.com/s/f85MGenv2ndosJhaOa74Nw","微信读书"
"川大就业","2025-06-10","暑期实践｜关于开展大庆市2025年暑期大学生实习实训活动的通知","https://mp.weixin.qq.com/s/dcIktawsdZySD5gzBkGCmQ","微信读书"
"川大就业","2025-06-10","实习招聘｜凡岛暑期转正实习招聘持续进行中","https://mp.weixin.qq.com/s/3EQ8WnQzwV38VcQf9EgITQ","微信读书"
"川大就业","2025-06-10","6月11日 | 宣讲会&招聘信息一览","https://mp.weixin.qq.com/s/aXm2_hGjMe2ZDA7eIvPPUw","微信读书"
"川大就业","2025-06-09","校园招聘 | 中材锂膜（萍乡）有限公司2025管培生补录","https://mp.weixin.qq.com/s/OneK_QfI7e2PoaueR6A-NA","微信读书"
"川大就业","2025-06-09","校园招聘 | 央企名企高端职位推荐 6月（第一期）","https://mp.weixin.qq.com/s/-Vth3ENclZ9VIcrX_nsS2w","微信读书"
"川大就业","2025-06-09","校园招聘 | 国家医疗保障局大数据中心2025年度第二批公开招聘应届毕业生公告","https://mp.weixin.qq.com/s/I-3-BYrw9kvv6yy-ykDOyw","微信读书"
"川大就业","2025-06-09","校园招聘 | 国家机关、事业单位招聘信息汇总6月（第一期）","https://mp.weixin.qq.com/s/thEn1jBaRJyU27XudORzyA","微信读书"
"川大就业","2025-06-09","校园招聘 | 甘肃电投集团“带编入企”引进高层次人才公告","https://mp.weixin.qq.com/s/Moo7c4lCCG0TT4hCxn2TFg","微信读书"
"川大就业","2025-06-09","线下宣讲 | 6月10日 | 2025“创·在青岛”创新创业大赛成都站联合宣讲会","https://mp.weixin.qq.com/s/SxTBpCQdlvTDnXWf2NZ49w","微信读书"
"川大就业","2025-06-09","实习招聘 | 国机数科2025暑期“人工智能训练营”实习生招募公告","https://mp.weixin.qq.com/s/SvCi_8JXvUbTQecZyHz9QQ","微信读书"
"川大就业","2025-06-09","6月10日 | 宣讲会&招聘信息一览","https://mp.weixin.qq.com/s/sAUAMQz9RQwduWcQ1R27ew","微信读书"
"川大就业","2025-06-08","校园招聘｜中国联合工程有限公司夏季校园招聘 “职”等你来","https://mp.weixin.qq.com/s/O9hTg07XAqwsQf-ShPPnlg","微信读书"
"川大就业","2025-06-08","校园招聘｜中电锦江2026届校园招聘正式开启","https://mp.weixin.qq.com/s/A5IxhNFwJ3YGV0vYYgVppA","微信读书"
"川大就业","2025-06-08","校园招聘｜成都市武侯区公开考核招聘高层次教育人才","https://mp.weixin.qq.com/s/-pDFUJUhNwKCL1D5mIoq7A","微信读书"
"川大就业","2025-06-08","线下宣讲｜6月9日｜新疆阿克苏地区温宿县招才引智宣介会","https://mp.weixin.qq.com/s/NLdl49wUFvc4FzUjvoyySg","微信读书"
"川大就业","2025-06-08","暑期开放日｜中国电子科技集团公司第三十八研究所2025年暑期博士开放日活动邀请函","https://mp.weixin.qq.com/s/jtilmga76sn9XYXp5WahVA","微信读书"
"川大就业","2025-06-08","实习招聘｜中国院特招实习生计划：以匠心为舟 向未来扬帆","https://mp.weixin.qq.com/s/hZ7YhbJ_uoXNOFguYmBbDA","微信读书"
"川大就业","2025-06-08","实习招聘｜大华股份（上市公司、总部杭州）2026届实习生招聘启动","https://mp.weixin.qq.com/s/NPQZNm18YPvq0XvMsvQphg","微信读书"
"川大就业","2025-06-08","6月9日｜宣讲会&招聘信息一览","https://mp.weixin.qq.com/s/IFljFKt9uLQpnF6kIVJrWw","微信读书"
"川大就业","2025-06-07","用人单位邀请函 | “周五职通车”- 四川大学补录及提前批专场双选会","https://mp.weixin.qq.com/s/7iiOBJd20inFoi7e67UHVw","微信读书"
"川大就业","2025-06-07","校园招聘 | TP-Link联洲2026届提前批&实习生招聘启动！","https://mp.weixin.qq.com/s/Th8WPSlK4doxj_CBqbCwBQ","微信读书"
"川大就业","2025-06-07","校园招聘 | 湘湖实验室2025年博士后招聘计划","https://mp.weixin.qq.com/s/KNCEqinRTxhtuV1vW_YZvg","微信读书"
"川大就业","2025-06-07","校园招聘 | 四川“三支一扶”计划招募3628人！6月9日开始报名！","https://mp.weixin.qq.com/s/fgegjk5tBrLFcy2a0-T7jA","微信读书"
"川大就业","2025-06-07","校园招聘 | 深信服X-STAR顶尖人才校招引进暨暑期实习计划全球启动","https://mp.weixin.qq.com/s/5ZLRx76LzjnoDnzdGTVykA","微信读书"
"川大就业","2025-06-07","校园招聘 | 睿创微纳 2026 校园招聘","https://mp.weixin.qq.com/s/yvIvq5UKK8x5VCq5AnugIw","微信读书"
"川大就业","2025-06-07","暑期实践 | 关于开展四川大学2025年暑期 “大志行”就业实践活动的通知","https://mp.weixin.qq.com/s/x3vOaoZnobVyUTo360HZIg","微信读书"
"川大就业","2025-06-07","开放日邀请函 | 新希望集团四川大学开放日活动邀请函","https://mp.weixin.qq.com/s/Mm8um3GQXBI8E1DqkpoRRw","微信读书"
"川大就业","2025-06-06","校园招聘 ｜ 小红书「马当路练习生」招新啦！2026届同学看过来！","https://mp.weixin.qq.com/s/GRuaRU1VvRL8KEQRN8-5Sg","微信读书"
"川大就业","2025-06-06","校园招聘 ｜ 四川省高校学生信息咨询与就业指导中心2025年上半年公开招聘编外工作人员公告","https://mp.weixin.qq.com/s/NuoV5zcwPfnuKmCx88DqfQ","微信读书"
"川大就业","2025-06-06","线下宣讲 ｜ 6月11日&12日 ｜京东校招2025高校求职辅导&王牌实习生项目宣讲","https://mp.weixin.qq.com/s/Mo-1ZEcFsKXmmMobRhy4hA","微信读书"
"川大就业","2025-06-06","暑期研学 ｜ 【港城大2025暑期项目预报名正式开启！】数智启航 迈向未来！AIgnite Your Summer","https://mp.weixin.qq.com/s/93tIMvkFRrWs7zUxY3jY9Q","微信读书"
"川大就业","2025-06-06","暑期实践 | 关于开展四川大学2025年暑期 “大志行”就业实践活动的通知","https://mp.weixin.qq.com/s/CKGrGGLzCEUFsUBgV2PiKg","微信读书"
"川大就业","2025-06-06","实习招聘 ｜ 中国航空工业集团自控所 2025 年暑期实习正式开启","https://mp.weixin.qq.com/s/LQYVqfqWXuaJq6sF4rm3rw","微信读书"
"川大就业","2025-06-06","实习招聘 ｜ 迈瑞医疗2026届暑期实习生招聘正式启动！","https://mp.weixin.qq.com/s/u2rx5hsAmpc27sxFzWET6A","微信读书"
"川大就业","2025-06-06","企业开放日 ｜ 阿里淘天T-Star Lab 技术Openday 报名开放","https://mp.weixin.qq.com/s/26SwhEoBwMJ65XF_Zz4DEw","微信读书"
"川大就业","2025-06-05","重点领域 | 俞开元：用选择与坚持解锁职场通关密码","https://mp.weixin.qq.com/s/8ItTiI7lzi9eeboE_yO7oQ","微信读书"
"川大就业","2025-06-05","校园招聘 | 吉利控股集团25届春招-曹操出行岗位补招","https://mp.weixin.qq.com/s/5FERayZs0TTO7-hKQxhgmA","微信读书"
"川大就业","2025-06-05","线下宣讲&双选 | 6月6日 | 雅安市2025年招才引智活动","https://mp.weixin.qq.com/s/RNLxhF53_eClT5xW37cdjw","微信读书"
"川大就业","2025-06-05","线下宣讲 | 6月6日 | 中国科学院苏州纳米技术与纳米仿生研究所","https://mp.weixin.qq.com/s/Kl9SchHvPeZR_hTUHVFAaA","微信读书"
"川大就业","2025-06-05","线下双选 | 6月6日 | 【百日冲刺】“周五职通车”- 四川大学补录及实习专场双选会","https://mp.weixin.qq.com/s/I23G35C8oUhpitQjd-Jc_g","微信读书"
"川大就业","2025-06-05","实习招聘 | 泸州老窖股份有限公司2025暑期实习生项目正式启动！","https://mp.weixin.qq.com/s/eNg7xqJ6QGZC5MTv_3092Q","微信读书"
"川大就业","2025-06-05","开放日邀请函 | 新希望集团四川大学开放日活动邀请函","https://mp.weixin.qq.com/s/Lfb1EcyVHXA89dRzwVcnhg","微信读书"
"川大就业","2025-06-05","6月6日 | 宣讲会&双选会&招聘信息一览","https://mp.weixin.qq.com/s/VN5wzRlMXBziMQwFwEtM5Q","微信读书"
"川大就业","2025-06-04","线下宣讲 | 6月5日 | 中国人民解放军海军航空大学文职人员招聘宣讲","https://mp.weixin.qq.com/s/6Qjj-Y4-w_3GJSSXgcnLrQ","微信读书"
"川大就业","2025-06-04","线下宣讲 | 6月5日 | 中国空气动力研究与发展中心","https://mp.weixin.qq.com/s/ETxylu33LScZfN1-TvZfQg","微信读书"
"川大就业","2025-06-04","线下宣讲 | 6月5日 | 歌尔股份有限公司","https://mp.weixin.qq.com/s/Ni36Er7pL1sAeB9EG0YiVg","微信读书"
"川大就业","2025-06-04","暑期实践 | 关于开展四川大学2025年暑期 “大志行”就业实践活动的通知","https://mp.weixin.qq.com/s/DtnlpP1AxUM99uDH_j3rEQ","微信读书"
"川大就业","2025-06-04","活动预告丨教师资格证备考指导讲座","https://mp.weixin.qq.com/s/U-7MVFJhhOTEkyklaXOaxQ","微信读书"
"川大就业","2025-06-04","活动预告 | 行业大讲堂之法律行业：“就业扬帆，有法护航”就业相关法律讲座","https://mp.weixin.qq.com/s/zbWxWTnjZVcBW2VNfTaSjQ","微信读书"
"川大就业","2025-06-04","关于四川大学开展2025年毕业生档案转递工作的通知","https://mp.weixin.qq.com/s/bQefj9_k7aOmPU7hUX5lpg","微信读书"
"川大就业","2025-06-04","6月5日 | 宣讲会&招聘信息一览","https://mp.weixin.qq.com/s/U8vBwtzD1u20lD-6r7tC1Q","微信读书"
"川大就业","2025-06-03","用人单位邀请函 | 【百日冲刺】“周五职通车”- 四川大学补录及实习专场双选会","https://mp.weixin.qq.com/s/yOSFj6-t42XQRJEBzEJPwg","微信读书"
"川大就业","2025-06-03","校园招聘丨中国电子技术标准化研究院2025年校园招聘公告","https://mp.weixin.qq.com/s/OVUaW9V4ZxW4nsMR9W9j-Q","微信读书"
"川大就业","2025-06-03","校园招聘丨浙江菲达环保科技股份有限公司","https://mp.weixin.qq.com/s/4LXzuyssizINmk8LlYZb1g","微信读书"
"川大就业","2025-06-03","校园招聘丨晓禾教育2025届校园招聘","https://mp.weixin.qq.com/s/dqj0_CN1unSa1o_EExYNfQ","微信读书"
"川大就业","2025-06-03","校园招聘丨航空工业贵阳航空电机有限公司2025届校园招聘","https://mp.weixin.qq.com/s/DxfhOQcuPUknYWlqaEj4Zg","微信读书"
"川大就业","2025-06-03","校园招聘 ｜ 与宜同成长 共银新未来——宜宾市商业银行2025年校园招聘","https://mp.weixin.qq.com/s/LCBZttbyRF4070x2RcycLA","微信读书"
"川大就业","2025-06-03","活动预告丨行业大讲堂之法律行业：“就业扬帆，有法护航”就业相关法律讲座","https://mp.weixin.qq.com/s/Qoonw4iIlvNW48XJZR_aOA","微信读书"
"川大就业","2025-06-03","活动预告丨教师资格证备考指导讲座","https://mp.weixin.qq.com/s/FtbYy1QOvAybLIiXHWQHgA","微信读书"
"川大就业","2025-06-02","用人单位邀请函 | 【百日冲刺】“周五职通车”- 四川大学补录及实习专场双选会","https://mp.weixin.qq.com/s/mof66EoVoZHdNcJuNZoY4Q","微信读书"
"川大就业","2025-06-02","校园招聘｜央企名企硕士类招聘信息汇总","https://mp.weixin.qq.com/s/VofMZIwhiYILJCk9ZLlKWw","微信读书"
"川大就业","2025-06-02","校园招聘｜南京大学2025年事业编制招聘公告","https://mp.weixin.qq.com/s/y9uWCGVwB5qI2DgimggKAw","微信读书"
"川大就业","2025-06-02","校园招聘｜马鞍山师范高等专科学校2025年度公开招聘专职辅导员公告","https://mp.weixin.qq.com/s/GPfWoHiY-ZP_tXGpFd7nGg","微信读书"
"川大就业","2025-06-02","校园招聘｜国务院发展研究中心有关直属事业单位2025年度第二轮公开招聘工作人员公告","https://mp.weixin.qq.com/s/jb55QdJhTE7qDO2U07qONg","微信读书"
"川大就业","2025-06-02","校园招聘｜国家医疗保障局大数据中心2025年度第二批公开招聘应届毕业生公告","https://mp.weixin.qq.com/s/OFqULNQzgY1Dv-4NQVxaWw","微信读书"
"川大就业","2025-06-02","校园招聘｜2025年长沙市直事业单位招聘 （选调）160名工作人员公告","https://mp.weixin.qq.com/s/jw5doUXDJyjpYP4ttlc6Ew","微信读书"
"川大就业","2025-06-02","活动预告 | 行业大讲堂之法律行业：“就业扬帆，有法护航”就业相关法律讲座","https://mp.weixin.qq.com/s/jdXO0mBnm4Izbty5QyQr2w","微信读书"
"川大就业","2025-06-01","用人单位邀请函 | 【百日冲刺】“周五职通车”- 四川大学补录及实习专场双选会","https://mp.weixin.qq.com/s/TU9GJ2tyzf-OeccY2XdKkA","微信读书"
"川大就业","2025-06-01","校园招聘 ｜ 中国电子科技集团公司第十一研究所校园招聘","https://mp.weixin.qq.com/s/b9DkmrgW1ackkzqr0_Hdmg","微信读书"
"川大就业","2025-06-01","校园招聘 ｜ 途游游戏2025春季校园招聘","https://mp.weixin.qq.com/s/co8I7wdfk7tQnvWzSXWE7A","微信读书"
"川大就业","2025-06-01","校园招聘 ｜ 韶音科技2026届提前批校园招聘启动","https://mp.weixin.qq.com/s/h3GP1v52mfDy8nvwYt9adQ","微信读书"
"川大就业","2025-06-01","实习招聘 ｜ 中国建筑国际集团2025“朝阳计划”暑期实习生招募全面启动","https://mp.weixin.qq.com/s/AJjwwH6yNK11yTIBJd-alQ","微信读书"
"川大就业","2025-06-01","实习招聘 ｜ 成都高新区2025年“金熊猫实习生”启动！首批招募超1000名实习生","https://mp.weixin.qq.com/s/xVczDJI7pcQ17FaUw61oLg","微信读书"
"川大就业","2025-06-01","企业开放日 ｜ 国电南自2026届校园招聘企业开放日诚邀参与","https://mp.weixin.qq.com/s/ksTL2yCw68uEtomkHn-nkw","微信读书"
"川大就业","2025-06-01","活动预告|行业大讲堂之法律行业：“就业扬帆，有法护航”就业相关法律讲座","https://mp.weixin.qq.com/s/Vsaq9dd-jWevKxf9Iw1suQ","微信读书"
"川大就业","2025-05-30","重点领域 | 赵青：扎根医学科研，点亮健康未来","https://mp.weixin.qq.com/s/qtjPasOb2hB-aizDbnn5aw","微信读书"
"川大就业","2025-05-30","用人单位邀请函 | 【百日冲刺】“周五职通车”- 四川大学补录及实习专场双选会","https://mp.weixin.qq.com/s/lreucl39sX4sYEgM3Duj0w","微信读书"
"川大就业","2025-05-30","校园招聘 | 中广核聚核体验营暨2026届提前批专场校园招聘正式启动！","https://mp.weixin.qq.com/s/UaegM3_0XWYRw3l3qDQEZg","微信读书"
"川大就业","2025-05-30","校园招聘 | 三一海工2025校园招聘","https://mp.weixin.qq.com/s/9kPArv7RYOTLbtmTfGMrZw","微信读书"
"川大就业","2025-05-30","校园招聘 | 国家能源集团公开招聘","https://mp.weixin.qq.com/s/s0npQhhrVDsZdyZvpmAjyA","微信读书"
"川大就业","2025-05-30","开放日邀请函 | 光电所暑期开放日的第一手消息这就透露给你","https://mp.weixin.qq.com/s/FPG2m8RDTQdmTRa1CkPHCw","微信读书"
"川大就业","2025-05-30","活动预告|“就业扬帆，有法护航”就业相关法律讲座","https://mp.weixin.qq.com/s/HmDRcJQZgsjYCLQGkY45UA","微信读书"
"川大就业","2025-05-30","2025届毕业生党员组织关系转接温馨提醒","https://mp.weixin.qq.com/s/3tF5TtEcU1tY-0n-o4s4FQ","微信读书"
"川大就业","2025-05-29","校园招聘 | 中国航空综合技术研究所高层次人才&amp;博士招聘公告","https://mp.weixin.qq.com/s/sSCtYeqtc7m1YkGOCnwhcg","微信读书"
"川大就业","2025-05-29","校园招聘 | 中国航空工业集团洪都2025年企业开放日招募来啦！","https://mp.weixin.qq.com/s/X-dsyMMxqZnx2s7FX2_ihg","微信读书"
"川大就业","2025-05-29","校园招聘 | 荣耀CEO李健重磅发布人才战略，“全球百万雄鹰计划”正式开启！","https://mp.weixin.qq.com/s/jk3MJtY43556ESFIy36i5g","微信读书"
"川大就业","2025-05-29","校园招聘 | 泉州水务集团有限公司2025年度（第一批）校园招聘公告","https://mp.weixin.qq.com/s/IM7b2dkJymD53Jd0yvOJkg","微信读书"
"川大就业","2025-05-29","线下双选 | 5月30日 | 【百日冲刺】“周五职通车”-全国科技服务行业招聘活动-四川大学补录、实习及提前批-专精特新","https://mp.weixin.qq.com/s/YhIS55D854CHaYMwnovMGg","微信读书"
"川大就业","2025-05-29","暑期夏令营 | 2025年北京九所招生夏令营开始报名！","https://mp.weixin.qq.com/s/W-uZTOyKA64PhiMQqMZeUg","微信读书"
"川大就业","2025-05-29","实习招聘 | 央企名企实习见习岗位推荐","https://mp.weixin.qq.com/s/ypyA2Zh-xO0ZVolNp6rvKQ","微信读书"
"川大就业","2025-05-29","5月30日 | 双选会&招聘信息一览","https://mp.weixin.qq.com/s/utTkkP0OG4AXQ8ny88m5BA","微信读书"
"川大就业","2025-05-28","助理招新 | 四川大学就业指导中心市场科等你来！（报名倒计时！欢迎投递！）","https://mp.weixin.qq.com/s/8nXfUHsBNndErwPQtCqhlg","微信读书"
"川大就业","2025-05-28","校园招聘 | 中远海运战略性新兴产业人才招聘","https://mp.weixin.qq.com/s/XApGxrL-7AjprnsQr4SwEA","微信读书"
"川大就业","2025-05-28","校园招聘 | 中国人民保险集团面向社会公开招聘总部工作人员的公告","https://mp.weixin.qq.com/s/gyI_GwP5KsibT3BQQr0CPg","微信读书"
"川大就业","2025-05-28","校园招聘 | 央企名企管培生岗位推荐","https://mp.weixin.qq.com/s/URS9hMWVe4M31lqQYb676g","微信读书"
"川大就业","2025-05-28","校园招聘 | 汉江师范学院诚聘博士人才","https://mp.weixin.qq.com/s/1WdCKZ8pxTcvXe0mC0SpqQ","微信读书"
"川大就业","2025-05-28","校园招聘 | 海关总署在京直属事业单位2025年度公开招聘应届毕业生公告","https://mp.weixin.qq.com/s/T2kdGYnckqIC-hrVztZm7A","微信读书"
"川大就业","2025-05-28","实习招聘 | 中国电信天翼云2026届暑期实习生招聘正式启动!","https://mp.weixin.qq.com/s/LFWbhIcEXMBdtSQUouuezQ","微信读书"
"川大就业","2025-05-28","实习招聘 | 央企名企实习见习岗位推荐","https://mp.weixin.qq.com/s/xahkhBqqysQ_Zuj2oftUIg","微信读书"
"川大就业","2025-05-27","用人单位邀请函 | 【百日冲刺】“周五职通车”-全国科技服务行业招聘活动-四川大学补录、实习及提前批-专精特新专场双选会","https://mp.weixin.qq.com/s/jz0RCSTyFM7o7GvDzs_Esg","微信读书"
"川大就业","2025-05-27","校园招聘 | 中共长春市委党校（长春市行政学院）2025年高层次人才招聘公告","https://mp.weixin.qq.com/s/ZS6mj8UB1oFqgps0uMKAbg","微信读书"
"川大就业","2025-05-27","校园招聘 | 西北民族大学2025年预聘制B类岗位公开招聘公告","https://mp.weixin.qq.com/s/JAGUjob5xVQY3WZ7PQFXHQ","微信读书"
"川大就业","2025-05-27","校园招聘 | 双胞胎集团2025人力资源岗专项招聘","https://mp.weixin.qq.com/s/TKPOIlh5kI6jql3huZV3Cw","微信读书"
"川大就业","2025-05-27","校园招聘 | 海信集团2026届信动力计划招聘正式启动！","https://mp.weixin.qq.com/s/SCuduV1JirfmDABvrYCIhg","微信读书"
"川大就业","2025-05-27","校园招聘 | 百度2026届AIDU计划正式启动！","https://mp.weixin.qq.com/s/SGkUG2gJfdDV1tFo_PDCLw","微信读书"
"川大就业","2025-05-27","实习招聘 | 心田花开暑期实习训练营","https://mp.weixin.qq.com/s/kcj9oLGzItaDQCdGCS1csQ","微信读书"
"川大就业","2025-05-27","实习招聘 | 华润万象生活2025年暑期实习生招聘正式启动","https://mp.weixin.qq.com/s/MBRFPcupx__ikO3zgtXesQ","微信读书"
"川大就业","2025-05-26","校园招聘 | 中国一汽2025夏季校园招聘正式启动","https://mp.weixin.qq.com/s/A-1PdfYRG-8YYhvP51MEgQ","微信读书"
"川大就业","2025-05-26","校园招聘 | 中国电子科技集团公司第三研究所2025届校园招聘","https://mp.weixin.qq.com/s/m1E3JUR6rXkVYNx_-HdwGQ","微信读书"
"川大就业","2025-05-26","校园招聘 | 2025年新疆理化所引进博士人才招聘公告","https://mp.weixin.qq.com/s/DWZGa28sp0HXjwgMfnKJAA","微信读书"
"川大就业","2025-05-26","校园招聘 |  网易GPT-极客热爱青年人才计划 全球启动！等你上车！","https://mp.weixin.qq.com/s/HJZ5J8v0vvtXvcuZs1Adbw","微信读书"
"川大就业","2025-05-26","线下宣讲 | 5月27日 | 中国人民解放军军事科学院防化研究所研究生招生宣讲（19:00开始）","https://mp.weixin.qq.com/s/A0rW22WAg-HZZfwUgm1zOw","微信读书"
"川大就业","2025-05-26","教师招聘 | 2025年“特岗计划”启动！全国招聘教师20976名","https://mp.weixin.qq.com/s/POGUa-JB4uj6wwOe1ykjJA","微信读书"
"川大就业","2025-05-26","活动预告丨5月27日丨行业大讲堂之人工智能行业：人工智能技术与应用","https://mp.weixin.qq.com/s/fdNnCSoY8xiPEhvATBgQVw","微信读书"
"川大就业","2025-05-26","5月27日 | 宣讲会&招聘信息一览","https://mp.weixin.qq.com/s/7JJJROhEteI0SZ8qXqDL_A","微信读书"
"川大就业","2025-05-25","校园招聘｜天府绛溪实验室招聘来啦！","https://mp.weixin.qq.com/s/RoYuOmLhu3DwLRV4_piQxw","微信读书"
"川大就业","2025-05-25","校园招聘｜淘天26届春招（可转正）进入倒计时投递阶段","https://mp.weixin.qq.com/s/ArOHXLFLC2jZbZ4WqPI6Bw","微信读书"
"川大就业","2025-05-25","校园招聘｜南京江北新区定向选聘2025届名校优生公告","https://mp.weixin.qq.com/s/iMgGyA38y5odGeN-49G2pA","微信读书"
"川大就业","2025-05-25","线下宣讲｜5月26日｜深圳华大基因细胞科技有限责任公司","https://mp.weixin.qq.com/s/8fMy5dp6anC_RVgxePEMmg","微信读书"
"川大就业","2025-05-25","线下宣讲｜5月26日｜广西绿城水务股份有限公司","https://mp.weixin.qq.com/s/_JC56W8HNDQ-zsjTkAfp4A","微信读书"
"川大就业","2025-05-25","线下双选&宣讲 ｜5月26日｜甘孜州2025年上半年公开考核招聘事业单位急需紧缺专业人才专场招聘会","https://mp.weixin.qq.com/s/MJnI7rjJgItD4Wzqf_fdag","微信读书"
"川大就业","2025-05-25","活动预告丨5月27日丨行业大讲堂之人工智能行业：人工智能技术与应用","https://mp.weixin.qq.com/s/a3uy_rrXr7DQrie_jnuR3w","微信读书"
"川大就业","2025-05-25","5月26日｜双选会&宣讲会&招聘信息一览","https://mp.weixin.qq.com/s/1OhLil5tyCF4JuyXRl1T8Q","微信读书"
"川大就业","2025-05-24","用人单位邀请函 | 【百日冲刺】“周五职通车”- 四川大学补录、实习及提前批-专精特新专场双选会","https://mp.weixin.qq.com/s/Ho2txf-6WTjqZHdWSkVr8Q","微信读书"
"川大就业","2025-05-24","校园招聘 ｜ 中核集团2026届提前批校招正式启航!","https://mp.weixin.qq.com/s/vnNjcGrMcW5MPj2QiR6zZA","微信读书"
"川大就业","2025-05-24","校园招聘 ｜ 中国科学院核能安全技术研究所欢迎英才加入","https://mp.weixin.qq.com/s/fnFgYGDamdsZUDGd-Abukg","微信读书"
"川大就业","2025-05-24","校园招聘 ｜ 学而思2025届校园招聘简章","https://mp.weixin.qq.com/s/WGPfgmJEjBylm-x8UlJH-A","微信读书"
"川大就业","2025-05-24","校园招聘 ｜ 海尔智家2026届顶尖人才项目正式启动","https://mp.weixin.qq.com/s/RzXrUN_yYGAyRq_xOSqNGQ","微信读书"
"川大就业","2025-05-24","事业单位 ｜ 四川公开选调1033人，今起报名！","https://mp.weixin.qq.com/s/9MMi6uOr5KvOcHNm0MeG4w","微信读书"
"川大就业","2025-05-24","实习招聘 ｜ 中航一飞院2025年实习生招聘正式启动！","https://mp.weixin.qq.com/s/vYCbR_grZ0it3y2XcxC3Qg","微信读书"
"川大就业","2025-05-24","活动预告丨5月27日丨行业大讲堂之人工智能行业：人工智能技术与应用","https://mp.weixin.qq.com/s/wsNcHLmDwTDG24Fy16IQ2Q","微信读书"
"川大就业","2025-05-23","用人单位邀请函 | 【百日冲刺】“周五职通车”- 四川大学补录、实习及提前批-专精特新专场双选会","https://mp.weixin.qq.com/s/7BSHY_1LnwzYOqdu44NC5Q","微信读书"
"川大就业","2025-05-23","信息速递 | @全体毕业生！成都官宣：7天免费住宿！超5000套！","https://mp.weixin.qq.com/s/mjE6gmGBk2sgTFlJJ8aqfg","微信读书"
"川大就业","2025-05-23","校园招聘 | 央国企招聘信息汇总","https://mp.weixin.qq.com/s/jvJuYYL3HHo7BKutFNo0HA","微信读书"
"川大就业","2025-05-23","校园招聘 | 美丽中国支教老师招募即将结束, 支持升级, 名额有限, 快来申请","https://mp.weixin.qq.com/s/HamDvfp_qF_HNxPZHDbDiQ","微信读书"
"川大就业","2025-05-23","实习招聘 | 四川公司2025“梦想+”实习生计划启动！","https://mp.weixin.qq.com/s/GWovp5z8tn1Q03nJeF3gFw","微信读书"
"川大就业","2025-05-23","课程预告 | 教育部“互联网+就业指导”公益直播课：物流行业发展趋势和职业机会","https://mp.weixin.qq.com/s/3FRRnqIy3O2nkqwfUyPedw","微信读书"
"川大就业","2025-05-23","就业指导 | 人力资源社会保障部 中央网信办 教育部联合发布招聘欺诈典型案例","https://mp.weixin.qq.com/s/Dh27L3rMJOVE3-4XrwXr5Q","微信读书"
"川大就业","2025-05-23","活动预告丨5月27日丨行业大讲堂之人工智能行业：人工智能技术与应用","https://mp.weixin.qq.com/s/CsWJCTMotzpGedChh23-VA","微信读书"
"川大就业","2025-05-22","线下宣讲 | 5月23日 | 四川科胜医疗科技有限公司宣讲会","https://mp.weixin.qq.com/s/bhO1VQX0dfqGHzh7H3YgyA","微信读书"
"川大就业","2025-05-22","线下宣讲 | 5月23日 | 华设设计集团四川工程咨询有限公司","https://mp.weixin.qq.com/s/3J6Lm6m81w858Lln3hHrQw","微信读书"
"川大就业","2025-05-22","线下宣讲 | 5月23日 | 重庆五一职业技术学院","https://mp.weixin.qq.com/s/WWa-8dijg7NO7wXEW5NZkg","微信读书"
"川大就业","2025-05-22","线下双选 | 5月23日 | “周五职通车”- 四川大学硕博专场双选会","https://mp.weixin.qq.com/s/NaC1abDCYYm5_9QUW_PStg","微信读书"
"川大就业","2025-05-22","团辅活动报名 | 自我探索：在游戏与协作中思考你的人生版图","https://mp.weixin.qq.com/s/PBIU5DElw4ixXbknQQcQNw","微信读书"
"川大就业","2025-05-22","实习求职 | 李镐伟：纸上得来终觉浅，绝知此事要躬行","https://mp.weixin.qq.com/s/RKpGZroJOYhpMN68MGzq7g","微信读书"
"川大就业","2025-05-22","就业指导 | 哪些机构能存放毕业生档案？收费不？","https://mp.weixin.qq.com/s/kJC1Kyp22LDBg8kEZx6zIw","微信读书"
"川大就业","2025-05-22","5月23日 | 双选会&宣讲会&招聘信息一览","https://mp.weixin.qq.com/s/JYEa6p9eBjdmDJRDIi_fjw","微信读书"
"川大就业","2025-05-21","校园招聘 | 央企名企实习见习岗位推荐 5月（第三期）","https://mp.weixin.qq.com/s/vwu9N3NCRtObpEjKZH3C3Q","微信读书"
"川大就业","2025-05-21","校园招聘 | 佳木斯市2025年度“佳人聚佳”急需紧缺专业技术人才引进公告","https://mp.weixin.qq.com/s/DV6jyiaQMf9SBieCRn6vsQ","微信读书"
"川大就业","2025-05-21","校外双选 | 5月26日 | 2025年“智汇天府”四川省重点产业“建圈强链”人才招聘引进活动开始报名啦！","https://mp.weixin.qq.com/s/O2zBCIkYm1Hl4tjAl54bDg","微信读书"
"川大就业","2025-05-21","线下宣讲 | 5月22日 | 长沙矿山研究院有限责任公司","https://mp.weixin.qq.com/s/tuSsD3rbzbXtTPUB84Mjjw","微信读书"
"川大就业","2025-05-21","线下宣讲 | 5月22日 | 四川外国语大学附中两江中学校","https://mp.weixin.qq.com/s/18NYUil9Zdz457NTvvdZkQ","微信读书"
"川大就业","2025-05-21","团辅活动报名 | 自我探索：在游戏与协作中思考你的人生版图","https://mp.weixin.qq.com/s/5ISxk2g2mE5kCGyXs5P1Yw","微信读书"
"川大就业","2025-05-21","实习招聘 | 国泰君安期货2025金衍同盟，量化&大宗商品实习启动！","https://mp.weixin.qq.com/s/a5r5GKepWR90iKXROGtskQ","微信读书"
"川大就业","2025-05-21","5月22日 | 宣讲会&招聘信息一览","https://mp.weixin.qq.com/s/d_YHnTXwpScQDgX_kEo2ww","微信读书"
"川大就业","2025-05-20","扬帆大志行 | 校企联动启新程：电子信息学院师生赴科大讯飞参观实践","https://mp.weixin.qq.com/s/fB1B6J3bTfzEbLRwvKCIcg","微信读书"
"川大就业","2025-05-20","校园招聘丨2026长飞校园招聘正式启动","https://mp.weixin.qq.com/s/k7a7437jg8JdjwoCnm-xpA","微信读书"
"川大就业","2025-05-20","校园招聘 | 兰州财经大学2025年公开考核招聘博士研究生公告","https://mp.weixin.qq.com/s/apIYdiLfiiJnCogNK2uZzQ","微信读书"
"川大就业","2025-05-20","校外双选 | 绵阳市2025年上半年招才引智绵阳场事业编制考核招聘暨“感知绵阳行”活动","https://mp.weixin.qq.com/s/xstPbLe3giw81GPyEd5wbQ","微信读书"
"川大就业","2025-05-20","线下宣讲 | 5月21日 | 国药集团西南医药有限公司","https://mp.weixin.qq.com/s/E0sQz9VoLOR60RB3QvwY6g","微信读书"
"川大就业","2025-05-20","科研助理 | 四川大学2025届短期科研助理项目需求启动","https://mp.weixin.qq.com/s/v7QL9zAjlqVAmYenDC9zJQ","微信读书"
"川大就业","2025-05-20","就业指导 | 毕业季，警惕这些求职陷阱！","https://mp.weixin.qq.com/s/81AZhwYqP4v7qpLNrm5zkQ","微信读书"
"川大就业","2025-05-20","5月21日 | 宣讲会&招聘信息一览","https://mp.weixin.qq.com/s/4X-p6g7_-8qIc-DpxptWvg","微信读书"
"川大就业","2025-04-23","线下宣讲&双选 | 4月24日 | 四川省宜宾市2025年上半年引进人才","https://mp.weixin.qq.com/s/ALMY-ghQ3CUyFjHHigA51g","微信读书"
"川大就业","2025-04-23","线下宣讲 | 4月24日 | OPPO广东移动通信有限公司","https://mp.weixin.qq.com/s/d1rgNog1bODfUlsgHUL17g","微信读书"
"川大就业","2025-04-23","线下宣讲 | 4月24日 | 粤港澳大湾区·江门国家高新区（江海区）名企名校行招聘活动","https://mp.weixin.qq.com/s/ok-0MDpQZUDZgH_KdF-y4g","微信读书"
"川大就业","2025-04-23","线下宣讲 | 4月24日 | 湖北省社会科学院","https://mp.weixin.qq.com/s/jAUWWImGmuMgpldpLqv9CQ","微信读书"
"川大就业","2025-04-23","线下宣讲 | 4月24日 | 杭州市上城区重点企业招聘实习洽谈会","https://mp.weixin.qq.com/s/csEoFNwbOFPM256Kl9aJ3Q","微信读书"
"川大就业","2025-04-23","线下双选 | 4月26日 | 重点企事业单位云集--2025年春季全国高层次人才专场洽谈会（成都站）","https://mp.weixin.qq.com/s/Nqh1IqqPOAjOO9qh7Ww6iw","微信读书"
"川大就业","2025-04-23","通知公告｜关于邀请参加“百万英才汇南粤”2025年N城联动春季招聘活动（成都站）活动的通知","https://mp.weixin.qq.com/s/tYoXNFWPEYcu3Uaq_Rr29w","微信读书"
"川大就业","2025-04-23","4月24日 | 宣讲会&双选会&招聘信息一览","https://mp.weixin.qq.com/s/3cjMr1Cas0blCAKMkZZlyQ","微信读书"
"川大就业","2025-04-22","校园招聘丨中国一汽2025春季校园招聘","https://mp.weixin.qq.com/s/lJN4_XwTJ319TClsqlgWTQ","微信读书"
"川大就业","2025-04-22","校外宣讲 | 4月23日 | 之江实验室人才招聘","https://mp.weixin.qq.com/s/pCrONz-rrpSXuTko_nq4rw","微信读书"
"川大就业","2025-04-22","校外双选 | 4月23日 | 2025年云南省高层次人才引进活动（成都重庆博士专场）","https://mp.weixin.qq.com/s/rybjir7zLXeCpVTgjdRNCw","微信读书"
"川大就业","2025-04-22","线下宣讲 | 4月23日 | 香港科技大学（广州）","https://mp.weixin.qq.com/s/_w5yzkPQo7hHV0VOsmg5Hw","微信读书"
"川大就业","2025-04-22","线下双选 | 4月23日 | 四川大学法学院2025年春季专场招聘会","https://mp.weixin.qq.com/s/LkjdyxJKFbCU5PvU5jpiOg","微信读书"
"川大就业","2025-04-22","就业指导 | @求职中的小伙伴，这些“信号”需警惕！","https://mp.weixin.qq.com/s/PWNJfWBB5rhnPn9ygyD05g","微信读书"
"川大就业","2025-04-22","活动预告 | “青衿之志，履践致远”——四川大学选调经验分享会","https://mp.weixin.qq.com/s/Y8_No6NlESegVs0j3LlgYw","微信读书"
"川大就业","2025-04-22","4月23日 | 宣讲会&双选会&招聘信息一览","https://mp.weixin.qq.com/s/v6QWCx97-_UG5ggK2jWMdw","微信读书"
"川大就业","2025-04-21","校外双选 | 百万英才汇南粤-2025年N城联动春季招聘活动（成都站）","https://mp.weixin.qq.com/s/5aPU0lc03Z0MmU2PG2ovrw","微信读书"
"川大就业","2025-04-21","线下宣讲&双选 | 4月22日 | “天路引才·智汇西藏”2025年西藏自治区政府部门所属事业单位人才引进","https://mp.weixin.qq.com/s/-zwA69uUhj3t10gUiFKAVA","微信读书"
"川大就业","2025-04-21","线下宣讲 | 4月22日 | 许昌智能继电器股份有限公司","https://mp.weixin.qq.com/s/v9e6nN4sa94GTfUai8NEWA","微信读书"
"川大就业","2025-04-21","线下宣讲 | 4月22日 | 绵阳市水务（集团）有限公司","https://mp.weixin.qq.com/s/fCm2D-T4wTn-sVrsfTzJJw","微信读书"
"川大就业","2025-04-21","线下宣讲 | 4月22日 | 红松2025集团管培生招聘","https://mp.weixin.qq.com/s/oQNyWQYnnpVFH9AIqmeZOQ","微信读书"
"川大就业","2025-04-21","开放日邀请函 | 5.8-5.9万向集团企业开放日，职等你来！","https://mp.weixin.qq.com/s/kNvq3deutn7roliI07RVZg","微信读书"
"川大就业","2025-04-21","活动预告丨4月22日丨行业大讲堂之地产行业就业规划辅导","https://mp.weixin.qq.com/s/FH5mImScRH_-LXMwZ1wIQw","微信读书"
"川大就业","2025-04-21","4月22日 | 宣讲会&双选会&招聘信息一览","https://mp.weixin.qq.com/s/gqjISs59xosTSEsdoB73PA","微信读书"
"川大就业","2025-04-20","用人单位邀请函 | “周五职通车”- 新质生产力专场双选会","https://mp.weixin.qq.com/s/jIx1HvJPuHNSxNUtnCTVvA","微信读书"
"川大就业","2025-04-20","线下宣讲 | 4月21日 | 中建材（上海）航空技术有限公司","https://mp.weixin.qq.com/s/hzUKVaqj2c76cuKa-j14KA","微信读书"
"川大就业","2025-04-20","线下宣讲 | 4月21日 | 中建安装集团有限公司","https://mp.weixin.qq.com/s/JJ9Cr0ezcQdap2yfeDrE5g","微信读书"
"川大就业","2025-04-20","线下宣讲 | 4月21日 | 远大医药2025年春季校园宣讲会","https://mp.weixin.qq.com/s/E9IUFEMA_kS6oGcMNx2qFQ","微信读书"
"川大就业","2025-04-20","线下宣讲 | 4月21日 | 黔西南布依族苗族自治州人力资源和社会保障局","https://mp.weixin.qq.com/s/-lZUeZEJkF8I1X0v7RvYwg","微信读书"
"川大就业","2025-04-20","通知公告｜关于邀请参加“百万英才汇南粤”2025年N城联动春季招聘活动（成都站）活动的通知","https://mp.weixin.qq.com/s/W4_RmwF1o1P_UfF3eyF8LQ","微信读书"
"川大就业","2025-04-20","活动预告丨4月21日丨行业大讲堂之楼宇智慧建筑：美的智能制造的可持续发展之路","https://mp.weixin.qq.com/s/Cp1RHUdHHlTCszI6zZqiWw","微信读书"
"川大就业","2025-04-20","4月21日 | 宣讲会&招聘信息一览","https://mp.weixin.qq.com/s/UoeSDFrEAfFk1F_lbmUSQA","微信读书"
"川大就业","2025-04-19","校园招聘｜支付宝校园实习生选拔赛已开启，暑期实习offer等你来！","https://mp.weixin.qq.com/s/BDwaBCnUV3vZJfoTxeTokw","微信读书"
"川大就业","2025-04-19","校园招聘｜云南大学2025年公开招聘教学科研人员公告","https://mp.weixin.qq.com/s/PIJH2f2EKKVMn5UoMk2s6g","微信读书"
"川大就业","2025-04-19","校园招聘｜环球青年召集令丨四川省宜宾环球集团有限公司2025年上半年招聘公告","https://mp.weixin.qq.com/s/SnpUjqRDdCQ1955TngMCag","微信读书"
"川大就业","2025-04-19","校园招聘｜阿里国际2026届实习生招聘全球启动","https://mp.weixin.qq.com/s/LYzC4JuedlQizEN6Jxh8OQ","微信读书"
"川大就业","2025-04-19","校园招聘｜1422名！重庆市区县（含两江新区）事业单位2025年上半年公开招聘工作人员公告出炉","https://mp.weixin.qq.com/s/H_twphXEMHeclEG1bcU2kQ","微信读书"
"川大就业","2025-04-19","喜报丨我校学子在第二届全国大学生职业规划大赛中斩获1金2银佳绩","https://mp.weixin.qq.com/s/GOVleDwQMeNz_kNK5rbpwQ","微信读书"
"川大就业","2025-04-19","通知公告｜关于邀请参加“百万英才汇南粤”2025年N城联动春季招聘活动（成都站）活动的通知","https://mp.weixin.qq.com/s/yZsy9S7qpjFEl0pRQOCsgw","微信读书"
"川大就业","2025-04-19","活动预告丨4月21日丨行业大讲堂之楼宇智慧建筑：美的智能制造的可持续发展之路","https://mp.weixin.qq.com/s/kHW2hVVzXMWqK85RPgJMPg","微信读书"
"川大就业","2025-04-18","用人单位邀请函 | 2025年春季全国博士、博士后专场洽谈会—成都站","https://mp.weixin.qq.com/s/mYAVyuXqMAdHz0WKC0QbYg","微信读书"
"川大就业","2025-04-18","用人单位邀请函 | “周五职通车”- 新质生产力专场双选会","https://mp.weixin.qq.com/s/-JGPCFEBbl25aqqBwe1hAw","微信读书"
"川大就业","2025-04-18","校园招聘 | 中国船舶集团有限公司第七二五研究所","https://mp.weixin.qq.com/s/b2m9wPynrWhzls-J1C9bwg","微信读书"
"川大就业","2025-04-18","校园招聘 | 泸州发展控股集团有限公司及旗下企业2025年春季招聘公告","https://mp.weixin.qq.com/s/QZlUXHSXel0GohGYllZvww","微信读书"
"川大就业","2025-04-18","线下宣讲 | 4月23日 | 香港科技大学（广州）2025/26秋季招生宣讲","https://mp.weixin.qq.com/s/w519CHRdz7jttRquR-IhkA","微信读书"
"川大就业","2025-04-18","线下宣讲 | 4月19日 | 浙江海洋大学2025人才招聘宣讲会","https://mp.weixin.qq.com/s/l_zdJmucpZbL7wkqJ-zeBw","微信读书"
"川大就业","2025-04-18","活动预告丨4月21日丨行业大讲堂之楼宇智慧建筑：美的智能制造的可持续发展之路","https://mp.weixin.qq.com/s/A8RT5RJDt1lP_TsmXuSKVw","微信读书"
"川大就业","2025-04-18","4月19日-21日 | 宣讲会&招聘信息一览","https://mp.weixin.qq.com/s/nEwtTZ71-85y6Pstlyo58g","微信读书"
"川大就业","2025-04-17","校园招聘 | 中国电子科技集团公司第十二研究所2025年校园招聘正式启动","https://mp.weixin.qq.com/s/DGN0PHpb073U4quNQSZpAQ","微信读书"
"川大就业","2025-04-17","校园招聘 | 清华大学天津高端装备研究院人才招聘","https://mp.weixin.qq.com/s/Pvkl-ndZIc3talbafDWCRA","微信读书"
"川大就业","2025-04-17","校园招聘 | 吉林农业大学2025年高层次人才招聘","https://mp.weixin.qq.com/s/U6NDGaVa9MQKFRsTHc96Yg","微信读书"
"川大就业","2025-04-17","线下宣讲｜4月18日 | 象屿2025届春招线下行程","https://mp.weixin.qq.com/s/4hemBr3i6f_Eko39qKXxvA","微信读书"
"川大就业","2025-04-17","线下宣讲 | 4月18日 | 中国人民解放军空军研究院","https://mp.weixin.qq.com/s/ElxGd7Fz2QDOn92M89zbpQ","微信读书"
"川大就业","2025-04-17","线下双选 | 4月18日 | 周五职通车”- 江安校区综合场（二）","https://mp.weixin.qq.com/s/OgomGP-sA4pifOvFNIOLCQ","微信读书"
"川大就业","2025-04-17","活动预告丨4月18日丨四川大学青春领航 职引未来”就业政策宣传讲座","https://mp.weixin.qq.com/s/St2ITNDuE8yY6nVoZ2Twog","微信读书"
"川大就业","2025-04-17","4月18日 | 双选会&宣讲会&招聘信息一览","https://mp.weixin.qq.com/s/uj_Gj6Y1OWi5ZJ92RwJBUA","微信读书"
"川大就业","2025-04-16","校园招聘 | 中国科学院核能安全技术研究所2025年招聘","https://mp.weixin.qq.com/s/cBfHGCedXsA-3vSGw-Lbaw","微信读书"
"川大就业","2025-04-16","校园招聘 | 绿源电动车2025校园招聘","https://mp.weixin.qq.com/s/y67H-wCJDzrKC-iyyw9jEw","微信读书"
"川大就业","2025-04-16","校园招聘 | 河北建投交通投资有限责任公司2025年春季优秀人才引进计划","https://mp.weixin.qq.com/s/i7G4ALzqIKOyz4vW2yWPBQ","微信读书"
"川大就业","2025-04-16","校园招聘 | 2025年宁波市镇海区公开招聘事业单位工作人员公告","https://mp.weixin.qq.com/s/tjGSuhZXbxKMbE-uON2buw","微信读书"
"川大就业","2025-04-16","校园招聘 | 2025年海军潜艇学院人才引进公告","https://mp.weixin.qq.com/s/6xCs5Qp-K3bWeEGcfHaFGQ","微信读书"
"川大就业","2025-04-16","线下宣讲 | 4月17日 | 恒力石化（大连）有限公司","https://mp.weixin.qq.com/s/c_jEy_iLv5KrYlXy5aAN1w","微信读书"
"川大就业","2025-04-16","线下双选 | 4月17日 | 中交集团2025届全球校园招聘正式启动","https://mp.weixin.qq.com/s/ZQSYWn5_RZEwqNhUXCAQUg","微信读书"
"川大就业","2025-04-16","4月17日 | 双选会&宣讲会&招聘信息一览","https://mp.weixin.qq.com/s/MCHuiPBunuog7-nvjYUuDg","微信读书"
"川大就业","2025-04-15","校园招聘丨中兴通讯实习生招聘","https://mp.weixin.qq.com/s/E1KnsdHff9HCcks-i5o8KA","微信读书"
"川大就业","2025-04-15","线下宣讲 | 4月16日 | 新东方教育科技集团有限公司","https://mp.weixin.qq.com/s/KifXwsXQHwWA4atnLux2_g","微信读书"
"川大就业","2025-04-15","线下宣讲 | 4月16日 | 南京熊猫汉达科技有限公司（国营第七一四厂）","https://mp.weixin.qq.com/s/TQCClgtiggw4QM1Pb1j-1g","微信读书"
"川大就业","2025-04-15","线下宣讲 | 4月16日 | 淮安市洪泽产投控股集团有限公司","https://mp.weixin.qq.com/s/UvVnewEboDkeusf7b10KJQ","微信读书"
"川大就业","2025-04-15","线下宣讲 | 4月16日 | 北汽福田汽车股份有限公司","https://mp.weixin.qq.com/s/JCKHinmee3awyEvYUsQPdQ","微信读书"
"川大就业","2025-04-15","人才引进 | 中共西藏自治区委员会组织部机关2025年度急需紧缺人才引进","https://mp.weixin.qq.com/s/mfKESf5aNdw7xeWh9g0w0w","微信读书"
"川大就业","2025-04-15","第二届全国大学生职业规划大赛总决赛来了！大赛主题曲、吉祥物发布","https://mp.weixin.qq.com/s/VXAGD6U21x_4fB74Hb9kMg","微信读书"
"川大就业","2025-04-15","4月16日 | 宣讲会&招聘信息一览","https://mp.weixin.qq.com/s/H2W4GO52spY6gvMWtzABDQ","微信读书"
"川大就业","2025-04-14","校园招聘 | 中国电子科技集团公司第九研究所","https://mp.weixin.qq.com/s/2Qrnhi-TkwZ9GR1PFhakpw","微信读书"
"川大就业","2025-04-14","校园招聘 | 双流区卫生健康局、金堂县教育局下属事业单位等公开招聘","https://mp.weixin.qq.com/s/R8b_2Tpxlfx4rU7wVpyXZA","微信读书"
"川大就业","2025-04-14","校园招聘 | 恒力（长三角）产业园 ——江苏康辉新材料科技有限公司","https://mp.weixin.qq.com/s/m9wmI5hw7iUCs6g-vmXzOg","微信读书"
"川大就业","2025-04-14","校园招聘 | 北京理工大学2025年事业编制辅导员招聘启事","https://mp.weixin.qq.com/s/6_L8F0BYltqrYyHbehvb9w","微信读书"
"川大就业","2025-04-14","线下双选 | 4月15日 | 2025年“百万人才兴重庆”全国重点高校春季巡回引才活动（四川行）","https://mp.weixin.qq.com/s/yHKXpCNgI0KAHkfUJREbxA","微信读书"
"川大就业","2025-04-14","线下双选  | 4月15日 | “博聚英才”现场洽谈会（成都专场）震撼来袭","https://mp.weixin.qq.com/s/qwVNQGTRAO7_i873gp7S2Q","微信读书"
"川大就业","2025-04-14","活动预告丨4月18日丨四川大学青春领航 职引未来”就业政策宣传讲座","https://mp.weixin.qq.com/s/tDaI46VCxiDzoyzsZAI93Q","微信读书"
"川大就业","2025-04-14","4月15日 | 双选会&宣讲会&招聘信息一览","https://mp.weixin.qq.com/s/iUBsLtKEGB8WSGoGGCG08g","微信读书"
"川大就业","2025-04-13","校园招聘 | 库洛游戏2025年春季校园招聘正式启动！","https://mp.weixin.qq.com/s/aQ0eY-8tBF-5mipL0NdBTg","微信读书"
"川大就业","2025-04-13","校园招聘 | 虹科2025届春季校园招聘正式启动！","https://mp.weixin.qq.com/s/WfJsjT7ttlgfCMamItXYYg","微信读书"
"川大就业","2025-04-13","校园招聘 | 格力电器2025届春招","https://mp.weixin.qq.com/s/r_kEUcyL_XgjqgO50JMx3A","微信读书"
"川大就业","2025-04-13","线下宣讲 | 4月14日 | 宁德时代第二届零碳科技解决方案创新大奖赛宣讲","https://mp.weixin.qq.com/s/smft-V1S7CWayXVI9O0peg","微信读书"
"川大就业","2025-04-13","线下宣讲 | 4月14日 | 恒申控股集团有限公司","https://mp.weixin.qq.com/s/HJD3s1TkcLi4UZP49ApQmQ","微信读书"
"川大就业","2025-04-13","人才引进 | 中国刑事警察学院招聘公告","https://mp.weixin.qq.com/s/gu4er9RTX62NmOUj6Qe1Mg","微信读书"
"川大就业","2025-04-13","人才引进 | 国防科技大学外国语学院人才招引","https://mp.weixin.qq.com/s/xFml1wh5BQ9Ejmi4WPoBDw","微信读书"
"川大就业","2025-04-13","4月14日 | 宣讲会&招聘信息一览","https://mp.weixin.qq.com/s/rD8Tfc02yli8S8zkGclPLQ","微信读书"
"川大就业","2025-04-12","政策速递 | 2025年高校毕业生就业创业“政策地图”专题网站上线","https://mp.weixin.qq.com/s/b-ihJ1gJJzecozRia5tTaQ","微信读书"
"川大就业","2025-04-12","校园招聘 | 中国科学院兰州化学物理研究所","https://mp.weixin.qq.com/s/3lz6-y8Fs6KuHBGBpbH1mQ","微信读书"
"川大就业","2025-04-12","校园招聘 | 之江实验室2025年博士后招收正式启动！","https://mp.weixin.qq.com/s/NR3YGvWaUdTSsuO0NxsZRQ","微信读书"
"川大就业","2025-04-12","校园招聘 | 青岛西海岸新区2025年“优选计划”选聘公告","https://mp.weixin.qq.com/s/0t4aJSEC6kS06H-hUYIGcg","微信读书"
"川大就业","2025-04-12","校园招聘 | 空军某研究所招聘文职人员公告","https://mp.weixin.qq.com/s/ZMFBIJdK62GteqDTYZn7wg","微信读书"
"川大就业","2025-04-12","线下双选 | 4月13日 |【四川大学华西医学中心医学专场】——中博汇高层次人才洽谈会&春季巡回招聘会（成都站）","https://mp.weixin.qq.com/s/eaUPIZMCgMelAmRaIy9OpQ","微信读书"
"川大就业","2025-04-12","赛事信息 | 2025德勤数字化精英挑战赛强势启幕","https://mp.weixin.qq.com/s/V9XKDjIH_RHIoUycWtzCMQ","微信读书"
"川大就业","2025-04-12","4月13日&14日 | 双选会&宣讲会&招聘信息一览","https://mp.weixin.qq.com/s/sNN1jb8oDG2A3oporbDmeA","微信读书"
"川大就业","2025-04-11","用人单位邀请函 | 四川大学艺术学院2025年春季艺术类专场招聘会","https://mp.weixin.qq.com/s/LK-lpuyvd8tvNa637yoWRw","微信读书"
"川大就业","2025-04-11","用人单位邀请函 | “周五职通车”- 江安校区综合场（二）","https://mp.weixin.qq.com/s/7MH7mTaH56_RcI2HsNg70Q","微信读书"
"川大就业","2025-04-11","校园招聘 | 淘天26届春季实习生招聘持续进行中，热门岗位推荐！","https://mp.weixin.qq.com/s/pA8TO7MrEFiS-kocIE-1FQ","微信读书"
"川大就业","2025-04-11","校园招聘 | 三峡集团2025年春季校园招聘开始啦","https://mp.weixin.qq.com/s/30jn5BZ97lOjdkApF3vhPw","微信读书"
"川大就业","2025-04-11","校园招聘 | 乐山市商业银行2025春季校园招聘正式启动","https://mp.weixin.qq.com/s/NdsYPN1ztIo---y3jVYndg","微信读书"
"川大就业","2025-04-11","校园招聘 | 贵州省烟草专卖局（公司）2025年招聘公告","https://mp.weixin.qq.com/s/bqPjRZuv2ek4gTwGDtXs1Q","微信读书"
"川大就业","2025-04-11","校园招聘 | 阿斯利康中国2025校园雇主品牌大使招募正式启动","https://mp.weixin.qq.com/s/Aac59V-5oXewPNAluF6plA","微信读书"
"川大就业","2025-04-11","课程预告 | 教育部“互联网+就业指导”公益直播课：油气能源行业发展趋势与求职准备","https://mp.weixin.qq.com/s/YaDNHuXozO3syU9d4w83Jg","微信读书"
"川大就业","2025-04-10","校园招聘 | 杭州银行深圳分行2025届春季校园招聘","https://mp.weixin.qq.com/s/p0svLpseJnPKmMlbx0wYfg","微信读书"
"川大就业","2025-04-10","校园招聘 | 2025年荣耀实习生“逐梦计划”全球启动","https://mp.weixin.qq.com/s/lnZ43CkO5BXR64Saa_Qs0w","微信读书"
"川大就业","2025-04-10","校园招聘 | “梦工场”招商银行总行2026届暑期实习生招聘正式启动！","https://mp.weixin.qq.com/s/HoKKy3K71wIaHQtUl8vD0A","微信读书"
"川大就业","2025-04-10","线下宣讲 | 4月11日 | 香港人才入境计划","https://mp.weixin.qq.com/s/QMnDalJVj3jK9JnikkCW6g","微信读书"
"川大就业","2025-04-10","线下宣讲 | 4月11日 | 四川省巴中市赴成都开展招才引智活动","https://mp.weixin.qq.com/s/WSXjfdacIHmWVvJTtzTCgw","微信读书"
"川大就业","2025-04-10","线下双选 | 4月11日 | “周五职通车”- 行业骨干专场双选会","https://mp.weixin.qq.com/s/_g1iyGIzTKnr81t9dMQY9g","微信读书"
"川大就业","2025-04-10","创新创业 | “毕业18年，川大一直在我身边”","https://mp.weixin.qq.com/s/Qx0a7oiYs7lKU7q4KXfZHQ","微信读书"
"川大就业","2025-04-10","4月11日 | 双选会&宣讲会&招聘信息一览","https://mp.weixin.qq.com/s/OEMI_teCk1l1qYpYATQlqA","微信读书"
"川大就业","2025-04-09","政策速递 | 中办、国办印发《关于加快构建普通高等学校毕业生高质量就业服务体系的意见》","https://mp.weixin.qq.com/s/IfPxOt7RCRFWnkrtWRql4w","微信读书"
"川大就业","2025-04-09","线下宣讲 | 4月10日 | 中信银行信用卡中心","https://mp.weixin.qq.com/s/NFPnutm6B12NGrsdFohXSg","微信读书"
"川大就业","2025-04-09","线下宣讲 | 4月10日 | 中建三局集团华南有限公司","https://mp.weixin.qq.com/s/7zo5WxZYhIrHbEN8omLhOg","微信读书"
"川大就业","2025-04-09","线下宣讲 | 4月10日 | 优衣库经营管理培训生","https://mp.weixin.qq.com/s/OeckiIXoLQ6bUhlc76P9Wg","微信读书"
"川大就业","2025-04-09","线下宣讲 | 4月10日 | 金砖国家未来网络研究院","https://mp.weixin.qq.com/s/A1qm21qk2EMna8EiUoeeQQ","微信读书"
"川大就业","2025-04-09","线下宣讲 | 4月10日 | 江苏省扬州市2025年国有企业选聘优秀青年人才","https://mp.weixin.qq.com/s/bXAdjqSk4z-N66hllGeZeA","微信读书"
"川大就业","2025-04-09","线下双选 | 4月10日 | 2025年贵阳市乌当区赴外引才活动","https://mp.weixin.qq.com/s/wVrnDgYJ2tRzdVPwglNO-w","微信读书"
"川大就业","2025-04-09","4月10日 | 双选会&宣讲会&招聘信息一览","https://mp.weixin.qq.com/s/_4EENmgf0YKvvTtFbLwlKw","微信读书"
"川大就业","2025-04-08","校园招聘 | 科锐国际2025校园招聘","https://mp.weixin.qq.com/s/AbgLlPTSbLKqRpLWcxuq8Q","微信读书"
"川大就业","2025-04-08","校园招聘 | 2025年青岛市即墨区“优秀青年人才选育计划（事业单位工作人员）”公告","https://mp.weixin.qq.com/s/VAybIeB7zuCMNj_ElRv4AA","微信读书"
"川大就业","2025-04-08","校园招聘 | 2025年“智汇衢州”市县联动引进事业单位高层次紧缺人才公告来袭！","https://mp.weixin.qq.com/s/2yOiXR1SOOB98O8218cXzw","微信读书"
"川大就业","2025-04-08","线下宣讲&双选 | 4月9日 | 中共乐山市五通桥区委组织部&人力资源和社会保障局","https://mp.weixin.qq.com/s/eCu6AMYj84k9tddz11RFwQ","微信读书"
"川大就业","2025-04-08","线下宣讲 | 4月9日 | 西藏自治区财政厅","https://mp.weixin.qq.com/s/QyYRC41dkok2K1RRwCgZ3g","微信读书"
"川大就业","2025-04-08","线下宣讲 | 4月9日 | 交通银行股份有限公司四川省分行","https://mp.weixin.qq.com/s/HDmYE8dHzNTvHWWwpl-6Sg","微信读书"
"川大就业","2025-04-08","就业指导 | 试用期不用签合同、不用缴社保？@职场新人，收好这篇","https://mp.weixin.qq.com/s/s2oJyrkdUbwJRPUMMCsNzw","微信读书"
"川大就业","2025-04-08","4月9日 | 双选会&宣讲会&招聘信息一览","https://mp.weixin.qq.com/s/HUXp0pDUvGGTHPaEKecAww","微信读书"
"川大就业","2025-04-07","学生助理招新 | 四川大学就业指导中心就业指导与管理科招新啦","https://mp.weixin.qq.com/s/z2G7BYeOmnzHjDmqi7rA1Q","微信读书"
"川大就业","2025-04-07","校园招聘 | 建筑材料工业信息中心招聘公告","https://mp.weixin.qq.com/s/h8NasDpBKwMRvIxRkLhq5Q","微信读书"
"川大就业","2025-04-07","校园招聘 | 华中科技大学2025年度公开招聘专职辅导员启事","https://mp.weixin.qq.com/s/IUQifE92Yq9hZECMhwHmdA","微信读书"
"川大就业","2025-04-07","校园招聘 | 北京师范大学2025年事业编制管理岗位招聘启事","https://mp.weixin.qq.com/s/Og-oX6KFTOJhKbJaBuuk9w","微信读书"
"川大就业","2025-04-07","线下宣讲 | 4月8日 | 招商银行第9季数字金融训练营（2026校招提前批）宣讲会","https://mp.weixin.qq.com/s/29Vy4zRd_QDmRlS4WVvnow","微信读书"
"川大就业","2025-04-07","线下宣讲 | 4月8日 | 五粮液集团下属普什集团宣讲","https://mp.weixin.qq.com/s/framJW4UjmMhU7wGDrYZAQ","微信读书"
"川大就业","2025-04-07","线下宣讲 | 4月8日 | 厦门建发股份2025届春招宣讲会","https://mp.weixin.qq.com/s/EbSe6y2x6pD_LhVs8xm1yQ","微信读书"
"川大就业","2025-04-07","4月8日 | 宣讲会&招聘信息一览","https://mp.weixin.qq.com/s/n0TGq7rWttI3SMqhE0HAxg","微信读书"
"川大就业","2025-04-06","校园招聘 | 中核能源科技有限公司2025届春季校园招聘","https://mp.weixin.qq.com/s/XeXuMSUka2QGdh42oi3BKg","微信读书"
"川大就业","2025-04-06","校园招聘 | 四川省宜宾环球集团有限公司2025年上半年招聘","https://mp.weixin.qq.com/s/pausWvUFqEYRByapNxLOKQ","微信读书"
"川大就业","2025-04-06","校园招聘 | 三峡集团2025年春季校园招聘","https://mp.weixin.qq.com/s/F-0j7rLujGxKIFwYfyQksg","微信读书"
"川大就业","2025-04-06","校园招聘 | 国家能源局直属事业单位2025年度公开招聘公告","https://mp.weixin.qq.com/s/EiuZJsa3zyQLI295_JE11A","微信读书"
"川大就业","2025-04-06","校园招聘 | 成都市武侯区一大波优质岗位正在火热招聘","https://mp.weixin.qq.com/s/e_nO3--8-pw4J0n3gfHTBA","微信读书"
"川大就业","2025-04-06","线下宣讲 | 4月7日 | 深圳市燃气集团股份有限公司","https://mp.weixin.qq.com/s/taELYCVKV6SMlpAFBMc6hQ","微信读书"
"川大就业","2025-04-06","线下双选 | 4月7日 | 茅台集团2025年高校引才","https://mp.weixin.qq.com/s/qGOD1KjCna1EAleqYmNzww","微信读书"
"川大就业","2025-04-06","4月7日 | 双选会&宣讲会&招聘信息一览","https://mp.weixin.qq.com/s/g9o1QfPCjBriuPEPNbWU_A","微信读书"
"川大就业","2025-04-05","校园招聘 | 中国电子科技集团公司第十一研究所校园招聘","https://mp.weixin.qq.com/s/jLMCnRTjOG7Z6F6Dj3PNLQ","微信读书"
"川大就业","2025-04-05","校园招聘 | 中国兵器工业集团航空弹药研究所有限公司2025秋季校园招聘","https://mp.weixin.qq.com/s/E3iswtb6-cnMpcfT41B1Hw","微信读书"
"川大就业","2025-04-05","校园招聘 | 国睿科技股份有限公司2025届校园招聘","https://mp.weixin.qq.com/s/XnTrZqc3K34bJ5QY1eqiyg","微信读书"
"川大就业","2025-04-05","人才引进｜2025年克拉玛依市高层次、急需紧缺人才引进","https://mp.weixin.qq.com/s/yK5sT0XVbn8klHM4K2O3iw","微信读书"
"川大就业","2025-04-05","4月7日&8日 | 双选会&宣讲会&招聘信息一览","https://mp.weixin.qq.com/s/iLKgisPC9GwTGA3mCqqAJg","微信读书"
"川大就业","2025-04-04","校园招聘 | 中建三局华南公司2025届春季校园招聘正式启动！","https://mp.weixin.qq.com/s/FUKy7D1IE84bYiIyqQFBkQ","微信读书"
"川大就业","2025-04-04","校园招聘 | 网易游戏雷火春季校园招聘启动！","https://mp.weixin.qq.com/s/QcoIl8KPcKhnRO0hsN6aYw","微信读书"
"川大就业","2025-04-04","赛事信息｜中信证券2025年Code&Quant训练营火热开启","https://mp.weixin.qq.com/s/sPT69QrQkUpE47EQ31JVYw","微信读书"
"川大就业","2025-04-04","4月7日&8日 | 双选会&宣讲会&招聘信息一览","https://mp.weixin.qq.com/s/tcqeMsGM1EZOSogm5Gf5Zw","微信读书"
"川大就业","2025-04-03","用人单位邀请函 | 四川大学法学院2025年春季专场招聘会","https://mp.weixin.qq.com/s/EVcQ3Nm9G6zjL3AwkKoFTA","微信读书"
"川大就业","2025-04-03","用人单位邀请函 | 第二届全国大学生职业规划大赛总决赛专场招聘会暨“千校万企供需对接会”","https://mp.weixin.qq.com/s/aq26mMuUO5haNXT-oELRPg","微信读书"
"川大就业","2025-04-03","校园招聘｜招商银行广州分行2025春季校园招聘","https://mp.weixin.qq.com/s/WfVaDnc_bgxFYdFmkxka1g","微信读书"
"川大就业","2025-04-03","校园招聘 | 中国建筑国际集团2025春季校园招聘全面启动","https://mp.weixin.qq.com/s/RZ0bcYIaS_DjtIP7x2St-g","微信读书"
"川大就业","2025-04-03","校园招聘 | 网易游戏（互娱）2026届实习生培养项目正式启动！","https://mp.weixin.qq.com/s/dinkb9aNJ9agLFE9wnBFTA","微信读书"
"川大就业","2025-04-03","校园招聘 | 绵阳市商业银行2025年招聘","https://mp.weixin.qq.com/s/cyDgWsqiMXsYclpEjEeTEg","微信读书"
"川大就业","2025-04-03","课程预告 | 教育部“互联网+就业指导”公益直播课：唤醒自我，积极应对——就业压力管理与调适","https://mp.weixin.qq.com/s/cVU3ZVZd91t3rOjUayM9_w","微信读书"
"川大就业","2025-04-03","地方引才 | 攀枝花人才密码深度解析","https://mp.weixin.qq.com/s/xrOD658qNcSEZ4NZ_886Ow","微信读书"
"川大就业","2025-04-02","用人单位邀请函 | 四川大学法学院2025年春季专场招聘会","https://mp.weixin.qq.com/s/WsCh9mmCkNCL-IPb5CPpXg","微信读书"
"川大就业","2025-04-02","校园招聘 | 中建八一2025届春季校园招聘正式启动！","https://mp.weixin.qq.com/s/2TVeKl8u-pmf88wRVhBqsA","微信读书"
"川大就业","2025-04-02","校园招聘 | 四川天府银行2025年度春季校园招聘正式启动","https://mp.weixin.qq.com/s/MZAdatJ7kQsioIBhUK-9lw","微信读书"
"川大就业","2025-04-02","校园招聘 | 2025雅诗兰黛集团暑期实习生招聘正式开启","https://mp.weixin.qq.com/s/rsDqtWUQQfXyouzNohgvBQ","微信读书"
"川大就业","2025-04-02","校外双选 | 千校万企供需对接会(成渝地区专场)暨成渝地区双城经济圈高校毕业生春季大型招聘会","https://mp.weixin.qq.com/s/WT3iVvbST1htivCely4AhA","微信读书"
"川大就业","2025-04-02","线下宣讲 | 4月3日 | 陕西凌云电器集团有限公司","https://mp.weixin.qq.com/s/gHo7SH_LqQhFef0glsi5cQ","微信读书"
"川大就业","2025-04-02","线下宣讲 | 4月3日 | 机械工业仪器仪表综合技术经济研究所","https://mp.weixin.qq.com/s/xSJTbinFTK5-keweN6MneQ","微信读书"
"川大就业","2025-04-02","4月3日 | 宣讲会&招聘信息一览","https://mp.weixin.qq.com/s/ZIGK_cg5cn1C36pXCSsAgQ","微信读书"
"川大就业","2025-04-01","校园招聘 | 湘电集团2025届春季校园招聘","https://mp.weixin.qq.com/s/soXFTw-FyBVHdIeyVYVcLg","微信读书"
"川大就业","2025-04-01","校园招聘 | 理想汽车2026届实习生招聘项目","https://mp.weixin.qq.com/s/XQ8lOgReEkbbkHBzmRmhXQ","微信读书"
"川大就业","2025-04-01","校园招聘 | 广东农信2025年度春季校园招聘","https://mp.weixin.qq.com/s/QV9PwQwyOiT5vsom_8-CuQ","微信读书"
"川大就业","2025-04-01","线下宣讲 | 4月2日 | TCL实业控股股份有限公司","https://mp.weixin.qq.com/s/M2VRa3V8FkJJ2_0cGDkomQ","微信读书"
"川大就业","2025-04-01","线下宣讲 | 4月2日 | 特变电工股份有限公司宣讲会","https://mp.weixin.qq.com/s/yD6TVnw_4ilWxMgvBhh9TQ","微信读书"
"川大就业","2025-04-01","线下宣讲 | 4月2日 | 华为技术有限公司2026届实习生招聘宣讲会","https://mp.weixin.qq.com/s/7_ZBSiABepurPCG5c1vEJA","微信读书"
"川大就业","2025-04-01","线下宣讲 | 4月2日 | 航天科工集团第十研究院","https://mp.weixin.qq.com/s/lKBxGJin5RzjnZcityN40Q","微信读书"
"川大就业","2025-04-01","4月2日 | 宣讲会&招聘信息一览","https://mp.weixin.qq.com/s/dH_HF5xNaltKJutbq5thWA","微信读书"
"川大就业","2025-03-31","校园招聘 | 华润置地2025届春季校园招聘正式启动！","https://mp.weixin.qq.com/s/1yE7G1owi8bWW3b8EhaVlQ","微信读书"
"川大就业","2025-03-31","校园招聘 | 北京市西城区2025年区管企业培优生公开招聘公告","https://mp.weixin.qq.com/s/6J9_lLf9hgY0va-TmxD-UA","微信读书"
"川大就业","2025-03-31","线下宣讲&双选 | 4月1日 | 酒泉市2025年人才引进（第一批）","https://mp.weixin.qq.com/s/YN0jHJmdCBC3BcWa7lCmdg","微信读书"
"川大就业","2025-03-31","线下宣讲 | 4月1日 | Qualcomm高通中国2025年暑期实习校园宣讲会","https://mp.weixin.qq.com/s/-7OCCrDJBHE069B_KFUrpw","微信读书"
"川大就业","2025-03-31","线下宣讲 | 4月1日 | 中建科工集团有限公司春招宣讲会","https://mp.weixin.qq.com/s/H3bMkrGNlkcQqI_UvCBisQ","微信读书"
"川大就业","2025-03-31","线下宣讲 | 4月1日 | 学而思春招宣讲-外语&amp;人文专场（25应届、实习兼职同步招募）","https://mp.weixin.qq.com/s/Mjy96_ux3jGZYzhMNTbl2A","微信读书"
"川大就业","2025-03-31","线下双选 | 4月1日 | 中国建筑第八工程局有限公司","https://mp.weixin.qq.com/s/8mTIGA4C8Trs5eNQ9vWwdA","微信读书"
"川大就业","2025-03-31","4月1日 | 双选会&宣讲会&招聘信息一览","https://mp.weixin.qq.com/s/9lO2xwU58_Jn3_aZX3K6Lw","微信读书"
"川大就业","2025-03-30","校园招聘｜新城控股2025年春季校园招聘正式启动","https://mp.weixin.qq.com/s/wVOG8g-2nxuQozNuQIM4HA","微信读书"
"川大就业","2025-03-30","校园招聘 | 太行国家实验室2025全球引才","https://mp.weixin.qq.com/s/W9Rm8S0LWyacPYq9eMjDfQ","微信读书"
"川大就业","2025-03-30","校园招聘 | 四川农商联合银行2025年春季校园招聘","https://mp.weixin.qq.com/s/7shIaXM1GcEuBcQwQeVw2g","微信读书"
"川大就业","2025-03-30","校园招聘 | 汇丰科技应届生补录和加推岗位热招","https://mp.weixin.qq.com/s/lSEaWc3XMqsaDqEf6rXEwg","微信读书"
"川大就业","2025-03-30","校园招聘 | 华思系统2025年春季校园招聘","https://mp.weixin.qq.com/s/RHXaYs_oCdSxv1H7sl_niA","微信读书"
"川大就业","2025-03-30","校园招聘 | “梦想靠岸”招商银行成都分行2025春季校园招聘","https://mp.weixin.qq.com/s/i7RVN_KRb9Ls9YO29eXVpw","微信读书"
"川大就业","2025-03-30","线下宣讲 | 3月31日 | 宁德时代2025届全球春季校招正式启动！","https://mp.weixin.qq.com/s/CbwqHy8O9s5yioYPQi7mjQ","微信读书"
"川大就业","2025-03-30","3月31日 | 宣讲会&招聘信息一览","https://mp.weixin.qq.com/s/90R9kaau7AHx6uLO2AM49A","微信读书"
"川大就业","2025-03-29","校园招聘｜浦发银行成都分行2025年度春季校园招聘启动","https://mp.weixin.qq.com/s/fobkWVQjcba6plLuHKvTcg","微信读书"
"川大就业","2025-03-29","校园招聘 | 中国邮政储蓄银行河北省分行2025年度春季校园招聘","https://mp.weixin.qq.com/s/nrKfx357bAZj-gVE9PCEJA","微信读书"
"川大就业","2025-03-29","校园招聘 | 四川铁塔2025年春季校园招聘","https://mp.weixin.qq.com/s/roVQE4C6OQCPOyByIS0F2Q","微信读书"
"川大就业","2025-03-29","校园招聘 | 厦门建行2025年度春季校园招聘正式启动！","https://mp.weixin.qq.com/s/XE_uSTx5cT-LV2x-TMaHeg","微信读书"
"川大就业","2025-03-29","校园招聘 | 蓝润集团2025届管培生春季校园招聘正式启动！","https://mp.weixin.qq.com/s/1nDZEQbFvKgNqG5H_GSHCw","微信读书"
"川大就业","2025-03-29","校园招聘 | 贵州移动2025春季校园招聘火热进行中！","https://mp.weixin.qq.com/s/dGg7DVePKcaL9juYT4om3A","微信读书"
"川大就业","2025-03-29","课程预告 | 教育部“互联网+就业指导”公益直播课：读懂招聘需求，强化面试准备","https://mp.weixin.qq.com/s/62uj-Wl9nPcdtSf9Erh4NA","微信读书"
"川大就业","2025-03-29","3月31日 | 宣讲会&招聘信息一览","https://mp.weixin.qq.com/s/8k8qRDiPH_UmFOU1pbuH1w","微信读书"
"川大就业","2025-03-28","校园招聘 | 中国电科9所2025届校园招聘","https://mp.weixin.qq.com/s/-pIQ1Z2DUnyNypsUvi5pxw","微信读书"
"川大就业","2025-03-28","校园招聘 | 搜狐集团2025春季校园招聘火热启动！","https://mp.weixin.qq.com/s/qtfW-3C5xgXRvowZIJQTnA","微信读书"
"川大就业","2025-03-28","校园招聘 | 南部战区空军等你来！（附招录计划）","https://mp.weixin.qq.com/s/Cnmeb2g950Sa-rStDW3s-Q","微信读书"
"川大就业","2025-03-28","校园招聘 | 极米科技校园招聘","https://mp.weixin.qq.com/s/VxyP9v6opBZezf8repGXYA","微信读书"
"川大就业","2025-03-28","校园招聘 | 国家药品监督管理局直属单位2025年度公开招聘","https://mp.weixin.qq.com/s/WgZDVeOMsbPClqenujG68g","微信读书"
"川大就业","2025-03-28","校园招聘 | 宝洁2025暑期实习生招聘","https://mp.weixin.qq.com/s/afMph1h_xWEbUyuYlP9G0g","微信读书"
"川大就业","2025-03-28","赛事信息 | 第四届高校电气电子工程创新大赛火热报名中！","https://mp.weixin.qq.com/s/VrMfs-megy139Nzd8QNwjQ","微信读书"
"川大就业","2025-03-28","3月29日&30日&31日 | 宣讲会&招聘信息一览","https://mp.weixin.qq.com/s/VAZ7GrIpDL42MjEZg9BqTQ","微信读书"
"川大就业","2025-03-03","用人单位邀请函 | “周五职通车”重点单位专场双选会","https://mp.weixin.qq.com/s/fozqr5X5SQPCVvxenxaklw","微信读书"
"川大就业","2025-03-03","线下宣讲 |3月4日 | 智时代·赢未来 潍柴动力2025年全球校园招聘","https://mp.weixin.qq.com/s/0lalHhuk8j2G725NbGa6aw","微信读书"
"川大就业","2025-03-03","线下宣讲 | 3月4日 | vivo2025届春招及2026届实习生招聘宣讲会","https://mp.weixin.qq.com/s/Fcj03ym1U9k0285EP82-og","微信读书"
"川大就业","2025-03-03","线下宣讲 | 3月4日 | 中国空气动力研究与发展中心空天技术研究所","https://mp.weixin.qq.com/s/F4AaXZuWeaXMDw7fp-jgiQ","微信读书"
"川大就业","2025-03-03","线下宣讲 | 3月4日 | 三门核电有限公司","https://mp.weixin.qq.com/s/6c616ZjTQqb0bilzJ628uw","微信读书"
"川大就业","2025-03-03","线下双选 | 3月4日 | 全国重点高校2025届毕业生春季巡回招聘会四川大学专场","https://mp.weixin.qq.com/s/gN7z3cQ5cHep329TuJ6lLA","微信读书"
"川大就业","2025-03-03","就业指导 | 80个面试高频问答，助你轻松斩获心仪Offer！——基本信息与个人情况篇","https://mp.weixin.qq.com/s/2I3nrZ36A2dwlwRjUflDTQ","微信读书"
"川大就业","2025-03-03","3月4日 | 双选会&宣讲会&招聘信息一览","https://mp.weixin.qq.com/s/1GM-JVAhoorBmFIfpkolEA","微信读书"
"川大就业","2025-03-02","校园招聘 | TCL华星2025届春季全球校园招聘","https://mp.weixin.qq.com/s/B9-JUBhP_3Z_-rv-F2oKaA","微信读书"
"川大就业","2025-03-02","校园招聘 | 中航工业洪都2025年春季校园招聘正式启动","https://mp.weixin.qq.com/s/zwCYc30PwLBTHRss_lt6OA","微信读书"
"川大就业","2025-03-02","校园招聘 | 中国航空工业集团津电2025届毕业生招聘","https://mp.weixin.qq.com/s/S1hwu71kiO1gEY9erqjDyg","微信读书"
"川大就业","2025-03-02","线下宣讲 | 3月3日 | 中核苏能核电有限公司","https://mp.weixin.qq.com/s/lfp5dIOBqhDSA9OcjQF5xA","微信读书"
"川大就业","2025-03-02","线下宣讲 | 3月3日 | 中国建筑第四工程局有限公司","https://mp.weixin.qq.com/s/1JW_moZXnOGiUeTRVZfVsA","微信读书"
"川大就业","2025-03-02","线下宣讲 | 3月3日 | 长虹控股集团2025届春季校园招聘正式启动——四川大学专场","https://mp.weixin.qq.com/s/86nid6gh8KzrUWMiexlAHw","微信读书"
"川大就业","2025-03-02","线下双选 | 3月3日 | 2025年春季全国重点高校毕业生巡回招聘面试会—四川大学专场","https://mp.weixin.qq.com/s/MP3dMj-htHoJK6VMbZev1Q","微信读书"
"川大就业","2025-03-02","3月3日 | 双选会&宣讲会&招聘信息一览","https://mp.weixin.qq.com/s/UxACCSqNkRLcqrKd2dVJkA","微信读书"
"川大就业","2025-03-01","用人单位邀请函 | “周五职通车”重点单位专场双选会","https://mp.weixin.qq.com/s/YrXhYRklLzNSX4Z6f7BlCQ","微信读书"
"川大就业","2025-03-01","校园招聘 | 中移互联网2025春季校园招聘火热进行中！","https://mp.weixin.qq.com/s/_15qNFmcFXtptquU8DX6KQ","微信读书"
"川大就业","2025-03-01","校园招聘 | 中信银行2025年春季校园招聘正式启动","https://mp.weixin.qq.com/s/FUeZjzwKCeG4yeFYSRetvg","微信读书"
"川大就业","2025-03-01","校园招聘 | 中国电子科技集团公司第三研究所2025届校园招聘","https://mp.weixin.qq.com/s/4zCTWMbZqVF30a940I8TIg","微信读书"
"川大就业","2025-03-01","校园招聘 | 中广核2025届春季校园招聘正式启动！","https://mp.weixin.qq.com/s/JG-pOddt4nwPSTcfiZ5sMg","微信读书"
"川大就业","2025-03-01","校园招聘 | 西南OPPO2025届春季校园招聘","https://mp.weixin.qq.com/s/0WWhVEXJ-tPim2SfeNlNwQ","微信读书"
"川大就业","2025-03-01","校园招聘 | 腾讯2025实习生招聘全球启动","https://mp.weixin.qq.com/s/cgcGVqzDQybq7IbAzgXSzA","微信读书"
"川大就业","2025-03-01","校园招聘 | 时代新浪潮 智汇在通服—四川通服2025届春季校招开始啦！","https://mp.weixin.qq.com/s/x6AEqFXPLmgh414eLkiY7g","微信读书"
"川大就业","2025-02-28","校园招聘 | 中建七局2025届春季校园招聘启动","https://mp.weixin.qq.com/s/HyNDfx8V6HNe29BiuJarDQ","微信读书"
"川大就业","2025-02-28","校园招聘 | 中国空空导弹研究院2025春季校园招聘","https://mp.weixin.qq.com/s/Vu6SKYT3gLaG6AhATEYR1A","微信读书"
"川大就业","2025-02-28","校园招聘 | 振石控股集团2025“磐石”校招计划","https://mp.weixin.qq.com/s/d2y2emlnchZ_XQTn8r0iiQ","微信读书"
"川大就业","2025-02-28","校园招聘 | 阿里云2026届实习生招聘全球启动","https://mp.weixin.qq.com/s/x_AcNpgeOF1TcEfDPHSxMA","微信读书"
"川大就业","2025-02-28","香港人才服务办公室总监刘镇汉一行来校交流访问","https://mp.weixin.qq.com/s/aL8IFdDOamJ822jaKw8vZw","微信读书"
"川大就业","2025-02-28","线下宣讲 | 3月3日 | 长虹控股集团2025届春季校园招聘正式启动——四川大学专场","https://mp.weixin.qq.com/s/IJKzUaMtEP3Ml0YkS7bW6Q","微信读书"
"川大就业","2025-02-28","线下双选 | 3月3日 | 2025年春季全国重点高校毕业生巡回招聘面试会—四川大学专场","https://mp.weixin.qq.com/s/z3BuVJv7xw8R75ql5ExQ2g","微信读书"
"川大就业","2025-02-28","课程预告 | 教育部“互联网+就业指导”公益直播课：领悟生涯智慧，开启精彩人生","https://mp.weixin.qq.com/s/Qny-PCQxAjjrmW4scd2WRg","微信读书"
"川大就业","2025-02-27","校园招聘丨庄河核电2025年校园招聘正式开启","https://mp.weixin.qq.com/s/pUrNn-ubuEZJpm2lrASJwg","微信读书"
"川大就业","2025-02-27","校园招聘 | 中建八局2025届新砼人春季校园招聘正式启动！","https://mp.weixin.qq.com/s/IyYgsxb1UVz75qgRvSHBzg","微信读书"
"川大就业","2025-02-27","校园招聘 | 美团2025年春季校园招聘","https://mp.weixin.qq.com/s/UDpyhGJ2BRecUCZH1E6R8Q","微信读书"
"川大就业","2025-02-27","校园招聘 | 迈瑞医疗2025届春季校园招聘正式启动！","https://mp.weixin.qq.com/s/2EBfZAAIYz7XQIGC7N8DPg","微信读书"
"川大就业","2025-02-27","校园招聘 | 国机重装2025届春季校园招聘","https://mp.weixin.qq.com/s/WCv2qI81EWwyVdbpJjFyeA","微信读书"
"川大就业","2025-02-27","线下宣讲 | 2月28日 | 中信银行2025年度博士后研究人员招聘","https://mp.weixin.qq.com/s/2O7EUfl-8zgriwZ00ajI1w","微信读书"
"川大就业","2025-02-27","2月28日 | 宣讲会&招聘信息一览","https://mp.weixin.qq.com/s/mJy-JbDLywvYLWC6NvFgjw","微信读书"
"川大就业","2025-02-26","校园招聘 | 数据所（兴唐公司）2025校园招聘","https://mp.weixin.qq.com/s/lnFhpIJXIJMyyQm8_8jcgw","微信读书"
"川大就业","2025-02-26","校园招聘 | 三七互娱2025春季校园招聘","https://mp.weixin.qq.com/s/_aerubJzcg1U_vFQJH-APw","微信读书"
"川大就业","2025-02-26","校园招聘 | 平安银行佛山分行2025届春季校园招聘","https://mp.weixin.qq.com/s/knagdivzFatYRIuzGj9iHQ","微信读书"
"川大就业","2025-02-26","校园招聘 | 埃特曼半导体2025届校园招聘","https://mp.weixin.qq.com/s/ChB5XukwOTRFwe72FGEsjQ","微信读书"
"川大就业","2025-02-26","线下宣讲 | 2月27日 | 中建三局第二建设工程有限责任公司2025届春季校园招聘宣讲会","https://mp.weixin.qq.com/s/Ys49SydctiLR0BJIBKQ8YQ","微信读书"
"川大就业","2025-02-26","线下宣讲 | 2月27日 | 武汉理工大学招聘","https://mp.weixin.qq.com/s/jPitsULsThGbU5-i2ufFkg","微信读书"
"川大就业","2025-02-26","线下宣讲 | 2月27日 | “人才商汇在香江”讲座系列——智汇香江·港学职通新趋势","https://mp.weixin.qq.com/s/U-fZEPsA4zVg0y1Cb2aT_w","微信读书"
"川大就业","2025-02-26","2月27日 | 双选会&宣讲会&招聘信息一览","https://mp.weixin.qq.com/s/Z8u6-wJ3w4rlalJad6EtLQ","微信读书"
"川大就业","2025-02-25","校园招聘 | 作业帮素养2025春季校园招聘正式启动！","https://mp.weixin.qq.com/s/uasTpb1o4_pHRvfuqZpZUQ","微信读书"
"川大就业","2025-02-25","校园招聘 | 中核集团2025届春季校园招聘正式启动！","https://mp.weixin.qq.com/s/36T0TNKvQGcf7xl2DuV0RA","微信读书"
"川大就业","2025-02-25","校园招聘 | 星火燃动，即刻启动！科大讯飞2025春季校园招聘","https://mp.weixin.qq.com/s/dhs34IBfXAxye61-i5lpuw","微信读书"
"川大就业","2025-02-25","校园招聘 | 汤臣倍健2025届春招正式启动！秋招投了也还能再投！","https://mp.weixin.qq.com/s/JLZrDDBd4S8kCmZ7U-6uoQ","微信读书"
"川大就业","2025-02-25","校园招聘 | 哪吒破界 邀你共筑核安长城！中辐院2025年春季招聘正式启动","https://mp.weixin.qq.com/s/owGC_j3qz4S7RsFcF3xyvg","微信读书"
"川大就业","2025-02-25","线下宣讲 | 2月26日 | 四川泸渝高速公路开发有限责任公司","https://mp.weixin.qq.com/s/kL5-lN-L3Aup220Bmx5Nog","微信读书"
"川大就业","2025-02-25","就业指导 | “职业生涯导航”与“就业指导”课程等你来选！","https://mp.weixin.qq.com/s/IedwO-0D-4HcO9D9cvuDog","微信读书"
"川大就业","2025-02-25","2月26日 | 双选会&宣讲会&招聘信息一览","https://mp.weixin.qq.com/s/RVt3qxOOK4YYfTRGVcDTJQ","微信读书"
"川大就业","2025-02-24","校园招聘 | 中国科学院新疆理化技术研究所2025年海外优青项目","https://mp.weixin.qq.com/s/gvfVJZ_2cvUmWs0SKOrqPQ","微信读书"
"川大就业","2025-02-24","校园招聘 | 中国工程物理研究院战略研究中心人才招聘","https://mp.weixin.qq.com/s/_IgDBbeb00sZitrxsDbOgg","微信读书"
"川大就业","2025-02-24","校园招聘 | 中国电子技术标准化研究院2025年校园招聘公告","https://mp.weixin.qq.com/s/FNDToczjj2hxU9OBIQNhgw","微信读书"
"川大就业","2025-02-24","校园招聘 | 搜狐畅游2025届春招提前批火热开启","https://mp.weixin.qq.com/s/Ax4Lh6rQtTnC_y7zXWlCcw","微信读书"
"川大就业","2025-02-24","线下宣讲 | 2月25日 | 中核国电漳州能源有限公司2025春季校园招聘","https://mp.weixin.qq.com/s/M7J9DH-x0czBHkgO3GsA1A","微信读书"
"川大就业","2025-02-24","线下双选 | 2月25日 | 浙江省烟草专卖局（公司）2025年管理类岗位校园招聘会（四川大学场）","https://mp.weixin.qq.com/s/jCJJ57k7yAgsdF5eQ4stdQ","微信读书"
"川大就业","2025-02-24","就业咨询丨开启预约！四川大学闪光青年工作室等你来！","https://mp.weixin.qq.com/s/YjDhR-9jBWso8mq4QHUInQ","微信读书"
"川大就业","2025-02-24","2月25日 | 双选会&宣讲会&招聘信息一览","https://mp.weixin.qq.com/s/38eZC5Qq7RcXwCbxJALGdw","微信读书"
"川大就业","2025-02-23","校园招聘丨中核运维2025年春季校招正式启动","https://mp.weixin.qq.com/s/_PuZPK536FJlMJzj12KOzg","微信读书"
"川大就业","2025-02-23","校园招聘 | 中核苏能2025年度春季校园招聘全面开启：青春圆梦 职在苏能","https://mp.weixin.qq.com/s/fPSbyBPopRX0KXfdCl3OLQ","微信读书"
"川大就业","2025-02-23","校园招聘 | 中国一汽2025春季校园招聘","https://mp.weixin.qq.com/s/11mZjIFF-_MaUZSnBzXlZA","微信读书"
"川大就业","2025-02-23","校园招聘 | 招商银行-招银网络科技2025春季校园招聘","https://mp.weixin.qq.com/s/tMf9us2frbmrmFgr2XytTQ","微信读书"
"川大就业","2025-02-23","校园招聘 | 上汽通用五菱2025校园招聘","https://mp.weixin.qq.com/s/uEJK7_nImM8LKvHktKWslg","微信读书"
"川大就业","2025-02-23","线下宣讲 | 2月27日 | “人才商汇在香江”讲座系列——智汇香江·港学职通新趋势","https://mp.weixin.qq.com/s/2jdg5C3tGwGo9bLRKqpqTw","微信读书"
"川大就业","2025-02-23","线下宣讲 | 2月24日 | 国网新疆电力有限公司","https://mp.weixin.qq.com/s/SKgxs7nVV1NIeT60TziyEA","微信读书"
"川大就业","2025-02-23","2月24日 | 宣讲会&招聘信息一览","https://mp.weixin.qq.com/s/MmpJmKw5yTamDu_pKd_W0Q","微信读书"
"川大就业","2025-02-22","用人单位邀请函 | “周五职通车”重点单位专场双选会","https://mp.weixin.qq.com/s/WXvBage0ryFoEXQWdGoglA","微信读书"
"川大就业","2025-02-22","校园招聘 | 中航工业未来飞行训练装备技术协同创新中心（北京）2025年博士招聘","https://mp.weixin.qq.com/s/MCx7VySh0r3SmP2IF1ZwjA","微信读书"
"川大就业","2025-02-22","校园招聘 | 中国航天科技集团有限公司五院五一三所","https://mp.weixin.qq.com/s/tVO03BfseGdwituzeorzvQ","微信读书"
"川大就业","2025-02-22","校园招聘 | 中国电子科技集团公司第三研究所","https://mp.weixin.qq.com/s/jy62reDcou0aPMEansFY0w","微信读书"
"川大就业","2025-02-22","校园招聘 | 云南红塔银行2025年高校毕业生招聘公告","https://mp.weixin.qq.com/s/ufjlsWj2cEhdzuTaW-eIGg","微信读书"
"川大就业","2025-02-22","校园招聘 | 上海民用航空控制与导航系统有限公司","https://mp.weixin.qq.com/s/yNHhm-N-Tjd8MzzrFffQPQ","微信读书"
"川大就业","2025-02-22","校园招聘 | 国网四川省电力公司招聘","https://mp.weixin.qq.com/s/ZVlEWZBUTJZW4ZSt6J5roQ","微信读书"
"川大就业","2025-02-22","就业指导 | 课程预告 | 教育部“互联网+就业指导”公益直播课：职场形象礼仪","https://mp.weixin.qq.com/s/X1WjVAkcQ-SoIr6Zfp43AA","微信读书"
"川大就业","2025-02-21","用人单位邀请函丨四川大学2025年春季校园招聘活动安排","https://mp.weixin.qq.com/s/oO9CIgj1h1TymwlyCeb3-A","微信读书"
"川大就业","2025-02-21","校园招聘 | TP-LINK 2025届春季校园招聘正式启动！","https://mp.weixin.qq.com/s/0ItjH3t5FFbA4oE3wy5vyg","微信读书"
"川大就业","2025-02-21","校园招聘 | 中国电子科技集团公司第十研究所2025届春季校园招聘正式启幕","https://mp.weixin.qq.com/s/3oqlecGAhXcYSo7Cy5DvXw","微信读书"
"川大就业","2025-02-21","校园招聘 | 核桃编程2025届春季校园招聘正式启动！","https://mp.weixin.qq.com/s/sz5gH1YK8ArKROt9ITVi2g","微信读书"
"川大就业","2025-02-21","校园招聘 | 海南核电2025年春季校园招聘全面启动：核聚海之南 逐梦自贸港","https://mp.weixin.qq.com/s/h0Aoe4_Qec_xgNaKQvukXg","微信读书"
"川大就业","2025-02-21","线下双选 | 3月3日 | 2025年春季全国重点高校毕业生巡回招聘面试会—四川大学专场","https://mp.weixin.qq.com/s/dLDpaJrctVSwF_Q-SgAPHw","微信读书"
"川大就业","2025-02-21","就业指导 | 四川大学这个简历神器让你3分钟搞定HR心动模板！","https://mp.weixin.qq.com/s/NIspf5xe5LqsThXdcMUQ4w","微信读书"
"川大就业","2025-02-21","就业指导 | 春招季，小心避开求职路上的陷阱","https://mp.weixin.qq.com/s/guJlSf2ni2ubHrBLDqCK4Q","微信读书"
"川大就业","2025-02-20","用人单位邀请函丨四川大学2025年春季校园招聘活动安排","https://mp.weixin.qq.com/s/ffJt6KKW8MWe0ZV4T3K2ZA","微信读书"
"川大就业","2025-02-20","用人单位邀请函 | “周五职通车”重点单位专场双选会","https://mp.weixin.qq.com/s/vVv5SG5IbmFxu8LBxHZExg","微信读书"
"川大就业","2025-02-20","学院风采 | 化学工程学院社会实践团赴华谊广西钦州基地开展访企拓岗活动","https://mp.weixin.qq.com/s/zkNwDzR_FbU40M21HPqo9A","微信读书"
"川大就业","2025-02-20","校园招聘 | 中国兵器装备集团有限公司2025届春季校园招聘全面启动","https://mp.weixin.qq.com/s/Vl6VFhGgN8I1VE6kpQFVTg","微信读书"
"川大就业","2025-02-20","校园招聘 | 学而思2025届春季校园招聘","https://mp.weixin.qq.com/s/aIQTDHoOB0NWXi9NPnDG_w","微信读书"
"川大就业","2025-02-20","校园招聘 | 上海证券交易所2025年信息技术类人才专项招聘公告","https://mp.weixin.qq.com/s/hXApROAc1vaJzdqEae5LjA","微信读书"
"川大就业","2025-02-20","校园招聘 | 上海赛科2025届校园招聘正式启动!","https://mp.weixin.qq.com/s/XJuw_kfEH8FyfbNUPxpxLg","微信读书"
"川大就业","2025-02-20","校园招聘 | 航空工业成都飞机设计研究所2025春季招聘补录","https://mp.weixin.qq.com/s/yvus9TyGL_BDRwJAc7wV5A","微信读书"
"川大就业","2025-02-19","寒假暖心行动丨AI模拟面试系统为你的面试加油助力！","https://mp.weixin.qq.com/s/KJHBhgITpn7LcxlbSP6BKw","微信读书"
"川大就业","2025-02-19","寒假暖心行动 | vivo 2025全球校园招聘&暑期实习，全面启动！","https://mp.weixin.qq.com/s/pkCULzcYiS6lAE9sJ6enWQ","微信读书"
"川大就业","2025-02-19","寒假暖心行动 | TP-Link联洲2025届春季校园招聘","https://mp.weixin.qq.com/s/9mw_o7yroDvwKDt1K0cZXQ","微信读书"
"川大就业","2025-02-19","寒假暖心行动 | 科大讯飞2025届飞凡计划未来领导者招聘培养专项","https://mp.weixin.qq.com/s/dX0dGQY_PjMGiCGPI2y1OQ","微信读书"
"川大就业","2025-02-19","寒假暖心行动 | 京东2025管理培训生春季招聘火热启动！","https://mp.weixin.qq.com/s/9KKC4OzPEyj1ygrOElq87w","微信读书"
"川大就业","2025-02-19","寒假暖心行动 | 接offer前，你想问的问题都在这里！","https://mp.weixin.qq.com/s/cEI3-m3k2zRmUuBf-Ou9Ag","微信读书"
"川大就业","2025-02-19","寒假暖心行动 | 航天科技集团九院九部2025届校园招聘","https://mp.weixin.qq.com/s/poeqgCwLGzYKbTFDYJa9yg","微信读书"
"川大就业","2025-02-19","寒假暖心行动 | 东方海外·珠海货讯通科技2025届校招启动","https://mp.weixin.qq.com/s/FVi-lyQ2LtbVhaJ_gj89MQ","微信读书"
"川大就业","2025-02-17","政策解读 | 2025上半年参军最新要求解析（内附年龄条件+优惠政策）","https://mp.weixin.qq.com/s/BAtu7VzMgn7PCkv87kTeag","微信读书"
"川大就业","2025-02-17","寒假暖心行动 | 网易有道2025春招开启！","https://mp.weixin.qq.com/s/YaDFfUCsXhwkHbrCSoxMhA","微信读书"
"川大就业","2025-02-17","寒假暖心行动 | 四川省优质岗位推荐","https://mp.weixin.qq.com/s/gLQd4H80zuoQlYChheLOFg","微信读书"
"川大就业","2025-02-17","寒假暖心行动 | 黑龙江省关于开展2025年选调应届优秀高校毕业生到基层培养锻炼工作的公告","https://mp.weixin.qq.com/s/yccl_QdowFIwlK7AW9RjWA","微信读书"
"川大就业","2025-02-17","寒假暖心行动 | 各地全力促进高校毕业生就业创业 ⑬","https://mp.weixin.qq.com/s/_PboJ1o2bfBgo1sP5M1VhQ","微信读书"
"川大就业","2025-02-17","寒假暖心行动 | 烽火通信2025届校园招聘正式启动","https://mp.weixin.qq.com/s/fMC0b98iNfufUfz8rkaLHQ","微信读书"
"川大就业","2025-02-17","寒假暖心行动 | 财政部部属单位2025年度公开招聘公告","https://mp.weixin.qq.com/s/AaAwv8lhuJWqkGC291iOlg","微信读书"
"川大就业","2025-02-17","寒假暖心行动 | 2025重庆集中选调招录公告发布","https://mp.weixin.qq.com/s/16igPOAWdfluttVsSOXsCQ","微信读书"
"川大就业","2025-02-14","用人单位邀请函丨四川大学2025年春季校园招聘活动安排","https://mp.weixin.qq.com/s/NNftM2HiAZGQ5TwGCL0SCQ","微信读书"
"川大就业","2025-02-14","寒假暖心行动 | 中国科协所属单位2025年度公开招聘应届高校毕业生公告","https://mp.weixin.qq.com/s/8SYstm54wNPuMOK4-Qx-4w","微信读书"
"川大就业","2025-02-14","寒假暖心行动 | 中国残联直属单位2025年度公开招聘应届高校毕业生公告","https://mp.weixin.qq.com/s/zQQGtHIViswVhWqBi7rwKw","微信读书"
"川大就业","2025-02-14","寒假暖心行动 | 浙江中烟工业有限责任公司2025年集中招聘公告","https://mp.weixin.qq.com/s/0L3CWh0TA5BqcIKXd9pe4Q","微信读书"
"川大就业","2025-02-14","寒假暖心行动 | 教育部“互联网+就业指导”公益直播课：善用求职策略，找到满意工作","https://mp.weixin.qq.com/s/qnU6sTCsX_St-GeO3BSUmA","微信读书"
"川大就业","2025-02-14","寒假暖心行动 | 各地全力促进高校毕业生就业创业 ⑫","https://mp.weixin.qq.com/s/Qa1e9dxUvrt_zLwN3xiuEA","微信读书"
"川大就业","2025-02-13","寒假暖心行动 | 中国银行间市场交易商协会2025年度校园招聘","https://mp.weixin.qq.com/s/GEEhOT8gvcIqieU4xAsk9w","微信读书"
"川大就业","2025-02-13","寒假暖心行动 | 建发集团2025校招已全面启动","https://mp.weixin.qq.com/s/6ArYWNnFNel4T5OhxdAHfQ","微信读书"
"川大就业","2025-02-13","寒假暖心行动 | 共青团中央所属单位2025年度高校毕业生公开招聘公告","https://mp.weixin.qq.com/s/ZFOiD3y-Lo9vzQVffFsRhQ","微信读书"
"川大就业","2025-02-13","寒假暖心行动 | @找工作的朋友，这些求职陷阱需防范！","https://mp.weixin.qq.com/s/8L_rmLn4WThIisIHk8K1Jw","微信读书"
"川大就业","2025-02-13","寒假暖心行动 | “立园满园，聚才强企”成都市产业园区人才招聘会武侯专场来了！","https://mp.weixin.qq.com/s/0BaOAku7pTu3z18qCD6BvA","微信读书"
"川大就业","2025-02-12","寒假暖心行动丨重庆农村商业银行博士后科研工作站招聘简章","https://mp.weixin.qq.com/s/h4KPsZxRfFhDpWyMMx6Qww","微信读书"
"川大就业","2025-02-12","寒假暖心行动 | 中建商品混凝土有限公司2025届校园招聘正式启动","https://mp.weixin.qq.com/s/uoTaQ9EQbPXNO9whqdgiNQ","微信读书"
"川大就业","2025-02-12","寒假暖心行动 | 中国烟草总公司内蒙古自治区公司2025年应届高校毕业生招聘公告","https://mp.weixin.qq.com/s/7ENASZAVPdar7AAZW3kIyg","微信读书"
"川大就业","2025-02-12","寒假暖心行动 | 中共中央对外联络部事业单位招人啦","https://mp.weixin.qq.com/s/rb-fTBrD02DtRtqQrKXFIQ","微信读书"
"川大就业","2025-02-12","寒假暖心行动 | 上海邮电设计咨询研究院有限公司2025年校园招聘","https://mp.weixin.qq.com/s/dLrYawpDqLQsCzB-jGwnzw","微信读书"
"川大就业","2025-02-12","寒假暖心行动 | 闵行区2025年度储备人才招录公告","https://mp.weixin.qq.com/s/9nYOlKZvFkhxvzjaVAkqDw","微信读书"
"川大就业","2025-02-12","寒假暖心行动 | 各地全力促进高校毕业生就业创业 ⑪","https://mp.weixin.qq.com/s/odKmZeFSOGxbmTbAQ9yb6A","微信读书"
"川大就业","2025-02-12","寒假暖心行动 | 1万+岗位！成都大型招聘活动来了→","https://mp.weixin.qq.com/s/xLyqroJ6q8G3tCFyxGL7aQ","微信读书"
"川大就业","2025-02-10","寒假暖心行动 | OPPO2025届校园招聘补招正式开启","https://mp.weixin.qq.com/s/MLQVc2eSu38BJjyBRuDHxg","微信读书"
"川大就业","2025-02-10","寒假暖心行动 | 中国电子科技集团公司第十一研究所招聘简章","https://mp.weixin.qq.com/s/iSMg7RQtMKPih0T0ws2_Jg","微信读书"
"川大就业","2025-02-10","寒假暖心行动 | 腾讯2025实习基地专项启动啦！","https://mp.weixin.qq.com/s/ki0vhvERlA5Y4stpgxcPNA","微信读书"
"川大就业","2025-02-10","寒假暖心行动 | 湖北省荆州市2025年度人才引进校园招聘公告","https://mp.weixin.qq.com/s/TEEgIH7gglkN0HOjWValCQ","微信读书"
"川大就业","2025-02-10","寒假暖心行动 | 哈尔滨理工大学招聘事业编制教师","https://mp.weixin.qq.com/s/5s7G1VMYTzsvWUbfvdCdkQ","微信读书"
"川大就业","2025-02-10","寒假暖心行动 | 各地全力促进高校毕业生就业创业 ⑩","https://mp.weixin.qq.com/s/-dimJfPoTvfwkiatDM0xkw","微信读书"
"川大就业","2025-02-10","寒假暖心行动 | 4399游戏春季校园招聘正式开启","https://mp.weixin.qq.com/s/ceVWKqZ4UywOTmlna_VHBQ","微信读书"
"川大就业","2025-02-07","寒假暖心行动 | 中国航天科技集团有限公司所属单位岗位合集（2月）","https://mp.weixin.qq.com/s/r3PfWT_N-zB-uij3MRpMhQ","微信读书"
"川大就业","2025-02-07","寒假暖心行动 | 中兵智能创新研究院2025年校园招聘","https://mp.weixin.qq.com/s/LmvUKcST5pElf_xNk6_vHg","微信读书"
"川大就业","2025-02-07","寒假暖心行动 | 新疆生产建设兵团2025年度招聘事业单位工作人员公告","https://mp.weixin.qq.com/s/EP4Bf43cZQfXqz-umXJrZg","微信读书"
"川大就业","2025-02-07","寒假暖心行动 | 四川中烟工业有限责任公司2025年度招聘来了","https://mp.weixin.qq.com/s/6yPb9Vxio-FMTpM06Qzwhg","微信读书"
"川大就业","2025-02-07","寒假暖心行动 | 山东钢铁集团有限公司2025届高校毕业生招聘公告","https://mp.weixin.qq.com/s/JU13QBiXNWv9Awf4lUAkpg","微信读书"
"川大就业","2025-02-07","寒假暖心行动 | 各地全力促进高校毕业生就业创业 ⑨","https://mp.weixin.qq.com/s/ZwkJaPBHVblsNpbPFCLl6A","微信读书"
"川大就业","2025-02-07","寒假暖心行动 | 2025年北京市丰台区事业单位公开招聘工作人员公告","https://mp.weixin.qq.com/s/ue2AUC2eJkR-GOREpneOTQ","微信读书"
"川大就业","2025-02-05","寒假暖心行动 | 中粮粮谷控股有限公司2025校园招聘","https://mp.weixin.qq.com/s/HwC6PcsYnBLoTfwi7yCPeg","微信读书"
"川大就业","2025-02-05","寒假暖心行动 | 中国能建葛洲坝集团绿色智能建造研究院公开招聘公告","https://mp.weixin.qq.com/s/vh7jRSnY52sdkHCgaiG15w","微信读书"
"川大就业","2025-02-05","寒假暖心行动 | 新疆维吾尔自治区2025年度面向社会公开考试录用公务员公告","https://mp.weixin.qq.com/s/lWGLLV7rz1sR4AhKeiTj3w","微信读书"
"川大就业","2025-02-05","寒假暖心行动 | 天津市地质矿产勘查开发局所属事业单位2025年公开招聘工作人员（含高层次人才）实施方案","https://mp.weixin.qq.com/s/KwfXeNT037730fkHnlp0mg","微信读书"
"川大就业","2025-02-05","寒假暖心行动 | 内蒙古自治区2025年度考试录用特殊职位公务员简章","https://mp.weixin.qq.com/s/hG6cXs6A793qSBQeDe__qQ","微信读书"
"川大就业","2025-02-05","寒假暖心行动 | 湖南省2025年考试录用公务员公告","https://mp.weixin.qq.com/s/x2HCl218Qm-hveeW_w2HzA","微信读书"
"川大就业","2025-02-05","寒假暖心行动 | 各地全力促进高校毕业生就业创业 ⑧","https://mp.weixin.qq.com/s/znysY5qmLI1vjtXjbiUuxw","微信读书"
"川大就业","2025-02-05","寒假暖心行动 | 北京市地质矿产勘查院所属事业单位2025年公开招聘工作人员公告","https://mp.weixin.qq.com/s/b5H9a_gvTzgNlkvpegvbgA","微信读书"
"川大就业","2025-02-03","寒假暖心行动 | 中能建广西开发投资有限公司","https://mp.weixin.qq.com/s/T8HB01AMshlGBIaOG0Ed8w","微信读书"
"川大就业","2025-02-03","寒假暖心行动 | 中国电子科技集团公司第七研究所2025届校园招聘","https://mp.weixin.qq.com/s/CiD5B6kHn4vFydNb8jxlOQ","微信读书"
"川大就业","2025-02-03","寒假暖心行动 | 长沙市望城区2025年事业引才博士公开引进公告","https://mp.weixin.qq.com/s/otT-4o-VFbcxhltmBow7vA","微信读书"
"川大就业","2025-02-03","寒假暖心行动 | 四川中烟工业有限责任公司2025年度招聘公告","https://mp.weixin.qq.com/s/b3WW1GhocF5ofTSiqguD6A","微信读书"
"川大就业","2025-02-03","寒假暖心行动 | 泉城实验室招聘公告","https://mp.weixin.qq.com/s/Bz84F4STGbjx3B_lLL19Xg","微信读书"
"川大就业","2025-02-03","寒假暖心行动 | 哈尔滨理工大学招聘事业编制教师","https://mp.weixin.qq.com/s/9kn5Dca204Ee9aClHWaksA","微信读书"
"川大就业","2025-02-03","寒假暖心行动 | 各地全力促进高校毕业生就业创业 ⑦","https://mp.weixin.qq.com/s/GnNc3VmFL7q4s2bMH53m3w","微信读书"
"川大就业","2025-01-30","寒假暖心行动 | 中国科学院沈阳计算技术研究所有限公司2025届校园招聘","https://mp.weixin.qq.com/s/47GPWKkNVlWTvnk1uzC7TQ","微信读书"
"川大就业","2025-01-30","寒假暖心行动 | 中国储备棉管理有限公司直属企业2025年度公开招聘公告","https://mp.weixin.qq.com/s/MwoR2H652QKk6eRv646s_A","微信读书"
"川大就业","2025-01-30","寒假暖心行动 | 上海市发展改革研究院工作人员公开招聘公告","https://mp.weixin.qq.com/s/LSZZtfkyFR-_1EA-7A3Gpg","微信读书"
"川大就业","2025-01-30","寒假暖心行动 | 湖南省烟草专卖局系统2025年公开考试聘用工作人员公告","https://mp.weixin.qq.com/s/pn4jsKautrCBfEmIG0C7Hg","微信读书"
"川大就业","2025-01-30","寒假暖心行动 | 各地全力促进高校毕业生就业创业 ⑥","https://mp.weixin.qq.com/s/Hn_AwL2WLUvpemdUo3-xaw","微信读书"
"川大就业","2025-01-30","寒假暖心行动 | 大同经开区区属国有企业2025年公开招聘电力专业人员公告","https://mp.weixin.qq.com/s/JUWciOdfelckaKn5fvZnUA","微信读书"
"川大就业","2025-01-30","寒假暖心行动 | 2025年苏州市卫生健康委员会直属事业单位公开招聘卫生专业技术人员公告","https://mp.weixin.qq.com/s/aXIcYkTQzi1liVq5XcKnIw","微信读书"
"川大就业","2025-01-27","寒假暖心行动 | 想找实习？在找工作？简历还不够好？四川大学简历制作系统来帮你！","https://mp.weixin.qq.com/s/_KNcI_UXBzCgapB5sHuXhA","微信读书"
"川大就业","2025-01-27","寒假暖心行动 | 西藏自治区2025年度定向选调应届优秀大学毕业生公告","https://mp.weixin.qq.com/s/LTl5bsYqTITHQUEZ3Up2fw","微信读书"
"川大就业","2025-01-27","寒假暖心行动 | 四川中烟工业有限责任公司2025年度招聘公告","https://mp.weixin.qq.com/s/mQsr9tYj56etlDPSwFdlCQ","微信读书"
"川大就业","2025-01-27","寒假暖心行动 | 国有企业面向2025届高校毕业生招聘岗位信息","https://mp.weixin.qq.com/s/2aC8YtukY_Z0nM3Ev98rAQ","微信读书"
"川大就业","2025-01-27","寒假暖心行动 | 广东省事业单位2025年高校毕业生公开招聘公告","https://mp.weixin.qq.com/s/uvyfn7x-5uuNOA6X2_e7Xg","微信读书"
"川大就业","2025-01-27","寒假暖心行动 | 各地全力促进高校毕业生就业创业⑤","https://mp.weixin.qq.com/s/A9C41XXdMNY3R4Y7omI61w","微信读书"
"川大就业","2025-01-27","寒假暖心行动 | 10个常见求职诈骗“套路”，帮你修炼防诈“火眼金睛”","https://mp.weixin.qq.com/s/uSjO5h-p5DcvOHauKs6v1w","微信读书"
"川大就业","2025-01-27","感谢支持与肯定！2025川大就业将不忘初心，同您共谱新篇！","https://mp.weixin.qq.com/s/vykjE1DuRDtl4TANMWejCQ","微信读书"
"川大就业","2025-01-26","初心如磐，笃行不辍——川大就业2024年回顾","https://mp.weixin.qq.com/s/Ll4MMnjXHY-OcILXJYnV3Q","微信读书"
"川大就业","2025-01-23","寒假暖心行动 | AI模拟面试系统为你的面试加油助力！","https://mp.weixin.qq.com/s/qnbyzr0PyVCL9q_SBP3iig","微信读书"
"川大就业","2025-01-23","寒假暖心行动 | 中兴微电子2025届校园招聘火热进行中...","https://mp.weixin.qq.com/s/KM1AtuYQg7yMIroYE81oLQ","微信读书"
"川大就业","2025-01-23","寒假暖心行动 | 中国石油大学（北京）克拉玛依校区2025年度招聘简章","https://mp.weixin.qq.com/s/rRbXalRZ9o9Ck21U3ubQlw","微信读书"
"川大就业","2025-01-23","寒假暖心行动 | 中车株洲所博士生招聘&春季校园招聘双通道火热启动！","https://mp.weixin.qq.com/s/pcxtaAWS5YNrZLiSchWCvg","微信读书"
"川大就业","2025-01-23","寒假暖心行动 | 四川中烟工业有限责任公司2025年度员工招聘公告","https://mp.weixin.qq.com/s/-ee8MVlr9cUfMDFtG4aqDw","微信读书"
"川大就业","2025-01-23","寒假暖心行动 | 教育部寒假促就业暖心行动系列招聘活动","https://mp.weixin.qq.com/s/vtpA2CaEXnkrjR5XahgvTg","微信读书"
"川大就业","2025-01-23","寒假暖心行动 | 各地全力促进高校毕业生就业创业④","https://mp.weixin.qq.com/s/AA7704JfG4x4Hoe022HN7Q","微信读书"
"川大就业","2025-01-20","要闻速递 | 重磅！中共中央、国务院印发《教育强国建设规划纲要（2024-2035年）》","https://mp.weixin.qq.com/s/p2yWkEcJl2HCTzDBiped6w","微信读书"
"川大就业","2025-01-20","寒假暖心行动 | 中国航空工业集团有限公司所属单位岗位合集（1月）","https://mp.weixin.qq.com/s/AfMyQZaTIbMjJawzavgJqQ","微信读书"
"川大就业","2025-01-20","寒假暖心行动 | 中国供销集团2025届校园招聘火热进行中","https://mp.weixin.qq.com/s/BnZETkJIZmrj1BSE5-GoZw","微信读书"
"川大就业","2025-01-20","寒假暖心行动 | 招商局集团有限公司所属单位岗位合集","https://mp.weixin.qq.com/s/-AG62qfjyYX9O3uKKtiynQ","微信读书"
"川大就业","2025-01-20","寒假暖心行动 | 海南省交通投资控股有限公司“交通工程专业技术紧缺人才”公开招聘","https://mp.weixin.qq.com/s/snvO9lA_o2k69qgt6KA6bw","微信读书"
"川大就业","2025-01-20","寒假暖心行动 | 各地全力促进高校毕业生就业创业③","https://mp.weixin.qq.com/s/aCoNXovThQcVZBv4QzI5eQ","微信读书"
"川大就业","2025-01-16","征兵公告 | 今年征兵时间，定了！","https://mp.weixin.qq.com/s/0Lqv2EhaU6qhlz8B3QGe1w","微信读书"
"川大就业","2025-01-16","校园招聘 | 中核浙能2025校园招聘正式开启","https://mp.weixin.qq.com/s/BhNSty-eEHwA-FeLRqEpew","微信读书"
"川大就业","2025-01-16","校园招聘 | 西南民族大学公开招聘","https://mp.weixin.qq.com/s/JH2GiCm6aNK7K_qKZKoVDA","微信读书"
"川大就业","2025-01-16","校园招聘 | 成都高新区一大波实习和招聘岗位来了！","https://mp.weixin.qq.com/s/Oyh7bCBkf_Qt3pyjCQ6JAg","微信读书"
"川大就业","2025-01-16","就业政策 | 各地全力促进高校毕业生就业创业②","https://mp.weixin.qq.com/s/FdeKf0oL_8_fsw6v3Z6-DA","微信读书"
