公众号,发布日期,文章标题,文章链接,来源
"成功就业","2026-09-20","招聘｜TP-Link联洲2027届秋季校园招聘启动!","https://mp.weixin.qq.com/s/jnYsNB--h0snAbE6-fx_pQ","微信读书"
"成功就业","2026-09-20","招聘｜中华财险2027校园招聘正式启动！","https://mp.weixin.qq.com/s/-XGLB3KjxFlONAXzsB6J2g","微信读书"
"成功就业","2026-09-20","招聘｜中国工商银行北京市分行2027年度校园招聘正式启动","https://mp.weixin.qq.com/s/Pm5i6JliF_TGY5HmNHgkZw","微信读书"
"成功就业","2026-09-20","招聘｜东风汽车股份有限公司 | 2027届校园招聘","https://mp.weixin.qq.com/s/LrEVGSIy5IsyqCmZHyE9aw","微信读书"
"成功就业","2026-09-20","岗位直推｜9月23日下午，2026年北京市大学生科技见习/职业体验（实习）专场双选会、宣讲会同步举办","https://mp.weixin.qq.com/s/p74soveDTJnknL-PvCC0Ng","微信读书"
"成功就业","2026-09-20","“梦想靠岸”招商银行北京分行2027校园招聘","https://mp.weixin.qq.com/s/Ppmhp0LlD-4UqHbZAtHUOQ","微信读书"
"成功就业","2026-09-19","近2万个岗位，北京秋季大型招聘会周日举办！扫码预约免费参会","https://mp.weixin.qq.com/s/0zHeIEDh9doVd5SoqIBUuA","微信读书"
"成功就业","2026-09-18","招聘｜中国邮政储蓄银行北京分行2027校园招聘！","https://mp.weixin.qq.com/s/zhAjrm1JsCPVVZwoSE6lUQ","微信读书"
"成功就业","2026-09-18","招聘｜教育部学生服务与素质发展中心招募实习生","https://mp.weixin.qq.com/s/ZVlDrgLYnVTxvcj2LZn8kQ","微信读书"
"成功就业","2026-09-18","招聘｜格力电器2027届秋季校园招聘启动","https://mp.weixin.qq.com/s/TBR3pEky87Ql9InjRo3aIg","微信读书"
"成功就业","2026-09-18","空军海军在京招飞日程出炉！报名正在进行","https://mp.weixin.qq.com/s/8wHjEqEaepbyC0RV78T_Ig","微信读书"
"成功就业","2026-09-18","岗位直推｜9月23日下午，三场双选会同期举办","https://mp.weixin.qq.com/s/dMXs1Y4Z4YwGq2v1AIWTBw","微信读书"
"成功就业","2026-09-18","才聚浙聘行动 智汇浙江国企｜2026年浙江省国有企业秋季招聘引才系列活动","https://mp.weixin.qq.com/s/4zNHpGB4qvapgw4wGu4Ggg","微信读书"
"成功就业","2026-09-18","【政策资讯】创业政策每周汇(2026032)","https://mp.weixin.qq.com/s/uuHI-wazIrMs-XHWA3Y09A","微信读书"
"成功就业","2026-09-17","招聘｜中国船舶集团综合技术经济研究院2027届校园招聘","https://mp.weixin.qq.com/s/zykzQRNgmjbBFIHKT7LppQ","微信读书"
"成功就业","2026-09-17","招聘｜北京市事业单位公开招聘汇总（20260917）","https://mp.weixin.qq.com/s/AaRrZxbaLoDIt35Z5Vt3Tg","微信读书"
"成功就业","2026-09-17","岗位直推｜9月18日下午，智汇草原·才聚呼伦贝尔｜呼伦贝尔市2026秋季（北京）专场招聘会","https://mp.weixin.qq.com/s/hFFZ6LL0VRGiduxuJtDpoA","微信读书"
"成功就业","2026-09-17","岗位直推｜9月18日下午，三场双选会同期举办","https://mp.weixin.qq.com/s/TuH_ISbp3O3VKJb12JOxcQ","微信读书"
"成功就业","2026-09-17","北京发布2026年大学生科技见习计划岗位信息","https://mp.weixin.qq.com/s/vf7ZcNvm_1QQoVGikqEu8A","微信读书"
"成功就业","2026-09-17","百余家单位招聘1400+人！2026年京津冀博洽会将于9月18日举办","https://mp.weixin.qq.com/s/No4RaEW9MnNjk5Y98YJ1Xg","微信读书"
"成功就业","2026-09-17","【就业典型】以青春之我担时代之责，以实干之力展党员风采--北京劳动保障职业学院张钧涵","https://mp.weixin.qq.com/s/p24gpQF1f8bBaE2emMAiaw","微信读书"
"成功就业","2026-09-16","招聘｜冰轮环境2027届校园招聘正式启动！","https://mp.weixin.qq.com/s/sDIk9gjw6dsmhTqXyQx1Rg","微信读书"
"成功就业","2026-09-16","岗位直推｜9月18日下午，智汇草原·才聚呼伦贝尔｜呼伦贝尔市2026秋季（北京）专场招聘会","https://mp.weixin.qq.com/s/_mW7bwiz0X_LL1nKBHtDDA","微信读书"
"成功就业","2026-09-16","岗位直推｜9月18日下午，“京彩就业”中国科学院大学2027届毕业生秋季首场双选会","https://mp.weixin.qq.com/s/n-Zd3dOA0qw4f8LdwqteLA","微信读书"
"成功就业","2026-09-16","大创榜young丨智控膝盾膝关节运动状态智控护盾","https://mp.weixin.qq.com/s/eu9eoCNp5yk292Z0K6tO3w","微信读书"
"成功就业","2026-09-16","北京发布2026年大学生科技见习计划岗位信息","https://mp.weixin.qq.com/s/sfeaDPl4FFXl1h3CnlJB8A","微信读书"
"成功就业","2026-09-16","百余家单位招聘1400+人！2026年京津冀博洽会将于9月18日举办","https://mp.weixin.qq.com/s/j6eCxATmj97NZcpZbj42Uw","微信读书"
"成功就业","2026-09-16","9月23日“京彩生涯”咨询｜一对一职业生涯规划，邀请北京地区高校在校生报名预约！","https://mp.weixin.qq.com/s/03HuWTbJmmANjnw2Hwq3Cg","微信读书"
"成功就业","2026-09-16","“百万英才兴海南·四城同办”校招活动 北京站·北京大学 邀您参与！","https://mp.weixin.qq.com/s/CFSWqFGrb2zJACHtTbpqLw","微信读书"
"成功就业","2026-09-15","招聘｜北京市事业单位公开招聘汇总（20260915）","https://mp.weixin.qq.com/s/25-qtCfGmXcBeXdiHuAkBg","微信读书"
"成功就业","2026-09-15","岗位直推｜9月18日下午，智汇草原·才聚呼伦贝尔｜呼伦贝尔市2026秋季（北京）专场招聘会","https://mp.weixin.qq.com/s/OSfTmy0HOXaeGwRLTAaprQ","微信读书"
"成功就业","2026-09-15","岗位直推｜9月16日下午，四场双选会同步开启，共促人才对接","https://mp.weixin.qq.com/s/9asrylaKKHtVFeCxrSlHmg","微信读书"
"成功就业","2026-09-15","百余家单位招聘1400+人！2026年京津冀博洽会将于9月18日举办","https://mp.weixin.qq.com/s/ybUMBgEiUP9awCjGmcdGHg","微信读书"
"成功就业","2026-09-15","9月17日下午，2026年内蒙古自治区“广纳英才·聚智兴蒙”区外引才活动","https://mp.weixin.qq.com/s/iU2YXrVpeiP3-tgR1Eu0CA","微信读书"
"成功就业","2026-09-15","9月17日，2027届高校毕业生京津冀高校毕业生双选会岗位信息","https://mp.weixin.qq.com/s/T_3XV77-sMtaC78AWlIAcA","微信读书"
"成功就业","2026-09-15","2027届高校毕业生就业服务季首场双选会暨京津冀专场双选会成功举办","https://mp.weixin.qq.com/s/C8a3mAMWHapCKzoYrrzqtQ","微信读书"
"成功就业","2026-09-15","【就业典型】向下扎根，向阳而生--北京金融科技学院徐菁菁","https://mp.weixin.qq.com/s/uZDeuaol4sGCQZwswS6c4g","微信读书"
"成功就业","2026-09-14","招聘｜直招军官选拔，9月18日启动","https://mp.weixin.qq.com/s/CfsKHLgDJslgAtM_cirPIw","微信读书"
"成功就业","2026-09-14","招聘｜首都医科大学附属北京妇产医院2026年公开招聘（第三批）公告","https://mp.weixin.qq.com/s/UVdjwVjFVM2Zm93-nOkieQ","微信读书"
"成功就业","2026-09-14","招聘｜梦想靠岸 星城启航｜招商银行长沙分行2027校园招聘","https://mp.weixin.qq.com/s/z9R_c6xvSSX51oXSoPyZvg","微信读书"
"成功就业","2026-09-14","招聘｜北京市体育局所属事业单位2026年下半年公开招聘运动员公告","https://mp.weixin.qq.com/s/WKqU96GVLFls0KqJdDb6vQ","微信读书"
"成功就业","2026-09-14","学生邀请函 | 500+单位，2.3w+岗位，2027届高校毕业生“金秋启航”校园招聘月暨京津冀高校毕业生供需对接会即将启动！","https://mp.weixin.qq.com/s/LYDK9D-AuJe5b3B8IWTvew","微信读书"
"成功就业","2026-09-14","岗位直推｜9月18日下午，智汇草原·才聚呼伦贝尔｜呼伦贝尔市2026秋季（北京）专场招聘会","https://mp.weixin.qq.com/s/RmOUhtFfiRsTNFKrY76rKw","微信读书"
"成功就业","2026-09-14","岗位直推｜9月15日下午，三场双选会同期举办","https://mp.weixin.qq.com/s/0j45ud1fqudf1-fVpwdoIw","微信读书"
"成功就业","2026-09-14","大学生科技见习计划平台操作手册（学生身份）","https://mp.weixin.qq.com/s/cEwwyDuXCe2iSCSpIQ596g","微信读书"
"成功就业","2026-09-14","9月15日下午，三场双选会同期举办","https://mp.weixin.qq.com/s/u0-lvF8XXQfh2sPHyeckSg","微信读书"
"成功就业","2026-09-13","岗位直推｜9月18日下午，智汇草原·才聚呼伦贝尔｜呼伦贝尔市2026秋季（北京）专场招聘会","https://mp.weixin.qq.com/s/UZRIYYcrX3HtF4YCYditIw","微信读书"
"成功就业","2026-09-13","岗位直推｜9月15日下午，2026年网络安全人才专场双选会","https://mp.weixin.qq.com/s/xQ6C14ZNeU5rhmihpD8CEA","微信读书"
"成功就业","2026-09-13","岗位直推｜9月15日下午，2026年华为ICT人才联盟双选会·北京站即将开启！","https://mp.weixin.qq.com/s/dsBSeNF5toFQtdymW-q9IQ","微信读书"
"成功就业","2026-09-13","北京发布2026年大学生科技见习计划岗位信息","https://mp.weixin.qq.com/s/L2aerOtvZgApasmz1xMQRQ","微信读书"
"成功就业","2026-09-13","百余家单位招聘1400+人！2026年京津冀博洽会将于9月18日举办","https://mp.weixin.qq.com/s/64IfxYsZQ5cMNJldFpsYhQ","微信读书"
"成功就业","2026-09-12","岗位直推｜9月18日下午，智汇草原·才聚呼伦贝尔｜呼伦贝尔市2026秋季（北京）专场招聘会","https://mp.weixin.qq.com/s/6WsVh2pcBuYCsGV-O-Gz5A","微信读书"
"成功就业","2026-09-12","岗位直推｜9月15日下午，2026年网络安全人才专场双选会","https://mp.weixin.qq.com/s/Qx6Gnkn02F-KVraHWDqwWw","微信读书"
"成功就业","2026-09-12","岗位直推｜9月15日下午，2026年华为ICT人才联盟双选会·北京站即将开启！","https://mp.weixin.qq.com/s/urGgNmKnpyIGsXAL79pj_Q","微信读书"
"成功就业","2026-09-12","北京发布2026年大学生科技见习计划岗位信息","https://mp.weixin.qq.com/s/0uOH685-J2RMgonDU8GBQA","微信读书"
"成功就业","2026-09-12","百余家单位招聘1400+人！2026年京津冀博洽会将于9月18日举办","https://mp.weixin.qq.com/s/CeNyhDwkQCt3bF4YmnrTgQ","微信读书"
"成功就业","2026-09-11","招聘｜中国建筑集团2027届校园招聘正式启动","https://mp.weixin.qq.com/s/s46TGQ4HQpfbaN3bPJuL1w","微信读书"
"成功就业","2026-09-11","以赛育智、以景赋能！--“京彩AI·智汇全球”北京大学生“超级个体”(OPC)创业大赛圆满落幕","https://mp.weixin.qq.com/s/2U_-h572EHL6V-GZT_65mA","微信读书"
"成功就业","2026-09-11","岗位直推｜9月18日下午，智汇草原·才聚呼伦贝尔｜呼伦贝尔市2026秋季（北京）专场招聘会","https://mp.weixin.qq.com/s/kAP7Hbzw-o9lEm2h8YjXXg","微信读书"
"成功就业","2026-09-11","岗位直推｜9月16日下午，四场双选会同步开启，共促人才对接","https://mp.weixin.qq.com/s/i9vs2dyJfcJQcCyJG9xoAA","微信读书"
"成功就业","2026-09-11","岗位直推｜9月16日下午，“筑基育才·京彩就业” 昌平教育系统人才供需专场洽谈会","https://mp.weixin.qq.com/s/ZTe6pX4DK7XvdQkQkCPmTw","微信读书"
"成功就业","2026-09-11","百余家单位招聘1400+人！2026年京津冀博洽会将于9月18日举办","https://mp.weixin.qq.com/s/VmKgL_xqcPM5Fij1-BR6ZQ","微信读书"
"成功就业","2026-09-11","【政策资讯】创业政策每周汇(2026031)","https://mp.weixin.qq.com/s/vD8MV4yspV5hBYQKDukHpA","微信读书"
"成功就业","2026-09-11","【地点更改】9月17日，2026年内蒙古自治区“广纳英才·聚智兴蒙”区外引才活动","https://mp.weixin.qq.com/s/dL6Z1bV8t86be8NULYQVgA","微信读书"
"成功就业","2026-09-10","习近平向全国广大教师和教育工作者致以节日祝贺和诚挚问候","https://mp.weixin.qq.com/s/2GGiNCo1RiAXOynVyLgkuw","微信读书"
"成功就业","2026-09-10","岗位直推｜9月18日下午，智汇草原·才聚呼伦贝尔｜呼伦贝尔市2026秋季（北京）专场招聘会","https://mp.weixin.qq.com/s/VbMI752kudVBZ9Xl_nDFLA","微信读书"
"成功就业","2026-09-10","岗位直推｜9月18日下午，三场双选会同期举办","https://mp.weixin.qq.com/s/kr7UIictUclTdMO6doGaAQ","微信读书"
"成功就业","2026-09-10","北京发布2026年大学生科技见习计划岗位信息","https://mp.weixin.qq.com/s/EDs9S8I2W5xX92_XqlMucA","微信读书"
"成功就业","2026-09-10","百余家单位招聘1400+人！2026年京津冀博洽会将于9月18日举办","https://mp.weixin.qq.com/s/8RbDZTZEuqgtUNssP263Ow","微信读书"
"成功就业","2026-09-10","【就业典型】扎根西部沃土 绽放专业光芒--北京农学院张可可","https://mp.weixin.qq.com/s/c0g13nvWopVYuZt7_Qpo0g","微信读书"
"成功就业","2026-09-09","智汇草原·才聚呼伦贝尔｜呼伦贝尔市2026秋季（北京）专场招聘会","https://mp.weixin.qq.com/s/tA7--plMstArMdZ8SkwP6g","微信读书"
"成功就业","2026-09-09","招聘｜北京市海淀区卫生健康委员会所属事业单位招聘","https://mp.weixin.qq.com/s/7l2LAVeIin5QViILMUvLpw","微信读书"
"成功就业","2026-09-09","岗位直推｜9月15日下午，2027届毕业生京津冀秋季首场双选会","https://mp.weixin.qq.com/s/gVn1XAV6Ul0tc3munRv-nw","微信读书"
"成功就业","2026-09-09","岗位直推｜9月15日下午，2026年网络安全人才专场双选会","https://mp.weixin.qq.com/s/A3d5HgHVWrL76F7OvfMoFQ","微信读书"
"成功就业","2026-09-09","岗位直推｜9月15日下午，2026年华为ICT人才联盟双选会·北京站即将开启！","https://mp.weixin.qq.com/s/8IpoXjWTgadjWYJJ5jnF1Q","微信读书"
"成功就业","2026-09-09","大创榜young丨深耕“磁”芯赛道，以交叉学科背景引领计算新时代","https://mp.weixin.qq.com/s/5XV8ty4hAgw3Vt1X7k6CTg","微信读书"
"成功就业","2026-09-09","9月17日“京彩生涯”咨询｜一对一职业生涯规划，邀请北京地区高校在校生报名预约！","https://mp.weixin.qq.com/s/voWod_Ujmq1wQiPHJOYmvA","微信读书"
"成功就业","2026-09-09","9月11日｜招商银行总行、分行、子公司2027校园招聘北京专场双选会","https://mp.weixin.qq.com/s/EyP4FT2GHkDZyjNKM2vQAA","微信读书"
"成功就业","2026-09-08","招聘｜中国农业银行北京市分行2027年度校园招聘","https://mp.weixin.qq.com/s/JkP6tZFjxkc_kDqnhxoXdA","微信读书"
"成功就业","2026-09-08","招聘｜中国民生银行2027届校园招聘火热开启","https://mp.weixin.qq.com/s/zREhuvpTMauWrqajzkXI9g","微信读书"
"成功就业","2026-09-08","招聘｜格力电器2027届秋季校园招聘正式启动！","https://mp.weixin.qq.com/s/HJ_N1G56KHvA7wRE3aeSfw","微信读书"
"成功就业","2026-09-08","招聘｜北汽集团2027届全球校园招聘正式启动","https://mp.weixin.qq.com/s/eEMg0mKK3AGhifG-nA2goA","微信读书"
"成功就业","2026-09-08","百博行·奔光明（秋季）｜事业编制考试+现场招聘，博士专场等你来","https://mp.weixin.qq.com/s/QUPPmSdKR8et3pc8ntnpkw","微信读书"
"成功就业","2026-09-08","【就业典型】扎根雪域高原 践行育人使命--北京服装学院李源","https://mp.weixin.qq.com/s/50iIYfM4kU3KZyrV_NdEyg","微信读书"
"成功就业","2026-09-07","招聘｜中国移动终端公司2027秋季校园招聘全面启动","https://mp.weixin.qq.com/s/1-TrVj7NsHMUY5s87uorHg","微信读书"
"成功就业","2026-09-07","招聘｜中国船舶集团有限公司第七一三研究所2027届校园招聘启动","https://mp.weixin.qq.com/s/z8b73HFpZYmhWyg_NiSCRg","微信读书"
"成功就业","2026-09-07","招聘｜好未来集团（学而思）2027秋季校园招聘正式启动！","https://mp.weixin.qq.com/s/hdU4-NRpOh3HNPULknppxA","微信读书"
"成功就业","2026-09-07","招聘｜国机重型装备集团股份有限公司2027届秋季校园招聘","https://mp.weixin.qq.com/s/TPxMUFeC3kC5PR0c3IeKGA","微信读书"
"成功就业","2026-09-07","招聘｜北京经济技术开发区2026年第二批卫生健康领域事业单位公开招聘公告","https://mp.weixin.qq.com/s/vkUyP4fEwHKonjgJYCzVjw","微信读书"
"成功就业","2026-09-04","招聘｜中核四0四有限公司2027届秋季校园招聘正式启动!","https://mp.weixin.qq.com/s/Ttsam0lsvlgA4HTXLs7iRQ","微信读书"
"成功就业","2026-09-04","招聘｜中国能建2027届全球校园招聘正式启动","https://mp.weixin.qq.com/s/mp5IypPQ61woX1U116NtUA","微信读书"
"成功就业","2026-09-04","招聘｜北京清华长庚医院2026年度第四批公开招聘公告","https://mp.weixin.qq.com/s/EbZAm6q7LA8I9EPq4eIInA","微信读书"
"成功就业","2026-09-04","招聘｜北京经济技术开发区2026年第二批卫生健康领域事业单位公开招聘公告","https://mp.weixin.qq.com/s/KRFwKcWUycuHYsfSqVDc_Q","微信读书"
"成功就业","2026-09-04","招聘｜北方集成电路技术创新中心2027届校园招聘全面启动！","https://mp.weixin.qq.com/s/jf87U1pbKAszPHinxWKmyg","微信读书"
"成功就业","2026-09-04","9月11日｜“梦想靠岸”招商银行总行、分行2027校园招聘北京专场双选会","https://mp.weixin.qq.com/s/z6jDWvA3pHPxZtfImYkPPw","微信读书"
"成功就业","2026-09-04","【政策资讯】创业政策每周汇(2026030)","https://mp.weixin.qq.com/s/GyugN3gLOk4U937yeeGU7Q","微信读书"
"成功就业","2026-09-03","招聘｜中信集团总部2027年校园招聘全面启动","https://mp.weixin.qq.com/s/VWINsjjlYFI_TGYxE4cMFA","微信读书"
"成功就业","2026-09-03","招聘｜中车长客2027年校园招聘正式启动","https://mp.weixin.qq.com/s/2sUdr-LovsTJvbC_LFsfgw","微信读书"
"成功就业","2026-09-03","招聘｜鑫威源“技术青苗”计划校招简章","https://mp.weixin.qq.com/s/vDzKsHud60Gz4I2zxK9HoQ","微信读书"
"成功就业","2026-09-03","招聘｜新东方2027全球联合校园招聘正式启动！","https://mp.weixin.qq.com/s/ONAWrdaqnEU8iCjFF0hiLQ","微信读书"
"成功就业","2026-09-03","招聘｜“梦想靠岸”招商银行北京分行2027校园招聘","https://mp.weixin.qq.com/s/U-qmzSQlREAq5UH0R9xWzA","微信读书"
"成功就业","2026-09-03","招聘｜“梦想靠岸”招商银行2027校园招聘全球启动！","https://mp.weixin.qq.com/s/MDLNxNpEK_GThbAOZLgRGQ","微信读书"
"成功就业","2026-09-03","【就业典型】司法一线的初心与担当--北京农业职业学院龚迎盈","https://mp.weixin.qq.com/s/u41yrQZgpSbQ5xeICnkiQA","微信读书"
"成功就业","2026-09-02","招聘｜中信证券2027年校园招聘全面启动","https://mp.weixin.qq.com/s/3fkeqVoiP9TEQf5EB7wjGw","微信读书"
"成功就业","2026-09-02","招聘｜云迹科技2027届校园招聘全面启动！","https://mp.weixin.qq.com/s/aOt2-RAqfwhTc_o0aTwVFA","微信读书"
"成功就业","2026-09-02","招聘｜北京第三实验学校2026年第三批公开招聘公告","https://mp.weixin.qq.com/s/egPgxPo7iLMC89vQWB99gQ","微信读书"
"成功就业","2026-09-02","招聘｜北方华创微电子2027届全球校园招聘全面开启","https://mp.weixin.qq.com/s/p4z5_VUqNBMexQh7jhRLXw","微信读书"
"成功就业","2026-09-02","当未来变成一道选择题，“京彩生涯”陪你找答案","https://mp.weixin.qq.com/s/aukyDRKJ-ImbIc6P3KuVGA","微信读书"
"成功就业","2026-09-02","大创榜young丨磁“域”智造——全球磁控4D打印技术的引领者","https://mp.weixin.qq.com/s/QfI1UMV-KvI0R0rowLiDzw","微信读书"
"成功就业","2026-09-01","招聘｜中信建投证券2027届秋季校园招聘正式启动！","https://mp.weixin.qq.com/s/CoHQa5PbgcEm4cITHOEXZA","微信读书"
"成功就业","2026-09-01","招聘｜中国人民保险集团2027届统筹校园招聘-理工专场","https://mp.weixin.qq.com/s/aIv5nHT4GhUMFs_Az6vHYA","微信读书"
"成功就业","2026-09-01","招聘｜“梦想靠岸”招商银行北京分行2027校园招聘","https://mp.weixin.qq.com/s/IDgMRKWLpOPWbqExPCfYVw","微信读书"
"成功就业","2026-09-01","预告｜9月双选会日历更新，快来锁定你的心动offer！","https://mp.weixin.qq.com/s/M52fK9sLPs802_VO89OXxw","微信读书"
"成功就业","2026-09-01","预告｜“京彩助梦・成功就业”9月线上公益讲座预告","https://mp.weixin.qq.com/s/EKtJpVr4xvVygjC9dfPpoQ","微信读书"
"成功就业","2026-09-01","9月双选会日历更新，速存！","https://mp.weixin.qq.com/s/0-2RcHGRVr27cbQVUioN8g","微信读书"
"成功就业","2026-09-01","【就业典型】雪域高原写青春  扎根边疆践初心--中央民族大学汪松平","https://mp.weixin.qq.com/s/nATI2xo13vk6TLtaZzSkbQ","微信读书"
"成功就业","2026-08-31","招聘｜中国建科公开招聘公告","https://mp.weixin.qq.com/s/_okt7I-1rJE2Oyv62CABew","微信读书"
"成功就业","2026-08-31","招聘｜中国电科15所2027届校园招聘","https://mp.weixin.qq.com/s/Ar45PXTJLuBX6Fy1e4VdOQ","微信读书"
"成功就业","2026-08-31","招聘｜泰格医药2027校园招聘启动！","https://mp.weixin.qq.com/s/B2-b2csVnfHQPg7YPQxdgw","微信读书"
"成功就业","2026-08-31","招聘｜美的集团2027届校园招聘正式启动","https://mp.weixin.qq.com/s/F-xpmJaHQMh423kXaWUjTw","微信读书"
"成功就业","2026-08-31","招聘｜绿能星计划—华宝新能2027全球校园招聘正式启动！","https://mp.weixin.qq.com/s/D7l1BUnVNmmK_SNnB5AAdQ","微信读书"
"成功就业","2026-08-31","招聘｜北京市事业单位公开招聘汇总（20260831）","https://mp.weixin.qq.com/s/7_wMJn4rIQmZrboP-BQyeQ","微信读书"
"成功就业","2026-08-28","招聘｜中国物流所属华贸物流社会招聘公告","https://mp.weixin.qq.com/s/fI4yuYHSi1sMGBMY5Esm9g","微信读书"
"成功就业","2026-08-28","招聘｜招商局集团2027届校园招聘即将启动！","https://mp.weixin.qq.com/s/JTIaomK2cqVA0CWFWbpgdQ","微信读书"
"成功就业","2026-08-28","招聘｜海尔2027届校园招聘正式启动！","https://mp.weixin.qq.com/s/XciCqkcUmSw_U-Qw9S3QHQ","微信读书"
"成功就业","2026-08-28","招聘｜北京市事业单位公开招聘汇总（20260828）","https://mp.weixin.qq.com/s/qhuKBZu5fXDBRtIt1fU1ew","微信读书"
"成功就业","2026-08-28","招聘｜2027钢研纳克校招正式启航","https://mp.weixin.qq.com/s/jc2A5hvp27r8nP4zdGEhZw","微信读书"
"成功就业","2026-08-28","【政策资讯】创业政策每周汇(2026029)","https://mp.weixin.qq.com/s/IpLmqUXVW6etSgMIRpO_Jg","微信读书"
"成功就业","2026-08-27","招聘｜中国电信集团2027年度校园招聘全面启动","https://mp.weixin.qq.com/s/zfkn0mvpwncJ1Q6ZowUplQ","微信读书"
"成功就业","2026-08-27","招聘｜中电信人工智能科技（北京）有限公司2027届校园招聘全面启动","https://mp.weixin.qq.com/s/SSYkfmGrjOqNRWeCe1U_pA","微信读书"
"成功就业","2026-08-27","招聘｜嘉士伯中国2027届校园招聘正式启动！","https://mp.weixin.qq.com/s/mf9_z8upibe3gDKN1O75oQ","微信读书"
"成功就业","2026-08-27","招聘｜虎牙2027届校园招聘开始啦！","https://mp.weixin.qq.com/s/XyCxmnngoeNhnX0JciwqiQ","微信读书"
"成功就业","2026-08-27","招聘｜航天恒星2027届校招正式启动","https://mp.weixin.qq.com/s/4kThkPcZMCHczMaPi758wg","微信读书"
"成功就业","2026-08-27","招聘｜电科思仪2027届校园招聘正式开启","https://mp.weixin.qq.com/s/Na9frvPbETj4LQX8WWFDvA","微信读书"
"成功就业","2026-08-27","【就业典型】柔肩担使命 基层绽芳华--北京石油化工学院苏雯雯","https://mp.weixin.qq.com/s/8RwRcqnDRFrHCoZKRexoCA","微信读书"
"成功就业","2026-08-26","招聘｜中国联通新苗计划2027校园招聘正式启动！","https://mp.weixin.qq.com/s/94gneDHdEuKQ1ItlGR3aIg","微信读书"
"成功就业","2026-08-26","招聘｜亚马逊2027校园招聘正式启动","https://mp.weixin.qq.com/s/4zOJ-hjZQPoP0omFGCE60A","微信读书"
"成功就业","2026-08-26","招聘｜腾讯AI产品经理培训生2027校园招聘启动","https://mp.weixin.qq.com/s/2xZtvMO5QOO9H8ASYvokUQ","微信读书"
"成功就业","2026-08-26","招聘｜平安养老险2027校园招聘正式启动！","https://mp.weixin.qq.com/s/rMeKRbSP0wS244jBg4TQXw","微信读书"
"成功就业","2026-08-26","大创榜young丨一苇宇航：让卫星变成带翅膀的计算机","https://mp.weixin.qq.com/s/HHjXEFOyLr2lskJ770QaEQ","微信读书"
"成功就业","2026-08-25","招聘｜荣耀2027届全球校园招聘","https://mp.weixin.qq.com/s/B2ulLAr5MpUTap5BW8HDzA","微信读书"
"成功就业","2026-08-25","招聘｜平安银行北京分行2027届秋季校园招聘","https://mp.weixin.qq.com/s/py0JcftJoP-vhj6ParZemw","微信读书"
"成功就业","2026-08-25","招聘｜二〇八所2027届校园招聘&实习生招募正式启动","https://mp.weixin.qq.com/s/nfjBSuDSedsSO6P2N7dlZA","微信读书"
"成功就业","2026-08-25","招聘｜北京市事业单位公开招聘汇总（20260825）","https://mp.weixin.qq.com/s/2Gw0PSE9dOZLVO8ZBTEFNA","微信读书"
"成功就业","2026-08-25","【就业典型】病躯铸科研志，热血报家国心--北京理工大学刘泽昌","https://mp.weixin.qq.com/s/SZOtxwJDZvok8WQ14QPN5w","微信读书"
"成功就业","2026-08-24","招聘｜芯联集成2027届校园招聘正式启动","https://mp.weixin.qq.com/s/plnM6oQzZHPZKB25TSpa9g","微信读书"
"成功就业","2026-08-24","招聘｜小米2027届全球校园招聘正式启动","https://mp.weixin.qq.com/s/vg-IehfD0z6H19LgykBbNg","微信读书"
"成功就业","2026-08-24","招聘｜网易互联网2027届校园招聘正式启动！","https://mp.weixin.qq.com/s/UJudSK-S-BV1TwXVXgdk4Q","微信读书"
"成功就业","2026-08-24","招聘｜平安银行总行2027届秋季校园招聘","https://mp.weixin.qq.com/s/MggNLSzWj6dxo0FFxO7CnA","微信读书"
"成功就业","2026-08-24","招聘｜杰瑞集团2027届全球校园招聘正式启动","https://mp.weixin.qq.com/s/xFeIYUhxfMUGo8KqrBQNtg","微信读书"
"成功就业","2026-08-21","招聘｜Shopee2027届校园招聘正式启动","https://mp.weixin.qq.com/s/XM4LDAJ_LXTNh5_KwfUe3A","微信读书"
"成功就业","2026-08-21","招聘｜中国平安2027全球校园招聘正式启动","https://mp.weixin.qq.com/s/y-3ONrfDIT7_g7WcNMFFRA","微信读书"
"成功就业","2026-08-21","招聘｜完美世界2027秋季校园招聘正式启动","https://mp.weixin.qq.com/s/CIlQjN_xXHh7WCPxEqna4w","微信读书"
"成功就业","2026-08-21","招聘｜北京市延庆区教育委员会2026年第五批公开招聘教师公告","https://mp.weixin.qq.com/s/otrlWOLCbp1JTzfGiZMctA","微信读书"
"成功就业","2026-08-21","招聘｜北京市密云区卫生健康委员会关于2026年第二次公开招聘事业单位工作人员的公告","https://mp.weixin.qq.com/s/G4_0GdtPvzXRCFZGT5aLVA","微信读书"
"成功就业","2026-08-21","招聘｜安克创新2027届全球校园招聘","https://mp.weixin.qq.com/s/LHSBResKG1AdHbsVWo8r2w","微信读书"
"成功就业","2026-08-21","【政策资讯】创业政策每周汇(2026028)","https://mp.weixin.qq.com/s/sxsCELf9XnQcwfHAtB9ywg","微信读书"
"成功就业","2026-08-20","招聘｜中芯国际2027届校园招聘正式启动","https://mp.weixin.qq.com/s/LVepNBitqajw2bdIV6WKGw","微信读书"
"成功就业","2026-08-20","招聘｜中国东方2027年度校园招聘正式启动","https://mp.weixin.qq.com/s/sWl0TUn_MWiqwFalTdE86Q","微信读书"
"成功就业","2026-08-20","招聘｜比亚迪2027届全球校园招聘正式启动！","https://mp.weixin.qq.com/s/IPVYD3_G2PfLJdL0qrNe2A","微信读书"
"成功就业","2026-08-20","招聘｜北京联合大学2026年高层次人才引进（第二批）公告","https://mp.weixin.qq.com/s/A7C1Q45flfUQ-Jo5nHx8iw","微信读书"
"成功就业","2026-08-20","【就业典型】平凡岗位砺初心，网安新兵护航天--北京劳动保障职业学院刘润发","https://mp.weixin.qq.com/s/1z-swDBpISA3hYIrQNGEzA","微信读书"
"成功就业","2026-08-19","招聘｜首都医科大学附属北京儿童医院2026年公开招聘公告（第四批）","https://mp.weixin.qq.com/s/fILh5pWuJBPIEs6vI18SCQ","微信读书"
"成功就业","2026-08-19","招聘｜北京工业职业技术学院2026年度公开招聘公告","https://mp.weixin.qq.com/s/oKd6Btza8GnF1kwbqz7ULg","微信读书"
"成功就业","2026-08-19","大创榜young丨“量光晶彩”：让中国的钙钛矿量子点闪耀世界","https://mp.weixin.qq.com/s/L96-pBkqphnQbHI6M8ySdw","微信读书"
"成功就业","2026-08-18","招聘｜北京市事业单位公开招聘汇总（20260818）","https://mp.weixin.qq.com/s/GNKDzH2EunPbgyxms333gg","微信读书"
"成功就业","2026-08-18","【就业典型】青春扎根基础教育，数字谱写育人篇章--北京建筑大学王丽娜","https://mp.weixin.qq.com/s/FWM-TA07uu3qju-33h8-Mw","微信读书"
"成功就业","2026-08-17","招聘｜华为2027届应届生招聘启动","https://mp.weixin.qq.com/s/TIkdEWg2Amy91tqlt8QhgA","微信读书"
"成功就业","2026-08-17","招聘｜东风汽车研发总院2027届校园招聘全球招募正式启动！","https://mp.weixin.qq.com/s/i_KsLba5bftf-96QjUSyOA","微信读书"
"成功就业","2026-08-17","招聘｜电科博微/38所2027届校园招聘正式启动","https://mp.weixin.qq.com/s/3eMqiDqIqu-0N0tM8_T1xA","微信读书"
"成功就业","2026-08-17","招聘｜点点互动2027应届生校园招聘正式启动！","https://mp.weixin.qq.com/s/NAC5Qolk6XmIHZtFdSIQFw","微信读书"
"成功就业","2026-08-14","招聘｜中国平安2027全球校园招聘正式启动！","https://mp.weixin.qq.com/s/W2icUclAte0Hrf27zwMm0w","微信读书"
"成功就业","2026-08-14","招聘｜影石2027届秋季校园招聘","https://mp.weixin.qq.com/s/UnAkqHGuc8C3uJ0eR9aX2w","微信读书"
"成功就业","2026-08-14","招聘｜理想汽车2027校园招聘正式启动","https://mp.weixin.qq.com/s/Zza3DnF7-ZEPlbi1dVCItA","微信读书"
"成功就业","2026-08-14","招聘｜安永秋季应届毕业生招聘及审计寒假实习生招聘","https://mp.weixin.qq.com/s/MeYWmw_CnKY8BOXgck8y0g","微信读书"
"成功就业","2026-08-14","【政策资讯】创业政策每周汇(2026027)","https://mp.weixin.qq.com/s/GKIT_73MciKXlqAyElMIrQ","微信读书"
"成功就业","2026-08-13","招聘｜搜狐集团2026秋季AI人才专项计划启动！","https://mp.weixin.qq.com/s/OSaSace92EykcqmDIxrblA","微信读书"
"成功就业","2026-08-13","招聘｜去哪儿旅行2027届校园招聘正式启动！","https://mp.weixin.qq.com/s/y60wJVmDBlr4_GA0BrMAmg","微信读书"
"成功就业","2026-08-13","招聘｜哔哩哔哩2027届秋季校园招聘正式启动！","https://mp.weixin.qq.com/s/8PNaImDq89FDqN_ZQWUSGw","微信读书"
"成功就业","2026-08-13","海淀青年人才快看！青年人才工作居住证在海淀试点办理！","https://mp.weixin.qq.com/s/ij9cN4S4r_4Xpqntf4xRNg","微信读书"
"成功就业","2026-08-13","【就业典型】玉汝于成：国赛一等奖铸就职场“通行证”--北京科技职业大学张春熙","https://mp.weixin.qq.com/s/KLGBjPmkxBSeO385Goq_ZQ","微信读书"
"成功就业","2026-08-12","招聘｜腾讯2027校园招聘全球启动","https://mp.weixin.qq.com/s/96yF-kpR9S5lPD5vE2lC3w","微信读书"
"成功就业","2026-08-12","招聘｜蚂蚁集团2027届校园招聘正式启动","https://mp.weixin.qq.com/s/9Y95B15Tg6AUINuNeQ2jrQ","微信读书"
"成功就业","2026-08-12","招聘｜国家大剧院2026年度第二批公开招聘工作人员公告","https://mp.weixin.qq.com/s/zJQ0ga53-Z_SebGSieitww","微信读书"
"成功就业","2026-08-12","招聘｜北京市平谷区教委所属北京市平谷区农业中关村学校2026年第二批公开招聘教师公告","https://mp.weixin.qq.com/s/vCDe2aqZfBt8iqatyk17hQ","微信读书"
"成功就业","2026-08-12","招聘｜2026年北京市昌平区大学生乡村医生岗位公开招聘公告","https://mp.weixin.qq.com/s/a62UjZ9IqvwEbE_JpK2k3A","微信读书"
"成功就业","2026-08-12","大创榜young丨磁“域”智造——全球磁控4D打印技术的引领者","https://mp.weixin.qq.com/s/PT64W-1tVbnZB82dfZqwfg","微信读书"
"成功就业","2026-08-11","招聘｜迅雷2027校园招聘","https://mp.weixin.qq.com/s/Mr2CD9EBQzk7kyhrRMmisA","微信读书"
"成功就业","2026-08-11","招聘｜地平线2027届秋季校园招聘启动","https://mp.weixin.qq.com/s/FwReRsS7e5yUssikQED8pA","微信读书"
"成功就业","2026-08-11","招聘｜大兴区2026年大学生乡村医生岗位公开招聘公告","https://mp.weixin.qq.com/s/0TvcQR8C3F_vun_a0Io7Ag","微信读书"
"成功就业","2026-08-11","招聘｜北京雪迪龙科技股份有限公司2027届招聘正式启动","https://mp.weixin.qq.com/s/leRMIjxMWCaCx0keWjGybA","微信读书"
"成功就业","2026-08-11","预告｜“京彩助梦・成功就业”8月线上公益讲座预告","https://mp.weixin.qq.com/s/kdECQqrB-MO_VjY9SpQW0w","微信读书"
"成功就业","2026-08-11","【就业典型】星河为引 追星而行！丝绸之路“追光者”用AI对话宇宙--北京航空航天大学唐红梅","https://mp.weixin.qq.com/s/-cLkE4fbmBtSr1P408pkog","微信读书"
"成功就业","2026-08-10","招聘｜语言文字应用研究所2026年度公开招聘公告","https://mp.weixin.qq.com/s/0kmOLcrR0mo9KRLUiY9PMg","微信读书"
"成功就业","2026-08-10","招聘｜门头沟区卫生健康系统2026年下半年事业单位公开招聘卫生专业技术人员公告","https://mp.weixin.qq.com/s/ECnhz0quqZcl4z76vTNjGQ","微信读书"
"成功就业","2026-08-10","招聘｜高德地图2027届应届生招聘正式启动！","https://mp.weixin.qq.com/s/UnHJVZtZ_XMFz0xyFVMrUw","微信读书"
"成功就业","2026-08-10","招聘｜毕马威2027秋季校园招聘正式启动","https://mp.weixin.qq.com/s/Nxz1jjat7UQ9Yg8nBF_8ag","微信读书"
"成功就业","2026-08-10","招聘｜2026年丰台区卫生健康委直属事业单位第三批公开招聘医疗卫生专业工作人员公告","https://mp.weixin.qq.com/s/to9Z1q2IVMQ41ig2iD8iDQ","微信读书"
"成功就业","2026-08-07","招聘｜寒武纪2027届校园招聘正式启动","https://mp.weixin.qq.com/s/hXOXNdPTHz4BQAmmm8RPsQ","微信读书"
"成功就业","2026-08-07","招聘｜北京市事业单位公开招聘汇总（20260807）","https://mp.weixin.qq.com/s/Gsr1s6NxyEVmi3jb14Ys9w","微信读书"
"成功就业","2026-08-07","招聘｜2027 普华永道校园招聘正式开启","https://mp.weixin.qq.com/s/oxbT8eb3olBSl-agpBrWYA","微信读书"
"成功就业","2026-08-07","关于2026年度北京市第二次事业单位公开招聘工作人员统一考试的提示","https://mp.weixin.qq.com/s/ssxwDel6m2IXzhZTldw7oQ","微信读书"
"成功就业","2026-08-07","【政策资讯】创业政策每周汇(2026026)","https://mp.weixin.qq.com/s/xRDeBSs9p_gqh8zOSsDD-A","微信读书"
"成功就业","2026-08-06","招聘丨淘天集团2027届应届生招聘正式启动","https://mp.weixin.qq.com/s/76_WEQxM3c9PCFrTbSPz9Q","微信读书"
"成功就业","2026-08-06","招聘｜芯恩2027届校园招聘正式启动","https://mp.weixin.qq.com/s/fNZakiGC8WlRNNbnxFOvJA","微信读书"
"成功就业","2026-08-06","招聘｜联想集团2027秋招开启！（27届可投）","https://mp.weixin.qq.com/s/zbMj7XPGLRh7WW3kk3i_2w","微信读书"
"成功就业","2026-08-06","招聘｜4399游戏2027届秋招正式启动","https://mp.weixin.qq.com/s/J_WBMPzXfmynYFf52v0DQQ","微信读书"
"成功就业","2026-08-06","【就业典型】扎根沃土绽芳华 三产融合兴农路--北京农业职业学院丁杰歆","https://mp.weixin.qq.com/s/uD34x61JH4kUvoWTPTGNAw","微信读书"
"成功就业","2026-08-05","招聘｜中国电信天翼云2027届校园招聘全面启动！","https://mp.weixin.qq.com/s/ZmhnagJjpTKUSYZqo6MrjA","微信读书"
"成功就业","2026-08-05","招聘｜京东2027校园招聘全面启动！","https://mp.weixin.qq.com/s/ww-Zodbfho1z5q9gefqmfw","微信读书"
"成功就业","2026-08-05","招聘｜德勤2027校园招聘及寒假实习生招聘","https://mp.weixin.qq.com/s/yEC9KEhLYHbt1lHX6ftLfA","微信读书"
"成功就业","2026-08-05","招聘+实习｜宇石空间2027届校招&实习生计划正式启动","https://mp.weixin.qq.com/s/llmIxcKjmh1Elne0WXvs_w","微信读书"
"成功就业","2026-08-05","大创榜young丨氢晶动力：三年磨剑 今朝试霜","https://mp.weixin.qq.com/s/yE47sN9NKafn1A6w7l68RQ","微信读书"
"成功就业","2026-08-04","招聘｜字节跳动2027校园招聘正式启动！","https://mp.weixin.qq.com/s/sT_y3h6Verd1B69GtEexHQ","微信读书"
"成功就业","2026-08-04","招聘｜思勰投资2027校园招聘","https://mp.weixin.qq.com/s/h_ml_C0ilEwBt0W0midd4w","微信读书"
"成功就业","2026-08-04","招聘｜哔哩哔哩2027届秋季校园招聘正式启动！","https://mp.weixin.qq.com/s/ikgENk2vNSZ3RdKffZjXzw","微信读书"
"成功就业","2026-08-04","招聘｜北京市事业单位公开招聘汇总（20260804）","https://mp.weixin.qq.com/s/oYKHWuFj4t8rvST36AL_hw","微信读书"
"成功就业","2026-08-04","招聘｜2027届比亚迪博士校园招聘正式开始","https://mp.weixin.qq.com/s/sQdHUMsiTvHWHiOpMNLslQ","微信读书"
"成功就业","2026-08-04","【就业典型】青春向党，与时代同行--首都师范大学何国飞","https://mp.weixin.qq.com/s/6xNARAHmV1Xuq2HM28opbw","微信读书"
"成功就业","2026-08-03","正在登记中！全市14个区3300套房源面向新毕业大学生及青年人才专项配租","https://mp.weixin.qq.com/s/QWTWSGJtj1Bhqn2WrK1cxA","微信读书"
"成功就业","2026-08-03","招聘丨理想汽车2027届顶尖技术人才专项“理想+”计划全面启动","https://mp.weixin.qq.com/s/bTZmCdzfMM9X-cH57niDrQ","微信读书"
"成功就业","2026-08-03","招聘｜浪潮集团2027届校园招聘提前批正式启动！","https://mp.weixin.qq.com/s/hMjapB9-U4si-rZGJJsyTw","微信读书"
"成功就业","2026-08-03","招聘 | 中国黄金集团财务有限公司2026年度招聘公告","https://mp.weixin.qq.com/s/xPS8nTN_rXpsYD4HYezd1w","微信读书"
"成功就业","2026-08-03","预见大学 京彩未来——2026年全周期生涯教育实践夏令营燃动盛夏","https://mp.weixin.qq.com/s/Hj5llTcR7JYaa8APyYHKWw","微信读书"
"成功就业","2026-07-31","招聘｜北京市事业单位公开招聘汇总（20260731）","https://mp.weixin.qq.com/s/0pJ_RQXFXpCDyBh4OQjNDQ","微信读书"
"成功就业","2026-07-31","招聘 | Momenta | 2027届Mstar顶尖人才计划","https://mp.weixin.qq.com/s/kCjgqtcwMdimieVEkk6ffg","微信读书"
"成功就业","2026-07-31","招聘 | 中国资源循环集团塑料再生有限公司招聘公告","https://mp.weixin.qq.com/s/7r9RssqyUaN7jzNyqsmQuA","微信读书"
"成功就业","2026-07-31","招聘 | 软通动力2027届校园招聘火热进行中！","https://mp.weixin.qq.com/s/0rL7tiX7oGHYfanKiqRvxw","微信读书"
"成功就业","2026-07-31","【政策资讯】创业政策每周汇(2026025)","https://mp.weixin.qq.com/s/i3LNkYFeMN1YcWTkpWRjrQ","微信读书"
"成功就业","2026-07-30","招聘 | 中国融通集团2026届夏季校园招聘","https://mp.weixin.qq.com/s/0zggiPyydJVk9P8hA_6LTw","微信读书"
"成功就业","2026-07-30","招聘 | 迅雷 2027届提前批校招正式启动","https://mp.weixin.qq.com/s/LaT2Xtd3Nv8Ckx1Z3ghVtw","微信读书"
"成功就业","2026-07-30","【就业典型】从校园赛场到边疆创业，从个人突破到家国担当--北京工业大学耿丹学院李颖","https://mp.weixin.qq.com/s/KcFk99wR2PlLTgy9ZnB9kA","微信读书"
"成功就业","2026-07-30","“一张床、一间屋、一套房”，丰台区青年学子“免费+优惠”青年人才公寓开始申请啦","https://mp.weixin.qq.com/s/jPUyTfsIPE7mJ7l9vF6s4g","微信读书"
"成功就业","2026-07-29","招聘｜宇树科技2027届校园招聘正式启动","https://mp.weixin.qq.com/s/btBkeR6CQtc_O_rjExWJBA","微信读书"
"成功就业","2026-07-29","招聘 | OPPO | 2027届 O-Star 顶尖人才计划","https://mp.weixin.qq.com/s/uEgTZqhOKR98VprjVj3hIQ","微信读书"
"成功就业","2026-07-29","大创榜young丨智眠冠军—AI无感睡眠监测系统","https://mp.weixin.qq.com/s/MgS0Gtn95id7qVVNmW2-uA","微信读书"
"成功就业","2026-07-28","招聘丨腾讯音乐娱乐集团技术大咖校园招聘启动","https://mp.weixin.qq.com/s/5IRKklQFeLrhNliizXX_YA","微信读书"
"成功就业","2026-07-28","招聘丨科大讯飞2027届秋招星火夏令营正式启动","https://mp.weixin.qq.com/s/-XP_k-G_3u1oorsGbTp03A","微信读书"
"成功就业","2026-07-28","招聘｜首都医科大学人才引进公告（第一批）","https://mp.weixin.qq.com/s/ECjZ8ViAzovBVZWlqYm5Ww","微信读书"
"成功就业","2026-07-28","招聘 | 兵器工业集团2027届博士招聘提前批正式启动","https://mp.weixin.qq.com/s/OE9fV3opndvyPI0YR6FEqA","微信读书"
"成功就业","2026-07-28","【就业典型】基层起步 跨海远行——跨文化沟通中的青年力量--北京语言大学洪伟绮","https://mp.weixin.qq.com/s/RTiJ4ReIviJnmBfLbNJy-Q","微信读书"
"成功就业","2026-07-27","招聘丨阿里星顶尖人才计划火热进行中","https://mp.weixin.qq.com/s/dbN0N4qc4tVtchUKGJhXjg","微信读书"
"成功就业","2026-07-27","招聘｜北京航天试验技术研究所2026年所区开放日","https://mp.weixin.qq.com/s/iQEwMK4yrDxUntRum6yQbw","微信读书"
"成功就业","2026-07-27","招聘 | 中芯国际2026届校园招聘","https://mp.weixin.qq.com/s/Vx27agg0G4ZY92h5UomXZQ","微信读书"
"成功就业","2026-07-27","招聘 | 影石2027届秋季校园招聘启动","https://mp.weixin.qq.com/s/6exhFM5S-0vN3OSzyjAEpQ","微信读书"
"成功就业","2026-07-27","招聘 | 比亚迪2027届博士校园招聘","https://mp.weixin.qq.com/s/PGjNKcp6QCGb5jIu24Qo3A","微信读书"
"成功就业","2026-07-24","招聘｜中国一汽2026夏季校园招聘火热进行中","https://mp.weixin.qq.com/s/P1kCPECzRlZWOK_kVaaH3A","微信读书"
"成功就业","2026-07-24","招聘｜新凯来光学类岗位招聘","https://mp.weixin.qq.com/s/K7uwhQaS84wgAns52F3zRA","微信读书"
"成功就业","2026-07-24","招聘｜拼多多集团2027校园招聘提前批","https://mp.weixin.qq.com/s/foM-o3tsaFt6H9oLmTzIZA","微信读书"
"成功就业","2026-07-24","招聘｜北京市事业单位公开招聘汇总（20260724）","https://mp.weixin.qq.com/s/xjj6II6Y_MmCt1AumPfamA","微信读书"
"成功就业","2026-07-24","【政策资讯】创业政策每周汇(2026024)","https://mp.weixin.qq.com/s/C24hSCVmyBTuGF87JjEmdA","微信读书"
"成功就业","2026-07-23","招聘丨中国航天科技集团五院502所2027届校园招聘提前批正式启动","https://mp.weixin.qq.com/s/U-Nvlm9Oey0GRoMEF8h9Pw","微信读书"
"成功就业","2026-07-23","招聘丨智元2027届校园招聘","https://mp.weixin.qq.com/s/p9QOgsRecgZxAYQ1qH8xhQ","微信读书"
"成功就业","2026-07-23","招聘丨米哈游2027校园招聘技术提前批启动","https://mp.weixin.qq.com/s/tbyDEQG9-bS26YL7dUQXuw","微信读书"
"成功就业","2026-07-23","招聘｜中国科学院植物研究所科研和支撑岗位招聘启事","https://mp.weixin.qq.com/s/tWYglUwXEtK9GNxuyRqW_Q","微信读书"
"成功就业","2026-07-23","【就业典型】精研业务强本领 服务基层展风采--中国青年政治学院刘拓","https://mp.weixin.qq.com/s/C60XC4jV4QWihTUZ0zBhdA","微信读书"
"成功就业","2026-07-22","招聘｜普渡机器人27届校招&28届实习生项目","https://mp.weixin.qq.com/s/UUiA-MsMkAK7zGXISLwjrw","微信读书"
"成功就业","2026-07-22","招聘｜名创优品集团2026届春季校园招聘正式启动","https://mp.weixin.qq.com/s/XQ6H3cXQDi22ReFCoAX97g","微信读书"
"成功就业","2026-07-22","招聘｜北京市事业单位公开招聘汇总（20260722）","https://mp.weixin.qq.com/s/dLl8uNyJtPX6XaqQaodAKA","微信读书"
"成功就业","2026-07-22","实习｜蔚来2027届实习生招募正式启动","https://mp.weixin.qq.com/s/tcJHLahPBA4byTFLEhC0BA","微信读书"
"成功就业","2026-07-22","大创榜young丨智汇纤衣：开启智能运动新纪元","https://mp.weixin.qq.com/s/OEJXF_HcTMsc-VAKtX2hBQ","微信读书"
"成功就业","2026-07-21","招聘｜OPPO 2027届全球校园招聘启动","https://mp.weixin.qq.com/s/SYI7KXDyimLe2XVnCB1qkw","微信读书"
"成功就业","2026-07-21","招聘｜北京市体育局所属事业单位2026年下半年公开招聘教练员公告","https://mp.weixin.qq.com/s/a9y3Zikya90pDmKd0e2vNg","微信读书"
"成功就业","2026-07-21","招聘｜650个！科研助理岗位招聘信息来了","https://mp.weixin.qq.com/s/hbubZ0U9BcETcNlRMyMC9A","微信读书"
"成功就业","2026-07-21","招聘 | 新凯来机械类岗位招聘","https://mp.weixin.qq.com/s/bDTTaCygfPUG481HIhfXTQ","微信读书"
"成功就业","2026-07-21","苏州夏洽会本周五启幕！超100家优质企业等你来应聘","https://mp.weixin.qq.com/s/W6r4VbrhxP4blEFRvCcF7g","微信读书"
"成功就业","2026-07-21","【就业典型】毕业返乡展作为 扎根基层践初心--中国社会科学院大学李雯娟","https://mp.weixin.qq.com/s/2hEL1CuYu9z5Hi3KSuM7ng","微信读书"
"成功就业","2026-07-20","招聘丨中国地质调查局局属单位2026年度公开招聘工作人员公告（第三批）","https://mp.weixin.qq.com/s/eXQNx5NpAwIXnBS6P0mpoQ","微信读书"
"成功就业","2026-07-20","招聘丨国家邮政局所属在京单位2026年度公开招聘公告","https://mp.weixin.qq.com/s/7Dr9AUZQDHkHkaG6L4RiTw","微信读书"
"成功就业","2026-07-20","招聘｜航天科技集团五院遥感卫星总体部暑期实习招募全面启动","https://mp.weixin.qq.com/s/XFHPMb3kPMhNRPzC_n6_bA","微信读书"
"成功就业","2026-07-20","招聘｜北京市事业单位公开招聘汇总（20260720）","https://mp.weixin.qq.com/s/tYTpQZKWMOvEBqL9xe-2Zg","微信读书"
"成功就业","2026-07-20","锚定高质量，赋能“稳就业”——2026年北京高校大学生就业创业研究重点课题开题","https://mp.weixin.qq.com/s/KswE4S_f6QaAXbgaUeqFeA","微信读书"
"成功就业","2026-07-17","招聘丨中国科学院宁波材料所管理岗位诚聘优秀人才","https://mp.weixin.qq.com/s/XfPItdcyPqRSMVvO7oKGOg","微信读书"
"成功就业","2026-07-17","招聘丨京东2027TET管理培训生招募正式启动","https://mp.weixin.qq.com/s/4N2taB6D8SVHSfY5EZaE9w","微信读书"
"成功就业","2026-07-17","招聘｜北京市延庆区卫生健康委所属事业单位2026年公开招聘医学定向生公告","https://mp.weixin.qq.com/s/7SkAASjSV4sOAQez4iy_TA","微信读书"
"成功就业","2026-07-17","实习 | 2027届北方矿业实习生计划正式启动","https://mp.weixin.qq.com/s/A3wpkwBVb-TIDBQXo8zk2g","微信读书"
"成功就业","2026-07-17","【政策资讯】创业政策每周汇(2026023)","https://mp.weixin.qq.com/s/TL80IevgAS8dmvogGWikpg","微信读书"
"成功就业","2026-07-16","招聘｜国家邮政局所属在京单位2026年度公开招聘公告","https://mp.weixin.qq.com/s/b0vGYqQKg8XCvDmn26iiWg","微信读书"
"成功就业","2026-07-16","招聘｜北京市事业单位公开招聘汇总（20260716）","https://mp.weixin.qq.com/s/ZyvsCFiJQO0dOLiwZb1wnQ","微信读书"
"成功就业","2026-07-16","招聘｜百度2027管理培训生计划正式启动！","https://mp.weixin.qq.com/s/jv9tcZK-iOCvl8srFoS58g","微信读书"
"成功就业","2026-07-16","双选会日历丨秋序启新招，27届毕业生专场双选会安排发布","https://mp.weixin.qq.com/s/10QbdtPnKMmpasFA8_hoSA","微信读书"
"成功就业","2026-07-16","实习｜中建八局一公司实习生招募","https://mp.weixin.qq.com/s/ht_pkq33jmxhBXy0_lZTqA","微信读书"
"成功就业","2026-07-16","【就业典型】踔厉奋发 争做基层一线行家里手--中央民族大学何丽","https://mp.weixin.qq.com/s/Ke5qup7M8bCPBGMKAThjvw","微信读书"
"成功就业","2026-07-15","招聘丨一汽奔腾2026春季校园招聘等你来！","https://mp.weixin.qq.com/s/0hMxOOWWVQ2PmubTghyiHQ","微信读书"
"成功就业","2026-07-15","招聘｜中国网络安全审查认证和市场监管大数据中心2026年度公开招聘公告","https://mp.weixin.qq.com/s/w32ip0z5k2kX3PFb4LUK9A","微信读书"
"成功就业","2026-07-15","招聘｜中国水产科学研究院2026年度第三批统一公开招聘公告","https://mp.weixin.qq.com/s/_GAv1nqjq6kyqdvePo2Amw","微信读书"
"成功就业","2026-07-15","招聘 | 字节跳动 | 2027届校园招聘AI产品经理早鸟通道正式启动","https://mp.weixin.qq.com/s/WsTGzlEBFeFWOqbxQGGGgg","微信读书"
"成功就业","2026-07-15","大创榜young丨柔性八轮机器人敲开创业之门，京莞协同链接未来 北京交通大学博士生陈俊熙的创业实践与展望","https://mp.weixin.qq.com/s/wRmn5yPNVkIfKIlejqPKVA","微信读书"
"成功就业","2026-07-14","招聘｜RoboSense | 2027届全球校园招聘提前批","https://mp.weixin.qq.com/s/iV602aXYDNRt87OvZ2O-AA","微信读书"
"成功就业","2026-07-14","招聘｜中国中医科学院中医药数据中心2026年公开招聘国内高校应届毕业生（京外生源）公告（第二轮）","https://mp.weixin.qq.com/s/YGswDVa9l5Z81wW1Gjhi3A","微信读书"
"成功就业","2026-07-14","招聘｜中国电子信息产业发展研究院2026年度公开招聘高校毕业生简章","https://mp.weixin.qq.com/s/F8sVJXOBhcqSya4Nbe3i0A","微信读书"
"成功就业","2026-07-14","岗位直推｜7月13日-8月31日，北京工业大学2026年暑期就业实习网络双选会","https://mp.weixin.qq.com/s/p-WDDMEh3P0Th_IBbi-xkQ","微信读书"
"成功就业","2026-07-14","【就业典型】携笔从戎志 扎根基层情--中央财经大学卢泰祥","https://mp.weixin.qq.com/s/llqfrOu4WL6-tM_9e3D2Lg","微信读书"
"成功就业","2026-07-13","招聘｜优秀的初、高中语文教师，欢迎加入我们！","https://mp.weixin.qq.com/s/sFie5S16iB_CIdeZaI-duQ","微信读书"
"成功就业","2026-07-13","招聘｜航天智能院2027届校园招聘启动","https://mp.weixin.qq.com/s/HxALHNtNB6Egn_hSXKT8WA","微信读书"
"成功就业","2026-07-13","招聘｜北京市延庆区教育委员会2026年第四批公开招聘教师公告","https://mp.weixin.qq.com/s/VvZeOQ1SwYKxWSR5T5rB7Q","微信读书"
"成功就业","2026-07-13","招聘｜北京市事业单位公开招聘汇总（20260713）","https://mp.weixin.qq.com/s/CPzeSP--cgKwDWvYg9k4wQ","微信读书"
"成功就业","2026-07-13","招聘｜北方华创2027届校招提前批｜锁定你的“芯” offer","https://mp.weixin.qq.com/s/gZgDXlh2A4ddJnVuFCOgBQ","微信读书"
"成功就业","2026-07-13","实习｜360集团飞扬实习生岗位上新","https://mp.weixin.qq.com/s/yXugtKJbc6q92Qv2LdNF0A","微信读书"
"成功就业","2026-07-13","岗位直推｜四场线上双选会，覆盖多行业岗位","https://mp.weixin.qq.com/s/6sAcmqfXs9ax9Zlyh2YdBg","微信读书"
"成功就业","2026-07-10","招聘｜中国一汽2026夏季校园招聘","https://mp.weixin.qq.com/s/Wlk0q3OX5xP4aS7HGEldUw","微信读书"
"成功就业","2026-07-10","招聘｜拼多多集团2027届校招提前批启动！","https://mp.weixin.qq.com/s/DoXRyx6pWOs9i-Kj398f4A","微信读书"
"成功就业","2026-07-10","招聘｜北京体育大学2026年面向社会公开引进优秀人才公告","https://mp.weixin.qq.com/s/nS5OANK9TWu1ifmGvhQPBg","微信读书"
"成功就业","2026-07-10","招聘｜北京市事业单位公开招聘汇总（20260710）","https://mp.weixin.qq.com/s/8jh-sOD34CJ27EH9YNMy2g","微信读书"
"成功就业","2026-07-10","招聘｜北京第54中学招聘","https://mp.weixin.qq.com/s/rv4duGLaOxL5wyABUXcMVA","微信读书"
"成功就业","2026-07-10","京开协同再进一步：北京高校考察团赴重庆开州开展访企拓岗专项活动","https://mp.weixin.qq.com/s/cMwA5Yqx3wVm0aarPj3cbA","微信读书"
"成功就业","2026-07-10","【政策资讯】创业政策每周汇(2026022)","https://mp.weixin.qq.com/s/JedzOIX3kJoHqPrC8juesw","微信读书"
"成功就业","2026-07-09","招聘｜中国电信天翼云2027届超级优才招聘正式启动！","https://mp.weixin.qq.com/s/5xEKEHSXck3EH4qyMs2FaA","微信读书"
"成功就业","2026-07-09","招聘｜北京仲裁委员会2026-2027年度招聘启事","https://mp.weixin.qq.com/s/YUZSC-3Sl2gAcPQs6oxJ0w","微信读书"
"成功就业","2026-07-09","招聘｜北京市事业单位公开招聘汇总（20260709）","https://mp.weixin.qq.com/s/nOshIs64CwtJXFVUITpIpw","微信读书"
"成功就业","2026-07-09","招聘｜百度2027届校园招聘正式启动！","https://mp.weixin.qq.com/s/7dUVeBRmEsICVchDhK2kyQ","微信读书"
"成功就业","2026-07-09","实习｜理想汽车2027届实习生招聘","https://mp.weixin.qq.com/s/MtNDua9HW5oB5F-L3S_u5A","微信读书"
"成功就业","2026-07-09","【就业典型】扎根基层育桃李，跨界耕耘绽芳华--北京语言大学梁锦江","https://mp.weixin.qq.com/s/Y-5UvI3xnlK6l9tQO6oFXg","微信读书"
"成功就业","2026-06-16","招聘｜海淀9所中小幼急需岗位，快来看看~","https://mp.weixin.qq.com/s/DrCECaEquE9-YO86_9ZjCQ","微信读书"
"成功就业","2026-06-16","招聘｜北京市平谷区教育委员会所属事业单位2026年第二批公开招聘教师公告","https://mp.weixin.qq.com/s/_a0qPHkN6gHaOcgRaukclA","微信读书"
"成功就业","2026-06-16","实习｜五矿证券2027届“矿新星”暑期实习生招聘","https://mp.weixin.qq.com/s/tRDlwZH1WcH3rinZDmqagQ","微信读书"
"成功就业","2026-06-16","【就业典型】用爱与专业书写社会工作服务华章--北京农学院任晓旭","https://mp.weixin.qq.com/s/4w1sBsKN0JQBMcssJnkD6Q","微信读书"
"成功就业","2026-06-15","招聘｜电子工业出版社有限公司 2026年度公开招聘应届高校毕业生（第二批）公告","https://mp.weixin.qq.com/s/Wgs0gpfevln044hdA1A_nA","微信读书"
"成功就业","2026-06-15","招聘｜昌平区卫生健康委员会所属事业单位2026年第二批公开招聘事业单位工作人员公告","https://mp.weixin.qq.com/s/iwPJmAo2HZIJi7LUmILSNQ","微信读书"
"成功就业","2026-06-15","岗位直推｜6月24日下午，三场主题双选会同时举办","https://mp.weixin.qq.com/s/9wV-J9vDLOaD_zshdBNZxg","微信读书"
"成功就业","2026-06-14","“共创生涯教育新生态”普通高中校长研修班成功举办","https://mp.weixin.qq.com/s/B8Io63ki2_eTIViw0nuKfA","微信读书"
"成功就业","2026-06-12","招聘｜北京市事业单位公开招聘汇总（20260612）","https://mp.weixin.qq.com/s/6o5IHWUgfE2W4EwMTd2_DQ","微信读书"
"成功就业","2026-06-12","预告｜“京彩助梦 成功就业”6月线上公益讲座预告","https://mp.weixin.qq.com/s/upVp8BkZ3wVe09VJRbY0Og","微信读书"
"成功就业","2026-06-12","【政策资讯】创业政策每周汇(2026019)","https://mp.weixin.qq.com/s/zPnFtn3UtRbkIXHBTM2e5w","微信读书"
"成功就业","2026-06-12","“高校创新创业教育师资高级特训课程”培训班成功举办","https://mp.weixin.qq.com/s/d9bHFQGOsq6evyfm0h8-OQ","微信读书"
"成功就业","2026-06-11","招聘｜自然资源部所属单位2026年度公开招聘工作人员公告（第三批）","https://mp.weixin.qq.com/s/4wuSrne0fU-BZFawybpnGQ","微信读书"
"成功就业","2026-06-11","招聘｜应急管理部关于国家综合性消防救援队伍2026年度面向社会招录消防员的公告","https://mp.weixin.qq.com/s/g-MQmT6k6OOBZaigxEXmdQ","微信读书"
"成功就业","2026-06-11","招聘｜首都医科大学附属北京朝阳医院2026年度公开招聘公告（第三批）","https://mp.weixin.qq.com/s/535LQoGU9O-ZnM4GCpe2iA","微信读书"
"成功就业","2026-06-11","招聘｜世界剧院联盟2026年招聘启事","https://mp.weixin.qq.com/s/ETBQtX2hSFjlsZnkfSrGIw","微信读书"
"成功就业","2026-06-11","招聘｜北京市职业病防治院公开招聘2026年出站博士后人员公告","https://mp.weixin.qq.com/s/5zPrLwey0s4yWXlJQhWjMQ","微信读书"
"成功就业","2026-06-11","岗位直推｜6月24日下午，三场主题双选会同时举办","https://mp.weixin.qq.com/s/8mDIP6V7CqFT9Rbcqwunhw","微信读书"
"成功就业","2026-06-11","【就业典型】从首都到边疆：一名优秀毕业生的基层选择与坚守--北京农学院薛喜娟","https://mp.weixin.qq.com/s/uQK4_F2JqQZhYm-YL9alOA","微信读书"
"成功就业","2026-06-10","招聘｜国际关系学院学生处合同制工作人员招聘启事","https://mp.weixin.qq.com/s/5_TsX0_z20WXIBh77HeJqQ","微信读书"
"成功就业","2026-06-10","招聘｜北京市事业单位公开招聘汇总（20260610）","https://mp.weixin.qq.com/s/wArIS0A6CVVuzVyC_LDImg","微信读书"
"成功就业","2026-06-10","招聘｜北京市部分事业单位定向招聘2026年合同期满乡村振兴协理员公告","https://mp.weixin.qq.com/s/sibfzaQec0mTMLlqaQSqig","微信读书"
"成功就业","2026-06-10","招聘 | 中国银河证券2027届暑期实习项目正式启动","https://mp.weixin.qq.com/s/C_LUPV3Cs69YDkj8dIY2MQ","微信读书"
"成功就业","2026-06-10","实习 | 大众汽车金融服务（中国）2026实习生项目正式启动!","https://mp.weixin.qq.com/s/Duf0-Kl76518KKX_lW_RMg","微信读书"
"成功就业","2026-06-10","大创榜young丨空港净翼先锋——机场清洁驱鸟机器人","https://mp.weixin.qq.com/s/sFvSS8v06YXI3hU5So0p0w","微信读书"
"成功就业","2026-06-09","招聘丨北京市朝阳区“展翼未来 才子朝阳——灯塔计划”正式启动","https://mp.weixin.qq.com/s/U9aK2nXF3M0cNk9x6YKU4g","微信读书"
"成功就业","2026-06-09","招聘｜北京经济技术开发区2026年教育领域第二批公开招聘事业单位工作人员公告","https://mp.weixin.qq.com/s/pecq56X9C1o9Iu2eiwkW_Q","微信读书"
"成功就业","2026-06-09","招聘｜北京海关所属事业单位2026年度公开招聘公告","https://mp.weixin.qq.com/s/7dqiD6B5ZOKqKN5LncM5hA","微信读书"
"成功就业","2026-06-09","展位安排｜6月10日下午，电商行业专场、海淀区专场、京津冀就业实习专场同期举办","https://mp.weixin.qq.com/s/Y8S9u0Ah5Q5hSjBKka-WSg","微信读书"
"成功就业","2026-06-09","实习丨兴业银行2026年暑期实习生招聘正式启动！","https://mp.weixin.qq.com/s/_aAjrXLC3N3Lg9lfT6kV3Q","微信读书"
"成功就业","2026-06-09","【就业典型】扎根基层践初心 砥砺担当务实功--中央财经大学任淑琪","https://mp.weixin.qq.com/s/F2AaYiUGF5_REP-kNOxBmQ","微信读书"
"成功就业","2026-06-08","招聘｜美团2027届北斗计划全球启动","https://mp.weixin.qq.com/s/bSbGX1KI6CwbZAdRvQmdPw","微信读书"
"成功就业","2026-06-08","招聘｜北京市海淀区卫生健康委所属事业单位2026年公开招聘医学定向生公告","https://mp.weixin.qq.com/s/h4_2ZPMGKSLZaFWWXkYp2A","微信读书"
"成功就业","2026-06-08","招聘｜北京市八一学校附属玉泉中学教师招聘","https://mp.weixin.qq.com/s/SSBD219lS-DPG0Vv_rE05g","微信读书"
"成功就业","2026-06-08","实习｜中国工商银行2026年星令营暑期实习正式启动","https://mp.weixin.qq.com/s/VCHh0nnawYe_DVY6CcogjA","微信读书"
"成功就业","2026-06-08","实习 | 中国建设银行2026年度暑期实习生项目进行时，“职”等你来","https://mp.weixin.qq.com/s/sNxXf-E18dfTMcMotIXCFg","微信读书"
"成功就业","2026-06-08","岗位直推｜6月1日-8月31日，两场网络双选会","https://mp.weixin.qq.com/s/JcneaEoHkn8B-17RJeavUA","微信读书"
"成功就业","2026-06-08","岗位直推｜6月10日下午，电商行业专场、京津冀就业实习专场同期举办","https://mp.weixin.qq.com/s/S6HKX1JpDUwyBUnsTn7yZg","微信读书"
"成功就业","2026-06-08","304套房源！北京这个区面向毕业大学生专项配租","https://mp.weixin.qq.com/s/Z3T5QgNbACRFcakgZX81Cg","微信读书"
"成功就业","2026-06-06","培训通知｜高校创新创业教育师资高级特训课程培训班","https://mp.weixin.qq.com/s/x0BH0kdQVIOWjXzaat-1Fw","微信读书"
"成功就业","2026-06-05","招聘｜中国铁建公开招聘公告","https://mp.weixin.qq.com/s/2AcwcnO-gmCjfbh4jmWyBw","微信读书"
"成功就业","2026-06-05","招聘｜中国热带农业科学院院属单位2026年第二批公开招聘工作人员公告","https://mp.weixin.qq.com/s/zMt_oX6eCHfgypk-pdyEcw","微信读书"
"成功就业","2026-06-05","招聘｜北京十一学校丰台中学诚邀教育合伙人","https://mp.weixin.qq.com/s/0cyNzVPme7c3bnRpp9r5KQ","微信读书"
"成功就业","2026-06-05","招聘 | 中国航天科技集团第一研究院2027届校园招聘提前批启动","https://mp.weixin.qq.com/s/e2BOj0D83DMZkbWlnkb9aQ","微信读书"
"成功就业","2026-06-05","【政策资讯】创业政策每周汇(2026018)","https://mp.weixin.qq.com/s/fWRsMeqxP1SO4nZrMb4TqA","微信读书"
"成功就业","2026-06-04","招聘｜中船集团第七一六研究所2026届校园招聘","https://mp.weixin.qq.com/s/dlkyREaJgJsBXoNozmkzEA","微信读书"
"成功就业","2026-06-04","招聘｜北京市事业单位公开招聘汇总（20260604）","https://mp.weixin.qq.com/s/iL32Q2ZQygxmErXsVlPRiw","微信读书"
"成功就业","2026-06-04","实习｜长鑫存储2027校招提前批正式启动！","https://mp.weixin.qq.com/s/gXzmewH7BfeRJqo45MG6_A","微信读书"
"成功就业","2026-06-04","你了解就业见习吗？知识帖请收好","https://mp.weixin.qq.com/s/CZp4CrQOl85vr28RjQPuOw","微信读书"
"成功就业","2026-06-04","6月11日“京彩生涯”咨询｜一对一职业生涯规划，邀请北京地区高校在校生报名预约！","https://mp.weixin.qq.com/s/bQc-_YK7hmgnnyUBa2hcpA","微信读书"
"成功就业","2026-06-04","2026年北京高校职业规划与就业指导骨干师资培训班开班","https://mp.weixin.qq.com/s/6XlIv9LZ1aeUTdpSMDFrmQ","微信读书"
"成功就业","2026-06-04","【就业典型】青春不畏东西，岁月自成韶华--北京石油化工学院沈志文","https://mp.weixin.qq.com/s/3pMZps1puMheh-taIRyhHw","微信读书"
"成功就业","2026-06-03","政策丨吸纳高校毕业生，企业可享这些优惠政策","https://mp.weixin.qq.com/s/GafKwR0dqeWZIy30qcxVug","微信读书"
"成功就业","2026-06-03","政策丨促进高校毕业生等青年就业创业，利好政策一图看懂→","https://mp.weixin.qq.com/s/gccIIU9V5K7Ke4HTVr3G8A","微信读书"
"成功就业","2026-06-03","招聘丨中国信息通信研究院2026暑期实习生招聘","https://mp.weixin.qq.com/s/M7vXyGdwdno7MLLfXhGXcQ","微信读书"
"成功就业","2026-06-03","招聘丨门头沟区教育系统事业单位2026年第二次公开招聘教师公告","https://mp.weixin.qq.com/s/of0zoBTL260FW1Tm-hSvpw","微信读书"
"成功就业","2026-06-03","首批100个项目！北京启动“大学生持证行动”","https://mp.weixin.qq.com/s/b-uJVUnIDW2WSQ1c3JQKzw","微信读书"
"成功就业","2026-06-03","实习丨锐捷网络2027届暑期实习生招聘正式启动","https://mp.weixin.qq.com/s/jzpDcN-iGoUH3NLDdTtHAA","微信读书"
"成功就业","2026-06-03","大创榜young丨矿山智核：矿山智能监控预警系统领跑者","https://mp.weixin.qq.com/s/MtZPqLJBvMrfi3hqN-Ldzw","微信读书"
"成功就业","2026-06-03","朝阳区577套房源面向毕业生专项配租","https://mp.weixin.qq.com/s/F7lo-R8myrpObMj4vbxD-w","微信读书"
"成功就业","2026-06-02","租房小伙伴看过来，擦亮眼睛，谨防“黑中介”套路","https://mp.weixin.qq.com/s/eAlXDhsvuVrxQlyugkA8CA","微信读书"
"成功就业","2026-06-02","招聘｜中国人民大学附属中学翠微学校2026招聘","https://mp.weixin.qq.com/s/xf3z4KFPxGAoxGPbZbxbAA","微信读书"
"成功就业","2026-06-02","招聘｜中广核聚核体验营暨2027届提前批专场校园招聘正式启动！","https://mp.weixin.qq.com/s/M_gfOwFwHpa7pZSHoiCEWQ","微信读书"
"成功就业","2026-06-02","招聘｜首都医科大学附属北京积水潭医院2026年公开招聘公告（第三批）","https://mp.weixin.qq.com/s/4Fwe2Qee-NqkKDgoTtFVwA","微信读书"
"成功就业","2026-06-02","招聘｜京东健康新锐之星春招补录","https://mp.weixin.qq.com/s/UCZjsB6cgd4W73ia--nPEA","微信读书"
"成功就业","2026-06-02","首批8万余套（间）房源专供毕业生 2026年北京毕业季租房服务进校园活动启动","https://mp.weixin.qq.com/s/gvPAuxUGJLf__7W2SUxPnw","微信读书"
"成功就业","2026-06-02","警惕！租房“黑中介”涉嫌刑事犯罪！","https://mp.weixin.qq.com/s/DUHFTmqDlfClKs8ltEDKQg","微信读书"
"成功就业","2026-06-02","【就业典型】金融学子的“三农”报国路--北京物资学院马秋磊","https://mp.weixin.qq.com/s/zk8l7JmfRyBLMIT8oqi_Ew","微信读书"
"成功就业","2026-06-01","招聘｜李宁集团2026宁锐星校园招聘正式启动","https://mp.weixin.qq.com/s/8cTU-rXVlBCojtwC3XyBpA","微信读书"
"成功就业","2026-06-01","招聘｜海淀教委近期事业单位招聘信息汇总（6月1日）","https://mp.weixin.qq.com/s/eFrefpd9oVX_uB3PVaslWA","微信读书"
"成功就业","2026-06-01","招聘｜海淀多所中学博士研究生教师招募，快来看看~","https://mp.weixin.qq.com/s/PAw42shFuMo33YuYJJmc9g","微信读书"
"成功就业","2026-06-01","培训通知｜高校创新创业教育师资高级特训课程培训班","https://mp.weixin.qq.com/s/bR2MazXjst-rGqgvXi7iAg","微信读书"
"成功就业","2026-06-01","岗位直推｜6月1日-8月31日，两场网络双选会同步上线","https://mp.weixin.qq.com/s/AsU93wkKj3dWu9t_9piaFQ","微信读书"
"成功就业","2026-06-01","6月4日“京彩生涯”咨询｜一对一职业生涯规划，邀请北京地区高校在校生报名预约！","https://mp.weixin.qq.com/s/XZYHrt8OMeAuTijxVD70LA","微信读书"
"成功就业","2026-05-29","招聘｜中国融通集团部分管理人员岗位公开招聘","https://mp.weixin.qq.com/s/ARQEx_NkhgtRRlGHwifa6g","微信读书"
"成功就业","2026-05-29","招聘｜北京市事业单位公开招聘汇总（20260529）","https://mp.weixin.qq.com/s/tkcFVo6iRlU7LgTCd8soWQ","微信读书"
"成功就业","2026-05-29","招聘 | 中国一汽2026春季校招岗位合集","https://mp.weixin.qq.com/s/wqboJIFmn_dpJ73KHVLa9Q","微信读书"
"成功就业","2026-05-29","全国高校生涯教育与就业指导骨干教师综合能力提升高级研修班圆满举办","https://mp.weixin.qq.com/s/O_b-dviBTv2PRZ086_Kkvw","微信读书"
"成功就业","2026-05-29","岗位直推｜6月10日下午，电商行业专场、京津冀就业实习专场同期举办","https://mp.weixin.qq.com/s/3hCp6Z8aadVDuVojed2TWQ","微信读书"
"成功就业","2026-05-29","【政策资讯】创业政策每周汇(2026017)","https://mp.weixin.qq.com/s/3fgsLJVkpBXBSP93Q8VSHw","微信读书"
"成功就业","2026-05-28","招聘丨北京理工大学2026年第二批事业编制相关岗位招聘启事","https://mp.weixin.qq.com/s/3-2MZ53ob_TI673TgJOL9Q","微信读书"
"成功就业","2026-05-28","招聘｜北京中医药大学2026年公开招聘启事（四）","https://mp.weixin.qq.com/s/ADywfhTLvZSiBK98SUIzSg","微信读书"
"成功就业","2026-05-28","招聘｜北京市事业单位公开招聘汇总（20260528）","https://mp.weixin.qq.com/s/Z5iJI6V9AOP71LrE2qt9IA","微信读书"
"成功就业","2026-05-28","招聘｜北京教育学院2026年博士后研究人员招收公告","https://mp.weixin.qq.com/s/7YgNgZM414mBB0hzFdJC3A","微信读书"
"成功就业","2026-05-28","招聘｜北京稻香村2026年校园招聘","https://mp.weixin.qq.com/s/ZSxNq08H3NZaxn9FHw0V_w","微信读书"
"成功就业","2026-05-28","实习｜北京移动2026年“育英计划”实习生招募正式开启","https://mp.weixin.qq.com/s/7x3U31RRWLQ5_zza0RjVPw","微信读书"
"成功就业","2026-05-28","【就业典型】扎根基层展担当 青春奋进谱华章--北京航空航天大学张本霄","https://mp.weixin.qq.com/s/aXX55ZQaAb0dX_pENYLhSg","微信读书"
"成功就业","2026-05-27","招聘｜蒙牛26校招，这些春招岗位还在等你","https://mp.weixin.qq.com/s/40mWaS-d0--eg14mIdmCYg","微信读书"
"成功就业","2026-05-27","招聘｜航天科工集团科技保障中心有限公司2026年招聘启事","https://mp.weixin.qq.com/s/p79Ft4XUsidcvHTsG1kAyw","微信读书"
"成功就业","2026-05-27","招聘｜大众汽车集团（中国）2026届春招正式启动","https://mp.weixin.qq.com/s/K3WXPSbm-2fw8bTiMsOLWg","微信读书"
"成功就业","2026-05-27","招聘｜安踏集团2026年暑期实习生招聘启动","https://mp.weixin.qq.com/s/dPcpIwQ-F1z3uDjL2dQuYA","微信读书"
"成功就业","2026-05-27","招聘 | 中国兵器工业计算机应用技术研究所招聘","https://mp.weixin.qq.com/s/RfXj1ZrdQz8-e_PjC1FQjQ","微信读书"
"成功就业","2026-05-27","双选会预告｜六月毕业季，求职正当时","https://mp.weixin.qq.com/s/DUtGUaVWxSArjcs6ZGJOOw","微信读书"
"成功就业","2026-05-26","招聘｜中国石化2026年度高校毕业生春季招聘来啦","https://mp.weixin.qq.com/s/xSr2wil431aawYfmm_R4tw","微信读书"
"成功就业","2026-05-26","招聘｜中国建科2026届春季校园招聘正式启动","https://mp.weixin.qq.com/s/pgIuP43Ybha8V1vpZXHsjA","微信读书"
"成功就业","2026-05-26","招聘｜中国航空结算有限责任公司2026年博士后招收公告","https://mp.weixin.qq.com/s/rgE_zZ-1o72PTcsabEaZrQ","微信读书"
"成功就业","2026-05-26","招聘｜生态环境部环境与经济政策研究中心2026年度面向社会公开招聘工作人员公告","https://mp.weixin.qq.com/s/m1oS4_Eo67SZlJrCcKsW4g","微信读书"
"成功就业","2026-05-26","展位安排｜5月28日下午，智汇开州 京彩同行-重庆市开州区赴京招才引智专场双选会","https://mp.weixin.qq.com/s/oH8A5xqnjNNgxsKptejqsw","微信读书"
"成功就业","2026-05-26","毕业生参会指南-北京地区高校毕业生双选会","https://mp.weixin.qq.com/s/H1s1tHab-MCztfoGrZW8Jw","微信读书"
"成功就业","2026-05-25","招聘｜北京市规划和自然资源委员会所属事业单位2026年公开招聘工作人员公告","https://mp.weixin.qq.com/s/0vXCUyJHi8g-98C1YTGzdg","微信读书"
"成功就业","2026-05-25","招聘｜北京农学院面向社会公开招聘经济管理学院院长公告","https://mp.weixin.qq.com/s/jzTQCQuWmcXcrEELH4BDag","微信读书"
"成功就业","2026-05-25","展位安排｜5月28日下午，智汇开州 京彩同行-开州区赴京招才引智专场双选会","https://mp.weixin.qq.com/s/pwb9lPnJq-G1C7pAsmXkSQ","微信读书"
"成功就业","2026-05-25","展位安排｜5月28日下午，三场主题双选会同期举办","https://mp.weixin.qq.com/s/7kjkYTgEWZz4Sq4pq3RKYA","微信读书"
"成功就业","2026-05-22","招聘｜中国移动2026梦想+实习生计划","https://mp.weixin.qq.com/s/TU7DB_cMa7mi0qdrgyyfaQ","微信读书"
"成功就业","2026-05-22","招聘｜北京市事业单位公开招聘汇总（20260522）","https://mp.weixin.qq.com/s/zZNYK_c0KS7oQ4M3n96AOg","微信读书"
"成功就业","2026-05-22","教育部、财政部：2026年全国计划招聘特岗教师8594名","https://mp.weixin.qq.com/s/IgbO7SpTlsTzeUE3zpQpfA","微信读书"
"成功就业","2026-05-22","岗位直推｜5月28日下午【综合专场2】【京津冀就业实习专场2】同期举办","https://mp.weixin.qq.com/s/hl8FF_7faw5XOad9EBtpGg","微信读书"
"成功就业","2026-05-22","【政策资讯】创业政策每周汇(2026016)","https://mp.weixin.qq.com/s/xJvLr5b2cF2GQpVSTn8J4w","微信读书"
"成功就业","2026-05-21","招聘｜中国星网2026年度校园招聘","https://mp.weixin.qq.com/s/SZUdkxm18rNRyk_FBs7hSA","微信读书"
"成功就业","2026-05-21","招聘｜海信集团2026年度实习生招聘","https://mp.weixin.qq.com/s/_dGa9dnAlWi_qVBO1atfIA","微信读书"
"成功就业","2026-05-21","招聘｜北京市事业单位公开招聘汇总（20260521）","https://mp.weixin.qq.com/s/DX9vVKQd62STGADNQsDOEg","微信读书"
"成功就业","2026-05-21","警惕“招转培”“培训贷”！5部门联合发布风险提示","https://mp.weixin.qq.com/s/t1_XNPrpxOFX-hZPTX8nEQ","微信读书"
"成功就业","2026-05-21","365套房源！北京这个区面向毕业大学生专项配租","https://mp.weixin.qq.com/s/3bRKs4UBwX1Gk6Vr67eWcA","微信读书"
"成功就业","2026-05-21","【就业典型】扎根基层，服务民生，践行初心使命--中央民族大学杜小刚","https://mp.weixin.qq.com/s/jkke-XcZMy2se_i4kN4pHw","微信读书"
"成功就业","2026-05-20","招聘｜中国物流集团总部2026年公开招聘","https://mp.weixin.qq.com/s/7N-pGUZ7gyj69Tk6TjGTdg","微信读书"
"成功就业","2026-05-20","招聘｜中国绿发2026届春季校园招聘","https://mp.weixin.qq.com/s/yo_NMZlNgRjQd66foG7i4g","微信读书"
"成功就业","2026-05-20","招聘｜中国建研院2026春季校园招聘启动","https://mp.weixin.qq.com/s/0NReCq_txgm4xaBkRJ9qFg","微信读书"
"成功就业","2026-05-20","实习 | 腾讯音乐2026年实习生招聘","https://mp.weixin.qq.com/s/HcK3yEjaWC-KJttyhHZPfQ","微信读书"
"成功就业","2026-05-20","培训通知｜2026年北京高校职业规划与就业指导骨干师资培训班","https://mp.weixin.qq.com/s/S81qefE1wC7YGwLH98NEfQ","微信读书"
"成功就业","2026-05-20","5月28日“京彩生涯”咨询｜一对一职业生涯规划，邀请北京地区高校在校生报名预约！","https://mp.weixin.qq.com/s/AZfNDnGxuZFl1Xa6XXK1NQ","微信读书"
"成功就业","2026-05-19","招聘｜宇树科技2027届校园招聘","https://mp.weixin.qq.com/s/XMabpL3FWQSryFMILSVJrg","微信读书"
"成功就业","2026-05-19","招聘｜海淀教委近期事业单位招聘信息汇总（5月19日）","https://mp.weixin.qq.com/s/GBl8Mt_bkVWYmlT96OuWIw","微信读书"
"成功就业","2026-05-19","招聘｜海淀5所中学急需岗位，快来看看~","https://mp.weixin.qq.com/s/4oKe5dx26IpvdGxiiWx5aQ","微信读书"
"成功就业","2026-05-19","招聘｜动物模型国家技术创新中心诚聘数据库工程师","https://mp.weixin.qq.com/s/GX6HslCbPuy-WsXa6F4jRA","微信读书"
"成功就业","2026-05-19","招聘｜北京市事业单位公开招聘汇总（20260519）","https://mp.weixin.qq.com/s/QoB50jtWm_lJ-PlVpBDS4g","微信读书"
"成功就业","2026-05-19","招聘｜北京市东城区教育委员会所属事业单位2026年第二批公开招聘公告","https://mp.weixin.qq.com/s/lsm7lEaE1U62g1aMuCfuKA","微信读书"
"成功就业","2026-05-19","高效选招聘、避陷阱，稳稳拿下好offer","https://mp.weixin.qq.com/s/a2sYnKQIWeFTePu3faNmLA","微信读书"
"成功就业","2026-05-19","【就业典型】北航硕士投身大漠，以“光电”之笔书写“沙海”新篇--北京航空航天大学张婉莹","https://mp.weixin.qq.com/s/oiJpinjfaNp-B_uvwTnNZA","微信读书"
"成功就业","2026-05-18","招聘｜海信集团2026春季校园招聘","https://mp.weixin.qq.com/s/c4A5w6CtiK6DjM5e2Mkngg","微信读书"
"成功就业","2026-05-18","招聘｜北京市事业单位公开招聘汇总（20260518）","https://mp.weixin.qq.com/s/5UmzAJL6R6Op55wV-ERJaA","微信读书"
"成功就业","2026-05-18","招聘 | “向美好生活奔腾” 一汽奔腾2026春季校园招聘等你来","https://mp.weixin.qq.com/s/p5cnv5pevFctxvg1su3nfw","微信读书"
"成功就业","2026-05-18","实习 | 小鹏集团2027届暑期实习生计划正式启动","https://mp.weixin.qq.com/s/p2LKciV9K3J7wd_5LsrNLA","微信读书"
"成功就业","2026-05-18","培训通知｜全国高校生涯教育与就业指导骨干教师综合能力提升高级研修班","https://mp.weixin.qq.com/s/Z2lUiIh_M5PJoy5cr2cGFg","微信读书"
"成功就业","2026-05-18","培训通知｜高校创新创业教育师资高级特训课程培训班","https://mp.weixin.qq.com/s/8bz2U7TjdWUb60pjqtoVNg","微信读书"
"成功就业","2026-05-18","岗位直推｜5月18日-22日，北京科技职业大学2026届毕业生春季网络双选会（二）","https://mp.weixin.qq.com/s/g8ILUi2k09EbbmCFLt0bAw","微信读书"
"成功就业","2026-05-18","第五届“京彩大创”主赛道报名收官 报名团队数首次过万 参赛热潮再创新高","https://mp.weixin.qq.com/s/yWJSZ40GMXnKdqt6Rdic6g","微信读书"
"成功就业","2026-05-15","招聘｜国务院国资委委属事业单位2026年度公开招聘公告","https://mp.weixin.qq.com/s/g0VSJI9fTC0DRXp0lU_q7w","微信读书"
"成功就业","2026-05-15","招聘｜大兴区教委所属事业单位招聘教师","https://mp.weixin.qq.com/s/Ge49XGAM7can0Ho3gqPqfg","微信读书"
"成功就业","2026-05-15","以训促学强本领  规范管理提质效——2026年北京地区高校学籍学历管理工作培训会圆满完成","https://mp.weixin.qq.com/s/S7J0235Lzh0cBQsA2oUpsg","微信读书"
"成功就业","2026-05-15","京渝携手拓岗引才 双城联动赋能发展——北京高校访企拓岗考察团赴重庆市长寿区、万州区调研","https://mp.weixin.qq.com/s/d5LB6VBS-5lRBr9OEp98KQ","微信读书"
"成功就业","2026-05-15","1443套！丰台区面向毕业大学生专项配租","https://mp.weixin.qq.com/s/QQ-7OnZ1KCe0rjJFvn3POg","微信读书"
"成功就业","2026-05-15","【政策资讯】创业政策每周汇(2026015)","https://mp.weixin.qq.com/s/bB1tt-YddALckP78CxHf1A","微信读书"
"成功就业","2026-05-14","招聘丨中国机械科学研究总院集团有限公司2026届春季校园招聘","https://mp.weixin.qq.com/s/uEFOoNiHT14aQ9YW7BNc6w","微信读书"
"成功就业","2026-05-14","招聘 | 中国地质调查局自然资源综合调查指挥中心2026年度博士后研究人员招收公告","https://mp.weixin.qq.com/s/tYKHVy1oEGfTK8QoyXrvhw","微信读书"
"成功就业","2026-05-13","招聘丨中建一局集团建设发展有限公司2026届春招暨“顶尖生”计划正式启动","https://mp.weixin.qq.com/s/nJfBMuaxTijKPSMmz5AOPA","微信读书"
"成功就业","2026-05-13","招聘丨呼伦贝尔市2026年北京高校引才专场招聘会  邀你共赴草原之约","https://mp.weixin.qq.com/s/XeRGCK0GvRgDU1l8a0tAfQ","微信读书"
"成功就业","2026-05-13","招聘丨国家图书馆2026年度公开招聘应届毕业生公告","https://mp.weixin.qq.com/s/IlAvWt7yId1Vs8t659queQ","微信读书"
"成功就业","2026-05-13","招聘｜海淀教委近期事业单位招聘信息汇总（5月13日）","https://mp.weixin.qq.com/s/_9y-Zxso5nZFTFdJMkQPzg","微信读书"
"成功就业","2026-05-13","招聘 | 李宁集团2026宁聚星校园招聘正式启动","https://mp.weixin.qq.com/s/sVf93WjlrhIrlolRGSatKQ","微信读书"
"成功就业","2026-05-13","实习 | 华为2027届销售类实习生招聘火热进行中","https://mp.weixin.qq.com/s/HrzkMWrBUB-n1RRgYBrq9g","微信读书"
"成功就业","2026-05-13","210套！北京这个区面向毕业大学生专项配租","https://mp.weixin.qq.com/s/p9XVEVVEPfmsFMJ-6x-BNw","微信读书"
"成功就业","2026-05-12","招聘｜懂车帝AI青年招聘专项启动","https://mp.weixin.qq.com/s/oPC9TuQLJMc0tNEUwqem4w","微信读书"
"成功就业","2026-05-12","招聘｜北京体育大学2026年公开招聘公告","https://mp.weixin.qq.com/s/_KoDXyZDYPMUge8NfReW6A","微信读书"
"成功就业","2026-05-12","招聘 | 通付盾2026春季校园招聘","https://mp.weixin.qq.com/s/eAuCHxNO_vFXH5Qz3JR-aA","微信读书"
"成功就业","2026-05-12","招聘 | 科大讯飞2026届校园招聘","https://mp.weixin.qq.com/s/0Ie5eD4H2RMcMxZR8JQJhw","微信读书"
"成功就业","2026-05-12","大二黄金期｜三步找准成长赛道，你的未来正在发光","https://mp.weixin.qq.com/s/U29-q092yjdlL7TxKXBDEA","微信读书"
"成功就业","2026-05-12","【就业典型】平凡岗位 不凡坚守--北京财贸职业学院郭晓轩","https://mp.weixin.qq.com/s/Jvh4O6fpK89uIiON2vErvg","微信读书"
"成功就业","2026-05-11","招聘｜石景山区教育系统事业单位2026年第二次公开招聘工作人员公告","https://mp.weixin.qq.com/s/KNRjitiYGrejBsCO8m9YyA","微信读书"
"成功就业","2026-05-11","招聘｜南银法巴消费金融有限公司2026届营销培训生校园招聘启动","https://mp.weixin.qq.com/s/DcZpzmaaXIrlcfiYYGZ2Pg","微信读书"
"成功就业","2026-05-11","招聘｜大兴区2026年第二批事业单位公开招聘教师公告","https://mp.weixin.qq.com/s/ekG5Ko1jMiTXd1XWSCdt0Q","微信读书"
"成功就业","2026-05-11","双选会丨北京师范大学2026年实习就业专场双选会用人单位邀请函","https://mp.weixin.qq.com/s/vNZsAu9ChQUqYpyio9Ns0g","微信读书"
"成功就业","2026-05-11","培训通知｜全国高校生涯教育与就业指导骨干教师综合能力提升高级研修班","https://mp.weixin.qq.com/s/g76LLr_A5Wgf4d1LW_5dfQ","微信读书"
"成功就业","2026-05-11","培训通知｜高校创新创业教育师资高级特训课程培训班","https://mp.weixin.qq.com/s/9EW7wefGXWLZ4EsU9UHVVg","微信读书"
"成功就业","2026-05-11","关于做好“2026届北京高校毕业生就业创业状况调查”工作的通知","https://mp.weixin.qq.com/s/vdKoXZk8BPaR7RVTkwJVdg","微信读书"
"成功就业","2026-05-11","2026年军队文职人员公开招考第二批免笔试直接面试岗位招考工作全面展开","https://mp.weixin.qq.com/s/iEb_gTW__9hI1gwhdELxJA","微信读书"
"成功就业","2026-05-09","招聘｜中国一汽2026春季校园招聘","https://mp.weixin.qq.com/s/2OC6lmrSB-B5KsrudLSRVA","微信读书"
"成功就业","2026-05-09","招聘｜润丰股份26届校招补录","https://mp.weixin.qq.com/s/M2El32kCxbGGlO-SnNVzjg","微信读书"
"成功就业","2026-05-09","招聘｜北京市事业单位公开招聘汇总（20260509）","https://mp.weixin.qq.com/s/wIK_NxrPYhSSDfIGi_RRxg","微信读书"
"成功就业","2026-05-09","重庆市政府驻京办与北京高校大学生就业创业指导中心开展调研座谈","https://mp.weixin.qq.com/s/4RGHX3zQ95QckNDgRjGLHA","微信读书"
"成功就业","2026-05-08","资讯｜计划招录723人！京考补录今起报名","https://mp.weixin.qq.com/s/0YbyosvyM_dMclYu7YBoNQ","微信读书"
"成功就业","2026-05-08","资讯｜国考补录，今起报名！计划招录1294人","https://mp.weixin.qq.com/s/B1TXdRi6hi3GjUzyAndDfQ","微信读书"
"成功就业","2026-05-08","招聘｜海关总署在京直属事业单位2026年度公开招聘应届毕业生公告","https://mp.weixin.qq.com/s/F-jQP71YqVfGlxJCv45SJQ","微信读书"
"成功就业","2026-05-08","招聘｜国务院发展研究中心有关直属单位2026年度第二轮公开招聘工作人员公告","https://mp.weixin.qq.com/s/E01Hx7XAXfePFIXfPihZaA","微信读书"
"成功就业","2026-05-08","招聘 | “ 新征程 创不凡 ” 上证信息2026年春季校园招聘正式启动！","https://mp.weixin.qq.com/s/Vqh34AKxTX-e1_1YF6dKLg","微信读书"
"成功就业","2026-05-08","预告｜“京彩助梦 成功就业”5月线上公益讲座预告","https://mp.weixin.qq.com/s/9NsYNWSJPsL97H2J8_GGsQ","微信读书"
"成功就业","2026-05-08","告别面试焦虑，轻松拿下心仪offer","https://mp.weixin.qq.com/s/LvyVeTuprdMgEB3U2uCRdg","微信读书"
"成功就业","2026-05-07","招聘｜中国物流2026届春季校园招聘正式启动","https://mp.weixin.qq.com/s/77bRUl0OkqpnGKKjkpIXMA","微信读书"
"成功就业","2026-05-07","招聘｜中国电子2026届春季校园招聘","https://mp.weixin.qq.com/s/Yo7D1f98nMGjoB0WH68lkQ","微信读书"
"成功就业","2026-05-07","招聘｜北京市事业单位公开招聘汇总（20260507）","https://mp.weixin.qq.com/s/F4hjRlpejLy3lhIyMGPCwg","微信读书"
"成功就业","2026-05-07","招聘 | 通用技术集团2026届校园招聘正式启动","https://mp.weixin.qq.com/s/Qxg22Oy1WuvgnhHlO-bX1Q","微信读书"
"成功就业","2026-05-07","招聘 | 海尔智家股份有限公司2027届顶尖人才项目校园招聘","https://mp.weixin.qq.com/s/UnIP5DP9a4RaMnGeNfzRLw","微信读书"
"成功就业","2026-05-07","招聘 | 国海证券2026届校园招聘正式启动","https://mp.weixin.qq.com/s/xKN5o3PHPWFyNcqWNIaeAQ","微信读书"
"成功就业","2026-05-07","5月14日“京彩生涯”咨询｜一对一职业生涯规划，邀请北京地区高校在校生报名预约！","https://mp.weixin.qq.com/s/8gHpIzOed6Oehw0VvsG0pw","微信读书"
"成功就业","2026-05-07","【就业典型】绚丽青春  逆行追光--中国人民大学卢玫","https://mp.weixin.qq.com/s/rCXhiXenP2Ajey1kdlxydw","微信读书"
"成功就业","2026-05-06","招聘｜最高年薪80万，1471个岗位重磅上线！2026光明优质岗位等你来！","https://mp.weixin.qq.com/s/-sBBYz08iat8S4yjRJbZ_w","微信读书"
"成功就业","2026-05-06","展位安排｜5月7日下午，两场就业实习专场双选会同时举办","https://mp.weixin.qq.com/s/-5gnaoyrD2kSTeKlfkzLag","微信读书"
"成功就业","2026-05-06","双选会预告｜五月夏初至，“职”为等你来","https://mp.weixin.qq.com/s/8NOUqCHdXApzbxC6XSt3jQ","微信读书"
"成功就业","2026-05-06","重庆市2026年春季“百万人才兴重庆”全国重点高校巡回引才活动（北京）","https://mp.weixin.qq.com/s/-7sIq-IYqxXy1zqMd9_aMw","微信读书"
"成功就业","2026-05-06","12个区3500套房源面向毕业生配租","https://mp.weixin.qq.com/s/j_C7RvZKlXC8bWuGK2SbMA","微信读书"
"成功就业","2026-05-06","【就业典型】青藏高原，投身清洁能源开发事业--清华大学向云飞","https://mp.weixin.qq.com/s/wTzIrMaUyeBjcdqSDvhDxg","微信读书"
"成功就业","2026-05-02","招聘｜北京市事业单位公开招聘汇总（20260502）","https://mp.weixin.qq.com/s/WtbS2kVzF5FLvroF5sSVfA","微信读书"
"成功就业","2026-04-10","政策资讯｜资格面试考试，即将开始报名","https://mp.weixin.qq.com/s/71Q3fE_BHX7uEVGRVFCHKQ","微信读书"
"成功就业","2026-04-10","招聘｜北京市视觉科学与转化医学研究中心2026年工作人员第一批公开招聘公告","https://mp.weixin.qq.com/s/iB6RMHfns5UO8BqK3BVXxg","微信读书"
"成功就业","2026-04-10","招聘｜北京农业职业学院2026年公开招聘公告","https://mp.weixin.qq.com/s/82q7BfJOiwQtP2kMZVgW5g","微信读书"
"成功就业","2026-04-10","岗位直推｜4月17日下午，北京地区2026届高校毕业生“一带一路”涉外人才春季专场双选会","https://mp.weixin.qq.com/s/2gNqQCtT7s-QTR9_br6X_A","微信读书"
"成功就业","2026-04-10","岗位直推｜4月16日下午“京彩就业”2026年专精特新专场双选会","https://mp.weixin.qq.com/s/2GOWk4zJXrqwCwoJlh0ElA","微信读书"
"成功就业","2026-04-10","毕业季赴雄安新区就业的大好良机——关于诚邀参加“冀才高校行”全国巡回引才活动的函","https://mp.weixin.qq.com/s/C2be5-3fhFZj9qYCXNMMLg","微信读书"
"成功就业","2026-04-10","【政策资讯】创业政策每周汇(2026011)","https://mp.weixin.qq.com/s/CV4TgM-DbvwVYJuRbeKOWQ","微信读书"
"成功就业","2026-04-09","政策资讯｜海淀区面向毕业大学生配租2161套房源","https://mp.weixin.qq.com/s/SQv_QHPYzoVaOrG3IVtL0w","微信读书"
"成功就业","2026-04-09","招聘｜航天三院2026年春季校园招聘正式启动","https://mp.weixin.qq.com/s/hkrltjSyAuDWvz05AKGCiQ","微信读书"
"成功就业","2026-04-09","招聘｜北京市事业单位公开招聘汇总（20260409）","https://mp.weixin.qq.com/s/5nEH48_Ecute_lsUxx-tCg","微信读书"
"成功就业","2026-04-09","岗位直推｜4月17日下午，北京地区2026届高校毕业生“一带一路”涉外人才春季专场双选会","https://mp.weixin.qq.com/s/f8jba7gOaxSHhdlsg3Cr7w","微信读书"
"成功就业","2026-04-09","【就业典型】扎根湿地践初心 青春建功担使命--北京林业大学谭文卓","https://mp.weixin.qq.com/s/JXOL0LDcMjUH9SFqCTJWPQ","微信读书"
"成功就业","2026-04-08","招聘｜海淀教委近期事业单位招聘信息汇总（4月8日）","https://mp.weixin.qq.com/s/2EyO3k5IFRqyFrZIzX8d1A","微信读书"
"成功就业","2026-04-08","招聘｜海淀8所中小学急需岗位，快来看看~","https://mp.weixin.qq.com/s/xRoUNRuV_WA2sjxEyDMixA","微信读书"
"成功就业","2026-04-08","展位安排｜4月15日下午“筑基育才·京彩就业” 海淀教育人才双选会","https://mp.weixin.qq.com/s/ElENp4l-A8d_9gbWsYzesQ","微信读书"
"成功就业","2026-04-08","岗位直推｜4月10日下午，中国科学院大学2026届毕业生生物医药、地学资环类专场双选会","https://mp.weixin.qq.com/s/fyW_Ywf9W6t0_v4uVHmIaQ","微信读书"
"成功就业","2026-04-08","【就业典型】万米高空的青春担当--北京财贸职业学院崔晟浦","https://mp.weixin.qq.com/s/vHxWfHZEXutUzyieiQf9tQ","微信读书"
"成功就业","2026-04-08","“京彩生涯”求职方法团体辅导｜邀请北京地区高校在校生报名预约！","https://mp.weixin.qq.com/s/R5YHqw2-DYNcyUDuwuvAWA","微信读书"
"成功就业","2026-04-07","招聘｜中国消防救援学院2026年度公开招聘高校应届毕业生公告","https://mp.weixin.qq.com/s/b6A1dpy7rM7MVROfyVFzWQ","微信读书"
"成功就业","2026-04-07","招聘｜北京市事业单位公开招聘汇总（20260407）","https://mp.weixin.qq.com/s/FzN1PsAEOPci3rmsWQunaQ","微信读书"
"成功就业","2026-04-07","展位安排｜4月8日下午【京津冀综合专场】+【艺术、文旅与创意产业专场】两场双选会同步举办","https://mp.weixin.qq.com/s/cS0wThnwLX1bBU67iUNR6g","微信读书"
"成功就业","2026-04-03","资讯｜最长免3个月租金！朝阳区300套(间)房面向毕业生租赁","https://mp.weixin.qq.com/s/4iA6fVuVKRD4dd0hDqhqFw","微信读书"
"成功就业","2026-04-03","招聘｜中国移动2026春季校园招聘开启！","https://mp.weixin.qq.com/s/L9viBegPZJFDnHAiGXxJ1A","微信读书"
"成功就业","2026-04-03","招聘｜中国电信天翼视联2026届校园招聘公告","https://mp.weixin.qq.com/s/KHRM8pSiks5-exmfEo2dow","微信读书"
"成功就业","2026-04-03","岗位直推｜4月8日下午【京津冀综合专场】+【艺术、文旅与创意产业专场】两场双选会同步举办","https://mp.weixin.qq.com/s/_bjpeozbRy9uZ9VzGns8Mw","微信读书"
"成功就业","2026-04-03","【政策资讯】创业政策每周汇(2026010)","https://mp.weixin.qq.com/s/xXpTPrO5DOeubkpAIV-m4A","微信读书"
"成功就业","2026-04-02","招聘｜清华大学出版社校园招聘","https://mp.weixin.qq.com/s/NBqfX-DeocIXJIwkNsiY3g","微信读书"
"成功就业","2026-04-02","招聘｜北京市事业单位公开招聘汇总（20260402）","https://mp.weixin.qq.com/s/SmntE6E2mTZ7r0gZKBUuLw","微信读书"
"成功就业","2026-04-02","岗位直推｜4月8日下午【艺术、文旅与创意产业专场】“京彩就业·千校万岗”2026届毕业生专场双选会","https://mp.weixin.qq.com/s/_VUT5z9mcuHrzksZwZpwpg","微信读书"
"成功就业","2026-04-02","岗位直推｜4月8日下午【京津冀综合专场】+【艺术、文旅与创意产业专场】两场双选会同步举办","https://mp.weixin.qq.com/s/USYNgXiJh8QbC-fcAiIAQw","微信读书"
"成功就业","2026-04-02","【就业典型】中华女子学院康悠闲--在帕米尔高原贡献青春力量","https://mp.weixin.qq.com/s/6I8F4Z-lA2ZM1YFuDMbxbQ","微信读书"
"成功就业","2026-04-01","招聘｜字节跳动 Seed 2027 届大模型人才校招启动（含实习）","https://mp.weixin.qq.com/s/gY8Ihpb8xtiz14EYOKs_Qw","微信读书"
"成功就业","2026-04-01","招聘｜虎牙2026届春季校招火热进行中！","https://mp.weixin.qq.com/s/ckSw4poRrT8MGYWKX4WYuQ","微信读书"
"成功就业","2026-04-01","招聘｜北京市事业单位公开招聘汇总（20260401）","https://mp.weixin.qq.com/s/dQhRDa3tAvbL4R4Dpr6DhA","微信读书"
"成功就业","2026-03-31","招聘｜北京市事业单位公开招聘汇总（20260331）","https://mp.weixin.qq.com/s/6cCk7rJ2dKqecO4tBS6ZRw","微信读书"
"成功就业","2026-03-31","预告｜春招接力四月场，优质岗位直达眼前","https://mp.weixin.qq.com/s/W8G-3sKywESNH6HOpDKFNA","微信读书"
"成功就业","2026-03-31","【就业典型】中国矿业大学（北京）苏畅--以安全之基筑梦深地油气","https://mp.weixin.qq.com/s/kLjoLLuArOtIVC2biYrk-Q","微信读书"
"成功就业","2026-03-30","招聘｜中国广播电视网络集团有限公司2026年高校毕业生公开招聘公告","https://mp.weixin.qq.com/s/uXcveJVOz1sNzag3AKAaIA","微信读书"
"成功就业","2026-03-30","招聘｜国家粮食和物资储备局直属联系单位2026年度公开招聘工作人员公告","https://mp.weixin.qq.com/s/HNxM0-RjTMdOWrhIjN3ueQ","微信读书"
"成功就业","2026-03-30","展位安排｜3月31日下午，北京信息科技大学专场双选会+中心【财经金融与管理专业专场】","https://mp.weixin.qq.com/s/fk1c2SGwPVEyzErCz20H2g","微信读书"
"成功就业","2026-03-27","招聘｜北京市事业单位公开招聘汇总（20260327）","https://mp.weixin.qq.com/s/scX6VXax36mLY6T3L_pX8g","微信读书"
"成功就业","2026-03-27","招聘｜北京市第五十中学招聘信息","https://mp.weixin.qq.com/s/ecVAYkXtuWqT8_GpycJFIw","微信读书"
"成功就业","2026-03-27","展位安排｜3月31日下午，北京信息科技大学专场双选会+中心【财经金融与管理专业专场】","https://mp.weixin.qq.com/s/wCHvpbZdbhtPlBjEv77DLA","微信读书"
"成功就业","2026-03-27","预告｜“京彩助梦 成功就业”4月线上公益讲座预告","https://mp.weixin.qq.com/s/t33Fy4L-pidHPjqEA_s24g","微信读书"
"成功就业","2026-03-27","【政策资讯】创业政策每周汇(2026009)","https://mp.weixin.qq.com/s/JkixcrClwfoBgwvas703Sg","微信读书"
"成功就业","2026-03-26","招聘｜北京市事业单位公开招聘汇总（20260326）","https://mp.weixin.qq.com/s/X7gnucV-V1SoVmKRysJlSA","微信读书"
"成功就业","2026-03-26","招聘｜北京市少年宫2026年公开招聘工作人员公告","https://mp.weixin.qq.com/s/tq-fwsKIdf7IPZr-Vuj2nw","微信读书"
"成功就业","2026-03-26","展位安排｜3月27日下午，“京彩就业”2026届高校联合生物医药专场春季双选会","https://mp.weixin.qq.com/s/usCse0qaFR-qS57lN0wvnw","微信读书"
"成功就业","2026-03-26","展位安排｜3月27日上午，2026年度全国“百城千校万企”促就业行动京津冀地区专场招聘活动(北京专场)","https://mp.weixin.qq.com/s/acfZo3pBwFZ6YHVxGEEpkQ","微信读书"
"成功就业","2026-03-26","【大创榜young】包装科技（北京）智能打包有限公司——智能打包的践行者","https://mp.weixin.qq.com/s/8qmGj0BbdFl1Jze22NNn8g","微信读书"
"成功就业","2026-03-25","招聘｜首都医科大学附属北京天坛医院2026年应届毕业生（含社会人员）公开招聘公告（第二批）","https://mp.weixin.qq.com/s/iuZGoy7u9jGSeltrCDaG9A","微信读书"
"成功就业","2026-03-25","招聘｜海淀教委近期事业单位招聘信息汇总（3月25日）","https://mp.weixin.qq.com/s/L8wCcmq6Z2B8X3iljXs-Pg","微信读书"
"成功就业","2026-03-25","招聘｜海淀6所中小幼急需岗位，快来看看~","https://mp.weixin.qq.com/s/VqU5XnJY9omYYc8EIods8A","微信读书"
"成功就业","2026-03-25","招聘｜不限人数！中国医学科学院医学生物学研究所招募优秀青年人才","https://mp.weixin.qq.com/s/VMB20IsSAtMPBov7rgYicg","微信读书"
"成功就业","2026-03-25","展位安排｜3月27日下午，“京彩就业”2026届高校联合生物医药专场春季双选会","https://mp.weixin.qq.com/s/rNAJedP3xHBnDHQh81FuGA","微信读书"
"成功就业","2026-03-25","岗位直推｜3月27日上午，2026年度全国“百城千校万企”促就业行动京津冀地区专场招聘活动(北京专场)","https://mp.weixin.qq.com/s/7wYITO-X9prs6yUL9dOUnw","微信读书"
"成功就业","2026-03-25","【就业典型】北京邮电大学蒋明君--扎根深山铸重器 青春无悔报家国","https://mp.weixin.qq.com/s/phv7TydH0Cyu0Tb6NeZALA","微信读书"
"成功就业","2026-03-24","招聘｜中央民族大学2026年教师招聘启事——附属中学部分","https://mp.weixin.qq.com/s/YgrRgKZNtXR3pj8e_KlfRg","微信读书"
"成功就业","2026-03-24","招聘｜通州区教委所属事业单位2026年第二次公开招聘工作人员公告","https://mp.weixin.qq.com/s/j0rJ_c5VTBpGVdtCCp2LhA","微信读书"
"成功就业","2026-03-24","招聘｜北京中关村科技融资担保有限公司2026年校园招聘","https://mp.weixin.qq.com/s/CyJtESY2271ioDfdufwk4w","微信读书"
"成功就业","2026-03-24","招聘｜北京市事业单位公开招聘汇总（20260324）","https://mp.weixin.qq.com/s/Gm_EhgJGyyYDTIstchmsxw","微信读书"
"成功就业","2026-03-24","展位安排｜3月26日下午，【人文社科与银发经济服务专场】、【教育综合专场】两场双选会即将举办","https://mp.weixin.qq.com/s/NrEVFFFMXddvV26J25TQYg","微信读书"
"成功就业","2026-03-24","展位安排｜3月25日下午【央企国企专场】“京彩就业”2026届毕业生专场双选会","https://mp.weixin.qq.com/s/GbUEZ6F5QhSncko-t1wo7w","微信读书"
"成功就业","2026-03-24","岗位直推｜3月31日下午【财经金融与管理专业专场】“京彩就业”2026届毕业生专场双选会","https://mp.weixin.qq.com/s/H9vz7Cb3NQu1kd9h6WMigA","微信读书"
"成功就业","2026-03-24","“京彩生涯”就业指导名师工作室公益咨询服务开通啦，欢迎北京地区高校在校生报名预约！","https://mp.weixin.qq.com/s/xK9jqbT_KbQnJnBlZxbZTQ","微信读书"
"成功就业","2026-03-23","招聘｜北京市事业单位公开招聘汇总（20260323）","https://mp.weixin.qq.com/s/SeJhDrN1z8_xlTLjljfPJg","微信读书"
"成功就业","2026-03-23","招聘｜北京市盲人学校2026年公开招聘公告","https://mp.weixin.qq.com/s/XMwkDBmxPsczxf_ddVWaEA","微信读书"
"成功就业","2026-03-23","招聘｜593个博士岗！深圳光明区科研、高校、事业单位、名企等着您，速投！","https://mp.weixin.qq.com/s/bRxciVpNNbFw5F7iMl5AgQ","微信读书"
"成功就业","2026-03-23","招聘｜400+岗位来袭！深圳市光明区实习清单，有转正机会！","https://mp.weixin.qq.com/s/3t0oGdSFoh96sbSGVxcJOA","微信读书"
"成功就业","2026-03-23","展位安排｜3月25日下午【央企国企专场】“京彩就业”2026届毕业生专场双选会","https://mp.weixin.qq.com/s/wpSqP3iX1OVCMa6C4RPFxw","微信读书"
"成功就业","2026-03-23","岗位直推｜3月27日下午，“京彩就业”2026届高校联合生物医药专场春季双选会","https://mp.weixin.qq.com/s/ReqbdYSMalDXFREMXg2FSQ","微信读书"
"成功就业","2026-03-23","岗位直推｜3月26日下午，【人文社科与银发经济服务专场】、【教育综合专场】两场双选会即将举办","https://mp.weixin.qq.com/s/tpD6vE7nigv9wTosFicRsQ","微信读书"
"成功就业","2026-03-23","岗位直推｜3月24日下午，两场毕业生专场双选会同步举办","https://mp.weixin.qq.com/s/tcnXpyo-V-VXUXw8_kMCsA","微信读书"
"成功就业","2026-03-21","才聚天府 筑梦成都｜“蓉漂人才荟”城市行活动北京站倒计时！","https://mp.weixin.qq.com/s/Md4mSdfE7AWSqGVvUz4acA","微信读书"
"成功就业","2026-03-20","招聘｜中国建设银行2026年度春季校园招聘正式启动","https://mp.weixin.qq.com/s/S8K5nwxZQNXp0pBUpmDpFw","微信读书"
"成功就业","2026-03-20","招聘｜关于2026年度北京市第一次事业单位公开招聘工作人员统一考试的提示","https://mp.weixin.qq.com/s/CfejUyfl-D0pcgnoo_t75w","微信读书"
"成功就业","2026-03-20","岗位直推｜3月27日上午，2026年度全国“百城千校万企”促就业行动京津冀地区专场招聘活动(北京专场)","https://mp.weixin.qq.com/s/BCfTSsmvr9KZW5EeCzO5iQ","微信读书"
"成功就业","2026-03-20","岗位直推｜3月25日下午【央企国企专场】“京彩就业”2026届毕业生专场双选会","https://mp.weixin.qq.com/s/3Fxw_wF4UT-N0c1CVNcc_w","微信读书"
"成功就业","2026-03-20","岗位直推｜3月24日下午，两场毕业生专场双选会同步举办","https://mp.weixin.qq.com/s/MVjs9t33kiXoIjNBPZFPLg","微信读书"
"成功就业","2026-03-20","岗位直推｜3月23日-27日，北京科技职业大学2026届高校毕业生春季网络双选会","https://mp.weixin.qq.com/s/FwgQHrqhjAUv4B5JMjsDig","微信读书"
"成功就业","2026-03-20","【政策资讯】创业政策每周汇(2026008)","https://mp.weixin.qq.com/s/-paZzY5IB_eWcdpe4-7d-g","微信读书"
"成功就业","2026-03-20","“蓉漂人才荟”城市行活动北京站倒计时！","https://mp.weixin.qq.com/s/HSb6bwXhoSAEWzzp1POpIg","微信读书"
"成功就业","2026-03-19","招聘｜中国信息通信研究院2026年公开招聘应届高校毕业生公告","https://mp.weixin.qq.com/s/kPaZGqwsIYR-2MvlwFSg1g","微信读书"
"成功就业","2026-03-19","展位安排｜3月20日下午，北京师范大学2026年春季学期综合类专场双选会（第一场）学生邀请函","https://mp.weixin.qq.com/s/8M8_8EbLLdp-wkqPgVwPGg","微信读书"
"成功就业","2026-03-19","展位安排｜3月20日下午，“京彩就业”中国科学院大学2026届毕业生春季首场双选会","https://mp.weixin.qq.com/s/bx-vwDApNaUFQO07RHyoJw","微信读书"
"成功就业","2026-03-19","展位安排｜3月20日下午，“京彩就业”通州教委所属单位人才供需专场洽谈会（综合专场）","https://mp.weixin.qq.com/s/AaHAqc2442okryHgLo1OJw","微信读书"
"成功就业","2026-03-19","万才荟万，筑梦万州｜重庆市万州区2026年春季校园招聘","https://mp.weixin.qq.com/s/skT_ipSkbBQEbYdJfuyVDQ","微信读书"
"成功就业","2026-03-19","凝聚首都高校成果转化新共识 探索师生协同创新创业新机 北京高校“师生共创”计划建设研讨会成功召开","https://mp.weixin.qq.com/s/PZQ-aqfMc7FdDYZm2RzM6g","微信读书"
"成功就业","2026-03-19","【大创榜young】蓝绿护航者——全域净化智能巡航机的双创道路","https://mp.weixin.qq.com/s/Oqs20RlDx22xmA1jAOSy8g","微信读书"
"成功就业","2026-03-18","招聘｜海淀教委近期事业单位招聘信息汇总（3月18日）","https://mp.weixin.qq.com/s/ui2al_Hr4pxorOMa42BFoQ","微信读书"
"成功就业","2026-03-18","招聘｜北京市事业单位公开招聘汇总（20260318）","https://mp.weixin.qq.com/s/ZK_0w2aIxv-md-Ly_Uyl1w","微信读书"
"成功就业","2026-03-18","如何讲好课题研究的故事？——中心举办课题研究申报专题讲座","https://mp.weixin.qq.com/s/K1lF6vRKSkyer_SPQ3nwsQ","微信读书"
"成功就业","2026-03-18","【就业典型】雪域青春志：邓佳蔷的六年西藏答卷","https://mp.weixin.qq.com/s/ZT0jHz7tMjgMPkvmUHulZQ","微信读书"
"成功就业","2026-03-17","招聘｜中央和国家机关工委所属事业单位2026年度公开招聘工作人员公告","https://mp.weixin.qq.com/s/v3i8X--3dxH-Pcs5IT6R7g","微信读书"
"成功就业","2026-03-17","招聘｜中国宋庆龄基金会直属事业单位2026年度公开招聘应届高校毕业生公告","https://mp.weixin.qq.com/s/KgbfrL2YcAzaJNcloY6I3g","微信读书"
"成功就业","2026-03-17","招聘｜国家发展和改革委员会直属单位2026年度第二批公开招聘公告","https://mp.weixin.qq.com/s/V5AF7jfIb_kZrIeiEyxwlg","微信读书"
"成功就业","2026-03-17","才聚浙聘行动 智汇浙江国企｜3月19日，2026年浙江省国有企业春季招聘引才系列活动","https://mp.weixin.qq.com/s/oQxz1wq5Y8c97rhdb2OZ_A","微信读书"
"成功就业","2026-03-16","招聘｜小米集团2026届汽车销交服春季校园招聘正式启动","https://mp.weixin.qq.com/s/6jmZT7xeheLcfWsTYcLZGQ","微信读书"
"成功就业","2026-03-16","招聘｜北京市事业单位公开招聘汇总（20260316）","https://mp.weixin.qq.com/s/LHds5StRm7R_MR6HudOdcw","微信读书"
"成功就业","2026-03-16","展位安排｜3月18日下午，“京彩就业”两场专场双选会，即时锁定心仪Offer","https://mp.weixin.qq.com/s/oFPu1sTttjoLXfbRXFGVfg","微信读书"
"成功就业","2026-03-16","广聚贤才 共创滇峰｜2026年云南省人才“组团式”招引活动","https://mp.weixin.qq.com/s/adWlygktVz2Jzda57Z450g","微信读书"
"成功就业","2026-03-16","岗位直推｜3月27日上午，2026年度全国“百城千校万企”促就业行动京津冀地区专场招聘活动(北京专场)","https://mp.weixin.qq.com/s/vnfYPVYAv7BZHLLDTe2b8g","微信读书"
"成功就业","2026-03-13","招聘｜国家开放大学出版传媒集团2026年度公开招聘公告","https://mp.weixin.qq.com/s/K3HKmeopk65qbpb7EYN61g","微信读书"
"成功就业","2026-03-13","岗位直推｜3月20日下午，“京彩就业”通州教委所属单位人才供需专场洽谈会（综合专场）","https://mp.weixin.qq.com/s/nYS2akaVMVkO6bttyWahMw","微信读书"
"成功就业","2026-03-13","第三届全国大学生职业规划大赛北京市赛圆满落幕！","https://mp.weixin.qq.com/s/BoJiAjpkf9ZB9sRcykBXtA","微信读书"
"成功就业","2026-03-13","【政策资讯】创业政策每周汇(2026007)","https://mp.weixin.qq.com/s/fThdcvjvRmsul5fpCizALQ","微信读书"
"成功就业","2026-03-12","走进亦庄，走进名企 | 2026年北京亦庄集成电路专场春季双选会，学生报名正式开启！","https://mp.weixin.qq.com/s/bXGGFDN39bPZSKPVOeGkDw","微信读书"
"成功就业","2026-03-12","招聘｜北京市延庆区卫生健康委员会所属事业单位2026年第一批人才引进和公开招聘医务人员公告","https://mp.weixin.qq.com/s/CofD19sCIw1n-ViMj2w9fA","微信读书"
"成功就业","2026-03-12","招聘｜百里画卷，筑梦长安——171中学石景山分校诚聘教育菁英","https://mp.weixin.qq.com/s/GKg-SRTHUdZlQbbif5hbKg","微信读书"
"成功就业","2026-03-12","招聘｜321到苏州！@青年人才，2026苏州春季招聘大会10万+岗位来了","https://mp.weixin.qq.com/s/hXP6taaPpZg1vxBngLKKyA","微信读书"
"成功就业","2026-03-12","岗位直推｜3月18日下午，“京彩就业”两场专场双选会，即时锁定心仪Offer","https://mp.weixin.qq.com/s/EXJd7ZFCDEyNsT6rkJqXfw","微信读书"
"成功就业","2026-03-12","【大创榜young】维磁科技——Rheobot：来自未来的智能流变机器人","https://mp.weixin.qq.com/s/AG6Mno7SCZggybkx9UBkBw","微信读书"
"成功就业","2026-03-11","招聘｜中国电信2026春季校园招聘技术讲座行程新鲜出炉！","https://mp.weixin.qq.com/s/-XXI8Oo4AsbkZDazz9YogA","微信读书"
"成功就业","2026-03-11","招聘｜蒙牛2026春季校园招聘全面启动！","https://mp.weixin.qq.com/s/p2AJvBieqOOs73AE6USUUg","微信读书"
"成功就业","2026-03-11","招聘｜北京市事业单位公开招聘汇总（20260311）","https://mp.weixin.qq.com/s/v3_AcugZhaQjH-JluBfz0g","微信读书"
"成功就业","2026-03-11","展位安排｜3月13日下午，“京彩就业”中国政法大学2026届毕业生春季综合校园双选会暨全国法律行业招聘会","https://mp.weixin.qq.com/s/vsH8UIc2-uAguHK0hiZrOA","微信读书"
"成功就业","2026-03-11","展位安排｜3月12日下午，人工智能、低空经济与未来产业专场双选会","https://mp.weixin.qq.com/s/MrAVcn4H9TYWH5WVnp92qQ","微信读书"
"成功就业","2026-03-11","【就业典型】北京石油化工学院苏纯鑫--以青春志愿服务对口支援，以挺膺之姿赴青春之约","https://mp.weixin.qq.com/s/7QT45G3HAmPRqGpD8WpeHQ","微信读书"
"成功就业","2026-03-10","招聘｜小米集团2026届春季校园招聘正式启动","https://mp.weixin.qq.com/s/U-xbuMA1xe_B0Hfjz5xSSQ","微信读书"
"成功就业","2026-03-10","展位安排｜3月12日下午，人工智能、低空经济与未来产业专场双选会","https://mp.weixin.qq.com/s/KK_Yre2B_t2c9V_ly_XM9Q","微信读书"
"成功就业","2026-03-10","展位安排｜3月11日下午，两场主题双选会，精准对接优质岗位","https://mp.weixin.qq.com/s/M2ahqqA667aTirpzpmMnCg","微信读书"
"成功就业","2026-03-09","招聘｜农业农村部在京事业单位2026年度公开招聘高校毕业生公告","https://mp.weixin.qq.com/s/lIIbyX66kvE1Y9LYFyksGQ","微信读书"
"成功就业","2026-03-09","招聘｜海淀教委近期事业单位招聘信息汇总（3月9日）","https://mp.weixin.qq.com/s/CeFFZjCKVJepVrMI5oGFMQ","微信读书"
"成功就业","2026-03-09","招聘｜海淀12所中小幼急需岗位，快来看看~","https://mp.weixin.qq.com/s/eKb2tIHb7CST0Cg_Dod01g","微信读书"
"成功就业","2026-03-09","招聘｜财政部部属单位2026年度公开招聘公告","https://mp.weixin.qq.com/s/1FQxpPvq3kwOtvdFp8a61A","微信读书"
"成功就业","2026-03-09","明日双选会｜3月10日下午【春季首场】“京彩就业”2026届毕业生春季首场双选会","https://mp.weixin.qq.com/s/YuNG_1dXEaHYNPUxZJIkfg","微信读书"
"成功就业","2026-03-06","招聘｜人力资源社会保障部所属单位2026年度公开招聘公告","https://mp.weixin.qq.com/s/CeYATNGC2V3FhMHgjWnXMw","微信读书"
"成功就业","2026-03-06","招聘｜北京市城市规划设计研究院2026年度面向应届毕业生（含博士后）公开招聘公告","https://mp.weixin.qq.com/s/CRNa2O3a3qfvj3PVinD2Xg","微信读书"
"成功就业","2026-03-06","招聘｜2026年海淀区教委所属事业单位第一次（面向高校毕业生）公开招聘工作人员公告","https://mp.weixin.qq.com/s/YeTlo_h-213qN3ctOU1rVA","微信读书"
"成功就业","2026-03-06","展位安排｜3月10日下午【春季首场】“京彩就业”2026届毕业生春季首场双选会","https://mp.weixin.qq.com/s/QuKxItt8oM-pmg0AR0ESRw","微信读书"
"成功就业","2026-03-06","岗位直推｜3月11日下午两场主题双选会，精准对接优质岗位","https://mp.weixin.qq.com/s/fZUr3iocksc9fam4tOpk9A","微信读书"
"成功就业","2026-03-06","【政策资讯】创业政策每周汇(2026006)","https://mp.weixin.qq.com/s/3GCBv1KN1WpyG_Fulakmzw","微信读书"
"成功就业","2026-03-05","招聘｜中国汽研2026届春招正式启动","https://mp.weixin.qq.com/s/3dA2xNpNWgzhbTuj_UOLxQ","微信读书"
"成功就业","2026-03-05","招聘｜中国工业互联网研究院2026年公开招聘应届高校毕业生公告","https://mp.weixin.qq.com/s/NDceNp9t7YZMslxYzOBGwA","微信读书"
"成功就业","2026-03-05","招聘｜神州数码集团2026届春季校园招聘正式启动","https://mp.weixin.qq.com/s/pCWuGWv9E4AbrNjmZLhXmQ","微信读书"
"成功就业","2026-03-05","岗位直推｜3月10日下午【春季首场】“京彩就业”2026届毕业生春季首场双选会","https://mp.weixin.qq.com/s/UUerh3FtuTP87Q_3aczBqw","微信读书"
"成功就业","2026-03-05","【大创榜young】应急有我--雄飞急救 速递无人机系统","https://mp.weixin.qq.com/s/JmGO6TWIlRILU333CZ2dUQ","微信读书"
"成功就业","2026-03-04","招聘｜外交部所属事业单位2026年度公开招聘公告","https://mp.weixin.qq.com/s/ChQbM2Am0aCEQD0firr8Tg","微信读书"
"成功就业","2026-03-04","招聘｜北京市事业单位公开招聘汇总（20260304）","https://mp.weixin.qq.com/s/ovO79lYdWc3_YQpcRjC5og","微信读书"
"成功就业","2026-03-04","2026年春风行动暨就业援助季活动，四区六街就业联盟手拉手招聘会","https://mp.weixin.qq.com/s/40vb6ZolA-AT17QEP_jeMQ","微信读书"
"成功就业","2026-03-04","【就业典型】北京语言大学丰可--用奋斗在祖国边疆书写青春亮丽底色","https://mp.weixin.qq.com/s/RCEJ8atcw8etZVkDSlzLDw","微信读书"
"成功就业","2026-03-03","招聘｜杭州银行北京分行2026届春季校园招聘","https://mp.weixin.qq.com/s/O7IoaveNL2rWt4T2jpxwkw","微信读书"
"成功就业","2026-03-03","招聘｜北京市事业单位公开招聘汇总（20260303）","https://mp.weixin.qq.com/s/SeNrAMAeQCAcVuT0Ve-j9w","微信读书"
"成功就业","2026-03-03","预告│“京彩助梦 成功就业”3月线上公益讲座，首场明晚开播","https://mp.weixin.qq.com/s/tu62jgDdO08cKnWKM9gskg","微信读书"
"成功就业","2026-03-03","华灯引路、启步新程","https://mp.weixin.qq.com/s/2srqyzhnRPOxn-z86gC7-w","微信读书"
"成功就业","2026-03-03","岗位直推｜3月11日下午两场主题双选会，精准对接优质岗位","https://mp.weixin.qq.com/s/AB7tL-ULcZ1EqIMUqr4W0A","微信读书"
"成功就业","2026-03-02","招聘｜593个博士岗！深圳光明区科研、高校、事业、名企等着您，速投！","https://mp.weixin.qq.com/s/9taM7F2fH873gKkP_uL_6Q","微信读书"
"成功就业","2026-03-02","预计招募约6万人！2026西部计划报名今日开启","https://mp.weixin.qq.com/s/JoV6YikU5I-lVtfVUu-F4Q","微信读书"
"成功就业","2026-03-02","预告｜三月双选会火热来袭，助你一键锁定心仪Offer","https://mp.weixin.qq.com/s/ugIM9bx-QU8ndS0u2PqB9g","微信读书"
"成功就业","2026-03-02","岗位直推｜3月10日下午【春季首场】“京彩就业”2026届毕业生春季首场双选会","https://mp.weixin.qq.com/s/D0m9LzDpbTRgpdx5KyvrjA","微信读书"
"成功就业","2026-02-28","招聘｜中央党史和文献研究院所属企业2026年度面向全国高校毕业生公开招聘公告","https://mp.weixin.qq.com/s/ya3uHM4MZYX68skftSbzag","微信读书"
"成功就业","2026-02-28","招聘｜国家电网有限公司2026年第二批招聘高校毕业生公告","https://mp.weixin.qq.com/s/QOJO5PYVOgt6FY78EPuJYw","微信读书"
"成功就业","2026-02-28","招聘｜北京市事业单位公开招聘汇总（20260228）","https://mp.weixin.qq.com/s/j2HYI_-HH2N_kPq4LZO7SA","微信读书"
"成功就业","2026-02-27","招聘｜北京市事业单位公开招聘汇总（20260227）","https://mp.weixin.qq.com/s/VfUzgoKeeLsbaHgah8ZMKw","微信读书"
"成功就业","2026-02-26","【招聘】中国法学会所属事业单位2026年度公开招聘工作人员公告","https://mp.weixin.qq.com/s/TMKfut2uNjFygtXXfQNrdw","微信读书"
"成功就业","2026-02-26","【就业典型】耿丹青年的基层就业创业之路","https://mp.weixin.qq.com/s/c2ty_WjZunFxg3QpPEyoqQ","微信读书"
"成功就业","2026-02-25","招聘｜北京市事业单位公开招聘汇总（20260225）","https://mp.weixin.qq.com/s/tno5Selo-9xrFuATeEnrAA","微信读书"
"成功就业","2026-01-26","招聘｜中国核电2026届校园招聘公告","https://mp.weixin.qq.com/s/5TklnddSd7ftZo53x42pug","微信读书"
"成功就业","2026-01-26","招聘｜招聘海淀教委近期事业单位招聘信息汇总（1月26日）","https://mp.weixin.qq.com/s/gITGaA1qXcEO3Fv5yxmm1Q","微信读书"
"成功就业","2026-01-26","招聘｜首都医科大学2026年度事业编制岗位公开招聘公告（第一批）","https://mp.weixin.qq.com/s/-qpk_f3FyoJHfGoKPrBMBg","微信读书"
"成功就业","2026-01-26","招聘｜海淀11所中小幼急需岗位，快来看看~","https://mp.weixin.qq.com/s/_0KZejnQ9Usfk8VPJmTejg","微信读书"
"成功就业","2026-01-26","全国职业规划大赛课程教学赛道总决赛圆满落幕 北京高校交出优异答卷","https://mp.weixin.qq.com/s/IujDCtCpkdYwbrz8NpEzeA","微信读书"
"成功就业","2026-01-26","岗位直推｜二月，京彩就业·寒假暖心促就业行动--2026届北京高校系列网络双选会即将举办","https://mp.weixin.qq.com/s/s_rIwXpFHWUD6-SyERQ0_Q","微信读书"
"成功就业","2026-01-23","【政策资讯】创业政策每周汇(2026003)","https://mp.weixin.qq.com/s/MM5ePUOBW0u-a-FXL3JZWw","微信读书"
"成功就业","2026-01-23","【招聘】中国人民公安大学2026年度公开招聘公告","https://mp.weixin.qq.com/s/1gHDuuaqcwDB7-fNNkZPlg","微信读书"
"成功就业","2026-01-23","【招聘】首都医科大学2026年度事业编制岗位公开招聘公告（第一批）","https://mp.weixin.qq.com/s/uaWEgUXVrDi5XOpRvUtGFw","微信读书"
"成功就业","2026-01-23","【招聘】荆州市启动2026年人才引进工作！","https://mp.weixin.qq.com/s/na8_R0-bxPftNS8fgF4Cdw","微信读书"
"成功就业","2026-01-23","【招聘】北京市顺义区卫生健康委员会2026年公开招聘事业单位高层次人才公告","https://mp.weixin.qq.com/s/qYe58tncqQxnHTJxuq6bqQ","微信读书"
"成功就业","2026-01-22","【招聘】住房和城乡建设部直属事业单位2026年度第一批公开招聘公告","https://mp.weixin.qq.com/s/k-N2SyIwp8FArV5IlVWPNg","微信读书"
"成功就业","2026-01-22","【招聘】中国法学会网络中心招聘实习生","https://mp.weixin.qq.com/s/GqyXU-7BKxC30ly1XqnF5Q","微信读书"
"成功就业","2026-01-22","【招聘】北京社会主义学院2026年公开招聘教师公告","https://mp.weixin.qq.com/s/7sp3QxJYRdccxrmn1d88pw","微信读书"
"成功就业","2026-01-22","【招聘】北京急救中心2026年度第一批公开招聘公告","https://mp.weixin.qq.com/s/KkRHwPYd0ztLjbevN3htdg","微信读书"
"成功就业","2026-01-22","【央国企专场】1月1日-1月31日，2026届北京高校网络双选会--寒假暖心促就业","https://mp.weixin.qq.com/s/UcV0E0fUlN-ZonVU7adkog","微信读书"
"成功就业","2026-01-22","【大创榜young】星移斗转——基于北斗定位系统的空间数字化建模工作室","https://mp.weixin.qq.com/s/ce11Z0IFdJ7kYu9Drh7WHA","微信读书"
"成功就业","2026-01-21","【招聘】石景山区教育系统事业单位2026年公开招聘工作人员公告","https://mp.weixin.qq.com/s/nc7RCuRmvB_cQqhzpEb2eQ","微信读书"
"成功就业","2026-01-21","【招聘】怀柔区琉璃庙镇等2家单位公开招聘事业单位工作人员公告","https://mp.weixin.qq.com/s/FOGBCY7VkeDxTCSUsyuEgw","微信读书"
"成功就业","2026-01-21","【招聘】海淀教委近期事业单位招聘信息汇总（1月21日）","https://mp.weixin.qq.com/s/A7IvOTm6TugHQ6otSb8bbQ","微信读书"
"成功就业","2026-01-21","【就业典型】北京经济管理职业学院张晨曦：以青春之我，谱青春之歌","https://mp.weixin.qq.com/s/W732PAgEPiVABNrnO1HRAg","微信读书"
"成功就业","2026-01-20","双选会日历| 2026上半年49场北京地区市校两级双选会场次安排公布","https://mp.weixin.qq.com/s/lSs4ff5YII4lWJQxVd2hfQ","微信读书"
"成功就业","2026-01-20","【招聘】中国藏语系高级佛学院2026年度公开招聘应届高校毕业生公告","https://mp.weixin.qq.com/s/98-mgKYHxEG1b7FeewU-Eg","微信读书"
"成功就业","2026-01-20","【招聘】西城区卫生健康系统2026年第一批事业单位公开招聘工作人员公告","https://mp.weixin.qq.com/s/-H4tn2n4MHGP7p6mvmduzA","微信读书"
"成功就业","2026-01-20","“优企引才 聚智光明”北京高校赴深圳市光明区访企拓岗活动圆满成功","https://mp.weixin.qq.com/s/y_IEBqFnRjgwvkpwV4R3dA","微信读书"
"成功就业","2026-01-19","讲座预告│“京彩助梦 成功就业”--征兵政策解读+金融、互联网求职","https://mp.weixin.qq.com/s/B5W1f7gCDJIprKVk2GC0dA","微信读书"
"成功就业","2026-01-19","【招聘】中共中央直属机关事务管理局所属事业单位2026年度公开招聘工作人员公告","https://mp.weixin.qq.com/s/MGK0cuSoJtKOBblbxro94A","微信读书"
"成功就业","2026-01-19","【招聘】全国工商联直属单位2026年度公开招聘工作人员公告","https://mp.weixin.qq.com/s/IAku9A9kWQiGwRVVEpZcrQ","微信读书"
"成功就业","2026-01-19","【招聘】北京市事业单位公开招聘汇总（20260119）","https://mp.weixin.qq.com/s/8K4zI7HHAMEvQxeSxPkBGA","微信读书"
"成功就业","2026-01-16","【政策资讯】创业政策每周汇(2026002)","https://mp.weixin.qq.com/s/O9xF9BuEmf0ZAZPohl_oRw","微信读书"
"成功就业","2026-01-16","【招聘】门头沟区教育系统事业单位2026年第一次公开招聘教师公告","https://mp.weixin.qq.com/s/tmu7rm6Um67zSl441R0KNQ","微信读书"
"成功就业","2026-01-16","【招聘】北京市延庆区教育委员会2026年第一批公开招聘教师公告","https://mp.weixin.qq.com/s/ykX-wQRcJX8Tk3RiviMcbw","微信读书"
"成功就业","2026-01-16","【岗位直推】1月1日-1月31日，2026届北京高校【本科院校联合专场】网络双选会","https://mp.weixin.qq.com/s/2k3jnP7UE_T5SvOkh_JKEg","微信读书"
"成功就业","2026-01-15","【招聘】首都医科大学附属北京天坛医院国家神经疾病医学中心公开招聘公告","https://mp.weixin.qq.com/s/wD4a3oiMWjeXjPug5PjCHw","微信读书"
"成功就业","2026-01-15","【岗位直推】1月1日-1月31日，2026届北京高校【央国企专场】网络双选会","https://mp.weixin.qq.com/s/KiU-8l5GFq2DluQE3aHMxw","微信读书"
"成功就业","2026-01-15","【大创榜young】菌护齿香——口腔微生态健康护理的全球引领者","https://mp.weixin.qq.com/s/2N91jkypEvg--G8mkHaORQ","微信读书"
"成功就业","2026-01-14","【招聘】中国科学院机关2026年度公开招聘应届毕业生公告","https://mp.weixin.qq.com/s/oy4ChALWqEq1HSYAeiDpdA","微信读书"
"成功就业","2026-01-14","【招聘】全国妇联所属在京事业单位2026年度公开招聘公告","https://mp.weixin.qq.com/s/doa6qosR4s8bpV4d59p3NQ","微信读书"
"成功就业","2026-01-14","【招聘】国家国防科技工业局所属事业单位2026年度第一批公开招聘公告","https://mp.weixin.qq.com/s/sevc1Y-Xh80MQsiSyz6nvg","微信读书"
"成功就业","2026-01-14","【就业典型】北京林业大学买勒依·布勒克--基层筑梦路，青春绽芳华","https://mp.weixin.qq.com/s/MYfEbkxhk0TNmZv2tdkfNw","微信读书"
"成功就业","2026-01-14","【岗位直推】1月1日-1月31日，2026届北京高校【新年首场】网络双选会","https://mp.weixin.qq.com/s/0u86SvxVtdJil7N-px356Q","微信读书"
"成功就业","2026-01-13","讲座预告│“京彩助梦 成功就业”--今晚公益课带你破局成长！","https://mp.weixin.qq.com/s/kQZNQNcup9nX8W4HMTMXGQ","微信读书"
"成功就业","2026-01-13","【招聘】清华系科创企业热招中，落户指标+灵活办公等你来！","https://mp.weixin.qq.com/s/CfZ3CeiR2hVJ-z-9Vy4cpQ","微信读书"
"成功就业","2026-01-13","【招聘】海淀教委近期事业单位招聘信息汇总（1月13日）","https://mp.weixin.qq.com/s/nwxhPzPs5nxXDzjH9yX6mg","微信读书"
"成功就业","2026-01-13","【招聘】海淀6所中学急需岗位，快来看看~","https://mp.weixin.qq.com/s/llkqG3WEJ9NGhfFOtlhcWw","微信读书"
"成功就业","2026-01-13","【招聘】百博行·奔光明！2026全面启动~","https://mp.weixin.qq.com/s/hfV8nGdUDqdud_GceAoxtg","微信读书"
"成功就业","2026-01-13","【岗位直推】1月1日-1月31日，2026届北京高校【人工智能、大数据、低空经济、网络安全专场】网络双选会","https://mp.weixin.qq.com/s/n8c376YXFPQFgd3pzVhDnQ","微信读书"
"成功就业","2026-01-12","双选会预告｜2026年一月“寒假暖心促就业行动”系列网络双选会","https://mp.weixin.qq.com/s/gMiDRkFmBsoVrMkKum1ICg","微信读书"
"成功就业","2026-01-12","【招聘】中央统战部直属事业单位2026年度应届高校毕业生公开招聘公告","https://mp.weixin.qq.com/s/yuMJ8E67IGfDolUMoZsvpQ","微信读书"
"成功就业","2026-01-12","【招聘】中国新闻社2026年度公开招聘应届高校毕业生公告","https://mp.weixin.qq.com/s/bjZvYgS3s5rIqS7mnuXmUw","微信读书"
"成功就业","2026-01-12","【招聘】民族团结杂志社2026年度面向社会公开招聘公告","https://mp.weixin.qq.com/s/gKxO9q76Djs7ajkWVoSUMg","微信读书"
"成功就业","2026-01-12","【岗位直推】1月1日-1月31日，2026届北京高校【高职院校联合专场】网络双选会","https://mp.weixin.qq.com/s/L9rwVxE1OScYDL0t3vx53w","微信读书"
"成功就业","2026-01-09","新一轮“双一流”建设将启动","https://mp.weixin.qq.com/s/naLUEXfSke6MbYGW0i6nZQ","微信读书"
"成功就业","2026-01-09","【政策资讯】创业政策每周汇(2026001)","https://mp.weixin.qq.com/s/2y-saBsuf7tHcy34irlKyQ","微信读书"
"成功就业","2026-01-09","【招聘】中国标准化研究院办公室法律事务岗企业编制职工招聘公告","https://mp.weixin.qq.com/s/kKByfWpNeVuUOA34GU3aCA","微信读书"
"成功就业","2026-01-09","【招聘】电科国际2026年校园招聘全面启动","https://mp.weixin.qq.com/s/RY_0dhEjYg_-dXgfj3BL4g","微信读书"
"成功就业","2026-01-09","【招聘】北京市东城区教育委员会所属事业单位2026年第一批公开招聘公告","https://mp.weixin.qq.com/s/YNRFOz1PzDjX4uKgNJPJfw","微信读书"
"成功就业","2026-01-08","【招聘】北京市事业单位公开招聘汇总（20260108）","https://mp.weixin.qq.com/s/nLp59Eeqhj03yfnqHC-wSg","微信读书"
"成功就业","2026-01-08","【招聘】北京十二中教育集团和义学校拟招聘中学教师","https://mp.weixin.qq.com/s/JKgGDhIZZ6DI52OTmhl5KA","微信读书"
"成功就业","2026-01-08","【大创榜young】医凝科技——健康监测领域水凝胶国际领航者","https://mp.weixin.qq.com/s/yjX7Umk9CYBBBpiDKG67NQ","微信读书"
"成功就业","2026-01-07","【招聘】最高人民检察院接收2026年法律实习生公告","https://mp.weixin.qq.com/s/jGAwUFSUNieUnUTvcEIvIA","微信读书"
"成功就业","2026-01-07","【招聘】 人民网2026年校园招聘公告","https://mp.weixin.qq.com/s/VY1OzT6AK9CaYPprgF3lTA","微信读书"
"成功就业","2026-01-07","【就业典型】北京工业大学任靖祎--属于我的橄榄绿青春","https://mp.weixin.qq.com/s/SMtzLgUu9APHc8E83lGBeQ","微信读书"
"成功就业","2026-01-06","【招聘】北京市事业单位公开招聘汇总（20260106）","https://mp.weixin.qq.com/s/zB0gZvpuo7lyjFIppmvuqw","微信读书"
"成功就业","2026-01-06","【岗位直推】1月1日-1月31日，2026届北京高校【央国企专场】网络双选会","https://mp.weixin.qq.com/s/meP5v_b2NxhtwulEnx0StQ","微信读书"
"成功就业","2026-01-05","讲座预告│“京彩助梦 成功就业”--本月三场公益课：AI求职工具、岗位求职规划、2026征兵政策解读","https://mp.weixin.qq.com/s/zPoERJlYcSVIFH-uBb5kxg","微信读书"
"成功就业","2026-01-05","【招聘】北京市第一七一中学石景山分校2026年招聘公告 | 博士生专场","https://mp.weixin.qq.com/s/KiY8YrKQTtrktHDKQiabNA","微信读书"
"成功就业","2026-01-05","【招聘】20个编制！500+岗位！开年来光明，“求职＋逛吃”一条龙","https://mp.weixin.qq.com/s/smv9JIOslMcKlj1Tu7gmow","微信读书"
"成功就业","2026-01-05","【就业典型】北京财贸职业学院黄慧--雪域高原绽放的格桑花","https://mp.weixin.qq.com/s/I6ldZVn5xZODgd1YusNpWQ","微信读书"
"成功就业","2026-01-04","双选会｜2026年一月“寒假暖心促就业行动”系列网络双选会","https://mp.weixin.qq.com/s/b9FTnzXwOU_xd6u5XTXThw","微信读书"
"成功就业","2026-01-04","【招聘】自然资源部所属单位2026年度公开招聘工作人员公告（第一批）","https://mp.weixin.qq.com/s/bQNo6jxgoxujDaCAg63JpQ","微信读书"
"成功就业","2026-01-04","【招聘】中国水产科学研究院2026年度第一批统一公开招聘公告","https://mp.weixin.qq.com/s/7_IfMDLdtg6fAEMj-MxS1A","微信读书"
"成功就业","2026-01-04","【招聘】石景山区教育系统事业单位面向应届博士毕业生公开招聘公告","https://mp.weixin.qq.com/s/H2aAEuyfi1YwQ6dSUqqkWw","微信读书"
"成功就业","2026-01-01","你好，2026！","https://mp.weixin.qq.com/s/9u2IZudK_Wg-0HNFN-hMIA","微信读书"
"成功就业","2025-12-31","奋进2025：守正创新，未来可期","https://mp.weixin.qq.com/s/W09-xeNtJ02ghmAT2F6Drw","微信读书"
"成功就业","2025-12-31","【招聘】北京市事业单位公开招聘汇总（20251231）","https://mp.weixin.qq.com/s/ECx20oMLssuon8t_VQTR2A","微信读书"
"成功就业","2025-12-31","【就业典型】北京邮电大学黄国奇--扎根西部铸青春，科研为国显担当","https://mp.weixin.qq.com/s/c0GFhCcp1LGJWgj4zaY-xg","微信读书"
"成功就业","2025-12-31","【岗位直推】1月1日-1月31日，2026届北京高校【央国企专场】网络双选会","https://mp.weixin.qq.com/s/3AmZr8qJIvA21hBYAFLsbA","微信读书"
"成功就业","2025-12-31","【岗位直推】1月1日-1月31日，2026届北京高校【高职院校联合专场】网络双选会","https://mp.weixin.qq.com/s/Y-pxqQVr5SFL93H2Iu1Uuw","微信读书"
"成功就业","2025-12-30","【招聘】北京市事业单位公开招聘汇总（20251230）","https://mp.weixin.qq.com/s/WdT95aanRBOVmaLSkipCtA","微信读书"
"成功就业","2025-12-30","【就业典型】北京服装学院江永丽--以热爱为笔，绘就多彩青春篇章","https://mp.weixin.qq.com/s/MpFzbQFqfgiLCVoWKr1WaA","微信读书"
"成功就业","2025-12-30","【岗位直推】1月1日-1月31日，2026届北京高校【新年首场】网络双选会","https://mp.weixin.qq.com/s/7xeEgKfvmxagWhhLWZ-sJQ","微信读书"
"成功就业","2025-12-30","【岗位直推】1月1日-1月31日，2026届北京高校【人工智能、大数据、低空经济、网络安全专场】网络双选会","https://mp.weixin.qq.com/s/16jrmhtjMpSgxNpdUxPMoA","微信读书"
"成功就业","2025-12-30","【岗位直推】1月1日-1月31日，2026届北京高校【本科院校联合专场】网络双选会","https://mp.weixin.qq.com/s/2nV-KtsJu49d8SubJgcLSQ","微信读书"
"成功就业","2025-12-29","求职不断线！2026年一月“寒假暖心促就业行动”系列网络双选会","https://mp.weixin.qq.com/s/4svhZs0McCm-Kw6Q2nT1dQ","微信读书"
"成功就业","2025-12-29","【招聘】西城区教委所属事业单位公开招聘工作人员公告","https://mp.weixin.qq.com/s/KUDGGyIpbz-jbosgnUbTGA","微信读书"
"成功就业","2025-12-29","【招聘】北京市密云区卫生健康委员会关于2025年第五次公开招聘事业单位工作人员的公告","https://mp.weixin.qq.com/s/xqxIVfyfY8GCWL8OUJcaDw","微信读书"
"成功就业","2025-12-29","【招聘】北京市朝阳区教育委员会所属事业单位面向应届毕业生及出站博士后公开招聘公告","https://mp.weixin.qq.com/s/JpqUoXAwaVBb9cmvhkG6yQ","微信读书"
"成功就业","2025-12-26","【政策资讯】创业政策每周汇(2025043)","https://mp.weixin.qq.com/s/cpErm6V26CHUnh8RaN1fiw","微信读书"
"成功就业","2025-12-26","【招聘】中国农业科学院2026年度第一批统一公开招聘公告","https://mp.weixin.qq.com/s/T-zIfRJEJDkiI3ppX2BBSw","微信读书"
"成功就业","2025-12-25","【招聘】中国科协所属单位2026年度公开招聘应届高校毕业生公告","https://mp.weixin.qq.com/s/iH-ePKC9pwpW3f6DSvwaow","微信读书"
"成功就业","2025-12-25","【大创榜young】禾士星元——首创液体活检技术，开启心理和精神疾病精准诊断新时代","https://mp.weixin.qq.com/s/WFOZzW0GJ_4i86H1Al13Bw","微信读书"
"成功就业","2025-12-24","【招聘】中国民航科学技术研究院2026年度公开招聘公告","https://mp.weixin.qq.com/s/66mt6BfbqNEiHlJw533ISg","微信读书"
"成功就业","2025-12-24","【招聘】中国金融电子化集团有限公司2026年度校园招聘公告","https://mp.weixin.qq.com/s/CzrwtpCnzfkA5NUT0YawkA","微信读书"
"成功就业","2025-12-24","【招聘】首都医科大学附属北京口腔医院学科带头人公开招聘公告","https://mp.weixin.qq.com/s/2IZG-agk87nm0fnopP8ALw","微信读书"
"成功就业","2025-12-24","【就业典型】北京航空航天大学钟锐--以技术赋能政务，用初心深耕岗位","https://mp.weixin.qq.com/s/--uVEybLuHHmABYIWbwVvg","微信读书"
"成功就业","2025-12-23","【直播预告】不必等春风拂面！“雁栖计划”暖冬直播送岗啦！快来看→","https://mp.weixin.qq.com/s/Ep0-_TtWB1WCguBYI4o9Wg","微信读书"
"成功就业","2025-12-23","【招聘】海淀10所中小学急需岗位，快来看看~","https://mp.weixin.qq.com/s/NsQSp6p-Znu6EYvNPtdRWQ","微信读书"
"成功就业","2025-12-23","【就业典型】北京汇佳职业学院马千惠--逐梦学前，以爱为帆","https://mp.weixin.qq.com/s/qmRN-vaYDaoU848ouQ9m6g","微信读书"
"成功就业","2025-12-22","【招聘】中国物流2026校园招聘公告","https://mp.weixin.qq.com/s/Z9f8pkiCPviI8QRP3pxtfg","微信读书"
"成功就业","2025-12-22","【招聘】首都医科大学附属北京同仁医院门头沟医院（北京市门头沟区医院）面向社会引进高层次医疗卫生技术人才公告","https://mp.weixin.qq.com/s/9Ii6GQXtfTWqBxNcLuuNRQ","微信读书"
"成功就业","2025-12-22","【招聘】交通运输部所属事业单位2026年度第三批统一公开招聘公告","https://mp.weixin.qq.com/s/LhL8cmwD8ws7VMBt4D7-lg","微信读书"
"成功就业","2025-12-22","【招聘】海淀教委近期事业单位招聘信息汇总（12月22日）","https://mp.weixin.qq.com/s/C7idSp467NpyAYHJx3KgfQ","微信读书"
"成功就业","2025-12-19","【政策资讯】创业政策每周汇(2025042)","https://mp.weixin.qq.com/s/x3NK-cU2Nk3Y1QBSx7F8Ag","微信读书"
"成功就业","2025-12-19","【招聘】北京市延庆区教育委员会所属事业单位人才引进公开招聘公告","https://mp.weixin.qq.com/s/rTOx1ZQd7__qlEgKDvzt9w","微信读书"
"成功就业","2025-12-18","【招聘】中国人民对外友好协会所属事业单位2026年公开招聘工作人员公告","https://mp.weixin.qq.com/s/a0L1l6Z1i6en-egBrwsamQ","微信读书"
"成功就业","2025-12-18","【招聘】北京肿瘤医院社会人员公开招聘公告","https://mp.weixin.qq.com/s/vdiAMWQwzYh_W-3a5UfGVw","微信读书"
"成功就业","2025-12-18","【大创榜young】SuperRobot——智能消杀巡检机器人","https://mp.weixin.qq.com/s/iXtrVGQ2oYPmGTNRkwqRyA","微信读书"
"成功就业","2025-12-17","2026届北京高校毕业生就业创业工作会议召开","https://mp.weixin.qq.com/s/P4R1F4sZEgNhKsNNqicV6Q","微信读书"
"成功就业","2025-12-17","【招聘】中央党校（国家行政学院）2026年度其他专业技术岗位公开招聘公告","https://mp.weixin.qq.com/s/4MGgGpYkrwpXJCClLBzOIQ","微信读书"
"成功就业","2025-12-17","【招聘】中央党校（国家行政学院）2026年度教师岗位公开招聘公告","https://mp.weixin.qq.com/s/PIhGmk3-CSLJ2a6LXei4BQ","微信读书"
"成功就业","2025-12-17","【招聘】北京石油化工学院2025年第四批辅导员及管理岗公开招聘公告","https://mp.weixin.qq.com/s/L8PIiu_pN0fdJw3tl49--g","微信读书"
"成功就业","2025-12-17","【就业典型】北京林业大学金哲宇--环保市容肩使命，军魂熔铸志轩昂","https://mp.weixin.qq.com/s/9G-9HJ_tayEf3VY-M4oMOg","微信读书"
"成功就业","2025-12-16","【招聘】中华护理学会公开招聘公告","https://mp.weixin.qq.com/s/sUEUrwS_LIbgREDEaoNtYQ","微信读书"
"成功就业","2025-12-16","【展位安排】12月17日下午，两场主题双选会，机遇不容错过","https://mp.weixin.qq.com/s/WEyw-d_iLqj2g3iayhPBKg","微信读书"
"成功就业","2025-12-16","【就业典型】中华女子学院白志粉--守初心、担使命，做那扎根基层的种子","https://mp.weixin.qq.com/s/N7kTCcmw--tcjKtOxUCUQQ","微信读书"
"成功就业","2025-12-15","【招聘】首都医科大学附属北京友谊医院2025年公开招聘工作人员公告","https://mp.weixin.qq.com/s/hZBbJak68R-3kCHejwgSYQ","微信读书"
"成功就业","2025-12-15","【招聘】海淀教育诚邀全国优秀教师共创未来","https://mp.weixin.qq.com/s/_ZiRkWTxzBqI6kwfOKfwHw","微信读书"
"成功就业","2025-12-15","【招聘】海淀教委近期事业单位招聘信息汇总（12月15日）","https://mp.weixin.qq.com/s/Rxc1dbJOPnG3QY9pvy4LlQ","微信读书"
"成功就业","2025-12-15","【展位安排】12月17日下午，两场主题双选会，机遇不容错过","https://mp.weixin.qq.com/s/KMRdedf8QZjUayMcD8nfGg","微信读书"
"成功就业","2025-12-12","【政策资讯】创业政策每周汇(2025041)","https://mp.weixin.qq.com/s/-8jJL3OsEfvKoEjJxg47Jw","微信读书"
"成功就业","2025-12-12","【招聘】中国作家协会所属单位2026年度公开招聘工作人员公告","https://mp.weixin.qq.com/s/JUX-Wa6TTHyjUjMJl9Ay4w","微信读书"
"成功就业","2025-12-12","【招聘】中国红十字会总会所属在京事业单位2026年度应届高校毕业生公开招聘公告","https://mp.weixin.qq.com/s/vBEmozrRtmZOnH47GJFAow","微信读书"
"成功就业","2025-12-12","【招聘】共青团中央所属单位2026年度高校毕业生公开招聘公告","https://mp.weixin.qq.com/s/vMCWXoq54aetp-438q5QVw","微信读书"
"成功就业","2025-12-11","研考倒计时！这些事一定要注意——","https://mp.weixin.qq.com/s/mpCJwkHgtlsfHd0RtS0DkA","微信读书"
"成功就业","2025-12-11","关于举办初级技术经理人专项培训班(第一期)的通知","https://mp.weixin.qq.com/s/eUdUeSYST_UarKfbkX5chA","微信读书"
"成功就业","2025-12-11","【招聘】北京市事业单位公开招聘汇总（20251211）","https://mp.weixin.qq.com/s/rb3jAKdgH5Ww-3JCIf_Tbg","微信读书"
"成功就业","2025-12-11","【大创榜young】情“冀”药香——打造中医药文创赋能乡村振兴的新范式","https://mp.weixin.qq.com/s/_BQjQIoF5RW0nI9CwnNqVw","微信读书"
"成功就业","2025-12-10","工会帮就业 就业在北京 | 12月12日（周五）下午2点，门头沟区企业招聘专场直播活动，足不出户找到“就近就业”机会！","https://mp.weixin.qq.com/s/oDc3MNyrIE1iZUPi5aeWuA","微信读书"
"成功就业","2025-12-10","【招聘】北京市事业单位公开招聘汇总（20251210）","https://mp.weixin.qq.com/s/Vm99ATBoNvfZtBeqzkoZcg","微信读书"
"成功就业","2025-12-10","【就业典型】北京科技职业大学于瀛--以初心为炬，赴时代之约","https://mp.weixin.qq.com/s/RWYXUkEFbxJ6mwFU2pEvCw","微信读书"
"成功就业","2025-11-17","青春建功正当时！2025年北京高校就业创业先进典型首场宣讲活动回顾","https://mp.weixin.qq.com/s/lDcK1xLFLV_fPtsKR-WjeA","微信读书"
"成功就业","2025-11-17","【招聘】东城区教育委员会所属事业单位2025年高层次人才公开招聘公告","https://mp.weixin.qq.com/s/Zj35eShGUpmCD6jHhNIrIw","微信读书"
"成功就业","2025-11-17","【展位安排】11月19日下午，“金秋启航”京津冀地区2026届高校毕业生大型双选会","https://mp.weixin.qq.com/s/zBW5oDBR2XBV7v2MWB02HA","微信读书"
"成功就业","2025-11-14","免租半年！海淀区面向毕业生提供住房","https://mp.weixin.qq.com/s/MSvwI327hLV01k5K2PAz1g","微信读书"
"成功就业","2025-11-14","2025年高校就业精准指导能力提升培训顺利举办","https://mp.weixin.qq.com/s/L8NCFa_hm0uPFsAg4g5ejQ","微信读书"
"成功就业","2025-11-14","【政策资讯】创业政策每周汇(2025037)","https://mp.weixin.qq.com/s/76Fx7hE5f7hKa9T6My4glQ","微信读书"
"成功就业","2025-11-14","【招聘】首都师范大学附属育新学校招聘公告","https://mp.weixin.qq.com/s/qcmJMhWDEjSe4gulvFsChg","微信读书"
"成功就业","2025-11-14","【招聘】北京市事业单位公开招聘汇总（20251114）","https://mp.weixin.qq.com/s/YYDZpl-vv_5znoKq_zNumg","微信读书"
"成功就业","2025-11-13","第七届雄安新区人才智力交流大会将于11月15日举办","https://mp.weixin.qq.com/s/xVxFlJJFWf2ht6dbtQ6mXw","微信读书"
"成功就业","2025-11-13","【招聘】中国绿发2026年校园招聘正式启动","https://mp.weixin.qq.com/s/sPa56b67q-nVuyR7rE9PBg","微信读书"
"成功就业","2025-11-13","【招聘】教育部直属事业单位2026年度公开招聘公告（应届生）","https://mp.weixin.qq.com/s/c-CbEWqOtAjR-fccM0pA6Q","微信读书"
"成功就业","2025-11-13","【招聘】北京市事业单位公开招聘汇总（20251113）","https://mp.weixin.qq.com/s/kzM5ztYkWRaCcBalSilzXw","微信读书"
"成功就业","2025-11-13","【岗位直推】11月17日“京彩就业”通州教委所属单位人才供需专场洽谈会","https://mp.weixin.qq.com/s/XJYWsGtXZo0JWzAdSTn4bQ","微信读书"
"成功就业","2025-11-13","【大创榜young】博览“谷”今——新型多光谱相机助力农业智能检测","https://mp.weixin.qq.com/s/p-GzBClK3t6hCHx7HODdRw","微信读书"
"成功就业","2025-11-12","工会帮就业 就业在北京 | 11月18日（下周二）下午1点，2025年专场招聘活动，快来一起解锁职场新可能！","https://mp.weixin.qq.com/s/pBM-bdgeisv8lLgsPpUmzQ","微信读书"
"成功就业","2025-11-12","第七届雄安新区人才智力交流大会将于11月15日举办","https://mp.weixin.qq.com/s/OpzGJ3iWTlK-KUewkLtnpg","微信读书"
"成功就业","2025-11-12","【招聘】首都医科大学附属北京同仁医院面向2026年应届毕业生（含博士后等）公开招聘公告","https://mp.weixin.qq.com/s/jctNomPasokCnLaeSHmaCQ","微信读书"
"成功就业","2025-11-12","【招聘】国务院发展研究中心有关直属事业单位2026年度公开招聘工作人员公告","https://mp.weixin.qq.com/s/L5Tghghrsgu-QcPk-psdvg","微信读书"
"成功就业","2025-11-12","【展位安排】11月14日下午，中国科学院大学2026届毕业生生物医药、地学资环类专场双选会","https://mp.weixin.qq.com/s/joqVh6_L5-z7Y-Psxm7m8Q","微信读书"
"成功就业","2025-11-12","【岗位直推】11月19日下午，“金秋启航”京津冀地区2026届高校毕业生大型双选会","https://mp.weixin.qq.com/s/4cDqsAPGjsttX8Lc_8tz7g","微信读书"
"成功就业","2025-11-11","第四届“京彩大创”北京大学生创新创业大赛圆满收官","https://mp.weixin.qq.com/s/B9eWe1XBPC0CfMivIhBYTA","微信读书"
"成功就业","2025-11-11","【岗位直推】11月13日下午，“京彩就业”海淀区教委所属事业单位教师专场双选会（北京师范大学专场）","https://mp.weixin.qq.com/s/fH7bHJ-zITyABQTOGvx53w","微信读书"
"成功就业","2025-11-11","【岗位直推】11月10日-14日，北京科技职业大学2026届高校毕业生网络双选会（仅限本校学生参加）","https://mp.weixin.qq.com/s/_jEtRV_cGEU-tKFmLPkBTw","微信读书"
"成功就业","2025-11-10","讲座预告│“京彩助梦 成功就业”--本月两场公益课：2026年国家公务员考试行测备考提分技巧、申论备考提分技巧","https://mp.weixin.qq.com/s/U6oFD7an0JYzfUxh1nF3Yw","微信读书"
"成功就业","2025-11-10","【招聘】湖北港口集团启动2025年秋季校园招聘","https://mp.weixin.qq.com/s/TQRisVwXblc1CkiipQNZKA","微信读书"
"成功就业","2025-11-10","【展位安排】11月12日下午，两场主题双选会等你来参加","https://mp.weixin.qq.com/s/9PuAEkNUCt1lhrwqxRvNIw","微信读书"
"成功就业","2025-11-07","关于诚邀参加第七届“雄安新区人才智力交流大会”的函","https://mp.weixin.qq.com/s/P7G1cyw_b8S8NXaCEo9XDA","微信读书"
"成功就业","2025-11-07","【政策资讯】创业政策每周汇(2025036)","https://mp.weixin.qq.com/s/5BGyZZbHGLv9_MVttckc_Q","微信读书"
"成功就业","2025-11-07","【招聘】海淀5所中小学急需岗位，快来看看~","https://mp.weixin.qq.com/s/TAsor2bUlzQciKoz4B-wHQ","微信读书"
"成功就业","2025-11-07","【招聘】北京市事业单位公开招聘汇总（20251107）","https://mp.weixin.qq.com/s/-T2pT5uy58RLBmy7PmvCaA","微信读书"
"成功就业","2025-11-07","“永远跟党走，到祖国需要的地方建功立业”——2025年北京高校毕业生就业创业先进典型百场宣讲活动正式启动","https://mp.weixin.qq.com/s/leTVbwFisaF2CyC0EmB_YQ","微信读书"
"成功就业","2025-11-06","敬请关注 “成功就业” 视频号 锁定2025年北京高校毕业生就业创业先进典型百场宣讲启动仪式直播","https://mp.weixin.qq.com/s/ej9Sjg38H1u0eaLzoB7Olg","微信读书"
"成功就业","2025-11-06","【招聘】海淀教委近期事业单位招聘信息汇总（11月6日）","https://mp.weixin.qq.com/s/veHslfOPAnr-6MQc3dpx3Q","微信读书"
"成功就业","2025-11-06","【大创榜young】本草逐瘟——全球领先的中药单体纳米佐剂供应商","https://mp.weixin.qq.com/s/oB5ZjPQqjYjcDdWWg0WgpA","微信读书"
"成功就业","2025-11-05","2025年北京地区高校就业创业核心骨干人员培训班成功举办","https://mp.weixin.qq.com/s/zIT-vJSi5ZD5rBYshQx8-Q","微信读书"
"成功就业","2025-11-05","【招聘】全国普通高校毕业生就业创业指导委员会面向2026届高校毕业生开展行业秋季招聘活动（第三批）","https://mp.weixin.qq.com/s/1jT8bN6skrD_s_-Ncr5PWA","微信读书"
"成功就业","2025-11-05","【招聘】海淀教委近期事业单位招聘信息汇总（11月5日）","https://mp.weixin.qq.com/s/0LezrnM4OX9Eg_-aiD1paA","微信读书"
"成功就业","2025-11-05","【招聘】北京市事业单位公开招聘汇总（20251105）","https://mp.weixin.qq.com/s/aoT5Dw2ACSim6CBacLajhw","微信读书"
"成功就业","2025-11-05","【展位安排】11月7日下午，“京彩就业”高校联合生物医药专场秋季双选会（北大医、协和、首医、中医药等高校）","https://mp.weixin.qq.com/s/pjDMfF1L3yu5yvMkG14YRg","微信读书"
"成功就业","2025-11-04","【招聘】北京市事业单位公开招聘汇总（20251104）","https://mp.weixin.qq.com/s/CayUb6wWTyZ1_LbLZaAyIg","微信读书"
"成功就业","2025-11-04","【招聘】北京市各区大学生乡村医生招聘汇总","https://mp.weixin.qq.com/s/sR2cSMG4UQ_vV8khiR97WQ","微信读书"
"成功就业","2025-11-04","【招聘】2026年军队文职人员公开招考，正在报名","https://mp.weixin.qq.com/s/ql2nfV7fKp45QKOrWLHPjg","微信读书"
"成功就业","2025-11-04","【展位安排】11月5日下午，“教育综合专场”“人文社科、财经金融、法律、教育”两场主题双选会","https://mp.weixin.qq.com/s/oH_HrVGJBUJSrTgc3qmanw","微信读书"
"成功就业","2025-11-03","五部门发文，9项措施鼓励高校毕业生在京就业→","https://mp.weixin.qq.com/s/K3sWAcziC-mgWLYD-wEkbg","微信读书"
"成功就业","2025-11-03","2025年高职院校就业精准指导能力提升培训顺利举办","https://mp.weixin.qq.com/s/H4TJ1q7H7nSNP8bSzmzuag","微信读书"
"成功就业","2025-11-03","【招聘】天翼支付科技有限公司2026校园招聘公告","https://mp.weixin.qq.com/s/8D-PBfJltNR4I6InuucBPQ","微信读书"
"成功就业","2025-11-03","【展位安排】11月4日下午，央国企、专精特新与隐形冠军企业主题双选会","https://mp.weixin.qq.com/s/__zvvc1y_GGA0dltKgS9GQ","微信读书"
"成功就业","2025-11-01","双选会日历｜11月双选会如期而至","https://mp.weixin.qq.com/s/-JtkE9Z4Hqf-XciW-2OJyg","微信读书"
"成功就业","2025-11-01","赋能学籍管理服务，护航学生健康成长--2025年北京地区高校学籍学历管理工作专业化培训成功举办","https://mp.weixin.qq.com/s/RXmMkKMbMkjnzIfp77z32A","微信读书"
"成功就业","2025-10-31","@北京学子，你的就业Offer正从丰台发出","https://mp.weixin.qq.com/s/GB_BjvJ3iT7gx54uEkzh0Q","微信读书"
"成功就业","2025-10-31","【政策资讯】创业政策每周汇(2025035)","https://mp.weixin.qq.com/s/d0J-4GU0pdJC7E7NBaAdvw","微信读书"
"成功就业","2025-10-31","【招聘】2025年海淀区教委所属事业单位人才引进公开招聘工作人员公告","https://mp.weixin.qq.com/s/eBMEzCwwE2E6TLSc1WdtPw","微信读书"
"成功就业","2025-10-31","【岗位直推】11月7日下午，“京彩就业”高校联合生物医药专场秋季双选会（北大医、协和、首医、中医药等高校）","https://mp.weixin.qq.com/s/aYw_dp7JzCwcvrSdBi-YqA","微信读书"
"成功就业","2025-10-31","【岗位直推】11月5日下午，“教育综合专场”“人文社科、财经金融、法律、教育”两场主题双选会","https://mp.weixin.qq.com/s/eaVLNvBs0CuYpNJDrfpagA","微信读书"
"成功就业","2025-10-31","【岗位直推】11月4日下午，央国企、专精特新与隐形冠军企业主题双选会","https://mp.weixin.qq.com/s/0ZMZsP1tf8AM6qMKbN5WxQ","微信读书"
"成功就业","2025-10-30","广纳英才·聚智兴蒙｜2025年内蒙古赴区外专项引才活动","https://mp.weixin.qq.com/s/VJNwgNTTaqlx3PhGVLIhow","微信读书"
"成功就业","2025-10-30","【岗位直推】11月3日下午，“京彩就业”东城区教委所属事业单位教师专场招聘会（北京师范大学专场）","https://mp.weixin.qq.com/s/qzxvUefte1T5TH565BH9tQ","微信读书"
"成功就业","2025-10-30","【大创榜young】北京上品极致科技有限公司——衔接科技最后一公里！","https://mp.weixin.qq.com/s/Gd7QJqEZ4FDP-DTqOPFu8A","微信读书"
"成功就业","2025-10-29","未来五年教育怎么干？“十五五”规划建议指明方向","https://mp.weixin.qq.com/s/TDwyHDsY1PxqJa0REk6GYg","微信读书"
"成功就业","2025-10-29","【招聘】润耀新生，共建未来 | 华润建材科技2026届校园招聘正式启动","https://mp.weixin.qq.com/s/Xw7RpRTMEtueFVMG4BDjqw","微信读书"
"成功就业","2025-10-29","【招聘】北京市事业单位公开招聘汇总（20251029）","https://mp.weixin.qq.com/s/o7GNjNakvekDs9DfOYsW9w","微信读书"
"成功就业","2025-10-28","广纳英才·聚智兴蒙｜2025年内蒙古赴区外专项引才活动","https://mp.weixin.qq.com/s/s-HNhPz_L9bjqI8_fJ7iKQ","微信读书"
"成功就业","2025-10-28","10月30日14:00｜“智汇内蒙 才聚党校”内蒙古自治区党校（行政学院）系统引进人才专场招聘会","https://mp.weixin.qq.com/s/ZD9U4HoN3X4tQd56lHyBPQ","微信读书"
"成功就业","2025-10-28","【岗位直推】10月30日下午，“京彩就业”2026届学院南路片区高校联合专场双选会","https://mp.weixin.qq.com/s/Ij43jCCClIT7k5hYf3p57g","微信读书"
"成功就业","2025-10-27","广纳英才 · 聚智兴蒙｜2025年内蒙古赴区外专项引才活动即将启动！","https://mp.weixin.qq.com/s/J8IaAWgTSPIpbcPRyZPZqw","微信读书"
"成功就业","2025-10-27","@人大同学，丰台为你量身打造的就业岗位『来了』！","https://mp.weixin.qq.com/s/S_K5HZetG6Z75DD469be4g","微信读书"
"成功就业","2025-10-27","【招聘】全国普通高校毕业生就业创业指导委员会面向2026届高校毕业生开展行业秋季招聘活动（第二批）","https://mp.weixin.qq.com/s/7oEa-zSG8JdaPeDE30ArQw","微信读书"
"成功就业","2025-10-27","【招聘】北京市朝阳区卫生健康委员会所属事业单位2025年第三批公开招聘工作人员公告","https://mp.weixin.qq.com/s/QNVCs61UIxVG_C9hQtabSg","微信读书"
"成功就业","2025-10-27","【岗位直推】10月28日下午，三场主题双选会如期举办","https://mp.weixin.qq.com/s/aVVTyGEjxQd87D6gfNfpLQ","微信读书"
"成功就业","2025-10-26","10月30日14:00｜“智汇内蒙 才聚党校”内蒙古自治区党校（行政学院）系统引进人才专场招聘会","https://mp.weixin.qq.com/s/9d_oLXK05fDE_ExKJh28QQ","微信读书"
"成功就业","2025-10-25","广纳英才 · 聚智兴蒙|2025年内蒙古赴区外专项引才活动即将启动！","https://mp.weixin.qq.com/s/bkXRj02pAhMg_tmUqyhGng","微信读书"
"成功就业","2025-10-24","广纳英才 · 聚智兴蒙|2025年内蒙古赴区外专项引才活动即将启动！","https://mp.weixin.qq.com/s/eKpFf5Loq4tK59fdkOAvGQ","微信读书"
"成功就业","2025-10-24","2025年北京高校职业规划与就业指导骨干师资培训顺利举办","https://mp.weixin.qq.com/s/58jv1I2S-QVgdcEjoJwmVw","微信读书"
"成功就业","2025-10-24","【政策资讯】创业政策每周汇(2025034)","https://mp.weixin.qq.com/s/7nZlMmY6xbMR9GWczw9RZA","微信读书"
"成功就业","2025-10-24","【招聘】中国旅游集团总部岗位公开招聘","https://mp.weixin.qq.com/s/vFDvrkMiWm7OhIqT3Iyi2w","微信读书"
"成功就业","2025-10-24","【招聘】中国诚通控股集团有限公司2026届校园招聘公告","https://mp.weixin.qq.com/s/bUREtTVPP585_2OqtDTyhQ","微信读书"
"成功就业","2025-10-24","【招聘】北京市尖垡留置管理中心2025年公开招聘事业单位工作人员公告","https://mp.weixin.qq.com/s/Qnqxrpjtroy55YrtBPgAOQ","微信读书"
"成功就业","2025-10-24","【招聘】北京高校大学生就业创业指导中心招聘工作人员公告","https://mp.weixin.qq.com/s/DKoXY4elbYQ314TfyIfN5w","微信读书"
"成功就业","2025-10-24","【大创榜young】送智下乡，点绿成金——乳腺癌创新疗法实践者","https://mp.weixin.qq.com/s/7P6SyhiBfoRZLraQGM_etw","微信读书"
"成功就业","2025-10-23","倒计时1天！呼和浩特市发展及人才招引推介会即将开启","https://mp.weixin.qq.com/s/uKkTekHi_Eg7dFe9unINhg","微信读书"
"成功就业","2025-10-23","【招聘】中国水利水电科学研究院2026年度公开招聘工作人员公告","https://mp.weixin.qq.com/s/ve3gYmtNRpgKzvTPjPRB2Q","微信读书"
"成功就业","2025-10-23","【招聘】国机集团总部及所属企业2026校园招聘公告","https://mp.weixin.qq.com/s/EpEeK5C_RsEErrVQBsZbbg","微信读书"
"成功就业","2025-10-22","第四届“京彩大创”北京大学生创新创业大赛总决赛排位赛圆满落幕","https://mp.weixin.qq.com/s/b2lqIiKS0JbFpmif40uc6Q","微信读书"
"成功就业","2025-10-22","【招聘】海淀多所中小学博士研究生教师招募，快来看看~","https://mp.weixin.qq.com/s/6775AxuizJcZw_dezLwrCQ","微信读书"
"成功就业","2025-10-22","【招聘】北科大招聘！110人！","https://mp.weixin.qq.com/s/eAsqQLKVGAkNWN-0swwj4g","微信读书"
"成功就业","2025-10-22","【招聘】爱在吾悦·同新同行——新城控股2026年校园招聘正式启动！","https://mp.weixin.qq.com/s/3o__TXRBWwz9yxYY4RNanA","微信读书"
"成功就业","2025-10-22","【倒计时2天】呼和浩特市发展及人才招引推介会即将开启","https://mp.weixin.qq.com/s/xr_w06DlKuzodOsd7rmbLQ","微信读书"
"成功就业","2025-10-21","速看！2025年海南省“封关拓新局·四城同办”校招活动（北京站）具体行程及用人单位一览","https://mp.weixin.qq.com/s/kaKn-JyRtNSO-ixGyalyIA","微信读书"
"成功就业","2025-10-21","全国普通高校毕业生就业创业指导委员会面向2026届高校毕业生开展行业秋季招聘活动","https://mp.weixin.qq.com/s/TF4yuV4xbmCLjrO2zxsTBg","微信读书"
"成功就业","2025-10-21","北京高校学子专属！2025年北京高校大学生留学咨询展，为你开启世界名校之门！","https://mp.weixin.qq.com/s/vVy3A_r9pHMz2Gf44huZJg","微信读书"
"成功就业","2025-10-21","北京·怀柔“雁栖计划”发车！824个高薪岗位，毕业乐享“神仙生活”","https://mp.weixin.qq.com/s/EI3DNHOLwW-48qb8n1BzzA","微信读书"
"成功就业","2025-10-21","2025“魅力南京”｜百校巡回招引北京地区专场招聘会","https://mp.weixin.qq.com/s/B8LiN2E6AzM3Iov72pkHmQ","微信读书"
"成功就业","2025-10-21","【展位安排】10月23日下午，英才聚首 筑梦京企 | “京企直聘”北京市管企业2026届毕业生秋季校园招聘综合场","https://mp.weixin.qq.com/s/yGxyu5J7g0DH_iOCD-6hUQ","微信读书"
"成功就业","2025-10-21","【倒计时3天】免笔试 呼和浩特742个事业编福利震撼来袭","https://mp.weixin.qq.com/s/j2cZ7l5clU_Riem7ZLqgoA","微信读书"
"成功就业","2025-10-20","讲座预告│“京彩助梦 成功就业”--本月两场公益课：大学生职业规划大赛解析与备赛、职业规划","https://mp.weixin.qq.com/s/F8lfsweFVplBp5PYips0ig","微信读书"
"成功就业","2025-10-20","【招聘】海淀教委近期事业单位招聘信息汇总（10月20日）","https://mp.weixin.qq.com/s/cle2I1NlpKY2Wmia9i779w","微信读书"
"成功就业","2025-10-20","【招聘】北京高校大学生就业创业指导中心招聘工作人员公告","https://mp.weixin.qq.com/s/Rcffbd5oZ1D4MduOsAp96w","微信读书"
"成功就业","2025-10-20","【岗位直推】10月22日3场双选会同期举办，还有形象礼仪沙龙等你来","https://mp.weixin.qq.com/s/54ZmhdgM1pt8EC8WayewLA","微信读书"
"成功就业","2025-10-17","10月24日下午，青心于此 城心相邀｜呼和浩特市发展及人才招引推介会","https://mp.weixin.qq.com/s/umZcFkBADxwI4RiAcI7fMw","微信读书"
"成功就业","2025-10-17","【政策资讯】创业政策每周汇(2025033)","https://mp.weixin.qq.com/s/GqV9q_uLjIkUde642q5iOg","微信读书"
"成功就业","2025-10-17","【招聘】中国能建2026届全球校园招聘","https://mp.weixin.qq.com/s/CHp5TLVwOQBRUkJ1kwZYpg","微信读书"
"成功就业","2025-10-17","【招聘】中国航空工业集团特种所2026校园招聘公告","https://mp.weixin.qq.com/s/SazL-n72hZdY3UXVDPbLUA","微信读书"
"成功就业","2025-10-17","【岗位直推】10月23日下午，英才聚首 筑梦京企 | “京企直聘”北京市管企业2026届毕业生秋季校园招聘综合场","https://mp.weixin.qq.com/s/P6qzoe5GAyJLPxUFcVNz6A","微信读书"
"成功就业","2025-10-17","【大创榜young】雲氷舞集——走向国际的中国花样滑冰品牌","https://mp.weixin.qq.com/s/JYYqn4zML2W1YEdVOkvJsQ","微信读书"
"成功就业","2025-10-16","加入映像空间——用AI重塑影视，让未来触手可及！","https://mp.weixin.qq.com/s/_bhHht5ajDSRGTzdyNqIlA","微信读书"
"成功就业","2025-10-16","【双选会】10月中下旬秋招压轴双选会，Offer机会不容错过！","https://mp.weixin.qq.com/s/Ko38jgZ_O7NHTv1UTxLKBA","微信读书"
"成功就业","2025-10-15","【招聘】中国航空无线电电子研究所2026校园招聘公告","https://mp.weixin.qq.com/s/UJYZOlZh3rUYNUpJBV4Ncg","微信读书"
"成功就业","2025-10-15","【招聘】中国电信旗下辰安科技2026校园招聘公告","https://mp.weixin.qq.com/s/v9kJF281Hg-aQJ3v4VkfRA","微信读书"
"成功就业","2025-10-14","国考报名，即将开始！共计划招录3.81万人","https://mp.weixin.qq.com/s/EE25WJpDrO8FTOJosvtPtw","微信读书"
"成功就业","2025-10-14","广纳英才 · 聚智兴蒙|2025年内蒙古赴区外专项引才活动即将启动！","https://mp.weixin.qq.com/s/NrYEPuRTILn_ftzOOGCokQ","微信读书"
"成功就业","2025-10-14","北京高校学子专属！2025年北京高校大学生留学咨询展，为你开启世界名校之门！","https://mp.weixin.qq.com/s/G_awwqyM8u5-745Y8wNN_Q","微信读书"
"成功就业","2025-10-14","【招聘】海淀教委近期事业单位招聘信息汇总（10月14日）","https://mp.weixin.qq.com/s/Qh-Ky4zQyKqlnzSPCBxs4w","微信读书"
"成功就业","2025-10-14","【岗位直推】10月17日下午，中国科学院大学2026届毕业生秋季双选会","https://mp.weixin.qq.com/s/Kenh8J2xbSQ7LOk1vEXPfw","微信读书"
"成功就业","2025-10-13","北京高校学子专属！2025年北京高校大学生留学咨询展，为你开启世界名校之门！","https://mp.weixin.qq.com/s/yYGqNvNR0kiG29zHCX7MRA","微信读书"
"成功就业","2025-10-13","10月14日下午，2025“工会帮就业 就业在北京”通州区企业招聘专场直播活动举办","https://mp.weixin.qq.com/s/EgA2qX7F6CO2Q54R_eldTQ","微信读书"
"成功就业","2025-10-13","【展位安排】10月15日下午，“京彩就业”北京航空航天大学2026届毕业生综合双选会","https://mp.weixin.qq.com/s/4ejIu7k2fN4XuyHCIfSdJQ","微信读书"
"成功就业","2025-10-12","【招聘】兴征程 任你闪耀｜兴业银行北京分行2026校园招聘","https://mp.weixin.qq.com/s/52kKrBtrpM53gS5CS0rHNg","微信读书"
"成功就业","2025-10-11","2025年北京高校就业指导课程教学大赛决赛圆满落幕","https://mp.weixin.qq.com/s/SNRbz4QJe6JziBUAF2MLsQ","微信读书"
"成功就业","2025-10-11","【招聘】中国教育出版传媒集团有限公司公开招聘2026年应届高校毕业生公告","https://mp.weixin.qq.com/s/_gS5h7IN2xzazQWUURs82A","微信读书"
"成功就业","2025-10-11","【招聘】航空工业未来机载武器技术协同创新中心2026校园招聘公告","https://mp.weixin.qq.com/s/5_rwZboFTjons78qqU8_HQ","微信读书"
"成功就业","2025-10-10","【政策资讯】创业政策每周汇(2025032)","https://mp.weixin.qq.com/s/4Py1oXWPQnHv18DfDWawaA","微信读书"
"成功就业","2025-10-10","【招聘】全国性体育社会组织2025年秋季公开招聘人员公告","https://mp.weixin.qq.com/s/_Sg6_Nnc7bFeN208Bfkw6Q","微信读书"
"成功就业","2025-10-10","【招聘】国家体育总局2025年事业单位公开招聘人员（秋季）公告","https://mp.weixin.qq.com/s/CVicm7fmEC54J-CkWdmTHg","微信读书"
"成功就业","2025-10-10","【校园双选会】智汇潇湘 才聚湖南｜2025年湖南省促进高校毕业生就业创业专场招聘活动(北京站)","https://mp.weixin.qq.com/s/cA95wpOZ7fryzRqk1BliXA","微信读书"
"成功就业","2025-10-10","【双选会】10月双选会预告，锁定你的心仪Offer！~","https://mp.weixin.qq.com/s/nPEx4pbLHvWXho248rvnCA","微信读书"
"成功就业","2025-10-10","【大创榜young】菁培科技——让青少年享受优质科教资源","https://mp.weixin.qq.com/s/pkGbCUl7i8KB2WLNLojzyw","微信读书"
"成功就业","2025-10-09","【资讯】明日9:00，考研预报名开始！","https://mp.weixin.qq.com/s/qYiWtpj0n4p4Gqem1CSmpw","微信读书"
"成功就业","2025-10-09","【招聘】中国航空工业集团金航数码2026校园招聘公告","https://mp.weixin.qq.com/s/S5uLbWtux-Uv0LPwkM8osQ","微信读书"
"成功就业","2025-10-09","【招聘】中国出版集团有限公司2026校园招聘启动","https://mp.weixin.qq.com/s/UXEC9S5CWG1-qe6ltxBnmA","微信读书"
"成功就业","2025-10-09","【10月12日】智汇潇湘 才聚湖南｜2025年湖南省促进高校毕业生就业创业专场招聘活动(北京站)","https://mp.weixin.qq.com/s/kEQok-hh2wUMRtppCan08A","微信读书"
"成功就业","2025-10-06","分享图片","https://mp.weixin.qq.com/s/2oDt4xk1gnDwaSlbqdO8ew","微信读书"
"成功就业","2025-09-11","【招聘】中国通号2026届校园招聘全面启动！","https://mp.weixin.qq.com/s/GWKwhK3_3RwG5VNumhzBXA","微信读书"
"成功就业","2025-09-11","【招聘】强生2026秋季校园招聘正式启动！","https://mp.weixin.qq.com/s/_5cYZFUXDXpFFc1HpfIStg","微信读书"
"成功就业","2025-09-11","【招聘】吉利控股集团2026届全球校园招聘正式启动","https://mp.weixin.qq.com/s/EH9OKpWURlwE0PjdV-sTew","微信读书"
"成功就业","2025-09-11","【招聘】北京市事业单位公开招聘汇总（20250911）","https://mp.weixin.qq.com/s/c19LGBorIDGYRqVbA_gjrQ","微信读书"
"成功就业","2025-09-11","【招聘】2026 堂堂新生校园招聘正式启动！","https://mp.weixin.qq.com/s/4en-uRmH17fSIPTeeeyhxQ","微信读书"
"成功就业","2025-09-11","【岗位直推】9月16日“京彩就业”2026届北京高校毕业生秋季首场双选会","https://mp.weixin.qq.com/s/v_opzYWBdkzytbV5DMzDGg","微信读书"
"成功就业","2025-09-11","【9月15日】“梦想靠岸”招商银行总行、分行及远程经营服务中心2026校园招聘专场双选会","https://mp.weixin.qq.com/s/P7UWmq8HraLgrbDqVvgs9Q","微信读书"
"成功就业","2025-09-10","【招聘】中国地质调查局发展研究中心2025年度公开招聘工作人员公告","https://mp.weixin.qq.com/s/hKQ0vll9vEedxZxi7ce67g","微信读书"
"成功就业","2025-09-10","【招聘】北京市事业单位公开招聘汇总（20250910）","https://mp.weixin.qq.com/s/oxkudZM3j6rC7Fzl9GfFbA","微信读书"
"成功就业","2025-09-10","【教师节致敬】师恩如光，温暖相伴","https://mp.weixin.qq.com/s/UPd6vsjlaWfQKbdtGVt0tg","微信读书"
"成功就业","2025-09-09","九月求职季：你的offer在这里｜双选会日历","https://mp.weixin.qq.com/s/zKQXY7lJBN_YrH9X_DQzEw","微信读书"
"成功就业","2025-09-09","【招聘】中国电科2026校园招聘公告","https://mp.weixin.qq.com/s/rrj5j2XIWepxK8eSl7mxQg","微信读书"
"成功就业","2025-09-09","【招聘】上海华力2026届校园招聘启动","https://mp.weixin.qq.com/s/uxjlBTLrHTe0a-Pu_O09Vw","微信读书"
"成功就业","2025-09-09","【招聘】国家林业和草原局直属单位2026年第一批公开招聘应届毕业生公告","https://mp.weixin.qq.com/s/AdMfgnHCqe5867K4uNd_7w","微信读书"
"成功就业","2025-09-08","直播预告｜当服贸会遇见秋招季，北京国企开启“云带岗”","https://mp.weixin.qq.com/s/nnYVQVGhbJFyVf4e6eqDPg","微信读书"
"成功就业","2025-09-08","青春如虹，向芯而行 | 上海华力2026届秋季校园招聘启动！","https://mp.weixin.qq.com/s/9X3ZFcUlJ-B9TMExFzkphA","微信读书"
"成功就业","2025-09-08","【直播】“京彩助梦 成功就业”2025下半年教师资格考试&秋招就业形势公益讲座","https://mp.weixin.qq.com/s/KtAzyhPdEupy3zEvZfvneg","微信读书"
"成功就业","2025-09-08","【招聘】小米集团2026届秋季新零售校园招聘正式启动","https://mp.weixin.qq.com/s/krEzXUULb2_woumO5ZyBBA","微信读书"
"成功就业","2025-09-08","【招聘】小米集团2026届秋季汽车销交服校园招聘正式启动","https://mp.weixin.qq.com/s/hSXQ-W2tjvTXQFm1XiiPHg","微信读书"
"成功就业","2025-09-08","【招聘】北京市事业单位公开招聘汇总（20250908）","https://mp.weixin.qq.com/s/RhLq_vt2_1eTi54aafkKoA","微信读书"
"成功就业","2025-09-08","【招聘】北京十二中教育集团和义学校拟招聘中学数学戏剧教师","https://mp.weixin.qq.com/s/5FFjbdZtdFqCY9DB-nAHvg","微信读书"
"成功就业","2025-09-05","【政策资讯】创业政策每周汇（2025028）","https://mp.weixin.qq.com/s/-kWtBsm9U5JyMhQpromNBA","微信读书"
"成功就业","2025-09-05","【招聘会】北京国家会议中心大型招聘会来了！所有求职者请往这里看！","https://mp.weixin.qq.com/s/6buYtM5nuL95fSGyc1jY8A","微信读书"
"成功就业","2025-09-05","【招聘】中国航空工业集团雷达所2026校园招聘公告","https://mp.weixin.qq.com/s/vKfB4PrwHE47G5n5W7BLbg","微信读书"
"成功就业","2025-09-05","【招聘】航天数字2026校园招聘公告","https://mp.weixin.qq.com/s/pY1Auiqu0eXuXFLR8iJnrA","微信读书"
"成功就业","2025-09-05","【招聘】海淀10所中小幼急需岗位，快来看看~","https://mp.weixin.qq.com/s/2fznLU-8iCQRdccyrJ7Eug","微信读书"
"成功就业","2025-09-05","【招聘】北京市事业单位公开招聘汇总（20250905）","https://mp.weixin.qq.com/s/p5NvI2sIATLVqzD04hE3ZA","微信读书"
"成功就业","2025-09-04","【招聘】中国移动2026校园招聘启动！","https://mp.weixin.qq.com/s/NO7p4yBkOjeDquaut8hx7g","微信读书"
"成功就业","2025-09-04","【招聘】嘉士伯中国2026校园招聘正式启动！","https://mp.weixin.qq.com/s/fyb97Rm392svEVdQ0lV8uQ","微信读书"
"成功就业","2025-09-04","【招聘】北京市事业单位公开招聘汇总（20250904）","https://mp.weixin.qq.com/s/9SEAtX8f-xqJsIKGiKXD5g","微信读书"
"成功就业","2025-09-04","【招聘】360集团2026全球校园招聘全面启动！","https://mp.weixin.qq.com/s/QDv-Z_KPVV-38uQSHvipTA","微信读书"
"成功就业","2025-09-04","【大创榜young】梦幻与潮玩，尽在梦工厂","https://mp.weixin.qq.com/s/lERCABiPd81jZ5lantkyWQ","微信读书"
"成功就业","2025-09-03","【招聘】中国邮政2026年度联合校园招聘精彩启程！","https://mp.weixin.qq.com/s/qyFVcqmoRuqMBR_u3kIqYA","微信读书"
"成功就业","2025-09-03","【招聘】中广核2026届校园招聘正式启动！","https://mp.weixin.qq.com/s/jCvQyEPICoTaEsZid4n-7A","微信读书"
"成功就业","2025-09-03","【招聘】华润置地2026届校园招聘正式启动！","https://mp.weixin.qq.com/s/df3dFmjUGbybbZu5smFDYw","微信读书"
"成功就业","2025-09-02","【招聘】中电科技国际贸易有限公司招聘","https://mp.weixin.qq.com/s/JzsyVU_L2lsNVfbZQGpMOQ","微信读书"
"成功就业","2025-09-02","【招聘】上汽大众2026校园招聘正式启动","https://mp.weixin.qq.com/s/lcz09xDlNghrCoMIVttinw","微信读书"
"成功就业","2025-09-02","【招聘】海信集团2026届全球校园招聘正式启动！","https://mp.weixin.qq.com/s/9agGzTcMxuGQNbBSakscTw","微信读书"
"成功就业","2025-09-02","【招聘】海淀教委近期事业单位招聘信息汇总（9月2日）","https://mp.weixin.qq.com/s/M9v5UaA-ZR7sXC5ZEK1q2Q","微信读书"
"成功就业","2025-09-02","【招聘】海淀4所中学急需岗位，快来看看~","https://mp.weixin.qq.com/s/Qfix4LiDnk-BEuvk8iLM3Q","微信读书"
"成功就业","2025-09-02","【招聘】北京市事业单位公开招聘汇总（20250902）","https://mp.weixin.qq.com/s/Mf1J2q0y2vZcwrPKUYJK6g","微信读书"
"成功就业","2025-09-01","【招聘】中国联通新苗计划2026校园招聘正式启动！","https://mp.weixin.qq.com/s/6GwU9a24TOshUlL8f0JiOw","微信读书"
"成功就业","2025-09-01","【招聘】中国华电战略发展研究中心招聘公告","https://mp.weixin.qq.com/s/ONe11MIwiRTTG9JPCPnQVg","微信读书"
"成功就业","2025-09-01","【招聘】中国电信2026校园招聘公告","https://mp.weixin.qq.com/s/O0m-hzUSvHbijpMia_kxzw","微信读书"
"成功就业","2025-09-01","【招聘】国家教育行政学院2025年招聘公告（非事业编）","https://mp.weixin.qq.com/s/jNtA8-x1woWQfBd8JLg0rw","微信读书"
"成功就业","2025-08-29","【政策资讯】创业政策每周汇（2025027）","https://mp.weixin.qq.com/s/LOrWcuh0ojsBEUfXBoxBtA","微信读书"
"成功就业","2025-08-29","【招聘】中国地质科学院地质研究所2025年度公开招聘应届毕业生公告（第三批）","https://mp.weixin.qq.com/s/ZcjYO8KYjrzigatce1ZiqQ","微信读书"
"成功就业","2025-08-29","【招聘】航天二院2026校园招聘公告","https://mp.weixin.qq.com/s/8H_uHTicixJtSA5CC2CxHA","微信读书"
"成功就业","2025-08-28","九月求职季：你的offer在这里｜双选会日历","https://mp.weixin.qq.com/s/c6ICldh9Lqi9sUhF1hYwZg","微信读书"
"成功就业","2025-08-28","2026届毕业生市级双选会场次安排（2025年9月）","https://mp.weixin.qq.com/s/KGigfInqYBUPUQpU5WCbXA","微信读书"
"成功就业","2025-08-28","【招聘】中国电信天翼云2026校园招聘公告","https://mp.weixin.qq.com/s/_QunbOHzZ2iZghk2-Yz3FQ","微信读书"
"成功就业","2025-08-28","【招聘】农业农村部在京事业单位2025年度面向社会公开招聘工作人员公告","https://mp.weixin.qq.com/s/l-Uh_HZ5WADEDAZrLlMkSg","微信读书"
"成功就业","2025-08-28","【招聘】航空工业集团2026校园招聘公告","https://mp.weixin.qq.com/s/9pBt9CRSbwCjj6MS90xDGQ","微信读书"
"成功就业","2025-08-28","【大创榜young】仙授理伤堂——中医康复的国际传播者","https://mp.weixin.qq.com/s/AROs5rDfmryQrHPcIPz5Eg","微信读书"
"成功就业","2025-08-27","【招聘】中国一汽2026校园招聘公告","https://mp.weixin.qq.com/s/ZFeaTHlspSuisWa3hTIvrg","微信读书"
"成功就业","2025-08-27","【招聘】北京市延庆区教育委员会关于2025年第六批公开招聘教师的公告","https://mp.weixin.qq.com/s/x5VlcI8W7yRabjALPBDp2w","微信读书"
"成功就业","2025-08-26","工会帮就业 就业在北京 | 今天下午2点，企业招聘+大学生创业分享直播活动，心动好岗和创业秘笈齐上线！","https://mp.weixin.qq.com/s/I5nQ3PtKzJm-kPFMUPhiiQ","微信读书"
"成功就业","2025-08-26","【招聘】中国华腾2026招聘公告","https://mp.weixin.qq.com/s/pzoX3jnPyJCmLPuJKcMBpQ","微信读书"
"成功就业","2025-08-26","【招聘】航天智能院2026校园招聘公告","https://mp.weixin.qq.com/s/kRZlzfE0kRcQUAyQ8Zo5-g","微信读书"
"成功就业","2025-08-25","【招聘】海淀教委近期事业单位招聘信息汇总（8月25日）","https://mp.weixin.qq.com/s/DBAB0aVkctXURndxu2Homg","微信读书"
"成功就业","2025-08-25","【招聘】北京市顺义区卫生健康委员会2025年第三批公开招聘事业单位工作人员公告","https://mp.weixin.qq.com/s/MWs_WwSAXrSIqs9kpHiXdg","微信读书"
"成功就业","2025-08-22","【政策资讯】创业政策每周汇（2025026）","https://mp.weixin.qq.com/s/MUH9KWkjHqVn9CEdddPqOA","微信读书"
"成功就业","2025-08-22","【招聘】北京市事业单位公开招聘汇总（20250822）","https://mp.weixin.qq.com/s/O56O6wSvyQfpH8a8hS4plQ","微信读书"
"成功就业","2025-08-21","【招聘】北京市事业单位公开招聘汇总（20250821）","https://mp.weixin.qq.com/s/kflPd1H-ktsSuEyscL92BA","微信读书"
"成功就业","2025-08-21","【大创榜young】炭索苇来——农业固废高效利用开拓者","https://mp.weixin.qq.com/s/Q96UDYRYmi2XpY_iSYJO5Q","微信读书"
"成功就业","2025-08-20","【招聘】北京市事业单位公开招聘汇总（20250820）","https://mp.weixin.qq.com/s/s8LhIko_nfMOZqODuOcGYw","微信读书"
"成功就业","2025-08-19","北京高校大学生创业园科技与生涯展厅试运营启动","https://mp.weixin.qq.com/s/t53OI7bzbs7VjcSHLZE5MQ","微信读书"
"成功就业","2025-08-19","1.7万+实习就业岗位，8月30场双选会进行中","https://mp.weixin.qq.com/s/sjP73PBVz4yPDVKAGsniWA","微信读书"
"成功就业","2025-08-18","工会帮就业 就业在北京 | 8月22日（星期五）下午2点，企业招聘+养老保险政策分享直播，好工作和政策红利一键get！","https://mp.weixin.qq.com/s/hCB3mbUdWPmJdGgWtVaWvQ","微信读书"
"成功就业","2025-08-18","【招聘】中国电信天翼云2026届超级优才招聘正式启动！","https://mp.weixin.qq.com/s/SgHdWtGmckcGxJyYmWd76w","微信读书"
"成功就业","2025-08-18","【招聘】宁德时代2026届全球校园招聘正式启动","https://mp.weixin.qq.com/s/KfEJFPsXzp-_IrDrxtPoUA","微信读书"
"成功就业","2025-08-18","【招聘】度小满2026届校园招聘启动","https://mp.weixin.qq.com/s/DdXUBvgNuLPtW00nBhwd2w","微信读书"
"成功就业","2025-08-15","【政策资讯】创业政策每周汇（2025025）","https://mp.weixin.qq.com/s/3Hx4ydURi0FAcDyvU5z_vg","微信读书"
"成功就业","2025-08-15","【招聘】北京市事业单位公开招聘汇总（20250815）","https://mp.weixin.qq.com/s/fgcr1-dyc7UosGJ5CEDlXQ","微信读书"
"成功就业","2025-08-15","【大创榜young】派课PEK——新高考选课排课分班解决方案","https://mp.weixin.qq.com/s/vhX-bXaAtGaWUovA3IJNFg","微信读书"
"成功就业","2025-08-14","青春逐梦 职达未来“百城职达家门口”2025全国高校毕业生暑期招聘会参会预告","https://mp.weixin.qq.com/s/ZeBXXSPK0aoOszEoZWGLig","微信读书"
"成功就业","2025-08-14","【招聘】北京市事业单位公开招聘汇总（20250814）","https://mp.weixin.qq.com/s/XdcBskHicCMN9kdU-0YQDA","微信读书"
"成功就业","2025-08-13","【招聘】北京市事业单位公开招聘汇总（20250813）","https://mp.weixin.qq.com/s/39G82l1PLE7SOaIBgbDgdA","微信读书"
"成功就业","2025-08-12","【招聘】北京市事业单位公开招聘汇总（20250812）","https://mp.weixin.qq.com/s/MVpWhEChLdsMeMtwwFsGhg","微信读书"
"成功就业","2025-08-12","“预见大学 京彩未来”2025准大学生生涯发展夏令营圆满举办，助力学子锚定未来航向","https://mp.weixin.qq.com/s/mR6rGfm4zPL6tUKntCdwZQ","微信读书"
"成功就业","2025-08-11","【招聘】北京市事业单位公开招聘汇总（20250811）","https://mp.weixin.qq.com/s/gTAceWcIpX40aG51XfXL4Q","微信读书"
"成功就业","2025-08-08","【政策资讯】创业政策每周汇（2025024）","https://mp.weixin.qq.com/s/JWmp8Z4JXEo7fsOikEonyg","微信读书"
"成功就业","2025-08-08","【招聘】北京市文学艺术界联合会所属事业单位2025年第二次公开招聘工作人员公告","https://mp.weixin.qq.com/s/iuXCEbSL5gxrPuDmc49AIw","微信读书"
"成功就业","2025-08-08","【招聘】北京市机关事务管理局局属事业单位2025年度面向社会公开招聘工作人员公告","https://mp.weixin.qq.com/s/jzjt3kmii2oPKRBmWzGQYQ","微信读书"
"成功就业","2025-08-08","【大创榜young】掌医助手——多模态AI手诊体检仪：AI赋能中医药，特色望诊助乡村","https://mp.weixin.qq.com/s/OwCN8VRa52McD5B4Lz67vQ","微信读书"
"成功就业","2025-08-07","【招聘】交通运输部所属事业单位2025年度第五批统一公开招聘公告","https://mp.weixin.qq.com/s/2cIPnkjcJ-55grYMWqu1CA","微信读书"
"成功就业","2025-08-07","【招聘】国家心理健康和精神卫生防治中心2025年公开招聘第二批专业技术人员公告","https://mp.weixin.qq.com/s/7OzCxvE2mG9RmKWzkiAHrg","微信读书"
"成功就业","2025-08-06","邀请函 | 华工激光2025年暑期博士开放日活动邀请函","https://mp.weixin.qq.com/s/5Nf-RuDql79SfTf-9XduVA","微信读书"
"成功就业","2025-08-06","【招聘】北京市事业单位公开招聘汇总（20250806）","https://mp.weixin.qq.com/s/kmS1CatmI6SBDDYckaKBug","微信读书"
"成功就业","2025-08-05","【直播】“京彩就业”2025年暑期京企专场网络招聘会就业指导讲座","https://mp.weixin.qq.com/s/-ZIe61cPANpUeFCYQ_pYNQ","微信读书"
"成功就业","2025-08-05","【招聘】小米集团2026届全球校园招聘正式启动","https://mp.weixin.qq.com/s/Tm2iP7WkSpAMlgWF3kL2Ww","微信读书"
"成功就业","2025-08-05","【招聘】国家教育行政学院2025年招聘公告（非事业编）","https://mp.weixin.qq.com/s/u2OiDUBNTUR9EZNjOOFDNA","微信读书"
"成功就业","2025-08-05","【招聘】北京市市场监督管理局所属事业单位2025年度第二次公开招聘公告","https://mp.weixin.qq.com/s/n6jRlpKzLE9DNU-2SVaA-A","微信读书"
"成功就业","2025-08-05","【招聘】北京市平谷区人力资源和社会保障局关于2025年度第二次事业单位公开招聘工作人员公告","https://mp.weixin.qq.com/s/YGIuqwGVCkhM_SdOaPV36w","微信读书"
"成功就业","2025-08-04","【招聘】中国电影博物馆2025年第二次公开招聘公告","https://mp.weixin.qq.com/s/bM9e8NjFvlJQRVxC-bFUqg","微信读书"
"成功就业","2025-08-04","【招聘】中国地质调查局局属单位2025年度公开招聘工作人员公告（第三批）","https://mp.weixin.qq.com/s/SqkMWBMCPNfSjH34yd-yWw","微信读书"
"成功就业","2025-08-04","【招聘】水利部综合事业局在京单位2025年第三批公开招聘工作人员公告","https://mp.weixin.qq.com/s/FTymwnOTr2aowa0oEt7cuQ","微信读书"
"成功就业","2025-08-01","搜狐畅游2026届秋季校园招聘提前批正式启动！","https://mp.weixin.qq.com/s/LW-W3rKPpf1zF_DpXwQBEw","微信读书"
"成功就业","2025-08-01","快手2026全球秋季校园招聘启动","https://mp.weixin.qq.com/s/N7osAbnac-XMk0iJgcOH1g","微信读书"
"成功就业","2025-08-01","哔哩哔哩2026届校园招聘正式启动！","https://mp.weixin.qq.com/s/V4vyyc-xiAcAS5xfpyrIOw","微信读书"
"成功就业","2025-08-01","【政策资讯】创业政策每周汇（2025024）","https://mp.weixin.qq.com/s/0JekR09TETz_qe9QGAqTCQ","微信读书"
"成功就业","2025-08-01","【招聘】北京市事业单位公开招聘汇总（20250801）","https://mp.weixin.qq.com/s/JpjV2mRA_azrC24KOeGyIA","微信读书"
"成功就业","2025-08-01","【大创榜young】Lark云雀领航——乡村中学生AI+VR生涯教育全流程服务","https://mp.weixin.qq.com/s/eWee4iXhVVOBVgzmntnfnA","微信读书"
"成功就业","2025-07-31","找工作，这些骗局需小心！人社部 中央网信办 教育部联合发布招聘欺诈典型案例","https://mp.weixin.qq.com/s/E5CxmlXX_3dctID782aRqQ","微信读书"
"成功就业","2025-07-31","【招聘】北京市事业单位公开招聘汇总（20250731）","https://mp.weixin.qq.com/s/yJQyz4nxjAvryje9utvuXA","微信读书"
"成功就业","2025-07-31","【岗位直推】8月1日-8月31日“京彩就业”暑期就业实习专场网络双选会","https://mp.weixin.qq.com/s/U8huEAPHCJfFcebs86XM_Q","微信读书"
"成功就业","2025-07-30","2025年暑期京企专场网络招聘会启动报名！","https://mp.weixin.qq.com/s/4-tTdiweL1ZGIgPnY_zK7w","微信读书"
"成功就业","2025-07-30","2025“工会帮就业 就业在北京”企业招聘+夏季校招就业辅导直播活动","https://mp.weixin.qq.com/s/iaTeT-pkpH0sSlJrZVor9g","微信读书"
"成功就业","2025-07-30","【招聘】博士人才暑期参访行暨2026届校园招聘提前批邀请函","https://mp.weixin.qq.com/s/CWoAruxHAdtaKO-XKyBhyQ","微信读书"
"成功就业","2025-07-30","【招聘】北京市事业单位公开招聘汇总（20250730）","https://mp.weixin.qq.com/s/m6BPjippsTPULxTJZ3Vqiw","微信读书"
"成功就业","2025-07-30","【岗位直推】7月1日-8月31日，“京彩就业”2025届毕业生暖心专场网络双选会","https://mp.weixin.qq.com/s/oICQjCNPQoBTvoefuCA12A","微信读书"
"成功就业","2025-07-29","呼和浩特市2025年第四批事业单位人才引进公告","https://mp.weixin.qq.com/s/0AprqrUhley1rCS6oMo9hA","微信读书"
"成功就业","2025-07-29","【资讯】高校毕业生离校后就业工作推进会召开","https://mp.weixin.qq.com/s/t7z2uedecsY1bHdSXo27vQ","微信读书"
"成功就业","2025-07-29","【招聘】北京市事业单位公开招聘汇总（20250729）","https://mp.weixin.qq.com/s/bk9hDk3wJWy7v68MalZjkg","微信读书"
"成功就业","2025-07-29","【岗位直推】7月10日-8月31日，“英才聚首 筑梦京企”2025年北京市管企业夏季网络专场招聘会","https://mp.weixin.qq.com/s/MeKXspaaRNpAkjl3zPNl9w","微信读书"
"成功就业","2025-07-28","生涯衔接，筑梦启航——2025年准大学生生涯发展夏令营火热开启！","https://mp.weixin.qq.com/s/TogwJwY10vm2MLphIje-qg","微信读书"
"成功就业","2025-07-28","第四届“京彩大创”北京大学生创新创业大赛百粒“金种子”项目揭晓  创新生力军蓄势待发","https://mp.weixin.qq.com/s/9XJVrZhMc4CZnF9534QWEw","微信读书"
"成功就业","2025-07-28","637个岗位上新！2025年北京市科研助理（第三批）招聘开启——","https://mp.weixin.qq.com/s/K_fq0gBUrCG9XHUXIKGHhg","微信读书"
"成功就业","2025-07-03","北京市教委进校督查2025届高校毕业生就业工作，严把就业数据“质量关”","https://mp.weixin.qq.com/s/jcGphE9OiZt9qc1eUDXPJw","微信读书"
"成功就业","2025-07-03","【招聘】国家大剧院2025年度公开招聘一般管理人员公告","https://mp.weixin.qq.com/s/Hn0RBBv8grgkxZqwbbFw_Q","微信读书"
"成功就业","2025-07-03","【招聘】北京市事业单位公开招聘汇总（20250703）","https://mp.weixin.qq.com/s/8intSkHjjY5prb18e7Hc5w","微信读书"
"成功就业","2025-07-03","【大创榜young】全景视界——大模型驱动的实景三维世界","https://mp.weixin.qq.com/s/ZFPcjHSjUu8_S95hRrccVQ","微信读书"
"成功就业","2025-07-02","【招聘】一汽股权投资2025校园招聘公告","https://mp.weixin.qq.com/s/sFbyAZlNJVfRuXs6EH_Q8g","微信读书"
"成功就业","2025-07-02","【招聘】航天科技2026校招提前批招聘公告","https://mp.weixin.qq.com/s/AyhPQjHozwR92GARYZOLpg","微信读书"
"成功就业","2025-07-02","【招聘】北京市事业单位公开招聘汇总（20250702）","https://mp.weixin.qq.com/s/WfXt8T8OziCw8xIdGCdaMg","微信读书"
"成功就业","2025-07-02","【就业典型】北京交通大学许德利--青春筑路映初心","https://mp.weixin.qq.com/s/u7xknUhutWIyX2JK5J5YFw","微信读书"
"成功就业","2025-07-02","【岗位直推】6月19日-8月30日，民办高校专场｜百日冲刺网络双选会","https://mp.weixin.qq.com/s/x195hQpcA3drnvF0UhH5RA","微信读书"
"成功就业","2025-07-02","【岗位直推】5月20日-8月30日，中小企业专场｜百日冲刺网络双选会","https://mp.weixin.qq.com/s/oJVRpYTridEtoYFyIQretA","微信读书"
"成功就业","2025-07-02","【岗位直推】5月20日-8月30日，央国企事业单位专场｜百日冲刺网络双选会","https://mp.weixin.qq.com/s/deDUr4DmHGPfOrRznR3ikA","微信读书"
"成功就业","2025-07-01","●7月4日“好年华 聚福州” 国有企业专场招聘夜市，台江宝龙广场“职”等你来！","https://mp.weixin.qq.com/s/82I1m5eyDJwdhvRXA0G_Gg","微信读书"
"成功就业","2025-07-01","【招聘】北京市事业单位公开招聘汇总（20250701）","https://mp.weixin.qq.com/s/x82E6DtGAYpbq-w0UKFotg","微信读书"
"成功就业","2025-07-01","【岗位直推】6月30日-8月31日，北京工商大学2025届毕业生“百日冲刺”专场网络双选会","https://mp.weixin.qq.com/s/Q95HCNauhlvIuCxOn_aFWg","微信读书"
"成功就业","2025-06-30","750套房源！海淀区2025年新毕业大学生专项配租来了！","https://mp.weixin.qq.com/s/Z3ibwS6XrHFJWQmkxL8jMw","微信读书"
"成功就业","2025-06-30","【招聘】北京市事业单位公开招聘汇总（20250630）","https://mp.weixin.qq.com/s/thHMwEZFsuIudcyi8Au5pQ","微信读书"
"成功就业","2025-06-30","【岗位直推】7月1日-8月31日，“京彩就业”2025届毕业生暖心专场网络双选会","https://mp.weixin.qq.com/s/_2QMh5CzJMovEOEVsDlEEA","微信读书"
"成功就业","2025-06-27","早安绵阳｜@高校毕业生，绵阳12条措施“力挺”你就业创业","https://mp.weixin.qq.com/s/y0KwPrWI5CiIRDGeXThsDw","微信读书"
"成功就业","2025-06-27","七月网络双选会场次安排","https://mp.weixin.qq.com/s/Qs9GC8cnT4QDlMbj3xY4Cg","微信读书"
"成功就业","2025-06-27","工会帮就业 就业在北京 | 6月30日（下周一）9点校园双选会直播，海量岗位云端直推！","https://mp.weixin.qq.com/s/42tQg780rLo3K4PtYUS3kg","微信读书"
"成功就业","2025-06-27","【政策资讯】创业政策每周汇（2025019）","https://mp.weixin.qq.com/s/2fK9GgrW8696LMKFeAS51g","微信读书"
"成功就业","2025-06-27","【招聘】北京市事业单位公开招聘汇总（20250627）","https://mp.weixin.qq.com/s/38DiZ6HUxfKtcTuBzMPCkA","微信读书"
"成功就业","2025-06-27","“心手相连 职筑未来” 2025年北京高校残疾人大学生就业助力计划专场双选会圆满举办​","https://mp.weixin.qq.com/s/3gKK4JVlTa1R5jacRFzPrQ","微信读书"
"成功就业","2025-06-26","【招聘】中国地质科学院水文地质环境地质研究所2025年度第二批公开招聘应届毕业生公告","https://mp.weixin.qq.com/s/0JYeN3sn6a5vP47OSPafyA","微信读书"
"成功就业","2025-06-26","【招聘】国家文物局考古研究中心2025年度公开招聘专业技术人员（第二批)公告","https://mp.weixin.qq.com/s/wlA_H34tk8YGsDTnC4dhpg","微信读书"
"成功就业","2025-06-26","【招聘】北京第三实验学校2025年春季补充招聘公告","https://mp.weixin.qq.com/s/I_aPsqZLXtWTnwlb6j_s3A","微信读书"
"成功就业","2025-06-26","【大创榜young】北京炽源热盾有限责任公司——新型工业节能材料领航者","https://mp.weixin.qq.com/s/-RONzPrqaGqZXXpy-D8T4A","微信读书"
"成功就业","2025-06-25","政策速递 | 点击查看2025年高校毕业生就业创业“政策地图”","https://mp.weixin.qq.com/s/nBWF_UZDeelTcziroBSX_A","微信读书"
"成功就业","2025-06-25","6.26-27 北京站|中国科学院宁波材料所宣讲会：全年岗位开放|暑期实习介绍|暑期园区开放日活动","https://mp.weixin.qq.com/s/1L9yWtUGm0mP3CJopifOHg","微信读书"
"成功就业","2025-06-25","【招聘】北京市事业单位公开招聘汇总（20250625）","https://mp.weixin.qq.com/s/2oaMlqoRIQoSF0-9rUOObA","微信读书"
"成功就业","2025-06-25","【就业典型】北京交通大学王启峰--从校园到田野，扶贫路上显担当","https://mp.weixin.qq.com/s/Z1j4dNo-i2jFIAAG2UPHzA","微信读书"
"成功就业","2025-06-25","【岗位直推】“京彩就业”2025届北京高校毕业生百日冲刺网络双选会","https://mp.weixin.qq.com/s/ysrHvVH-zj5J6CFP1TrmNA","微信读书"
"成功就业","2025-06-24","【招聘】新疆2025年面向社会公开招录162名工作人员公告！6月23日至7月6日网上报名","https://mp.weixin.qq.com/s/T2Ot3ZHXXsCBkc7wBnVJYw","微信读书"
"成功就业","2025-06-24","【招聘】海淀教委近期事业单位招聘信息汇总（6月24日）","https://mp.weixin.qq.com/s/D4a8K1rABfSQgy6sVrqJQQ","微信读书"
"成功就业","2025-06-24","【招聘】海淀5所学校急需物理教师，快来看看~","https://mp.weixin.qq.com/s/JvUKDrnsWONIUznbV9cL7Q","微信读书"
"成功就业","2025-06-24","【招聘】昌平区卫生健康委员会2025年第三批公开招聘事业单位工作人员公告","https://mp.weixin.qq.com/s/qeGCKE_G7FJt1K08RvG4EQ","微信读书"
"成功就业","2025-06-24","【招聘】北京市朝阳区教育委员会所属事业单位2025年公开招聘公告","https://mp.weixin.qq.com/s/F3l4L12KN5Jmchqwka6mJA","微信读书"
"成功就业","2025-06-24","【实习岗招聘】镁佳（北京）科技有限公司招聘","https://mp.weixin.qq.com/s/zSNhw7donwcAzKKNBIKqeg","微信读书"
"成功就业","2025-06-23","超1.2万个东莞实习见习岗位！开始报名→","https://mp.weixin.qq.com/s/bRk77GvOeBYpaR3qZzflsw","微信读书"
"成功就业","2025-06-23","6月24日“京津冀+艺体”双选会举办在即，岗位详情抢先看！","https://mp.weixin.qq.com/s/5D7n_OBroe1sgvHS9u_oJg","微信读书"
"成功就业","2025-06-23","【招聘】北京市职业病防治院2025年第二批公开招聘工作人员公告","https://mp.weixin.qq.com/s/BsHPWVTr2qiqJYw532Lh8g","微信读书"
"成功就业","2025-06-23","【招聘】北京市延庆区教育委员会2025年第四批公开招聘教师公告","https://mp.weixin.qq.com/s/oDc9GTVMaQ7PHbaznkl7YQ","微信读书"
"成功就业","2025-06-23","【招聘】北京市延庆区教育委员会2025年第三批公开招聘教师公告","https://mp.weixin.qq.com/s/ywG7l79XGVlVQCn9kPoenA","微信读书"
"成功就业","2025-06-23","【展位安排】6月24日，“心手相连，职筑未来”北京高校残疾人大学生就业助力计划专场双选会","https://mp.weixin.qq.com/s/gq9DJ2KafMfXQbJqPnknUw","微信读书"
"成功就业","2025-06-21","学子回家│@青年学子，欢迎来丰台！“学子回家”小程序全面焕新升级！","https://mp.weixin.qq.com/s/I_WY6Rs535048YmO_eGJZA","微信读书"
"成功就业","2025-06-21","工会帮就业 就业在北京 | 6月23日（下周一）14:00民营企业专场直播招聘来袭，超多岗位“职”等你来","https://mp.weixin.qq.com/s/A5IPf9aodckI6z6eXnNARA","微信读书"
"成功就业","2025-06-21","6月24日“京津冀+艺体”双选会举办在即，岗位详情抢先看！","https://mp.weixin.qq.com/s/kOX79nc3TGn-E4wQe938dw","微信读书"
"成功就业","2025-06-21","【招聘】北京市事业单位公开招聘汇总（20250621）","https://mp.weixin.qq.com/s/Rie21PHmw3h-lOaF_29SEQ","微信读书"
"成功就业","2025-06-20","【政策资讯】创业政策每周汇（2025018）","https://mp.weixin.qq.com/s/rAQTYOy8wfJhiprLDEw9kw","微信读书"
"成功就业","2025-06-20","【展位安排】6月21日，青衿丰行·丰台区教育系统面向北京高校大学生就业实习双选会","https://mp.weixin.qq.com/s/ij3btrJj7k38uu5h7EwL4g","微信读书"
"成功就业","2025-06-20","【岗位直推】6月24日，京津冀地区高校毕业生就业暨实习专场双选会5","https://mp.weixin.qq.com/s/Ccn2O4s3H6vFH4o3UyFREQ","微信读书"
"成功就业","2025-06-20","【大创榜young】冰速工匠联盟——数智驱动·速滑服装革新","https://mp.weixin.qq.com/s/eoej8hsn8npkYIyhUaFeLg","微信读书"
"成功就业","2025-06-19","京彩青春 创响未来 —— 第四届 “京彩大创” 北京大学生创新创业大赛人工智能赛道现场决赛圆满收官","https://mp.weixin.qq.com/s/srVetMOKEG_WGH2i0Zs_6A","微信读书"
"成功就业","2025-06-19","2025年北京地区高校“宏志助航计划”师资培训班成功举办","https://mp.weixin.qq.com/s/AYv_W5D-LYHix5kXixZq8Q","微信读书"
"成功就业","2025-06-19","【招聘】北京市事业单位公开招聘汇总（20250619）","https://mp.weixin.qq.com/s/kziuAFOLR2Z5XuRYTeI8gw","微信读书"
"成功就业","2025-06-19","【展位安排】6月21日，青衿丰行·丰台区教育系统面向北京高校大学生就业实习双选会","https://mp.weixin.qq.com/s/znjzGfMXtQbJMuBR6RSVew","微信读书"
"成功就业","2025-06-19","【岗位直推】6月24日“心手相连，职筑未来”北京高校残疾人大学生就业助力计划专场双选会（有更新）","https://mp.weixin.qq.com/s/mI0OjLrTiptOW7Z_KmuqSg","微信读书"
"成功就业","2025-06-18","【招聘】北京市事业单位公开招聘汇总（20250618）","https://mp.weixin.qq.com/s/FCTiY_Amzr0KRYjG0Vpapw","微信读书"
"成功就业","2025-06-18","【岗位直推】6月24日“心手相连，职筑未来”北京高校残疾人大学生就业助力计划专场双选会","https://mp.weixin.qq.com/s/QMiFGW2HXJ55M7pVKT-0mw","微信读书"
"成功就业","2025-06-18","【岗位直推】6月19日-8月30日，首都经济贸易大学2025届毕业生百日冲刺专场网络双选会","https://mp.weixin.qq.com/s/pQX82wG-o8sMRAMEv--Szw","微信读书"
"成功就业","2025-06-17","北京市残疾人高校毕业生就业政策摘录——《关于进一步促进本市残疾人就业工作的若干措施》","https://mp.weixin.qq.com/s/Kcz-fZgHG0DfUtPqUqpCAA","微信读书"
"成功就业","2025-06-17","【招聘】中国地质环境监测院（自然资源部地质灾害技术指导中心）2025年度公开招聘（第三批）公告","https://mp.weixin.qq.com/s/UluY4_v5ee_vLh798KTIUQ","微信读书"
"成功就业","2025-06-17","【岗位直推】6月21日，青衿丰行·丰台区教育系统面向北京高校大学生就业实习双选会","https://mp.weixin.qq.com/s/1L7r3BPegqkIcC8Xw5JRkg","微信读书"
"成功就业","2025-06-16","第四届“京彩大创”文化创意赛道现场决赛成功举办","https://mp.weixin.qq.com/s/uRJz8zfspJQeMDsbKE-YXA","微信读书"
"成功就业","2025-06-16","【招聘】海淀区卫生健康委所属事业单位2025年第二次公开招聘公告","https://mp.weixin.qq.com/s/-5qw7_77lyd0xjKJNpYAXg","微信读书"
"成功就业","2025-06-16","【招聘】海淀教委近期事业单位招聘信息汇总（6月16日）","https://mp.weixin.qq.com/s/g4ZT9k-j1bmdVgBYgCxvcQ","微信读书"
"成功就业","2025-06-16","【岗位直推】6月21日，青衿丰行·丰台区教育系统面向北京高校大学生就业实习双选会","https://mp.weixin.qq.com/s/tk_w2iwBIuC4QXJEb5uYPA","微信读书"
"成功就业","2025-06-13","高校生涯规划师资特训班重磅开启，带你成为学生职业发展引路人！","https://mp.weixin.qq.com/s/ra41izwiVNj34Re6KPxPMg","微信读书"
"成功就业","2025-06-13","@高校毕业生 这些就业创业的政策补贴请知晓","https://mp.weixin.qq.com/s/UcePZbGmbma0WEsta3D2fg","微信读书"
"成功就业","2025-06-13","【政策资讯】创业政策每周汇（2025017）","https://mp.weixin.qq.com/s/75teM2JBTfeJuYvM9WNb6Q","微信读书"
"成功就业","2025-06-13","【招聘】中央民族乐团2025年度第二次公开招聘应届毕业生公告","https://mp.weixin.qq.com/s/HxzDEl-hBy8KvkkxhTe54w","微信读书"
"成功就业","2025-06-13","【招聘】海淀8所中小学急需岗位，快来看看~","https://mp.weixin.qq.com/s/MDTtwlZUmHwnzyP9XnCihA","微信读书"
"成功就业","2025-06-13","【招聘】北京市事业单位公开招聘汇总（20250613）","https://mp.weixin.qq.com/s/BtXc6BsiXZAC8PmciZ4uuw","微信读书"
"成功就业","2025-06-13","【大创榜young】博源科技——中非金属矿山数智化充填拓荒者","https://mp.weixin.qq.com/s/PepYoqNq2xBB3MVsZi03oQ","微信读书"
"成功就业","2025-06-12","这个区面向毕业大学生配租900余套房源","https://mp.weixin.qq.com/s/P2b6MkRTekYInfCodsYf1w","微信读书"
"成功就业","2025-06-12","你好，青年！请查收昌平的“城市见面礼”——“青创8条”扩面迭代再升级","https://mp.weixin.qq.com/s/nSFxfq_ExLu_dubhi3hGdw","微信读书"
"成功就业","2025-06-12","讲座预告│“京彩助梦 成功就业”--本月两场公益课：学生实习能力提升、就业手续解析","https://mp.weixin.qq.com/s/U5Rhh5qoBfAsTSHluBMUbg","微信读书"
"成功就业","2025-06-12","第四届 “京彩大创” 科技创新赛道现场决赛成功举办","https://mp.weixin.qq.com/s/SU7vi6e1-ccjdwtDDft_5A","微信读书"
"成功就业","2025-06-12","@高校毕业生，在厦就业创业，快来解锁政策大礼包→","https://mp.weixin.qq.com/s/Fb92nzE-vhyiXCKKEy1BsA","微信读书"
"成功就业","2025-06-12","【招聘】镁佳（北京）科技有限公司招聘","https://mp.weixin.qq.com/s/TQ1MrqrRiklsFIRyo4Uvtg","微信读书"
"成功就业","2025-06-12","【招聘】北京市事业单位公开招聘汇总（20250612）","https://mp.weixin.qq.com/s/v-fZKEbycPKN0S6OBds6zA","微信读书"
"成功就业","2025-06-12","【展位安排】6月13日，北京高校建筑行业、文旅行业及法律类人才专场双选会（有更新，请查阅）","https://mp.weixin.qq.com/s/yH6X7fmkDL8pbW7oBwqi5Q","微信读书"
"成功就业","2025-06-11","资格认定，今日报名→","https://mp.weixin.qq.com/s/f-OJu81tlY-XJb63oaNywg","微信读书"
"成功就业","2025-06-11","就业政策知多少？四项重点活动带你看→","https://mp.weixin.qq.com/s/kXYO9bF0b_suAZptTNFz9w","微信读书"
"成功就业","2025-06-11","查成绩，时间定了！","https://mp.weixin.qq.com/s/AyxH0expnptjYMDGUCtVPg","微信读书"
"成功就业","2025-06-11","【招聘】北京市事业单位公开招聘汇总（20250611）","https://mp.weixin.qq.com/s/odH_97t51UTu5HudGF8rxA","微信读书"
"成功就业","2025-06-11","【岗位直推】6月13日，北京高校建筑行业、文旅行业及法律类人才专场双选会","https://mp.weixin.qq.com/s/mNqGuDp_JAarS-68sRLrAA","微信读书"
"成功就业","2025-06-10","国家大学生就业服务平台AI助手“智慧小业”，上线！","https://mp.weixin.qq.com/s/tJ4pRQrSgUmDogC4nXto0Q","微信读书"
"成功就业","2025-06-10","工会帮就业 就业在北京 | 今天14:30全国劳模专场直播招聘重磅来袭！专精特新企业“职”等你来！","https://mp.weixin.qq.com/s/tHAsGu_YurzrOzcYh1dL0g","微信读书"
"成功就业","2025-06-10","高校生涯规划师资特训班重磅开启，带你成为学生职业发展引路人！","https://mp.weixin.qq.com/s/Tb17n6Kxy9-subaL74tyzg","微信读书"
"成功就业","2025-06-10","【招聘】海淀教委近期事业单位招聘信息汇总（6月10日）","https://mp.weixin.qq.com/s/3QxZNECvOjsOgUGt4ki-SA","微信读书"
"成功就业","2025-06-10","【招聘】北京急救中心2025年度第二批公开招聘公告","https://mp.weixin.qq.com/s/y-JUH7G7cQyqOo2rVBs9VA","微信读书"
"成功就业","2025-06-09","【招聘】首都医科大学附属北京友谊医院面向2025年应届毕业生公开招聘工作人员公告（三）","https://mp.weixin.qq.com/s/Fe69yPtMFAHn4w7Mu7oJGA","微信读书"
"成功就业","2025-06-09","【招聘】北京市朝阳区教育委员会所属事业单位2025年人才引进公开招聘公告","https://mp.weixin.qq.com/s/UHZfOvayLGYZ4xkePy1Xgg","微信读书"
"成功就业","2025-06-09","【展位安排】6月10日，京津冀地区高校毕业生就业暨实习专场双选会4","https://mp.weixin.qq.com/s/te0rIrtdDuM5LUR1kQzLug","微信读书"
"成功就业","2025-06-06","祝莘莘学子高考顺利 金榜折桂","https://mp.weixin.qq.com/s/TYUrC2zYvEsRsdEJQ1X08A","微信读书"
"成功就业","2025-06-06","青年人才驿站体验邀请","https://mp.weixin.qq.com/s/t8vbuWdCQTNjwdGEp1RG4A","微信读书"
"成功就业","2025-06-06","【政策资讯】创业政策每周汇（2025016）","https://mp.weixin.qq.com/s/D94scSprQv09oV-oahuheg","微信读书"
"成功就业","2025-06-06","【招聘】北京第二外国语学院2025年公开招聘公告（第二批）","https://mp.weixin.qq.com/s/3DaRBvSfSg5peRsP06VR0A","微信读书"
"成功就业","2025-06-06","【大创榜young】氢内燃机研究团队——氢内燃机发电技术","https://mp.weixin.qq.com/s/9lRLJ65MDderrKDtoq_Lkw","微信读书"
"成功就业","2025-06-05","【招聘】中国工业互联网研究院2025年公开招聘应届高校毕业生公告（第二批）","https://mp.weixin.qq.com/s/CW-Ial5PkJYCQBAQC7fjeA","微信读书"
"成功就业","2025-06-05","【招聘】北京市事业单位公开招聘汇总（20250605）","https://mp.weixin.qq.com/s/LYNpezpEh1VNohfctNMLtg","微信读书"
"成功就业","2025-06-05","【岗位直推】6月10日，京津冀地区高校毕业生就业暨实习专场双选会4","https://mp.weixin.qq.com/s/ZCUBXNhVNV5Dq0v-ZzoIFQ","微信读书"
"成功就业","2025-06-04","工会帮就业 就业在北京 | 全国劳模专场直播招聘重磅来袭！6月10日14:30相约云端！专精特新企业“职”等你来！","https://mp.weixin.qq.com/s/JmnRGZbqvwSf9EI1G2VxyQ","微信读书"
"成功就业","2025-06-04","【招聘】海淀8所中小幼急需岗位，快来看看~","https://mp.weixin.qq.com/s/j-YRGBAVg2TEvwf1WcUCUg","微信读书"
"成功就业","2025-06-04","【招聘】不限年龄、专业！西北旺镇“青旺计划”2025年度招聘来了","https://mp.weixin.qq.com/s/xZOPKNl5CMSPoVb2sB0cBQ","微信读书"
"成功就业","2025-06-04","【招聘】北京市事业单位公开招聘汇总（20250604）","https://mp.weixin.qq.com/s/sADj2kaGjEBtw3ufLxXDqQ","微信读书"
"成功就业","2025-06-03","建议收藏｜6月双选会预告！","https://mp.weixin.qq.com/s/z5fVqyl1wuH4pDqh3f-FzA","微信读书"
"成功就业","2025-06-03","高校毕业生就业政策举措落实工作推进会召开","https://mp.weixin.qq.com/s/Tnrbu2ch2cZ5V26aMyZq7Q","微信读书"
"成功就业","2025-06-03","【招聘】海洋关键材料全国重点实验室，诚聘全球高层次人才！","https://mp.weixin.qq.com/s/0pbXHTsc3gPmH6YU4CfT9A","微信读书"
"成功就业","2025-06-03","【招聘】海淀教委近期事业单位招聘信息汇总（6月3日）","https://mp.weixin.qq.com/s/jTKAvjoyugTlNlzplqkyRw","微信读书"
"成功就业","2025-06-03","【招聘】北京市事业单位公开招聘汇总（20250603）","https://mp.weixin.qq.com/s/Z1Nq-XhSfk643YlqqUzi3A","微信读书"
"成功就业","2025-06-03","【岗位直推】5月20日-8月30日，百日冲刺网络双选会--中小企业专场","https://mp.weixin.qq.com/s/FnGh8JHgp8CrrlEQ-QfQgQ","微信读书"
"成功就业","2025-06-03","【岗位直推】5月20日-8月30日，百日冲刺网络双选会--央国企事业单位专场","https://mp.weixin.qq.com/s/SpVAWHVIp2n3drTYqFdydA","微信读书"
"成功就业","2025-05-31","粽叶飘香，端午安康","https://mp.weixin.qq.com/s/WhEZtw52xuMJRnoeVPR7PA","微信读书"
"成功就业","2025-05-30","【政策资讯】创业政策每周汇（2025015）","https://mp.weixin.qq.com/s/30QQ-X7oSZH-0DrCMiXKZg","微信读书"
"成功就业","2025-05-30","【招聘】国家自然科学基金委员会机关服务中心2025年度公开招聘应届毕业生公告","https://mp.weixin.qq.com/s/WmV0aKBAnUSZMuwe7em-3Q","微信读书"
"成功就业","2025-05-30","【大创榜young】智通星河——DPU硬件加速大模型","https://mp.weixin.qq.com/s/-d1k9FD6YdH3LGEURgmoHg","微信读书"
"成功就业","2025-05-29","第四届“京彩大创”北京大学生创新创业大赛网评初赛晋级名单公布","https://mp.weixin.qq.com/s/iR-_Xv8bxU8H2CQa5F-Dbw","微信读书"
"成功就业","2025-05-29","2025年高校辅导员就业指导能力提升培训班成功举办","https://mp.weixin.qq.com/s/GyxtlLuyS19dllJmcykfig","微信读书"
"成功就业","2025-05-29","【招聘】北京市公安局所属事业单位2025年公开招聘事业编制工作人员公告","https://mp.weixin.qq.com/s/oi1j4xU8Bhu7xLUJRnUB2A","微信读书"
"成功就业","2025-05-28","【招聘】中航技2025暑期实习暨2026校园招聘公告","https://mp.weixin.qq.com/s/pZINkzIZ_-FzUAZhiPE0VA","微信读书"
"成功就业","2025-05-28","【招聘】西城区教委2025年所属事业单位公开招聘工作人员（第二批）公告","https://mp.weixin.qq.com/s/i7rtQvJATeh2OClPo6CfvA","微信读书"
"成功就业","2025-05-28","【招聘】民族出版社2025年度面向应届毕业生公开招聘事业编制专业技术人员公告","https://mp.weixin.qq.com/s/R2gWaTIoAlA5oyA7-dEEdw","微信读书"
"成功就业","2025-05-27","【招聘】首都医科大学附属北京安定医院公开招聘公告（第四批）","https://mp.weixin.qq.com/s/0Mfn7lMsCYu0nKmDfn29_A","微信读书"
"成功就业","2025-05-27","【招聘】三一集团2026届校招提前批正式启动","https://mp.weixin.qq.com/s/YOOSZDKYthcC0SMWMWqbjw","微信读书"
"成功就业","2025-05-27","【招聘】北京学校2025年公开招聘公告","https://mp.weixin.qq.com/s/umF0wBT64amMjYz0phh0rg","微信读书"
"成功就业","2025-05-26","【招聘】通州区教委所属事业单位2025年第二次面向毕业生公开招聘工作人员公告","https://mp.weixin.qq.com/s/j5TU7d9E9D4vVrxyHU1hDA","微信读书"
"成功就业","2025-05-26","【招聘】海淀教委近期事业单位招聘信息汇总（5月26日）","https://mp.weixin.qq.com/s/ZV6Z0xcyHgjP7jpnTqA2AA","微信读书"
"成功就业","2025-05-26","【展位安排】5月27日，“京彩就业”京津冀地区高校毕业生就业暨实习专场双选会3","https://mp.weixin.qq.com/s/gTzLMak1nBPawUEK4zGo8A","微信读书"
"成功就业","2025-05-23","人力资源社会保障部 中央网信办 教育部联合发布招聘欺诈典型案例","https://mp.weixin.qq.com/s/RNKCsXY9v2odVjr8304cvA","微信读书"
"成功就业","2025-05-23","2025年人工智能赋能大学生就业能力提升师资培训班成功举办","https://mp.weixin.qq.com/s/17H0AyJKvSht2WIpWFCQXA","微信读书"
"成功就业","2025-05-23","【政策资讯】创业政策每周汇（2025014）","https://mp.weixin.qq.com/s/aEzxZK2JBW1hRQ4Lc77H6w","微信读书"
"成功就业","2025-05-23","【招聘】中国科学院宁波材料技术与工程研究所原子尺度与微纳制造实验室诚聘博士后/助理研究员/工程师","https://mp.weixin.qq.com/s/fSZxKTQcymnI60p17xHyKA","微信读书"
"成功就业","2025-05-23","【招聘】北京市事业单位公开招聘汇总（20250523）","https://mp.weixin.qq.com/s/KZqDuim0CYJxJSGXcuqb1A","微信读书"
"成功就业","2025-05-23","【招聘】2025年度北京市事业单位面向残疾人定向招聘公告","https://mp.weixin.qq.com/s/nKRJf1oo5RaFxthPCM5t8A","微信读书"
"成功就业","2025-05-23","【岗位直推】5月27日，“京彩就业”京津冀地区高校毕业生就业暨实习专场双选会3","https://mp.weixin.qq.com/s/Z9M-zw3f1luicFdkcI2LNw","微信读书"
"成功就业","2025-05-22","中心组织部分北京高校赴宁波访企拓岗","https://mp.weixin.qq.com/s/UNKk1b0FMxCMsbV0q3H5Gw","微信读书"
"成功就业","2025-05-22","京沪联动 共谋就业创业新思路","https://mp.weixin.qq.com/s/qYV_PSL-k1LEdtJhPXsGZQ","微信读书"
"成功就业","2025-05-22","【招聘】国家税务总局部分直属事业单位2025年度公开招聘公告","https://mp.weixin.qq.com/s/2Nc3zRV63yKN_WybynbkQQ","微信读书"
"成功就业","2025-05-22","【大创榜young】绿翼星航——新型绿色航天技术引领者","https://mp.weixin.qq.com/s/g3CpiK40OWPZ7_CUhZKsIg","微信读书"
"成功就业","2025-05-21","人工智能赋能就业：中心助推文旅艺行业师资培训在央美启幕！","https://mp.weixin.qq.com/s/nK2J7UNMlv2zHiV3D7nCOQ","微信读书"
"成功就业","2025-05-21","【招聘】首都医科大学附属北京积水潭医院2025年公开招聘公告（第三批）","https://mp.weixin.qq.com/s/DboF_Wk4VSlQt58e7pLmDQ","微信读书"
"成功就业","2025-05-21","【招聘】北京市平谷区农业中关村学校2025年第二批公开招聘教师公告","https://mp.weixin.qq.com/s/6pfjGBtXp7fC56Bq1xFnyw","微信读书"
"成功就业","2025-05-20","【招聘】北京市事业单位公开招聘汇总（20250520）","https://mp.weixin.qq.com/s/eVBpjglN3PWZ30LbQ28a6A","微信读书"
"成功就业","2025-05-20","【展位安排】5月21日-23日，2025年度北京市退役大学生士兵专场招聘会","https://mp.weixin.qq.com/s/hGrUtwxl4bYfuuTCnvYA3A","微信读书"
"成功就业","2025-04-25","高校创新创业教育师资高级特训课程在中心成功举办","https://mp.weixin.qq.com/s/cwMgfUURWHeVq6tF8_DJUQ","微信读书"
"成功就业","2025-04-25","毕业生找工作，住宿有优惠！教育部、共青团中央最新通知来了","https://mp.weixin.qq.com/s/ZisaYGLhSVTOxiAdrdUN1A","微信读书"
"成功就业","2025-04-25","【政策资讯】创业政策每周汇（2025011）","https://mp.weixin.qq.com/s/HsUYeI5hyIFUNWDjgbbTQg","微信读书"
"成功就业","2025-04-25","【招聘】北京市事业单位公开招聘汇总（20250425）","https://mp.weixin.qq.com/s/SjCBwlfTWw48xCJgtImrMg","微信读书"
"成功就业","2025-04-25","【招聘】北京市工艺美术技师学院2025年公开招聘公告","https://mp.weixin.qq.com/s/7uFHgROP5Vh3Le-9CAdXhg","微信读书"
"成功就业","2025-04-24","第四届“京彩大创”北京大学生创新创业大赛--报名组织工作交流会成功举办","https://mp.weixin.qq.com/s/MA4r_MGKR9M-1Gbea1c1LA","微信读书"
"成功就业","2025-04-24","2025年重磅师资培训来袭：AI助力高校教师提升学生就业竞争力！","https://mp.weixin.qq.com/s/NBSnJ4IPKzVUvNudfA7hoQ","微信读书"
"成功就业","2025-04-24","【招聘】中国电子2025春季校园招聘","https://mp.weixin.qq.com/s/u9YfLJ8IHysDTSBsW8a7Xg","微信读书"
"成功就业","2025-04-24","【招聘】北京第四实验学校2025年公开招聘公告","https://mp.weixin.qq.com/s/YOvFGqLfYT5Mn_JlJTsNTg","微信读书"
"成功就业","2025-04-24","【展位安排】4月28日下午，北京信息科技大学专场+财经金融管理综合专场","https://mp.weixin.qq.com/s/vyhROenaRHCp1nopu0qXFA","微信读书"
"成功就业","2025-04-23","【招聘】北京市事业单位公开招聘汇总（20250423）","https://mp.weixin.qq.com/s/c8oJukKilYhBMjTH5-GvnQ","微信读书"
"成功就业","2025-04-23","【展位安排】4月24日下午，贯通培养专场+高职院校专场","https://mp.weixin.qq.com/s/m32N-BYJQwQK2fH60KUPWQ","微信读书"
"成功就业","2025-04-23","【岗位直推】4月28日下午，财经金融管理综合专场--“财经领航·京彩就业”2025届毕业生专场双选会","https://mp.weixin.qq.com/s/I9HXAq8V-jVfVDiRE1mQyw","微信读书"
"成功就业","2025-04-23","【大创榜young】北京微航智探科技有限公司——MEMS微机电系统技术爬虫机器人","https://mp.weixin.qq.com/s/0aajq0alIol3w6xoaUxHTA","微信读书"
"成功就业","2025-04-22","北京市组织第八届优秀退役大学生士兵评选述优答辩会","https://mp.weixin.qq.com/s/CyGLMnDFRttHN3wG6Ze7qg","微信读书"
"成功就业","2025-04-22","【招聘】中国诚通控股集团有限公司2025年春季校园招聘公告","https://mp.weixin.qq.com/s/zixNfrfhpGysrBUD_2dYyg","微信读书"
"成功就业","2025-04-22","【招聘】北京市事业单位公开招聘汇总（20250422）","https://mp.weixin.qq.com/s/8QMR-PCwalMrn-L5wt9c1w","微信读书"
"成功就业","2025-04-22","【岗位直推】4月24日下午，贯通培养专场+高职院校专场","https://mp.weixin.qq.com/s/nZ3tzRj4VTMXalC_6F9tRw","微信读书"
"成功就业","2025-04-21","【招聘】中国地质调查局发展研究中心2025年度公开招聘应届毕业生（博士研究生岗位）公告","https://mp.weixin.qq.com/s/i50LglR9FTTXrzBK9uJt3w","微信读书"
"成功就业","2025-04-21","【招聘】文化和旅游部直属事业单位2025年度公开招聘应届毕业生公告（一）","https://mp.weixin.qq.com/s/8aYnLVCa4rfRcPD0H0o6eg","微信读书"
"成功就业","2025-04-21","【招聘】海淀教委近期事业单位招聘信息汇总（4月21日）","https://mp.weixin.qq.com/s/0Vt2N_l7xQpQ8abDqyhApQ","微信读书"
"成功就业","2025-04-18","倒计时1天！“百万英才汇南粤”2025年N城联动春季招聘活动(北京站)明天开启","https://mp.weixin.qq.com/s/BORTQHXdnsZGYIRQ0uKyhQ","微信读书"
"成功就业","2025-04-18","【政策资讯】创业政策每周汇（2025010）","https://mp.weixin.qq.com/s/7Ff_pvV2mKkldpYQnocHwQ","微信读书"
"成功就业","2025-04-18","【岗位直推】4月21日下午，北京经济管理职业学院2025届毕业生春季校园双选会","https://mp.weixin.qq.com/s/Nwv6u1WSyDE9FprlrPiDIw","微信读书"
"成功就业","2025-04-18","【岗位直推】4月21日-25日，北京电子科技职业学院2025届毕业生专场网络双选会","https://mp.weixin.qq.com/s/rDN9Hf0wFXkrnxVOL1xGog","微信读书"
"成功就业","2025-04-18","【岗位直推】4月20日下午，北京城市学院2025届春季校园双选会-国际文化与传播学部专场","https://mp.weixin.qq.com/s/3y1RMM1CZd63ZlPi_tQzSA","微信读书"
"成功就业","2025-04-18","【岗位直推】4月20日下午，北京城市学院2025届春季校园双选会-城市建设学部专场","https://mp.weixin.qq.com/s/GITZLEWbhF3fXbugUWtF5Q","微信读书"
"成功就业","2025-04-18","【岗位直推】4月20日上午，北京城市学院2025届春季校园双选会-教育学部专场","https://mp.weixin.qq.com/s/4E1x9-Q9os6H9y2f5URw_Q","微信读书"
"成功就业","2025-04-18","“千校万岗”2025届高校毕业生“双走进”专场招聘系列活动成功举办","https://mp.weixin.qq.com/s/kodcHpFc41A1DfIeoRSwUw","微信读书"
"成功就业","2025-04-17","四川省绵阳市2025年上半年事业单位招才引智第一批招聘公告（北京场）","https://mp.weixin.qq.com/s/4Qtos4YiKuBXhyoKNN2k-g","微信读书"
"成功就业","2025-04-17","【招聘】北京市事业单位公开招聘汇总（20250417）","https://mp.weixin.qq.com/s/Dq04QQ0TgxR5U8RhEhoz9w","微信读书"
"成功就业","2025-04-17","【招聘】北京十二中教育集团和义学校拟招聘中学语文音乐教师","https://mp.weixin.qq.com/s/ca2z8NvxI1sHRdIlCoLb-w","微信读书"
"成功就业","2025-04-17","【就业典型】清华大学方洲--脚踏实地、仰望星空，在基层为实现航天强国的伟大目标而努力奋斗","https://mp.weixin.qq.com/s/VV2k8dL308tN08eXLtECUA","微信读书"
"成功就业","2025-04-16","粤聚英才 粤见未来｜百万英才汇南粤2025年N城联动春季招聘活动（北京站）","https://mp.weixin.qq.com/s/6EBBrchAZFPXU2W8AY1hbQ","微信读书"
"成功就业","2025-04-16","【招聘】中国民航科学技术研究院2025年度面向社会公开招聘应届毕业生公告（第二期）","https://mp.weixin.qq.com/s/8L7nIUMxErtOpvTMGKm63w","微信读书"
"成功就业","2025-04-16","【招聘】小米2025届全球校园招聘","https://mp.weixin.qq.com/s/YS3uSeSLpoJYy14A4n2T-w","微信读书"
"成功就业","2025-04-16","【招聘】民航博物馆2025年度面向社会公开招聘应届毕业生公告","https://mp.weixin.qq.com/s/Lg1wyyGIBbm_UikHqeZG-A","微信读书"
"成功就业","2025-04-16","【时间变更通知】4月28日，财经金融管理综合专场--“财经领航·京彩就业”2025届毕业生专场双选会","https://mp.weixin.qq.com/s/QA273BqnY5azUt1OsOkZ9Q","微信读书"
"成功就业","2025-04-15","高校创新创业教育师资高级特训课程即将开班，助力您成为行业引领者！","https://mp.weixin.qq.com/s/mwypGGs-9VIWK24U6pjX7Q","微信读书"
"成功就业","2025-04-15","2025年重磅师资培训来袭：AI助力高校教师提升学生就业竞争力！","https://mp.weixin.qq.com/s/uX_Fk2TmOc2E52mtZLSRwQ","微信读书"
"成功就业","2025-04-15","【招聘】北京市2025年高校毕业生到农村从事支农工作招聘公告","https://mp.weixin.qq.com/s/v8DDOVRlaK-flqwzcslcow","微信读书"
"成功就业","2025-04-15","【招聘】“百万英才汇南粤”2025后N城联动春季招聘活动（北京站）","https://mp.weixin.qq.com/s/L8XANIrASHc7vSQjbNkqow","微信读书"
"成功就业","2025-04-15","【岗位直推】4月18日下午，“京彩就业”高校联合生物医药专场春季双选会","https://mp.weixin.qq.com/s/d0sWGABqMk4BprjIXgStRw","微信读书"
"成功就业","2025-04-15","【岗位直推】4月16日上午，京津冀地区体育类高校2025年春季校园双选会","https://mp.weixin.qq.com/s/8S0vzcGAeWU-AuLfG-OqRA","微信读书"
"成功就业","2025-04-14","中办、国办印发《关于加快构建普通高等学校毕业生高质量就业服务体系的意见》","https://mp.weixin.qq.com/s/hpUBWSwkPXMX8eZ3IE2YOA","微信读书"
"成功就业","2025-04-14","协同聚力 精准调研：中心召开高校就业调研座谈交流会","https://mp.weixin.qq.com/s/DiToboKWMVnH62jtr1jFrA","微信读书"
"成功就业","2025-04-14","【招聘】海淀教委近期事业单位招聘信息汇总（4月14日）","https://mp.weixin.qq.com/s/3Kqhkj5J3W6XHKgU4hUD-w","微信读书"
"成功就业","2025-04-14","【招聘】海淀6所中小学急需岗位，快来看看~","https://mp.weixin.qq.com/s/FWNqddC3RtPlbisn0Cxz7A","微信读书"
"成功就业","2025-04-14","【招聘】北京中学二分校诚邀优秀的你！","https://mp.weixin.qq.com/s/x3xuwyoFfGkqzo33dbUqPg","微信读书"
"成功就业","2025-04-14","【招聘】北京市事业单位公开招聘汇总（20250414）","https://mp.weixin.qq.com/s/7Ezr_VOeW4JtzGd70o2mXA","微信读书"
"成功就业","2025-04-14","【招聘】“百万英才汇南粤”2025后N城联动春季招聘活动（北京站）","https://mp.weixin.qq.com/s/8oWd6d9JPEqBDZoMSK6akw","微信读书"
"成功就业","2025-04-14","【岗位直推】4月16日下午，“一带一路”涉外人才春季专场双选会","https://mp.weixin.qq.com/s/SmOIP9te6v1ioqVksEzAmg","微信读书"
"成功就业","2025-04-11","高校就业指导教学技能培训班在中心举办：AI赋能与“有温度”课堂成焦点","https://mp.weixin.qq.com/s/Yk6oYNKmpjHJ0yEebX1ITw","微信读书"
"成功就业","2025-04-11","【政策资讯】创业政策每周汇（2025009）","https://mp.weixin.qq.com/s/r5jUse-ms5SnzvHFu8RoDw","微信读书"
"成功就业","2025-04-11","【招聘】中央和国家机关工委所属事业单位2025年度公开招聘应届毕业生公告","https://mp.weixin.qq.com/s/KXa2D9wCV2JntpQoHPomTg","微信读书"
"成功就业","2025-04-11","【招聘】北京建筑大学2025年第二批公开招聘公告","https://mp.weixin.qq.com/s/whsi5Em-Ppj1dTwPEh1FPw","微信读书"
"成功就业","2025-04-11","【时间更改】“百万英才汇南粤”2025年N城联动春季招聘活动（北京站）因天气原因延期举办","https://mp.weixin.qq.com/s/nn9tPZlBtQ9EnRgNHSf22Q","微信读书"
"成功就业","2025-04-11","【岗位直推】4月16日下午，“京彩就业”2025届北京高校毕业生理工科双选会——北京理工大学专场","https://mp.weixin.qq.com/s/eZrC3nliZ_m2STU4EQqGIg","微信读书"
"成功就业","2025-04-11","【岗位直推】4月15日下午，三场双选会等你来","https://mp.weixin.qq.com/s/zgR3ZIlwnxSWRLc4NPel4A","微信读书"
"成功就业","2025-04-10","招商银行总行｜独家放送！梦工场实习指南：除了Offer，这里还有啥？","https://mp.weixin.qq.com/s/TfF9vcVYDIX0lr3BdSZOLQ","微信读书"
"成功就业","2025-04-10","空宣｜就在今晚！第9季数字金融训练营未公开片段首次曝光 速来！","https://mp.weixin.qq.com/s/KwLmXZA3EFVCpt7Bh3bYxA","微信读书"
"成功就业","2025-04-10","【招聘】北京市事业单位公开招聘汇总（20250410）","https://mp.weixin.qq.com/s/490LYIDzD5k2HOyi1MbKuQ","微信读书"
"成功就业","2025-04-10","【时间变更通知】4月19日下午，“京彩就业 汇聚京南”2025届京南片区高校联合专场双选会","https://mp.weixin.qq.com/s/oRQX6nll685-egQG6-WGRA","微信读书"
"成功就业","2025-04-10","【就业典型】华北电力大学杨文昕--做国之重器“永不生锈”的螺丝钉","https://mp.weixin.qq.com/s/lXPwa-CS79iQssuxGwqy5Q","微信读书"
"成功就业","2025-04-09","春天专列“职”通花城，羊城礼遇“码”上就到，“百万英才汇南粤”2025年N城联动春季招聘活动(北京站)诚邀您参会","https://mp.weixin.qq.com/s/79POCMPvRE5ENYEKFrX77Q","微信读书"
"成功就业","2025-04-09","【招聘】北京市事业单位公开招聘汇总（20250409）","https://mp.weixin.qq.com/s/1dKZIG0yR6lNlBWNScHkww","微信读书"
"成功就业","2025-04-09","【岗位直推】4月11日下午，2025届毕业生五校联合双选会（四月场）","https://mp.weixin.qq.com/s/2a-iywdlPAIr-zMWi5xgiQ","微信读书"
"成功就业","2025-04-09","【岗位直推】4月10日下午，“京彩就业”中国科学院大学2025届毕业生生物医药、地学资环类专场双选会","https://mp.weixin.qq.com/s/dTnA0yxsuaiQ_9Ef8jW35g","微信读书"
"成功就业","2025-04-09","“百万英才汇南粤”2025年N城联动春季招聘活动（北京站）邀请函","https://mp.weixin.qq.com/s/eamjtwDwz2qt7KufofAvEQ","微信读书"
"成功就业","2025-04-08","激发新质生产力动能，提升大学生创新活力——第四届“京彩大创”北京大学生创新创业大赛正式启动","https://mp.weixin.qq.com/s/zLXEkDt-43rHhCjhbVQFFA","微信读书"
"成功就业","2025-04-08","【展位安排】4月9日下午，“名企云集，向京而行” 北京地区2025届毕业生综合类专场双选会——云研科技专区","https://mp.weixin.qq.com/s/M0KBo2mZszQAIVT_whnIkg","微信读书"
"成功就业","2025-04-08","【展位安排】4月9日下午，“名企云集，向京而行” 北京地区2025届毕业生综合类专场双选会——雁塔专区","https://mp.weixin.qq.com/s/8x9BX9v2xveVjHJki1Cv8g","微信读书"
"成功就业","2025-04-08","【展位安排】4月9日下午，“名企云集，向京而行” 北京地区2025届毕业生综合类专场双选会——名企专区","https://mp.weixin.qq.com/s/O-V5hXSFeN-Bk_7mZbKKqg","微信读书"
"成功就业","2025-04-07","直播预告丨第四届“京彩大创”北京大学生创新创业大赛启动仪式明日举行","https://mp.weixin.qq.com/s/uo6zmNapEIFFwYlAuoXeoA","微信读书"
"成功就业","2025-04-07","讲座预告│“京彩助梦成功就业”--本月两场公益课：500强HR面试指导、大学生创新创业大赛解读及参赛技巧","https://mp.weixin.qq.com/s/a5mxhZ7wY05GlQzzlfBC7Q","微信读书"
"成功就业","2025-04-07","【招聘】中国航空工业集团精密所2025届校园招聘正式启动！","https://mp.weixin.qq.com/s/U8Sdr9dMnYLf9kMIFMK8ag","微信读书"
"成功就业","2025-04-07","【招聘】这次是全国8城！广东的offer发到你的城市了","https://mp.weixin.qq.com/s/C-eRXgwDaRm7YbFtQD_lmw","微信读书"
"成功就业","2025-04-07","【招聘】海淀教委近期事业单位招聘信息汇总（4月7日）","https://mp.weixin.qq.com/s/ILa_LztpDc1peM9Y5nBQnw","微信读书"
"成功就业","2025-04-07","【招聘】北京市事业单位公开招聘汇总（20250407）","https://mp.weixin.qq.com/s/7AjWJx0G93dVzFpUB5IPYg","微信读书"
"成功就业","2025-04-07","【招聘】2025年度昌平区企业招录实习人员公告（第一批）","https://mp.weixin.qq.com/s/7AW2sn4SlDdMzUcPevxsIQ","微信读书"
"成功就业","2025-04-07","“京彩就业”中国地质大学(北京)2025届毕业生市、区、街三级联动暨国土空间·资源环境·工程建筑领域三院联合双选会","https://mp.weixin.qq.com/s/t_vQlXErGgjFSO0YJW-vjg","微信读书"
"成功就业","2025-04-06","雁塔区2025年“望长安 雁塔启航 春招盛典”人才巡回招聘活动赴京招聘正式启动","https://mp.weixin.qq.com/s/cxjS21uuqF6zR0TW3VhaqQ","微信读书"
"成功就业","2025-04-03","双选会日历｜企业必看 4-5月双选会场次安排（附报名通道）","https://mp.weixin.qq.com/s/l-mFWjBkxnhFPMLeKeO9SQ","微信读书"
"成功就业","2025-04-03","丁薛祥在全国高校毕业生等青年就业创业工作视频会议上强调 坚持把高校毕业生等青年群体就业作为重中之重 确保青年就业水平总体平稳","https://mp.weixin.qq.com/s/3UMdPdOcPmkZG2E6qKx7vA","微信读书"
"成功就业","2025-04-03","【就业典型】北京社会管理职业学院王秋梦--铿锵玫瑰别样红，甘当守护送行人","https://mp.weixin.qq.com/s/wCfAYOSJAQK0BQ2gv33VVA","微信读书"
"成功就业","2025-04-03","【岗位直推】4月9日，“名企云集，向京而行” 北京地区2025届毕业生综合类专场双选会","https://mp.weixin.qq.com/s/jw07kUzXmVDznBQBmvIuPg","微信读书"
"成功就业","2025-04-02","邀请函 | “科技报国”北京科技大学2025届毕业生校友企业综合双选会","https://mp.weixin.qq.com/s/S6GNweBI5YG-g-AYRuQ6SQ","微信读书"
"成功就业","2025-04-02","2025年“才聚文旅 职引未来”人才招聘专项行动在京启动","https://mp.weixin.qq.com/s/i2D-Xty2qLA9DYcRJMDIag","微信读书"
"成功就业","2025-04-02","【招聘】中国气象局在京单位2025年度第二批拟公开招聘岗位公告","https://mp.weixin.qq.com/s/nRYvEgVkhMtlqGm1Wcpq9A","微信读书"
"成功就业","2025-04-02","【招聘】招商银行第9季数字金融训练营（2026校招提前批）正式启动！","https://mp.weixin.qq.com/s/Y09o_s2TQgzPlXSVzMX3Rg","微信读书"
"成功就业","2025-04-02","【招聘】北京市事业单位公开招聘汇总（20250402）","https://mp.weixin.qq.com/s/Xoi15pN2cinDqP_q-ltjNw","微信读书"
"成功就业","2025-04-02","【招聘】“梦工场”招商银行总行2026届暑期实习生招聘正式启动！","https://mp.weixin.qq.com/s/f2-eUjqyKlkc9wGZqHC_JQ","微信读书"
"成功就业","2025-04-02","【岗位直推】4月10日，民办高校联合专场--“京彩就业”2025届毕业生线下双选会","https://mp.weixin.qq.com/s/VExKhWyFOf6RxZDvvovvJQ","微信读书"
"成功就业","2025-04-01","深化京津冀协同发展，构建人才服务新局面——2025年京津冀高校毕业生春季双选会圆满举办","https://mp.weixin.qq.com/s/1YmfwRv4yv09pfChcult2g","微信读书"
"成功就业","2025-04-01","官宣！深圳南山“六个一”行动方案出炉！","https://mp.weixin.qq.com/s/W9Q_f-foZIKNs-M1MZhh6w","微信读书"
"成功就业","2025-04-01","4月2日，2025年“才聚文旅 职引未来”人才招聘专项行动暨北京市2025届高校毕业生“一带一路”文旅艺术行业人才专场招聘会","https://mp.weixin.qq.com/s/5qcawyaa10H8FvIFcYQpDg","微信读书"
"成功就业","2025-04-01","【招聘】北京市事业单位公开招聘汇总（20250401）","https://mp.weixin.qq.com/s/CKm6AKoxfSscxvifH_71rw","微信读书"
"成功就业","2025-04-01","【邀请函】4月16日，北京劳动保障职业学院2025届毕业生春季校园双选会","https://mp.weixin.qq.com/s/Mu9jnJutAr3BuQW7C21hsA","微信读书"
"成功就业","2025-04-01","【岗位直推】4月1日-6日，京津冀2025年高校毕业生春季网络双选会","https://mp.weixin.qq.com/s/Fk3ABjXcbDlW2MuMcs9wLw","微信读书"
"成功就业","2025-03-31","北京高校学籍学历管理研究课题顺利结题","https://mp.weixin.qq.com/s/xV54fd0YNJossh6uC-xVpQ","微信读书"
"成功就业","2025-03-31","【招聘】民生之旅 焕新启航｜中国民生银行招聘","https://mp.weixin.qq.com/s/WgD-oLojgXGDZ2N2FH4lFA","微信读书"
"成功就业","2025-03-31","【招聘】海淀教委近期事业单位招聘信息汇总（3月31日）","https://mp.weixin.qq.com/s/oK2cF6Yc0ogy79iYYZQzmg","微信读书"
"成功就业","2025-03-31","【招聘】北京市西城区2025年区管企业培优生公开招聘公告","https://mp.weixin.qq.com/s/wfuEXTK6BwTWJ-W2_PFNYw","微信读书"
"成功就业","2025-03-31","【展位安排】4月1日下午，2025年京津冀高校毕业生春季大型双选会","https://mp.weixin.qq.com/s/eMp9qg9C9EvMBngkuOAcVg","微信读书"
"成功就业","2025-03-30","【展位安排】4月1日下午，2025年京津冀高校毕业生春季大型双选会","https://mp.weixin.qq.com/s/okgWJjq7pFBzEA3pUy6kZA","微信读书"
"成功就业","2025-03-29","【招聘】中央档案馆国家档案局所属事业单位2025年度公开招聘工作人员公告","https://mp.weixin.qq.com/s/W0suP7uteQRDGDT975ugow","微信读书"
"成功就业","2025-03-29","【招聘】中国地质调查局局属单位2025年度公开招聘工作人员公告（第二批）","https://mp.weixin.qq.com/s/j3FBkRD2301yVNoEiVQ0Lg","微信读书"
"成功就业","2025-03-29","【招聘】海淀7所学校急需数学教师，快来看看~","https://mp.weixin.qq.com/s/6jCnHgHsJSR01ZZ8zwEJRg","微信读书"
"成功就业","2025-03-29","【招聘】工业和信息化部所属事业单位2025年度公开招聘公告","https://mp.weixin.qq.com/s/hTXeRAVEul7UNOTtSNaN6Q","微信读书"
"成功就业","2025-03-29","【招聘】2025年度民政部所属单位公开招聘应届毕业生公告","https://mp.weixin.qq.com/s/fFdUklv2GHM5rfKRcvvmsg","微信读书"
"成功就业","2025-03-28","聚焦4月双选会，提前了解开启求职新篇","https://mp.weixin.qq.com/s/wSXIoXEVc8sWAewbnQ3QSg","微信读书"
"成功就业","2025-03-28","官宣！深圳南山“六个一”行动方案出炉！","https://mp.weixin.qq.com/s/9jvr4nIqapxo2vqNa650-g","微信读书"
"成功就业","2025-03-28","【政策资讯】创业政策每周汇（2025008）","https://mp.weixin.qq.com/s/QupgJHEg80FB4Rk-12uibA","微信读书"
"成功就业","2025-03-28","【招聘】日本株式会社日中文化经济事业团北京代表处实习生招聘","https://mp.weixin.qq.com/s/60Y7SdkgsM-SzdOYrtFZ4Q","微信读书"
"成功就业","2025-03-28","【招聘】北京市事业单位公开招聘汇总（20250328）","https://mp.weixin.qq.com/s/-M3QcFP48pYOKyFFmwT55w","微信读书"
"成功就业","2025-03-28","【招聘】北京师范大学2025年专职辅导员招聘启事（全职辅导员及双肩挑辅导员）","https://mp.weixin.qq.com/s/2_8pIjJGvEP3ywfOFz5R4A","微信读书"
"成功就业","2025-03-28","【岗位直推】4月1日下午，2025年京津冀高校毕业生春季大型双选会","https://mp.weixin.qq.com/s/-6rG1mZ8fRiydUu3l7Bn1A","微信读书"
"成功就业","2025-03-27","用人单位请关注","https://mp.weixin.qq.com/s/T0_p7OsPIx-hM0W6PS_duA","微信读书"
"成功就业","2025-03-27","高校就业精准指导能力提升培训班在中心成功举办","https://mp.weixin.qq.com/s/OO2ToAPmHIz38dWQ5zrhFw","微信读书"
"成功就业","2025-03-27","【招聘】北京市事业单位公开招聘汇总（20250327）","https://mp.weixin.qq.com/s/AjVxfc3TK9PeefQShEPL_Q","微信读书"
"成功就业","2025-03-27","【就业典型】北京服装学院李邵平--青春力量献边疆，共绘民族团结进步同心圆","https://mp.weixin.qq.com/s/pbMxrBUf6HumSvM_VdZy6g","微信读书"
"成功就业","2025-03-27","【岗位直推】4月1日下午，2025年京津冀高校毕业生春季大型双选会","https://mp.weixin.qq.com/s/sanaWpg4c28OLC5dY3fR8w","微信读书"
"成功就业","2025-03-26","【招聘】镁佳（北京）科技有限公司招聘启动","https://mp.weixin.qq.com/s/2ZcJNWK_K26r4ZGupfo-lw","微信读书"
"成功就业","2025-03-26","【招聘】北京体育大学2025年公开招聘","https://mp.weixin.qq.com/s/Mzw2jv1flPr1hTXHGfjd8A","微信读书"
"成功就业","2025-03-26","【招聘】北京市事业单位公开招聘汇总（20250326）","https://mp.weixin.qq.com/s/HjIrSkkTS1uYJWY8loCenQ","微信读书"
"成功就业","2025-03-26","【展位安排】3月27日，海淀、昌平、教育，3场教育类双选会等你来参加！","https://mp.weixin.qq.com/s/-0L247gGuYGVZ_m7XKJtaQ","微信读书"
"成功就业","2025-03-26","【岗位直推】3月27日下午，“京彩就业”2025届学院南路片区高校联合专场双选会","https://mp.weixin.qq.com/s/F1RoEG0F89_y_2F1vh3t3w","微信读书"
"成功就业","2025-03-25","北京获教育部跟踪调查分中心授牌","https://mp.weixin.qq.com/s/OuhckdLh57zhAePNdgZmZA","微信读书"
"成功就业","2025-03-25","@毕业生，2025苏州春季招聘大会岗位多、诚意满！","https://mp.weixin.qq.com/s/zz8MAUhfYakKr0Nin0jdKQ","微信读书"
"成功就业","2025-03-25","【招聘】中国信息通信研究院2025年公开招聘应届高校毕业生","https://mp.weixin.qq.com/s/iFYkISUb4cM7uleKwNtvyg","微信读书"
"成功就业","2025-03-25","【招聘】小米集团2026届转正实习招聘正式启动","https://mp.weixin.qq.com/s/bc7vP1ueeYUMKdckV-4-7g","微信读书"
"成功就业","2025-03-25","【招聘】北京市网信办现面向社会公开招聘30名工作人员","https://mp.weixin.qq.com/s/4xZqAPKI6Xfn-dcrZaiTQw","微信读书"
"成功就业","2025-03-25","【招聘】北京市事业单位公开招聘汇总（20250325）","https://mp.weixin.qq.com/s/XAfjuLsPuwf1nPv9-qCfZA","微信读书"
"成功就业","2025-03-24","京津冀人才交流丨唐山市2025年中关村高层次人才引进洽谈会在京举办","https://mp.weixin.qq.com/s/F2tvM69j4mFWKSTTk7w-2g","微信读书"
"成功就业","2025-03-24","【招聘】海淀6所学校急需语文教师，快来看看~","https://mp.weixin.qq.com/s/1Z5eP4ZFMfNDRhob6f1kcw","微信读书"
"成功就业","2025-03-24","【招聘】国家体育总局体育科学研究所2025年公开招聘应届毕业生","https://mp.weixin.qq.com/s/Hl_KSNTgAdTrpv5N2OlcKQ","微信读书"
"成功就业","2025-03-24","【岗位直推】4月1日下午，2025年京津冀高校毕业生春季大型双选会","https://mp.weixin.qq.com/s/02CzEjoqpkeQynXePfa_lg","微信读书"
"成功就业","2025-03-24","【岗位直推】3月27日，海淀、昌平、教育，3场教育类双选会等你来参加！","https://mp.weixin.qq.com/s/Dqo0GkxbVXY_LtiQJYlYmg","微信读书"
"成功就业","2025-03-23","青春导航·使命启航—2025大兴区遇见高校嘉年华活动圆满落幕！","https://mp.weixin.qq.com/s/sIpz1j5ixj3x8iRXbwThHw","微信读书"
"成功就业","2025-03-22","华为2026届实习生招聘正式启动","https://mp.weixin.qq.com/s/sbXjKOXDXHC6szFwejOpNQ","微信读书"
"成功就业","2025-03-22","【招聘】中国汽研2025春季校园招聘","https://mp.weixin.qq.com/s/8EzK4Sh60ynSbC69s0PzvA","微信读书"
"成功就业","2025-03-22","【招聘】中国电信云计算研究院2025春季校园招聘","https://mp.weixin.qq.com/s/k1GKw7IuSoYe8gW-eL35ag","微信读书"
"成功就业","2025-03-22","【招聘】北京市事业单位公开招聘汇总（20250322）","https://mp.weixin.qq.com/s/IdxlhAB13nTtuKon6F5bOg","微信读书"
"成功就业","2025-03-21","关于事业单位公共基本能力笔试的提示","https://mp.weixin.qq.com/s/X-jI6SaEAKuanYBOGYPOWQ","微信读书"
"成功就业","2025-03-21","【政策资讯】创业政策每周汇（2025007）","https://mp.weixin.qq.com/s/1plr-QdLfatXgMvWVCpVHA","微信读书"
"成功就业","2025-03-21","【招聘】北京市事业单位公开招聘汇总（20250321）","https://mp.weixin.qq.com/s/oMYmz9vm9dY1-p7lX1BGCQ","微信读书"
"成功就业","2025-03-21","【邀请函】“陕”耀未来 “西”望有你 | 60余家用人单位赴京揽才，3月21日专场开启","https://mp.weixin.qq.com/s/zahU_nBrAzNpc1UJF3dW9A","微信读书"
"成功就业","2025-03-21","【岗位直推】3月27日，“筑基育才·京彩就业” 昌平教育系统人才供需专场洽谈会","https://mp.weixin.qq.com/s/-tTZPm1e4HTYh1ohQVcqUw","微信读书"
"成功就业","2025-03-20","双选会丨北京师范大学2025年春季学期综合类专场双选会（第一场）","https://mp.weixin.qq.com/s/3QpLqENRZMjius8HTzGYAg","微信读书"
"成功就业","2025-03-20","如何申领一次性创业补贴，一图读懂！","https://mp.weixin.qq.com/s/qwsh9X7wIsPUsrVvjrNTSA","微信读书"
"成功就业","2025-03-20","链接北京高校与毕业生，赋能精准招聘","https://mp.weixin.qq.com/s/-rvJ5GIebPjaJi_BaA8sOg","微信读书"
"成功就业","2025-03-20","【招聘】北京市事业单位公开招聘汇总（20250320）","https://mp.weixin.qq.com/s/QCHmRDE3Sb9EQnImImV4rQ","微信读书"
"成功就业","2025-03-20","【就业典型】北京大学任刚强--奋斗乡村基层，淬炼青春年华","https://mp.weixin.qq.com/s/sR_RETdoMhYrC9K84pdqQQ","微信读书"
"成功就业","2025-03-19","业美就在西城·政策掌上通丨北京市创业担保贷款政策","https://mp.weixin.qq.com/s/Jd51fEVywhbEzWSeDHjT1Q","微信读书"
"成功就业","2025-03-19","锁定3月27日！“筑基育才 京彩就业”海淀教育系统热门岗位抢先知晓","https://mp.weixin.qq.com/s/dfwY9IsqHU5c5aovhN7HzQ","微信读书"
"成功就业","2025-03-19","聚焦3月20日，京企直聘/市管企业高层次人才双选会岗位更新","https://mp.weixin.qq.com/s/HXatxEDktSOTmX0fmfinwA","微信读书"
"成功就业","2025-03-19","关于组织开展2025年度北京高校大学生就业创业研究课题选题征集工作的通知","https://mp.weixin.qq.com/s/0UNNCRZV84L8OpF6ojWlFw","微信读书"
"成功就业","2025-03-19","【招聘】中国航发航材院2025年春季校园招聘正式启动！","https://mp.weixin.qq.com/s/xArdvxARCa1ld-jktFD2_Q","微信读书"
"成功就业","2025-03-19","【招聘】北京市事业单位公开招聘汇总（20250319）","https://mp.weixin.qq.com/s/AWKLR1lio_ku4ESAMSWtuQ","微信读书"
"成功就业","2025-03-19","【展位安排】3月20日，唐山市2025年中关村高层次人才引进洽谈会","https://mp.weixin.qq.com/s/8QXAh4_0Xls2XjztWitLig","微信读书"
"成功就业","2025-03-19","【展位安排】3月20日，【高层次人才专场】“智汇首都·京彩就业”北京高校及科研单位高层次人才双选会","https://mp.weixin.qq.com/s/mGptQkGuUG0LfTkgMe_zZQ","微信读书"
"成功就业","2025-03-18","【招聘】中国社会科学出版社博士后科研工作站2025年招聘启事","https://mp.weixin.qq.com/s/ZzxqvHTrldz7DV5btYRdBQ","微信读书"
"成功就业","2025-03-18","【招聘】中国社会科学出版社2025年招聘启事","https://mp.weixin.qq.com/s/rJCcJmFNxNtnF_DLldP9lw","微信读书"
"成功就业","2025-03-18","【招聘】北京市事业单位公开招聘汇总（20250318）","https://mp.weixin.qq.com/s/nnRV8fQJ4dNYni96syCdGQ","微信读书"
"成功就业","2025-03-18","【展位安排】3月20日，【高层次人才专场】“智汇首都·京彩就业”北京高校及科研单位高层次人才双选会","https://mp.weixin.qq.com/s/RVl9QTozxMWbcdHqSGvm-w","微信读书"
"成功就业","2025-03-18","【岗位直推】3月21日下午，中国科学院大学2025届毕业生春季首场双选会","https://mp.weixin.qq.com/s/Vapy1coMXUY-DDzUuvj9kA","微信读书"
"成功就业","2025-03-17","提升高校学生就业能力，教育部“双千”计划来了","https://mp.weixin.qq.com/s/shYZEZFmaarGSXBlS-M90w","微信读书"
"成功就业","2025-03-17","面向“人工智能应用”领域，教育部征集供需对接就业育人项目","https://mp.weixin.qq.com/s/_WhSSPzZKXoHgHukKs1pXQ","微信读书"
"成功就业","2025-03-17","关于开展“高校毕业生就业状况跟踪调查”的公告","https://mp.weixin.qq.com/s/kofImUnMIlJakgDh__VV6A","微信读书"
"成功就业","2025-03-17","【招聘】海淀教委近期事业单位招聘信息汇总（3月17日）","https://mp.weixin.qq.com/s/KuBeJ1K2yCFmDvcE2Q9GSA","微信读书"
"成功就业","2025-03-17","【招聘】北京市事业单位公开招聘汇总（20250317）","https://mp.weixin.qq.com/s/2MiNcJeod5hlwrXICt0OMw","微信读书"
"成功就业","2025-03-17","【展位安排】3月20日，唐山市2025年中关村高层次人才引进洽谈会","https://mp.weixin.qq.com/s/yTgo30c0gZJXlTihUwbLfA","微信读书"
"成功就业","2025-03-17","【展位安排】3月20日，京企直聘/北京市管企业2025届高校毕业生春季综合双选会（高层次人才专场）","https://mp.weixin.qq.com/s/fn3tBgGaUk8_lUwxOUX9sQ","微信读书"
"成功就业","2025-03-17","【展位安排】3月20日，【高层次人才专场】“智汇首都·京彩就业”北京高校及科研单位高层次人才双选会","https://mp.weixin.qq.com/s/hnKCv4UvW-eSWo08EE3A1g","微信读书"
"成功就业","2025-02-24","【招聘】海淀教委近期事业单位招聘信息汇总（2月24日）","https://mp.weixin.qq.com/s/SCeewPXNMCn8s5LfaEQZmQ","微信读书"
"成功就业","2025-02-24","【招聘】北京市事业单位公开招聘汇总（20250224）","https://mp.weixin.qq.com/s/98ogbRWFGVyKcLDPUNwnTA","微信读书"
"成功就业","2025-02-24","【招聘】北京市房山区良乡医院2025年招聘公告","https://mp.weixin.qq.com/s/KhLzLObnU_qgqehhb9g0EQ","微信读书"
"成功就业","2025-02-24","【邀请函】3月19日，中国人民大学2025年春季法律行业全职/实习专场招聘会","https://mp.weixin.qq.com/s/6IcEny8wh8_h4SWy967B1Q","微信读书"
"成功就业","2025-02-24","【邀请函】3月13日，“京彩就业”北京化工大学2025届毕业生春季综合类双选会（第二场）","https://mp.weixin.qq.com/s/tFtmPZmOqKMS1ejt_TtYCw","微信读书"
"成功就业","2025-02-24","【邀请函】3月11日，“京彩就业”中华女子学院2025届毕业生双选会","https://mp.weixin.qq.com/s/yiRx-kqNYnrYsSk_IldUaA","微信读书"
"成功就业","2025-02-21","北京集成电路专场双选会 | “振芯者联盟”火热集结中！","https://mp.weixin.qq.com/s/2sLzPX2NY_ssqAGjKF5liA","微信读书"
"成功就业","2025-02-21","【招聘】北京十一学校中堂实验学校2025年春季招聘启事","https://mp.weixin.qq.com/s/Lwj4kkzgSX6KvdtiNOQgZw","微信读书"
"成功就业","2025-02-21","【邀请函】3月20日，“智汇首都·京彩就业”北京高校及科研单位高层次人才双选会","https://mp.weixin.qq.com/s/AqZzf958Nm8iS67s48bo2g","微信读书"
"成功就业","2025-02-21","【邀请函】3月18日，“京彩就业”中国社会科学院大学2025届毕业生春季线下专场双选会1","https://mp.weixin.qq.com/s/e5Ac-SD2XoAvU_fY8yyvGA","微信读书"
"成功就业","2025-02-20","【招聘】北京物资学院2025年公开招聘公告（第一批）","https://mp.weixin.qq.com/s/8GRLFTcbxHM1st-g5tUung","微信读书"
"成功就业","2025-02-20","【招聘】北京第二外国语学院2025年公开招聘公告","https://mp.weixin.qq.com/s/U1JvPsCwsT1780LKLWGWdg","微信读书"
"成功就业","2025-02-20","【邀请函】北京体育大学2025年春季系列校园双选会","https://mp.weixin.qq.com/s/-naI632TXAqsN7VGhMpC-w","微信读书"
"成功就业","2025-02-20","【邀请函】3月6日，“京彩就业”北京化工大学2025届毕业生春季综合类双选会（第一场）","https://mp.weixin.qq.com/s/8FEOCc9UeOkVM2VEN8kLvw","微信读书"
"成功就业","2025-02-20","【邀请函】3月21日，中国人民大学2025年春季经管专场双选会","https://mp.weixin.qq.com/s/qc6GEG9Zdihnh_9-Jg57og","微信读书"
"成功就业","2025-02-20","【邀请函】3月21日，“宏志助航”北京科技大学2025届毕业生春季大型综合双选会","https://mp.weixin.qq.com/s/OyGL_odblG5V2UTNnbTPTw","微信读书"
"成功就业","2025-02-20","【邀请函】3月12日，中国人民大学2025年春季大型综合就业双选会","https://mp.weixin.qq.com/s/Ygv9EVoGALITjDsb_dbqSQ","微信读书"
"成功就业","2025-02-19","2025考研初试成绩将于近期公布，查分时间定了！查询通道先收藏","https://mp.weixin.qq.com/s/wSnd_VTYdj5kmBAImSjriA","微信读书"
"成功就业","2025-02-19","【招聘】北京市事业单位公开招聘汇总（20250219）","https://mp.weixin.qq.com/s/xZCrOPH0V7t0CudMwNyvnA","微信读书"
"成功就业","2025-02-19","【招聘】2025年北京师范大学亚太实验学校招聘","https://mp.weixin.qq.com/s/HUnq0unKE2Un71OD_r9jjQ","微信读书"
"成功就业","2025-02-19","【邀请函】中央民族大学2025届毕业生春季专场系列双选会","https://mp.weixin.qq.com/s/E7oWeM6UGYw_MeA-ocRnqQ","微信读书"
"成功就业","2025-02-19","【邀请函】3月29日，华北电力大学2025届毕业生春季线下双选会","https://mp.weixin.qq.com/s/pHkNg1ZV0srqNUlso9JbRw","微信读书"
"成功就业","2025-02-18","北京召开全市教育大会","https://mp.weixin.qq.com/s/BzNyUpzBHNuCANu5eOhL-Q","微信读书"
"成功就业","2025-02-18","【招聘】网易有道2025春招开启！","https://mp.weixin.qq.com/s/Pp13Ou4n5kcEMjIDPyQ3pQ","微信读书"
"成功就业","2025-02-18","【招聘】海淀教委近期事业单位招聘信息汇总（2月18日）","https://mp.weixin.qq.com/s/mfWwJT5ZYWtF1R4xb4c9pw","微信读书"
"成功就业","2025-02-18","【招聘】北京市事业单位公开招聘汇总（20250218）","https://mp.weixin.qq.com/s/k9lIo384p0jrwg7ILDulUg","微信读书"
"成功就业","2025-02-18","【邀请函】3月4日，“京彩就业”北京石油化工学院2025届毕业生线下专场双选会1","https://mp.weixin.qq.com/s/HSjuFhQY-UkERWhcZnM6eg","微信读书"
"成功就业","2025-02-18","【邀请函】3月28日，中央音乐学院2025年校园招聘会","https://mp.weixin.qq.com/s/93YKgnVn_jTTb-Kf1faDdw","微信读书"
"成功就业","2025-02-17","考证党必看！2025年考证日历都在这了","https://mp.weixin.qq.com/s/AeCyenVaxibjClIZSXPq-Q","微信读书"
"成功就业","2025-02-17","讲座预告│“京彩助梦 成功就业”--本月两场公益课：教师资格证笔试备考攻略、2025考研复试与调剂全攻略","https://mp.weixin.qq.com/s/Omw986udlDmXhMtabi94QQ","微信读书"
"成功就业","2025-02-17","不容错过！3月双选会场次安排早知道","https://mp.weixin.qq.com/s/dUkWLN2KF4Dq3bV7dgpQug","微信读书"
"成功就业","2025-02-17","【招聘】北京市事业单位公开招聘汇总（20250217）","https://mp.weixin.qq.com/s/GPoTWz_a0EmFrL_ilIuRIg","微信读书"
"成功就业","2025-02-17","【招聘】2025年北京市广渠门中学教育集团招聘","https://mp.weixin.qq.com/s/26bxYA-oZH3RZF2YavejnQ","微信读书"
"成功就业","2025-02-17","【邀请函】3月5日，“京彩就业”北京地区2025届高校毕业生“一带一路”涉外人才春季专场双选会","https://mp.weixin.qq.com/s/QqAfRl2U7lMITASlMGh21A","微信读书"
"成功就业","2025-02-17","【邀请函】3月3日-14日，北京财贸职业学院2025届毕业生春季空中双选会","https://mp.weixin.qq.com/s/nx4Z2mLgcVSzoh78yrE80Q","微信读书"
"成功就业","2025-02-17","【邀请函】3月19日，“京彩就业”国际关系学院2025届毕业生春季双选会","https://mp.weixin.qq.com/s/h5rgflJRhCmGCFyKnYes0Q","微信读书"
"成功就业","2025-02-14","【招聘】腾讯云雀信息技术有限公司招聘简章","https://mp.weixin.qq.com/s/6_DPwYHE49SrhBjmXo9L_w","微信读书"
"成功就业","2025-02-14","【招聘】经济日报社2025年度公开招聘工作人员","https://mp.weixin.qq.com/s/0W2rJLEWUkTz9kH496e7wA","微信读书"
"成功就业","2025-02-14","【招聘】北京高校大学生就业创业指导中心招聘工作人员","https://mp.weixin.qq.com/s/hN48SEf_YK0AyG7Z--peSw","微信读书"
"成功就业","2025-02-14","【邀请函】3月28日，“京彩就业”中国科学院大学2025届毕业生生物医药、地学资环类专场双选会","https://mp.weixin.qq.com/s/pg3zV9z4kVYNaHQ3DzwOuw","微信读书"
"成功就业","2025-02-13","【招聘】中国日报社及所属事业单位2025年公开招聘国内高校应届毕业生","https://mp.weixin.qq.com/s/vFR2Py5Vy_S9MGwZxhptNA","微信读书"
"成功就业","2025-02-13","【招聘】北京市事业单位公开招聘汇总（20250213）","https://mp.weixin.qq.com/s/2uEy8d1kMQZVDsfjOSoVyw","微信读书"
"成功就业","2025-02-13","【邀请函】3月5日，北京物资学院2025届毕业生春招首场校园双选会","https://mp.weixin.qq.com/s/-ErnclL3HAPsbrGdTK9gBw","微信读书"
"成功就业","2025-02-13","【邀请函】3月21日，“京彩就业”中国科学院大学2025届毕业生春季首场双选会","https://mp.weixin.qq.com/s/-DTkHGRZx4n85QHQmx2gmQ","微信读书"
"成功就业","2025-02-12","分享图片","https://mp.weixin.qq.com/s/VcIMyL7BuoF66E6v-d4O-Q","微信读书"
"成功就业","2025-02-11","【招聘】中国电子信息产业发展研究院2025年度公开招聘高校毕业生","https://mp.weixin.qq.com/s/QJiOSU5IAI7V0DBM2oeoYw","微信读书"
"成功就业","2025-02-11","【招聘】湖北省荆州市2025年度人才引进校园招聘1521人","https://mp.weixin.qq.com/s/UX6jnBQyl2Q2ImpXBGMJKw","微信读书"
"成功就业","2025-02-11","【邀请函】北方工业大学2025届毕业生系列双选会（共8场）","https://mp.weixin.qq.com/s/eLDUax_eQnjaLsVggwRz6Q","微信读书"
"成功就业","2025-02-11","【邀请函】3月4日，北二外2025届毕业生春季就业双选会（第一场）","https://mp.weixin.qq.com/s/yo5Ocmv0QgxITaTKe4zXZg","微信读书"
"成功就业","2025-02-10","【招聘】中共中央对外联络部事业单位2025年度公开招聘工作人员","https://mp.weixin.qq.com/s/wy7bwYKzM7bLJqY4OKYFug","微信读书"
"成功就业","2025-02-10","【招聘】北京建筑大学2025年第一批公开招聘","https://mp.weixin.qq.com/s/J91-mGC33QnvWnpvoPg_wA","微信读书"
"成功就业","2025-02-07","【招聘】中国法学会所属事业单位2025年度公开招聘工作人员","https://mp.weixin.qq.com/s/Zz3rLtnZaXqjaej33bLzig","微信读书"
"成功就业","2025-02-07","【邀请函】3月19日，喜迎外交学院70周年校庆暨北京地区高校“一带一路”涉外人才系列巡回专场招聘会","https://mp.weixin.qq.com/s/UDF_6NoNc0Rb49x6BikOnw","微信读书"
"成功就业","2025-02-06","抓住机遇！2月双选会场次安排公布，不容错过","https://mp.weixin.qq.com/s/FAnAgDWdexUAeGztHrhF2w","微信读书"
"成功就业","2025-02-06","【邀请函】“青春扬帆 挺膺担当” 北京工商大学2025届毕业生春季系列专场双选会","https://mp.weixin.qq.com/s/AH2il6jMvVZllJrDs9c-yQ","微信读书"
"成功就业","2025-02-06","【岗位直推】京彩就业·寒假暖心促就业行动，4场2025届北京高校专场网络双选会","https://mp.weixin.qq.com/s/lRqIAMeby4HD-GCzsfyVnA","微信读书"
"成功就业","2025-02-05","【招聘】首都医科大学附属北京地坛医院 2025年第二批公开招聘","https://mp.weixin.qq.com/s/IJ3ipzV0LN07lmty4jZWVA","微信读书"
"成功就业","2025-02-05","【招聘】2025年丰台区事业单位公开招聘工作人员","https://mp.weixin.qq.com/s/c60jneCH4lhfFY9I19L80A","微信读书"
"成功就业","2025-02-05","【邀请函】两场北京工业大学2025年毕业生大型综合双选会邀请函","https://mp.weixin.qq.com/s/seI1YOG0VTJOwGf40hmYIQ","微信读书"
"成功就业","2025-02-05","【邀请函】北京工商大学2025届毕业生春季系列专场双选会","https://mp.weixin.qq.com/s/zA66hpccM_jvS-rhmNFaQg","微信读书"
"成功就业","2025-02-05","【邀请函】“京彩就业 职等你来”对外经济贸易大学2025届毕业生综合类大型双选会","https://mp.weixin.qq.com/s/zGe6y6SFc-zQ_Y7m2Z1Bvw","微信读书"
"成功就业","2025-01-28","分享图片","https://mp.weixin.qq.com/s/5uneu8CLLx1p7eSy4qif3Q","微信读书"
"成功就业","2025-01-27","【招聘】北京市事业单位公开招聘汇总（20250127）","https://mp.weixin.qq.com/s/mZEAME3lp50ZTZeG8OjlFA","微信读书"
"成功就业","2025-01-27","【邀请函】3月20日，“京彩就业”北京服装学院2025届毕业生春季专场双选会（第一场）","https://mp.weixin.qq.com/s/eVvjeLrJF0jKitxO75FkOg","微信读书"
"成功就业","2025-01-27","【邀请函】2月1日-28日，“京彩就业·寒假暖心促就业行动”2025届北京高校【高职院校联合专场】网络双选会","https://mp.weixin.qq.com/s/831t4TaV2ECWU3_I5IJadA","微信读书"
"成功就业","2025-01-22","找工作，这12+10场招聘活动别错过！","https://mp.weixin.qq.com/s/cPxch2lHjrweQTNfqf7YIQ","微信读书"
"成功就业","2025-01-22","【招聘】清华大学出版社2025校园招聘","https://mp.weixin.qq.com/s/QUXgT0Iip_Dl3tXwv87H7g","微信读书"
"成功就业","2025-01-22","【邀请函】北方工业大学2025届毕业生系列双选会（共8场）","https://mp.weixin.qq.com/s/r9ywlLgifEVLed3QBCWcDQ","微信读书"
"成功就业","2025-01-21","【邀请函】2025年北京高校大学生新春双选会（17场，中心场地）","https://mp.weixin.qq.com/s/zyQ-bXBBBs5UnZStWSWrgg","微信读书"
"成功就业","2025-01-21","“高中-大学生涯教育一体化项目”首次大学生成长交流会成功举办","https://mp.weixin.qq.com/s/OBWNX5OOkS2XMgWzX_uLEQ","微信读书"
"成功就业","2025-01-20","国内学历证书、学位证书认证服务介绍","https://mp.weixin.qq.com/s/4H0AXEtDWuN_61TtaBIn-Q","微信读书"
"成功就业","2025-01-20","【招聘】腾讯云雀信息技术有限公司招聘","https://mp.weixin.qq.com/s/KpS1BKPiUavg3kly-mdmrg","微信读书"
"成功就业","2025-01-20","【招聘】海淀教委近期事业单位招聘信息汇总（1月20日）","https://mp.weixin.qq.com/s/kRjJCn987SUyhGCMRGJs3A","微信读书"
"成功就业","2025-01-20","【邀请函】中央民族大学2025届毕业生春季专场招聘会","https://mp.weixin.qq.com/s/Po5DEOjyIWmFAiGvK8NTrA","微信读书"
"成功就业","2025-01-20","【邀请函】北方工业大学2025届毕业生系列双选会（共8场）","https://mp.weixin.qq.com/s/s79ArK1O4d-zMv68Dzf7bw","微信读书"
"成功就业","2025-01-20","【邀请函】3月12日，“网络强国招聘季”北京邮电大学春季大型双选会","https://mp.weixin.qq.com/s/Otv1GqRNdhKUKUCOfFZebg","微信读书"
"成功就业","2025-01-20","【邀请函】2月1日-28日，“京彩就业·寒假暖心促就业行动”2025届北京高校【高职院校联合专场】网络双选会","https://mp.weixin.qq.com/s/VFAl8IctvRN1bCpphSsl7A","微信读书"
"成功就业","2025-01-17","【政策资讯】创业政策每周汇（2025003）","https://mp.weixin.qq.com/s/hPRmWaojWyUlMGMXFqCQGg","微信读书"
"成功就业","2025-01-17","【招聘】西城区教委2025年人才引进（含博士后出站人员）公开招聘工作人员","https://mp.weixin.qq.com/s/qNoUpst2_ERZDOUySG9pjQ","微信读书"
"成功就业","2025-01-17","【招聘】首都医科大学宣武医院2025年公开招聘","https://mp.weixin.qq.com/s/N7rRVfz4Gyy7QzQqm9M2Ug","微信读书"
"成功就业","2025-01-17","【招聘】北京小汤山医院2025年度公开招聘","https://mp.weixin.qq.com/s/JtzCZMAeBdkkE5irw1zdsQ","微信读书"
"成功就业","2025-01-16","【招聘】首都医科大学附属北京胸科医院2025年第二批公开招聘公告","https://mp.weixin.qq.com/s/h1hei40GYVja7BmNhi3wzw","微信读书"
"成功就业","2025-01-16","【招聘】北京清华长庚医院2025年公开招聘工作人员公告","https://mp.weixin.qq.com/s/Cp1LYowqP6iUopXd1x52uw","微信读书"
"成功就业","2025-01-16","【邀请函】3月27日，“才聚学南、京彩就业”2025届学院南路片区高校联合专场双选会","https://mp.weixin.qq.com/s/Q_ogR64JD2KZqbByaoR8fw","微信读书"
"成功就业","2025-01-16","【邀请函】3月19日，京彩就业”北京航空航天大学2025届毕业生大型综合专场双选会","https://mp.weixin.qq.com/s/J903mSTaO8ymmDwIj7awvg","微信读书"
"成功就业","2025-01-16","【邀请函】3月14日，2025届毕业生五校联合双选会","https://mp.weixin.qq.com/s/6H1HIQZNYPEQHmtv_wqCBg","微信读书"
"成功就业","2025-01-15","【邀请函】首都经济贸易大学2025届毕业生大型综合就业双选会（首场）","https://mp.weixin.qq.com/s/opFhzOf-NbAPz8JTSV1Dyg","微信读书"
"成功就业","2025-01-15","【邀请函】“京彩就业”北京地区暨首都体育学院2025届毕业生春季校园双选会","https://mp.weixin.qq.com/s/mRRbsNzS-K39augup-yD6A","微信读书"
"成功就业","2025-01-15","【邀请函】“京彩就业”2025届学院路片区联合专场双选会（北大医学部、北航、科大、农大、林大、矿大、地大）","https://mp.weixin.qq.com/s/_xRXo_tPWhS-TTLtE_39RA","微信读书"
"成功就业","2025-01-14","【招聘】中共北京市委党校2025年公开招聘应届毕业生(含博士后人员)公告","https://mp.weixin.qq.com/s/jQXPLZ9G2zymL49aD9xKOw","微信读书"
"成功就业","2025-01-14","【邀请函】“京彩就业”中国社会科学院大学2025届毕业生春季线下专场双选会1","https://mp.weixin.qq.com/s/E3WinFBPod5mpbcxq1hqFw","微信读书"
"成功就业","2025-01-14","【岗位直推】“京彩就业·寒假暖心促就业行动”2025届北京高校【人文社科法律金融外语外贸教育专场】网络双选会","https://mp.weixin.qq.com/s/ONgkxbisHpbeoaxqomnVgw","微信读书"
"成功就业","2025-01-14","“京彩就业”2025届学院南路片区高校联合文科专场双选会（北交大、北邮、北师范、财经大学、民族大学、政法大学）","https://mp.weixin.qq.com/s/_gLVA79qbPF8wIrPlWadTw","微信读书"
"成功就业","2025-01-13","【招聘】海淀教委近期事业单位招聘信息汇总（1月13日）","https://mp.weixin.qq.com/s/l641Dyt8nfuKpEUYyDjtlQ","微信读书"
"成功就业","2025-01-13","【邀请函】中央民族大学2025届毕业生春季专场招聘会","https://mp.weixin.qq.com/s/vzrf3RsT9lNXvzpV53qZ4Q","微信读书"
"成功就业","2025-01-13","【邀请函】两场北京工业大学2025年毕业生大型综合双选会邀请函","https://mp.weixin.qq.com/s/YYysHyL1tNF6GK89YuRdcw","微信读书"
"成功就业","2025-01-13","【岗位直推】2025届北京高校【央国企专场】网络双选会","https://mp.weixin.qq.com/s/k1tcmIL19DhCi_2ck4z5Kg","微信读书"
"成功就业","2025-01-11","特别关注！海淀11所中小学急需岗位，快来看看~","https://mp.weixin.qq.com/s/lBSOYLKajs5BMttvlBYbyA","微信读书"
"成功就业","2025-01-11","北京市延庆区教育委员会关于2025年第一批公开招聘教师的公告","https://mp.weixin.qq.com/s/j45JMgPGflKNNPqXTtvh-Q","微信读书"
"成功就业","2025-01-10","北京市属企业2025届高校毕业生新年网络双选会诚邀您来","https://mp.weixin.qq.com/s/anKnXrDTOifwz2bLy_s4tQ","微信读书"
"成功就业","2025-01-10","【政策资讯】创业政策每周汇(2025002)","https://mp.weixin.qq.com/s/a_pKxyuZwbZR5KXp9ghP8Q","微信读书"
"成功就业","2025-01-10","【邀请函】2月25日北京信息科技大学2025届毕业生专场双选会1","https://mp.weixin.qq.com/s/EhZah6fSxQLiDTXcrWoD-w","微信读书"
"成功就业","2025-01-09","苏州市2025年“春之约 · 高校毕业生双选会”预约开启！","https://mp.weixin.qq.com/s/6lyHw8SdQaCsr4Xdp9sznQ","微信读书"
"成功就业","2025-01-09","北京市怀柔区2025年区属企业管培生公开招聘公告","https://mp.weixin.qq.com/s/jitiCVw-0vyav1JjxO49Jg","微信读书"
"成功就业","2025-01-09","【职场体验基地】1月21日下午 北京老年医院职场开放日","https://mp.weixin.qq.com/s/Uz5lVtrD6tYIBZI_mTihBQ","微信读书"
"成功就业","2025-01-09","【邀请函】“京彩就业 职等你来”对外经济贸易大学2025届毕业生综合类大型双选会","https://mp.weixin.qq.com/s/t0uzMXXSE9IIYYpt9t5cHA","微信读书"
"成功就业","2025-01-08","【招聘】首都医科大学附属北京安定医院面向2025年应届毕业生（含社会人员）公开招聘公告","https://mp.weixin.qq.com/s/Ie7tDf4uYwwK_EPalJhwqQ","微信读书"
"成功就业","2025-01-08","【招募】关于开展2025年国际中文教育志愿者报名工作的通知","https://mp.weixin.qq.com/s/21OeuDw_pBdWiH_64hX3Yg","微信读书"
"成功就业","2025-01-08","【岗位直推】1月1日-31日【本科院校联合专场】网络双选会","https://mp.weixin.qq.com/s/xAErYNlpFNN9nVI30CeuIw","微信读书"
"成功就业","2025-01-07","1月两场线上就业指导讲座，毕业生别错过！","https://mp.weixin.qq.com/s/5PAa0EqHSevRjNFGyqiO9w","微信读书"
"成功就业","2025-01-07","【邀请函】1月10日-2月14日，中国人民大学“寒假就业暖心行动”2025届毕业生专场网络双选会","https://mp.weixin.qq.com/s/AN7dlXDRYIIJhqA0pCMkDA","微信读书"
"成功就业","2025-01-07","【岗位直推】1月1日-31日，2025届北京高校【民办高校联合专场】网络双选会","https://mp.weixin.qq.com/s/GJmhqEtPFc-HXMrDfPmT6Q","微信读书"
"成功就业","2025-01-06","向“新”而行 领创未来 北京高校大学生创业园团队联谊交流活动成功举办","https://mp.weixin.qq.com/s/QbVdQzeB00xHsza6mYJZtA","微信读书"
"成功就业","2025-01-06","【邀请函】2月1日-28日，2025届北京高校【艺体及新业态服务专场】网络双选会","https://mp.weixin.qq.com/s/ke_oI46r7aRhC_bwuf9TCg","微信读书"
"成功就业","2025-01-06","【邀请函】2月1日-28日，2025届北京高校【高职院校联合专场】网络双选会","https://mp.weixin.qq.com/s/8DWPeEkep_CM1IdSXhm-fA","微信读书"
"成功就业","2025-01-03","2023年北京高校大学生就业创业优秀课题研究成果之七——基于“三力”提升的生涯规划课程教学模式构建与创新策略研究","https://mp.weixin.qq.com/s/9blB9EQx7oiBJ1HXq_1jvQ","微信读书"
"成功就业","2025-01-03","【政策资讯】创业政策每周汇（2025001）","https://mp.weixin.qq.com/s/4HbpMbfbIq-pbTTBXiowlA","微信读书"
"成功就业","2025-01-03","【招聘】海淀7所学校急需数学教师，快来看看~","https://mp.weixin.qq.com/s/bSKBp9iVJQfdPIkSz9okfQ","微信读书"
"成功就业","2025-01-03","【招聘】2025年北京老年医院公开招聘工作人员公告","https://mp.weixin.qq.com/s/SVxgOcJ9oMZGhefNzVYDog","微信读书"
"成功就业","2025-01-03","【邀请函】3月21日，“京彩就业”走进中国农业大学专场","https://mp.weixin.qq.com/s/wjef7OyEpNFi8ZVb2b3Cag","微信读书"
"成功就业","2025-01-03","【邀请函】3月19日，“京彩就业”国际关系学院2025届毕业生春季双选会","https://mp.weixin.qq.com/s/eH0TPGPtoKzLqpAVWWfDhQ","微信读书"
"成功就业","2025-01-02","岁首迎新！2025年1月双选会预告来袭","https://mp.weixin.qq.com/s/S7rz7nry336uXe0UhIhIag","微信读书"
"成功就业","2025-01-02","【招聘】国务院发展研究中心有关直属事业单位2025年度公开招聘工作人员","https://mp.weixin.qq.com/s/hiLJXmlj3i8ebIcoVI_7Sw","微信读书"
"成功就业","2025-01-02","【邀请函】2月1日-28日，2025届北京高校【人文社科法律金融外语外贸教育专场】网络双选会","https://mp.weixin.qq.com/s/oqtRCvSphNRa_uQ6jznKVw","微信读书"
"成功就业","2025-01-02","【邀请函】2月1日-28日，2025届北京高校【农林建筑地质石油行业专场】网络双选会","https://mp.weixin.qq.com/s/ueiXl3Oh7fKUS4nwy88KHg","微信读书"
"成功就业","2025-01-01","分享图片","https://mp.weixin.qq.com/s/BhZZWemVbHXdgHpnhf6mUw","微信读书"
"成功就业","2024-12-31","告别2024，敬过往 向未来！","https://mp.weixin.qq.com/s/ilXBOxN5dEfMc2Mhko1ttw","微信读书"
"成功就业","2024-12-31","【招聘】北京市事业单位公开招聘汇总（20241231）","https://mp.weixin.qq.com/s/s8jzwJgmf4Qb0xcdHWgwEA","微信读书"
"成功就业","2024-12-31","【邀请函】1月1日-31日，2025届北京高校及科研单位【高层次人才专场】网络双选会","https://mp.weixin.qq.com/s/J4SNnijuM_J0R2b5yslB_A","微信读书"
"成功就业","2024-12-31","【邀请函】1月1日-31日，2025届北京高校【中小企业专场】网络双选会","https://mp.weixin.qq.com/s/9SwwC4jZPmo1K-QL0hw7cA","微信读书"
"成功就业","2024-12-31","【邀请函】1月1日-31日，2025届北京高校【央国企专场】网络双选会","https://mp.weixin.qq.com/s/BfZsu0UDsulF0_-uhDSaOA","微信读书"
"成功就业","2024-12-31","【邀请函】1月1日-31日，2025届北京高校【民办高校联合专场】网络双选会","https://mp.weixin.qq.com/s/4leH55FPfmWOQLu1eP40Ng","微信读书"
"成功就业","2024-12-08","【招聘】北京学校2025年岗位需求","https://mp.weixin.qq.com/s/PEbWAuPPUHtBpSpcV-ntyQ","微信读书"
"成功就业","2024-12-06","【政策资讯】创业政策每周汇（2024037）","https://mp.weixin.qq.com/s/Wrl9ibH_zVlcC-4vDlVCZA","微信读书"
"成功就业","2024-12-06","【招聘】中国石油大学（北京）2025年辅导员、专业技术岗位招聘启动！","https://mp.weixin.qq.com/s/JCqGs_xf4Id23FwCI0PoeA","微信读书"
"成功就业","2024-12-06","【招聘】海淀6所学校急需语文教师，快来看看~","https://mp.weixin.qq.com/s/W9eBIriAIezYyCuzLvlLug","微信读书"
"成功就业","2024-12-06","【招聘】北京市大兴区教育委员会所属事业单位面向2025年应届毕业生公开招聘教师","https://mp.weixin.qq.com/s/kknVkdn5QmNJdrBApxj9RA","微信读书"
"成功就业","2024-12-06","【邀请函】1月-2月，“京彩就业·寒假暖心促就业行动”2025届北京高校网络双选会","https://mp.weixin.qq.com/s/Oq1pKedsJlxuDry9Tysr4g","微信读书"
"成功就业","2024-12-05","【招聘】首都医科大学附属北京朝阳医院2024年公开招聘工作人员公告（第七批）","https://mp.weixin.qq.com/s/amIMBY89yGNeOiUw-BzOvQ","微信读书"
"成功就业","2024-12-05","【招聘】北京高校大学生就业创业指导中心招聘工作人员公告","https://mp.weixin.qq.com/s/7AETXBovMXjV3gFUvHng_Q","微信读书"
"成功就业","2024-12-05","【邀请函】北京电子科技职业学院2025届毕业生秋季综合类招聘会（第二场）","https://mp.weixin.qq.com/s/ZnW8grM8RNcx9OpjICE43Q","微信读书"
"成功就业","2024-12-05","【就业典型】北京师范大学邓竞——谱写新时代青春之歌","https://mp.weixin.qq.com/s/g2iztlnxeGt_louziiLOcQ","微信读书"
"成功就业","2024-12-04","北京重点高校与四川国资国企合作交流座谈会成功举办","https://mp.weixin.qq.com/s/2ch48XgAMt3MuHBcP0GJ5Q","微信读书"
"成功就业","2024-12-04","2023年北京高校大学生就业创业优秀课题研究成果之三——大学生创业者心理健康教育机制研究","https://mp.weixin.qq.com/s/HOhBO7JluVXZ6Iez3UAhDA","微信读书"
"成功就业","2024-12-04","【招聘】北京市事业单位公开招聘汇总（20241204）","https://mp.weixin.qq.com/s/kKkynkFuhXRqPfe27wLroA","微信读书"
"成功就业","2024-12-04","【邀请函】12月12日-12月26日，启航工程--“网络强国招聘季”北京邮电大学2024年秋季网络双选会-经济管理类专场","https://mp.weixin.qq.com/s/W9Cd5WS7tJv4g8Gj0G4i9A","微信读书"
"成功就业","2024-12-04","【邀请函】12月09日-12月15日，“京彩就业”——北京京北职业技术学院2025届毕业生网络双选会","https://mp.weixin.qq.com/s/0nPk6HfAfjcgZi1yi71Hng","微信读书"
"成功就业","2024-12-03","第九届京津冀学前教育类高校毕业生专场招聘活动成功举办","https://mp.weixin.qq.com/s/Dyqwe8N-4gt_K3SXavAg_A","微信读书"
"成功就业","2024-12-03","【招聘】北京市事业单位公开招聘汇总（20241203）","https://mp.weixin.qq.com/s/77j3RngJ1cdcn5MuGfHnMQ","微信读书"
"成功就业","2024-12-03","【邀请函】12月16日-12月22日，北京服装学院2025届毕业生专场网络双选会第一场","https://mp.weixin.qq.com/s/OghJ_dorpB7DXzAPEVt25Q","微信读书"
"成功就业","2024-12-02","北京高校大学生就业创业指导中心招聘工作人员公告","https://mp.weixin.qq.com/s/sw-Cap4qQOnF_usaCl1qdg","微信读书"
"成功就业","2024-12-02","【招聘】海淀教委近期事业单位招聘信息汇总（12月02日）","https://mp.weixin.qq.com/s/Y4geZ44AQjfaZ1gbGF12WA","微信读书"
"成功就业","2024-12-02","【岗位直推】12月4日上午，“京彩就业”2025届毕业生文科类（人文社科、财经金融、法律、教育）专场双选会","https://mp.weixin.qq.com/s/dhhsuVKdorMgM5A21QhAUA","微信读书"
"成功就业","2024-12-02","“校企合作促就业，才聚朝阳促发展”高层次校企人才产教融合交流会成功举办","https://mp.weixin.qq.com/s/mCCaloj5BKwSLNlxdDJqXw","微信读书"
"成功就业","2024-11-29","北京高校大学生创业园“雏鹰计划”创业先锋训练营第二期成功举办","https://mp.weixin.qq.com/s/ZJ7jmx96XsmhBOgbjTJ6eA","微信读书"
"成功就业","2024-11-29","【政策资讯】创业政策每周汇（2024036）","https://mp.weixin.qq.com/s/inPHNQbn1K83ff9AivDOvg","微信读书"
"成功就业","2024-11-29","【招聘】海淀7所中小学急需岗位，快来看看~","https://mp.weixin.qq.com/s/qsfAk4jTjwP-peaA9PjCSA","微信读书"
"成功就业","2024-11-29","【招聘】北京市事业单位公开招聘汇总（20241129）","https://mp.weixin.qq.com/s/JDGqdf1hQRYPabHbqu83YQ","微信读书"
"成功就业","2024-11-29","【岗位直推】12月4日上午，“京彩就业”2025届毕业生文科类（人文社科、财经金融、法律、教育）专场双选会","https://mp.weixin.qq.com/s/iNsy1U00TfB2mrWV-TlgAw","微信读书"
"成功就业","2024-11-28","【招聘】北京卫生职业学院面向2025年应届毕业生（含社会人员）第一批公开招聘工作人员","https://mp.weixin.qq.com/s/fMiOTfz_Mhmxy6BaoE_hqg","微信读书"
"成功就业","2024-11-28","【招聘】北京市丰台区和义学校拟招聘中学语数音教师","https://mp.weixin.qq.com/s/QMjGnwwwlwksOXZk7RrLbw","微信读书"
"成功就业","2024-11-28","【邀请函】12月12日-12月26日，启航工程--“网络强国招聘季”北京邮电大学2024年秋季网络双选会-经济管理类专场","https://mp.weixin.qq.com/s/n8lSJmvVsB8MXT165jfc8Q","微信读书"
"成功就业","2024-11-28","【邀请函】12月09日-12月15日，“京彩就业”——北京京北职业技术学院2025届毕业生网络双选会","https://mp.weixin.qq.com/s/vqJqH4onGCBwzS_RTdHoaA","微信读书"
"成功就业","2024-11-28","【就业典型】北京大学何辉：打造数学农业，赋能乡村振兴","https://mp.weixin.qq.com/s/TX50NOHAfQuTk99U548ifQ","微信读书"
"成功就业","2024-11-27","2023年北京高校大学生就业创业优秀课题研究成果之二——基于高质量充分就业目标的高校职业生涯教育体系构建与提升策略研究","https://mp.weixin.qq.com/s/WYaezN5opVfnzc0Q7wBbJw","微信读书"
"成功就业","2024-11-27","【招聘】国家外汇管理局中央外汇业务中心2025年度公开招聘","https://mp.weixin.qq.com/s/CC_ZYmvoZsq7CnApMm6dIw","微信读书"
"成功就业","2024-11-27","【招聘】北京市事业单位公开招聘汇总（20241127）","https://mp.weixin.qq.com/s/UAQhhu0wGVFKxsf-DMHNGg","微信读书"
"成功就业","2024-11-26","速览！12月双选会各场次安排详情","https://mp.weixin.qq.com/s/pMRtgu2qSPUxdTfMSHtIJQ","微信读书"
"成功就业","2024-11-26","【招聘】教育部教育考试院2025年度统一公开招聘公告","https://mp.weixin.qq.com/s/ByrWlDrxTIgv_39kxtnVCA","微信读书"
"成功就业","2024-11-26","【招聘】北京老年医院面向2025年应届毕业生公开招聘","https://mp.weixin.qq.com/s/lwKS05fRjSa9owQSXuvt7Q","微信读书"
"成功就业","2024-11-26","【邀请函】12月13日，筑梦青春 “职”通未来--北京青年政治学院2025届毕业生校园双选会（第二场）","https://mp.weixin.qq.com/s/LXJbcek-TXp3-XDpGuMbDw","微信读书"
"成功就业","2024-11-25","培训指导│生涯咨询技能提升培训班成功举办","https://mp.weixin.qq.com/s/Y6gG_r99esPFiaWcSeQgrw","微信读书"
"成功就业","2024-11-25","【招聘】北京市事业单位公开招聘汇总（20241125）","https://mp.weixin.qq.com/s/ZF3T-I5T37PQ8OMTmAx9Ig","微信读书"
"成功就业","2024-11-25","【岗位直推】11月28日上午，“京彩就业”西城区教委所属事业单位2025届毕业生教师专场供需见面交流会","https://mp.weixin.qq.com/s/Vv09F-gJptPuxDlb7CZDfg","微信读书"
"成功就业","2024-11-25","【岗位推介】11月25日-29日，“京彩就业”——北京电子科技职业学院2025届毕业生专场网络双选会1","https://mp.weixin.qq.com/s/21P-ibss8MCm1aDF6fL9Eg","微信读书"
"成功就业","2024-11-22","2024年北京高校大学生创业园高校分园座谈会召开","https://mp.weixin.qq.com/s/LZ9OiKOg5ksiJBMNZJP47Q","微信读书"
"成功就业","2024-11-22","【招聘】中国电子信息产业发展研究院2025年校园招聘","https://mp.weixin.qq.com/s/P6FmZOtk9-BGZ4W8hcBbNQ","微信读书"
"成功就业","2024-11-22","【招聘】北京市事业单位公开招聘汇总（20241122）","https://mp.weixin.qq.com/s/mg2u9rjfdjYfEwioi3daYQ","微信读书"
"成功就业","2024-11-22","【邀请函】12月20日-2月17日，北京建筑大学 2025届毕业生网络专场双选会","https://mp.weixin.qq.com/s/Wd9-gZR4nPHJJYpM6QS-VA","微信读书"
"成功就业","2024-11-22","【岗位直推】11月28日下午， “京彩就业”东城区教委所属事业单位教师专场招聘会","https://mp.weixin.qq.com/s/tNXC_YEHveC3IFR9caow5w","微信读书"
"成功就业","2024-11-21","校园双选会｜12月12日，北京网络职业学院2025届毕业生就业校园双选会","https://mp.weixin.qq.com/s/cyuoqY6JV7NZRGX5ivn9KA","微信读书"
"成功就业","2024-11-21","【招聘】首都医科大学附属北京同仁医院面向2025年应届毕业生（含社会人员等）公开招聘","https://mp.weixin.qq.com/s/JVuXGuddRqerdqV7G3brUQ","微信读书"
"成功就业","2024-11-21","【招聘】教育部直属事业单位2025年度公开招聘应届生","https://mp.weixin.qq.com/s/StKwLIx-Erwa8Ibcnxe_kg","微信读书"
"成功就业","2024-11-21","【邀请函】12月20日-2月17日，“喜迎校庆六十周年，做中外人文交流使者”北二外2025届毕业生就业实习双选会","https://mp.weixin.qq.com/s/AJ2OOegcazbNbZkOOk78ew","微信读书"
"成功就业","2024-11-21","【就业典型】中国地质大学（北京）王仕林：青春赴边疆，奉献正当时","https://mp.weixin.qq.com/s/axYEI76auJc17m8UOZOaSQ","微信读书"
"成功就业","2024-11-21","【岗位直推】11月22日下午，中石油 (北京)、北化、法大、华电、央财2025届毕业生五校联合双选会","https://mp.weixin.qq.com/s/JGznFlJZgyiH6M3dVUF10Q","微信读书"
"成功就业","2024-11-21","【岗位直推】11月22日下午，“京彩就业”2025届高校毕业生生物医药专场双选会","https://mp.weixin.qq.com/s/emLSERLgEJh9BX024UvFlw","微信读书"
"成功就业","2024-11-20","校园双选会｜12月12日，北京网络职业学院2025届毕业生就业校园双选会","https://mp.weixin.qq.com/s/9cEUcSfaTstij_3t8Qpicw","微信读书"
"成功就业","2024-11-20","第三届“京彩大创”北京大学生创新创业大赛获奖名单公布","https://mp.weixin.qq.com/s/Q3hcUHNlr8B1Cu3PIoRhTg","微信读书"
"成功就业","2024-11-20","【招聘】BioMap百图生科2025届全球校招启动！","https://mp.weixin.qq.com/s/s_JMVLJ1SxjS6srrF0gb0g","微信读书"
"成功就业","2024-11-20","【招聘】招聘岗位上新，这几家央企、国企招聘进行中","https://mp.weixin.qq.com/s/-BefAveyEDu-tyyy-D7GJw","微信读书"
"成功就业","2024-11-20","【招聘】欢迎加入昴星科技团队！","https://mp.weixin.qq.com/s/2tWrFt1sxZdW0kGJBcfLPA","微信读书"
"成功就业","2024-11-20","“2023年北京高校大学生就业创业优秀课题研究成果”之一 ——新工科背景下基于OBE理念的高校毕业生就业质量评价与路径优化探析","https://mp.weixin.qq.com/s/41G2n6z8wBcNQ4VqQKAkHg","微信读书"
"成功就业","2024-11-19","预告｜本周五，2024年京津冀博士后与科研人才招收暨项目洽谈会","https://mp.weixin.qq.com/s/WEPmY97bXgtUWPHWLYxvhA","微信读书"
"成功就业","2024-11-19","【招聘】中国民用航空局运行监控中心2025年度公开招聘应届毕业生公告","https://mp.weixin.qq.com/s/zi0eoiK1n3_kciQh6oMORQ","微信读书"
"成功就业","2024-11-19","【招聘】北京经济技术开发区2025年面向国内高校招聘应届优秀毕业生","https://mp.weixin.qq.com/s/cV8IRtRoUjvnfh0z50N_9Q","微信读书"
"成功就业","2024-11-18","【招聘】海淀教委近期事业单位招聘信息汇总（11月18日）","https://mp.weixin.qq.com/s/ybLV3xPxNr_Gp40IQi1qdw","微信读书"
"成功就业","2024-11-18","【招聘】北京市芦城体育运动技术学校2024年下半年公开招聘工作人员","https://mp.weixin.qq.com/s/Tw7vM7bLTF8acaksQqzM6g","微信读书"
"成功就业","2024-11-18","【邀请函】11月25日-29日，“京彩就业”——北京电子科技职业学院2025届毕业生专场网络双选会1","https://mp.weixin.qq.com/s/EnUzOyC9yyvL0LwWYkzEIg","微信读书"
"成功就业","2024-11-18","【岗位直推】11月22日下午，“京彩就业”2025届高校毕业生生物医药专场双选会","https://mp.weixin.qq.com/s/YT0qQ3yQ4kmy43xOToeOOw","微信读书"
"成功就业","2024-11-16","【政策资讯】创业政策每周汇（2024035）","https://mp.weixin.qq.com/s/-_Ax2yfuB-red9aUVOTpuQ","微信读书"
"成功就业","2024-11-16","【招聘】北京市事业单位公开招聘汇总（20241116）","https://mp.weixin.qq.com/s/tx0o89H4V-oqlbQAeqlhUg","微信读书"
"成功就业","2024-11-15","2024年京津冀博士后与科研人才招收暨项目洽谈会","https://mp.weixin.qq.com/s/CznosbM7ejqK46z7dM3tBQ","微信读书"
"成功就业","2024-11-15","【政策资讯】2025届全国普通高校毕业生就业创业工作会议召开","https://mp.weixin.qq.com/s/8YBP5_aRnvFGLu8PfLJJhg","微信读书"
"成功就业","2024-11-15","【招聘】寒序科技2025秋季校招启动！","https://mp.weixin.qq.com/s/OVWPmRtU-Xmb2WIEKJ3ZKQ","微信读书"
"成功就业","2024-11-15","【招聘】海淀7所中小幼急需岗位，快来看看~","https://mp.weixin.qq.com/s/nOZJOgt6LmuAVaYsoXpC_Q","微信读书"
"成功就业","2024-11-15","【招聘】北京市事业单位公开招聘汇总（20241115）","https://mp.weixin.qq.com/s/W1xXK6mrvfZED8vZJ2rpwg","微信读书"
"成功就业","2024-11-15","【邀请函】12月4日，“京彩就业”2025届毕业生文科类（人文社科、财经金融、法律、教育）专场双选会","https://mp.weixin.qq.com/s/ZuGYFfIocHj3QwJ8dCugyg","微信读书"
"成功就业","2024-11-15","【邀请函】12月19日，北京城市学院2025届毕业生秋季综合类校园双选会（中关村校区）","https://mp.weixin.qq.com/s/gxjqxZgYf5OqyatS9ZzUwA","微信读书"
"成功就业","2024-11-15","【岗位直推】本周六，160余家单位校招，学生可预约参会","https://mp.weixin.qq.com/s/U8OBXHBF_HT5rG6fOUQh8A","微信读书"
"成功就业","2024-11-14","探索未来职场，从“体验”开始！——第四批高校毕业生职场体验基地遴选正式启动！","https://mp.weixin.qq.com/s/dHd8kM66ZWSXjzwY4a9TUw","微信读书"
"成功就业","2024-11-14","教育部明确要这样帮2025届高校毕业生找工作","https://mp.weixin.qq.com/s/-ZXjQtHPvLiIgeadJ-RQJQ","微信读书"
"成功就业","2024-11-14","11月15日，北京市管企业2025届毕业生秋季校园双选会（天津专场）","https://mp.weixin.qq.com/s/E8PMQ8738edRA6JZISHyEA","微信读书"
"成功就业","2024-11-14","【招聘】北京市事业单位公开招聘汇总（20241114）","https://mp.weixin.qq.com/s/IUbGa4IK-Sdx31TWYKNBYA","微信读书"
"成功就业","2024-11-14","【邀请函】11月27日，京彩就业”首都经济贸易大学2025届毕业生中型专场就业双选会（三）","https://mp.weixin.qq.com/s/2ykDfme11TroHOIHstXuqg","微信读书"
"成功就业","2024-11-14","【邀请函】11月27日，北京城市学院2025届毕业生秋季综合类校园双选会（顺义校区）","https://mp.weixin.qq.com/s/YfnDA1jdC1_qQfIdurOhdQ","微信读书"
"成功就业","2024-11-14","【邀请函】11月25日-29日，“京彩就业”——北京电子科技职业学院2025届毕业生专场网络双选会1","https://mp.weixin.qq.com/s/dusGnhT5Ag189rNTKPj6qg","微信读书"
"成功就业","2024-11-14","【就业典型】中国地质大学（北京）董小宇--青春逢盛世 奋斗正当时","https://mp.weixin.qq.com/s/WBIcgKGhzxCWBYoSjujoqg","微信读书"
"成功就业","2024-11-13","【招聘】招录169人！2025年度公务员招考公告发布，欢迎报考！","https://mp.weixin.qq.com/s/_Tbem2bXuF5mlJvsYCiibA","微信读书"
"成功就业","2024-11-13","【招聘】南银法巴消费金融有限公司2025届校园招聘正式启动","https://mp.weixin.qq.com/s/wWxhVmIreJp_sTUkdjF23w","微信读书"
"成功就业","2024-11-13","【招聘】北京市事业单位公开招聘汇总（20241113）","https://mp.weixin.qq.com/s/ZsDVm3I8cAbrEvsLbp65Qg","微信读书"
"成功就业","2024-11-13","【邀请函】11月20日，“京彩就业”国际关系学院2025届毕业生冬季双选会","https://mp.weixin.qq.com/s/J0wMBI6hG3nb7VzJMdKncA","微信读书"
"成功就业","2024-11-13","“永远跟党走，到祖国最需要的地方去”--2024年北京高校毕业生就业创业先进典型百场宣讲活动北京工业大学专场圆满举办","https://mp.weixin.qq.com/s/KV5gcKvhCIw3JZbJTPoC7Q","微信读书"
"成功就业","2024-11-12","云南省2024年博士“组团式”招引活动","https://mp.weixin.qq.com/s/hEDrQibcwqFXJvXiz4VDxg","微信读书"
"成功就业","2024-11-12","2025年京考公告发布，11月18日起报名！","https://mp.weixin.qq.com/s/JJqA_sJerqt2PBWKj-dHvA","微信读书"
"成功就业","2024-11-12","2024年“遇见高校嘉年华”活动在陈经纶中学举办","https://mp.weixin.qq.com/s/p0KjAj35n6Zdssneiwny_g","微信读书"
"成功就业","2024-11-12","【招聘】北京市水务局所属事业单位2024年度第二次招聘工作人员","https://mp.weixin.qq.com/s/5qv2VrdFNRmOUhbuTZdvLQ","微信读书"
"成功就业","2024-11-11","预告丨11月16日，2024年浙江—北京高层次人才洽谈会即将举办！","https://mp.weixin.qq.com/s/eQgTs4BEKmWgYKpZSp4DPA","微信读书"
"成功就业","2024-11-11","关于公布2023年北京高校大学生就业创业研究课题结题评审结果的通知","https://mp.weixin.qq.com/s/kFTrxBXMQ550eruCNbUKgA","微信读书"
"成功就业","2024-11-11","【招聘】首都医科大学附属北京胸科医院面向2025年应届毕业生（含社会人员等）公开招聘","https://mp.weixin.qq.com/s/Mf0fhtwKP2K0T8LeTko8cA","微信读书"
"成功就业","2024-11-11","【招聘】海淀教委近期事业单位招聘信息汇总（11月11日）","https://mp.weixin.qq.com/s/g3l56z0Hu2V8bP9006VNTg","微信读书"
"成功就业","2024-11-11","【邀请函】12月4日，“京彩就业”2025届毕业生文科类（人文社科、财经金融、法律、教育）专场双选会","https://mp.weixin.qq.com/s/iB0KIJWG8UnzHZ0KeZpe8w","微信读书"
"成功就业","2024-11-11","【岗位直推】11月13日下午， “京彩就业”2025届高端技术技能人才贯通培养项目毕业生专场双选会（三）","https://mp.weixin.qq.com/s/JKQA5KK-IQbNVaJbCn-T9g","微信读书"
"成功就业","2024-11-11","【岗位直推】11月13日上午，京津冀地区体育类高校2024年秋季校园双选会","https://mp.weixin.qq.com/s/DFwJM9Mig_BdpcBtYflhsw","微信读书"
"成功就业","2024-11-08","关于开展第四批高校毕业生职场体验基地遴选工作的通知","https://mp.weixin.qq.com/s/LRYTlnUC5jCw7iyzpqaB9Q","微信读书"
"成功就业","2024-11-08","2024年高校辅导员就业指导能力提升培训班在中心举办","https://mp.weixin.qq.com/s/g7RpfW7c7rssTW175Go0tw","微信读书"
"成功就业","2024-11-08","【政策资讯】创业政策每周汇（2024034）","https://mp.weixin.qq.com/s/a5Funu0fqPMZ1tkj-NG5mA","微信读书"
"成功就业","2024-11-08","【招聘】北京市事业单位公开招聘汇总（20241108）","https://mp.weixin.qq.com/s/7H3AhFSMSmEaTnwzbxFjRg","微信读书"
"成功就业","2024-11-08","【招聘】@2025届、2026届毕业生~海淀学校实习信息大放送！","https://mp.weixin.qq.com/s/wtNiPuMA7eONuxgZOnLVLQ","微信读书"
"成功就业","2024-11-08","【邀请函】12月3日，“京彩就业”中华女子学院 2025届毕业生双选会（三）","https://mp.weixin.qq.com/s/foltiQQZmByAG-3nE1ax3A","微信读书"
"成功就业","2024-11-08","【邀请函】11月20日，“京彩就业”国际关系学院2025届毕业生冬季双选会","https://mp.weixin.qq.com/s/uutxAqqT3xNb6MLH4gJCyA","微信读书"
"成功就业","2024-11-08","【岗位直推】11月13日下午， “京彩就业”2025届高端技术技能人才贯通培养项目毕业生专场双选会（三）","https://mp.weixin.qq.com/s/5a0GeqP7HAb2COh_8Wykrg","微信读书"
"成功就业","2024-11-07","关于四川省绵阳市2024年下半年事业单位招才引智第二批（北京场）现场报名及资格审查地点变更的补充公告","https://mp.weixin.qq.com/s/7wDG2qaTfiES3rZpsDDZTQ","微信读书"
"成功就业","2024-11-07","【招聘】首都医科大学附属北京朝阳医院2024年公开招聘工作人员（第六批）","https://mp.weixin.qq.com/s/0OTvEcNKdSZVx97qyPEu6w","微信读书"
"成功就业","2024-11-07","【邀请函】11月13日， “京彩就业”2025届高端技术技能人才贯通培养项目毕业生专场双选会（三）","https://mp.weixin.qq.com/s/Sv7nOcJfnUtyEjsBR0y6uw","微信读书"
"成功就业","2024-11-07","【就业典型】北京工业大学耿丹学院杨杰--戎装虽解志犹在 奏响青春最强音","https://mp.weixin.qq.com/s/Yg91w6OHKv2dxfERK598LA","微信读书"
"成功就业","2024-11-07","【岗位直推】11月9日下午，2024年丰台区所属事业单位人才供需交流会","https://mp.weixin.qq.com/s/TFSIA9EVN3D6oEWn17u7Sw","微信读书"
"成功就业","2024-11-06","第九届京津冀学前教育类（早期教育专业、婴幼儿托育服务与管理专业）高校毕业生专场招聘活动","https://mp.weixin.qq.com/s/2gyFjjK8ExkbVcqD2HniRQ","微信读书"
"成功就业","2024-11-06","【招聘】首都医科大学附属北京友谊医院面向2025年应届毕业生（含社会人员）公开招聘工作人员","https://mp.weixin.qq.com/s/Iw2L3o7hVo2F8qpcoO89RA","微信读书"
"成功就业","2024-11-06","【邀请函】北京城市学院2025届毕业生秋季综合类校园双选会--顺义校区专场&中关村校区专场","https://mp.weixin.qq.com/s/KgZeo50Cy2HfG7_TT-sjtg","微信读书"
"成功就业","2024-11-06","【邀请函】11月28日，首都师范大学2025届毕业生秋季大型校园双选会--非师范专场","https://mp.weixin.qq.com/s/WfMyS56DouO1-tpLtanDlg","微信读书"
"成功就业","2024-11-06","【邀请函】11月25日-29日，“京彩就业”——北京电子科技职业学院2025届毕业生专场网络双选会1","https://mp.weixin.qq.com/s/K1GsY3CN3No1sGcg9E-FTA","微信读书"
"成功就业","2024-11-06","【邀请函】11月14日，中国戏曲学院2025届毕业生校园双选会","https://mp.weixin.qq.com/s/On6EUoK1e1Y0RHgmyqjB9g","微信读书"
"成功就业","2024-11-05","讲座预告│“京彩助梦 成功就业”--本月3场公益课：职业规划、2025 国考、职业规划心理准备与调试","https://mp.weixin.qq.com/s/92ubDWwSApXYOj5n59GvVA","微信读书"
"成功就业","2024-11-05","【招聘】北京市事业单位公开招聘汇总（20241105）","https://mp.weixin.qq.com/s/wiwTRuGlX8ckvAw9CayigQ","微信读书"
"成功就业","2024-11-05","【邀请函】11月22日，中石油 (北京)、北化、法大、华电、央财2025届毕业生五校联合双选会","https://mp.weixin.qq.com/s/qolV-rYE3uibtjjPuYB8UA","微信读书"
"成功就业","2024-11-05","【邀请函】11月22日，“京彩就业”2025届高校毕业生生物医药专场双选会","https://mp.weixin.qq.com/s/ZqGpXBOvQDycXhJUOfeijg","微信读书"
"成功就业","2024-11-05","【邀请函】11月21日，“网络强国招聘季”北京邮电大学2024年秋季双选会-综合场","https://mp.weixin.qq.com/s/XSWKiaeJcLA5ti1eCN70lA","微信读书"
"成功就业","2024-11-05","【岗位直推】11月7日下午， “京彩就业”北方工业大学2025届毕业生秋季大型综合双选会（第二场）","https://mp.weixin.qq.com/s/iVhn3K9bA0u5SPu-bxCwLQ","微信读书"
"成功就业","2024-11-04","【招聘】四川省绵阳市2024年下半年事业单位招才引智第二批招聘公告（北京场）","https://mp.weixin.qq.com/s/SaTSmZABNIPayy0-Yb55Yw","微信读书"
"成功就业","2024-11-04","【招聘】海淀教委近期事业单位招聘信息汇总（11月4日）","https://mp.weixin.qq.com/s/REaU5QlQImbARkwRUQ5CwQ","微信读书"
"成功就业","2024-11-04","【招聘】海淀5所学校急需岗位，快来看看~","https://mp.weixin.qq.com/s/q8Tdt8XcNEgWfprEtE7cqg","微信读书"
"成功就业","2024-11-04","【岗位直推】11月7日下午，  “京彩就业”北京地区2025届高校毕业生“一带一路”涉外人才秋季专场双选会","https://mp.weixin.qq.com/s/Jz0ApP9AnRkgIwN8q9uOuw","微信读书"
"成功就业","2024-11-04","【岗位直推】11月6日下午，“京彩就业”2025届高端技术技能人才贯通培养项目毕业生专场双选会（二）","https://mp.weixin.qq.com/s/f6YQBMUK_kuvjeNm3vGL0Q","微信读书"
"成功就业","2024-11-04","【岗位直推】11月6日下午，  “京彩就业”2025届北京高校毕业生理工科双选会","https://mp.weixin.qq.com/s/qME-F_8tgoRGYDBCAvtqhQ","微信读书"
"成功就业","2024-11-01","总结复盘工作会+奖金发放说明会 第三届“京彩大创”持续赋能北京高校大学生创新创业","https://mp.weixin.qq.com/s/5bMTqX6NDAWsruM6lY7r7A","微信读书"
"成功就业","2024-11-01","习近平：促进高质量充分就业","https://mp.weixin.qq.com/s/EfX-9B06sAy42ghUxyQWrg","微信读书"
"成功就业","2024-11-01","2024年北京地区高校就业创业骨干师资培训班在平谷举办","https://mp.weixin.qq.com/s/6JDtyXUnQnKthrCSDE94hw","微信读书"
"成功就业","2024-11-01","【政策资讯】创业政策每周汇（2024033）","https://mp.weixin.qq.com/s/AraFj5IArQaKrwfMXNd91g","微信读书"
"成功就业","2024-11-01","【邀请函】11月21日，“京彩就业”北京交通大学2025届毕业生秋季大型供需双选会邀请函（第二场）","https://mp.weixin.qq.com/s/YaSFdXxvDk95CI8-S9HwTQ","微信读书"
"成功就业","2024-11-01","【就业典型】北京林业大学李银鸽：不一样的可能","https://mp.weixin.qq.com/s/j4FU8OcUxpcwDgpTnEQVMA","微信读书"
"成功就业","2024-11-01","【岗位直推】11月9日下午，2024年丰台区所属事业单位人才供需交流会","https://mp.weixin.qq.com/s/MMuejoDonuzTThlPLADm7A","微信读书"
"成功就业","2024-10-31","【招聘】北京邮电大学招聘多名事业编制辅导员","https://mp.weixin.qq.com/s/L5o9ntYoTczwJtvBPEwrTw","微信读书"
"成功就业","2024-10-31","【招聘】北京市事业单位公开招聘汇总（20241031）","https://mp.weixin.qq.com/s/ny16mkEzPRsj2L53U7YG8A","微信读书"
"成功就业","2024-10-31","【邀请函】橙子就业 | 职在金秋，“城”就未来 北京城市学院2025届毕业生秋季综合类校园双选会","https://mp.weixin.qq.com/s/U3-0NRBzQH-oJW-W1NhNYg","微信读书"
"成功就业","2024-10-31","【邀请函】11月20日，“京彩就业”国际关系学院2025届毕业生冬季双选会","https://mp.weixin.qq.com/s/PKMZLLMo-3fbKCSPvoujBQ","微信读书"
"成功就业","2024-10-31","【邀请函】11月13日，服务高水平对外开放——北京外国语大学2024年秋季综合双选会","https://mp.weixin.qq.com/s/IggdkscZORRRt-39cpYmdg","微信读书"
"成功就业","2024-10-30","先睹为快，11月招聘信息早知道","https://mp.weixin.qq.com/s/eMq2DEUmEk5bp9U8XAaoYg","微信读书"
"成功就业","2024-10-30","【招聘】北京市石景山医院面向2025年应届毕业生（含社会人员）公开招聘工作人员公告","https://mp.weixin.qq.com/s/rUFTP4mEJ_xSMkKVlgNz9Q","微信读书"
"成功就业","2024-10-30","【招聘】北京市平谷区教育委员会所属事业单位2024年第三批公开招聘教师公告","https://mp.weixin.qq.com/s/66x9WKh_VkJ9k9Bs_QpTyg","微信读书"
"成功就业","2024-10-30","【招聘】北京科技大学启动2025年度非教学科研岗位招聘工作，招聘106人！","https://mp.weixin.qq.com/s/nFQQMoikjtZXmmG_vmImJg","微信读书"
"成功就业","2024-10-30","【邀请函】11月27日，“京彩就业”2025届高端技术技能人才贯通培养项目毕业生专场双选会（四）","https://mp.weixin.qq.com/s/FANSv_tplGzSsKmHhG4tpw","微信读书"
"成功就业","2024-10-30","【邀请函】11月13日，“启航梦想，智汇人大”中国人民大学2024年秋季大型综合就业双选会","https://mp.weixin.qq.com/s/O0TFIBROaBZBHwEDdjS_4Q","微信读书"
"成功就业","2024-10-30","【岗位直推】10月31日，北方工业大学“小而精，专而优”招聘会——机械与材料工程学院专场","https://mp.weixin.qq.com/s/o1F8JS5wfQnqxxuFu84Jwg","微信读书"
"成功就业","2024-10-29","2024年青年生涯规划指导人员基石培训班圆满结束","https://mp.weixin.qq.com/s/T-repKAjg3G25ebnBlAAjA","微信读书"
"成功就业","2024-10-29","【招聘】首都医科大学附属北京儿童医院2024年公开招聘工作人员","https://mp.weixin.qq.com/s/1lzCo_bCrkLVAYUHUzioLw","微信读书"
"成功就业","2024-10-29","【展位安排】11月1日上午，区教委双选会展位安排合集","https://mp.weixin.qq.com/s/463K-DxX6MfULNcOtp4jDA","微信读书"
"成功就业","2024-10-29","【邀请函】11月22日，“京彩就业”2025届高校毕业生生物医药硕博专场双选会","https://mp.weixin.qq.com/s/jGkhIzJLTdAk0mol_JuM9w","微信读书"
"成功就业","2024-10-28","【招聘】海淀教委近期事业单位招聘信息汇总（10月28日）","https://mp.weixin.qq.com/s/BB6PRmrsS7AOZ1B9O12vDQ","微信读书"
"成功就业","2024-10-28","【招聘】北京市事业单位公开招聘汇总（20241028）","https://mp.weixin.qq.com/s/hG2qBSzaGldwUVMsd7lTYg","微信读书"
"成功就业","2024-10-28","【招聘】北京高校大学生就业创业指导中心2024年公开招聘工作人员公告","https://mp.weixin.qq.com/s/KVF6D1LTuNRQAOBLFk8rQQ","微信读书"
"成功就业","2024-10-28","【展位安排】10月31日下午，“京彩就业”教育行业专场双选会","https://mp.weixin.qq.com/s/Vp0SR6fdaLCe-lIiE9_09w","微信读书"
"成功就业","2024-10-28","【展位安排】10月31日上午，2024年海淀区教委所属单位人才供需洽谈会","https://mp.weixin.qq.com/s/SURg88PBsTslPBUOEGEuCg","微信读书"
"成功就业","2024-10-28","【邀请函】11月1日，北京信息职业技术学院2025届毕业生秋季校园双选会报名开始啦","https://mp.weixin.qq.com/s/UNZhfeOMg47RrIe_t97alg","微信读书"
"成功就业","2024-10-28","【邀请函】11月13日，服务高水平对外开放——北京外国语大学2024年秋季综合双选会","https://mp.weixin.qq.com/s/VwYj5xNRYqtNt8n_WmAGkA","微信读书"
"成功就业","2024-10-28","【邀请函】11月13日，“沙河高教园区高校联盟国防企事业单位招聘会","https://mp.weixin.qq.com/s/XK6wUNpZ9qXQ1wivHncpdQ","微信读书"
"成功就业","2024-10-25","【政策资讯】创业政策每周汇（2024032）","https://mp.weixin.qq.com/s/fjDAxkku3p6lUS1vysf_ng","微信读书"
"成功就业","2024-10-25","【邀请函】11月15日，硕博专场--“京彩就业”2025届毕业生线下双选会","https://mp.weixin.qq.com/s/C9cNVaIEejRRrc-Bo1DLnA","微信读书"
"成功就业","2024-10-25","【邀请函】11月15日，“京彩就业”中国矿业大学（北京）2025届毕业生秋季就业双选会","https://mp.weixin.qq.com/s/H4K0ySEt90fQTbVcX0aQcA","微信读书"
"成功就业","2024-10-25","【邀请函】11月15日，“宏志助航”北京科技大学2025届毕业生秋季大型综合双选会","https://mp.weixin.qq.com/s/RgB3pwIbCKErHfR7qJJQQA","微信读书"
"成功就业","2024-10-25","【邀请函】11月14日，“京彩就业”北京化工大学昌平校区四院一系2025届毕业专场双选会（第二场）","https://mp.weixin.qq.com/s/g7bzbqcHPdyUjx0khJzLxg","微信读书"
"成功就业","2024-10-24","【招聘】2024年海淀区教委所属事业单位第三次（面向高校毕业生）公开招聘工作人员","https://mp.weixin.qq.com/s/Rcw-FZMGHVJVneO8UzOsUg","微信读书"
"成功就业","2024-10-24","【邀请函】11月7日，启航工程--“网络强国招聘季”北京邮电大学2024年秋季双选会-综合场","https://mp.weixin.qq.com/s/ZQ7TVmqIFuSgactg4goiIw","微信读书"
"成功就业","2024-10-24","【邀请函】11月2日，华北电力大学2025届毕业生专场线下双选会","https://mp.weixin.qq.com/s/3OdqyLiCQrCFS6Y6R70SNw","微信读书"
"成功就业","2024-10-24","【邀请函】11月13日，京津冀地区体育类高校2024年秋季校园双选会","https://mp.weixin.qq.com/s/JJi4GsXZBv3CmLYD2ODVNg","微信读书"
"成功就业","2024-10-24","【邀请函】11月“京彩就业”北京化工大学2024届毕业生秋季综合类双选会（共2场）","https://mp.weixin.qq.com/s/y0qQd5Dk3ZDdfttNARTlmg","微信读书"
"成功就业","2024-10-24","【岗位直推】10月26日上午，北京印刷学院2025届毕业生秋季双选会","https://mp.weixin.qq.com/s/19fHeUaDsQuNdkHbUHDE-g","微信读书"
