公众号,发布日期,文章标题,文章链接,来源
"西安交大就业创业","2026-09-21","2026年秋季学期“国际就业力”在线课程开放报名啦！","https://mp.weixin.qq.com/s/AVLtPUsucz0O8j7rLH6O4A","微信读书"
"西安交大就业创业","2026-09-21","【组团招聘】信息支援部队直招军官西安交通大学专场","https://mp.weixin.qq.com/s/89D86LbKPYd5-Ra2mV2wWw","微信读书"
"西安交大就业创业","2026-09-21","【组团招聘】国家能源投资集团2027届校园招聘","https://mp.weixin.qq.com/s/FHMSuqi6aZ8-ehj3L0Cclw","微信读书"
"西安交大就业创业","2026-09-21","【组团招聘】广州市 & 洛阳市秋季名企名校行西安交通大学站","https://mp.weixin.qq.com/s/WPZaCoras98sNTBPotdkpw","微信读书"
"西安交大就业创业","2026-09-21","【选调宣讲】四川省面向西安交通大学选调2027届优秀大学毕业生公告","https://mp.weixin.qq.com/s/4N7XgJKfuBGrQHiA_z4bUQ","微信读书"
"西安交大就业创业","2026-09-21","【宣讲】字节跳动 & 海尔智家2027届校园招聘","https://mp.weixin.qq.com/s/FC9GmOyzGR0MldkuIwMxIw","微信读书"
"西安交大就业创业","2026-09-21","【创新港宣讲】怀柔实验室2027年校园招聘","https://mp.weixin.qq.com/s/KAm8-Ybcu_Cly90qpzzebA","微信读书"
"西安交大就业创业","2026-09-21","【创新港宣讲】东方电气集团 & 东风商用车2027届校园招聘正式启动!","https://mp.weixin.qq.com/s/aydQqI9xL1bkFpDcN-eXyQ","微信读书"
"西安交大就业创业","2026-09-20","2026年秋季学期校园招聘及职业指导活动预告（9.21-9.27）","https://mp.weixin.qq.com/s/c82NAUKodCNAke0liVG3Uw","微信读书"
"西安交大就业创业","2026-09-20","【组团招聘】中国（上海）自由贸易试验区临港新片区2026年秋季校招引才系列活动","https://mp.weixin.qq.com/s/05R3dAj5IqVabZBQLokZjA","微信读书"
"西安交大就业创业","2026-09-20","【组团招聘】上海金山区 & 深圳龙岗区2026年秋季校招引才系列活动","https://mp.weixin.qq.com/s/lMSW9sHhB1vSTxpACD6F4Q","微信读书"
"西安交大就业创业","2026-09-20","【组团招聘】宁夏银川“百千万”人才留银川专项行动2026年秋季赴外引才活动","https://mp.weixin.qq.com/s/jOyE8OuIJaV_qPEe3klE-A","微信读书"
"西安交大就业创业","2026-09-20","【组团招聘】百万人才兴重庆全国重点高校秋季巡回引才活动","https://mp.weixin.qq.com/s/QqKZ5bYzydePZfsuap_Jlg","微信读书"
"西安交大就业创业","2026-09-20","【宏志助航】西安交通大学第九届“千家单位万家学子”综合类双选会（2026年秋季）求职加油站","https://mp.weixin.qq.com/s/9wnwUk9xv3D9l5G_NsBcnw","微信读书"
"西安交大就业创业","2026-09-20","【创新港宣讲】中建八局2027届“新砼人”秋季校园招聘正式启动","https://mp.weixin.qq.com/s/0cbTf9F4Gt_20FDe99fQEQ","微信读书"
"西安交大就业创业","2026-09-20","【创新港宣讲】中国移动九天人工智能科技公司 & 南网数字集团2027届校园招聘","https://mp.weixin.qq.com/s/ZCYHDk9gpCUwEUMtqZ55tA","微信读书"
"西安交大就业创业","2026-09-19","重磅预告｜9月21日，西安交大秋季最大综合双选会，参会攻略来了！","https://mp.weixin.qq.com/s/B0H2MSjTzgU56r1Q1zSE6A","微信读书"
"西安交大就业创业","2026-09-19","【组团招聘】中国化学工程校园行2027届全球校园招聘","https://mp.weixin.qq.com/s/jZJZdZs2Jcc-RNT7A2VH9g","微信读书"
"西安交大就业创业","2026-09-19","【组团招聘】2026青岛“招才引智名校行”（西北站）","https://mp.weixin.qq.com/s/G5J6rM0NgtyhbN4JxiaRxw","微信读书"
"西安交大就业创业","2026-09-19","【组团招聘】2026年下半年龙游县县属国有企业关于公开招聘管理培训生的公告","https://mp.weixin.qq.com/s/MVno-_rHwr3Kc_FCo6EOqQ","微信读书"
"西安交大就业创业","2026-09-19","【组团招聘】2026年苏州纳米企业组团“名校行”系列校园招聘","https://mp.weixin.qq.com/s/ojp4rjWgzhspumZb72rKFw","微信读书"
"西安交大就业创业","2026-09-19","【组团招聘】2026年广西重点领域急需紧缺高层次人才招聘会（西安站）","https://mp.weixin.qq.com/s/d5ZkfE2aOyGBBvlFVY_TdA","微信读书"
"西安交大就业创业","2026-09-19","【选调宣讲】近期选调宣讲会 & 指导活动汇总","https://mp.weixin.qq.com/s/gpCQvaKuH1Nzk3U_wZ9zSQ","微信读书"
"西安交大就业创业","2026-09-19","【创新港宣讲】飞亚达精密科技股份有限公司2026年校园招聘","https://mp.weixin.qq.com/s/o-7w1AyfXbYaRaXCZUcbVw","微信读书"
"西安交大就业创业","2026-09-18","西安交通大学第九届“千家单位万名学子”综合类双选会(2026年秋季)单位预告","https://mp.weixin.qq.com/s/kGlfY1801D5-E6MIRH3BRg","微信读书"
"西安交大就业创业","2026-09-18","【组团招聘】中国机械工业集团有限公司2027届校园招聘","https://mp.weixin.qq.com/s/_hBbv-Or3XJMcafGmOC0qQ","微信读书"
"西安交大就业创业","2026-09-18","【组团招聘】军事航天部队2026-2027年度直接选拔招录军官","https://mp.weixin.qq.com/s/cFBpm5qoaPfnBU7xVmPZAg","微信读书"
"西安交大就业创业","2026-09-18","【兴庆宣讲】新东方2027届秋季校园招聘","https://mp.weixin.qq.com/s/ZqlcbKoZBkDhPuUZsrg-KQ","微信读书"
"西安交大就业创业","2026-09-18","【创新港宣讲】中景芯创2027届校园招聘开始啦！","https://mp.weixin.qq.com/s/8UxIry2BVFed_Y7vBFiUWw","微信读书"
"西安交大就业创业","2026-09-18","【创新港宣讲】中国银行陕西省分行2027年校园招聘正式启动！","https://mp.weixin.qq.com/s/xrxkhBpNd9bePpMjTZPN7A","微信读书"
"西安交大就业创业","2026-09-18","【创新港宣讲】中船七一一所2027届校园招聘正式启动","https://mp.weixin.qq.com/s/1xn6C5_3-GAC-QuWOsfABQ","微信读书"
"西安交大就业创业","2026-09-18","【创新港宣讲】中船广船国际2027届校园招聘启动","https://mp.weixin.qq.com/s/M8qHlJWQaqmdWYrO0XFI-w","微信读书"
"西安交大就业创业","2026-09-17","【组团招聘】中国南方电网有限责任公司2027年校园招聘提前批启动！","https://mp.weixin.qq.com/s/IQBWYwsKhM9KIQvRzMpnkA","微信读书"
"西安交大就业创业","2026-09-17","【组团招聘】中国机械科学研究总院集团2027届校园招聘","https://mp.weixin.qq.com/s/6DYU-bhd0_ZmN8SCQPBPXA","微信读书"
"西安交大就业创业","2026-09-17","【组团招聘】国家管网集团2027届校园招聘启动!","https://mp.weixin.qq.com/s/VY8-olL--KMbN-KWoaZ22Q","微信读书"
"西安交大就业创业","2026-09-17","【兴庆宣讲】学而思2027届秋招专场","https://mp.weixin.qq.com/s/NvxDLRwLsWKXskenNIGilQ","微信读书"
"西安交大就业创业","2026-09-17","【新闻】张立群带队赴雄安新区推进合作交流","https://mp.weixin.qq.com/s/l2IxVYQOIZLS8L0Jort1pg","微信读书"
"西安交大就业创业","2026-09-17","【创新港宣讲】中芯国际2027届校园招聘","https://mp.weixin.qq.com/s/NCK56w8DYyrbWkjawLCpDw","微信读书"
"西安交大就业创业","2026-09-17","【创新港宣讲】长光卫星2027届校园招聘","https://mp.weixin.qq.com/s/HGjxGy4_vwrLXoALa-vwcA","微信读书"
"西安交大就业创业","2026-09-17","【创新港宣讲】上海摩瓦新能源西交大宣讲会来了!","https://mp.weixin.qq.com/s/McPKlOSFQE1eo8nGUfkI8Q","微信读书"
"西安交大就业创业","2026-09-16","【组团招聘】中国石油2026年秋季高校毕业生校招咨询会","https://mp.weixin.qq.com/s/kmaiOkaluberoV7Bc9vAQQ","微信读书"
"西安交大就业创业","2026-09-16","【通知公告】关于开放2027届毕业生去向登记 （网上签约）系统的通知","https://mp.weixin.qq.com/s/eGw9i0BN8b1s-FEuciQ08A","微信读书"
"西安交大就业创业","2026-09-16","【创新港宣讲】TCL实业2027届全球校招行程全公开","https://mp.weixin.qq.com/s/_XfCOtkkCY79hKx1bmwTiw","微信读书"
"西安交大就业创业","2026-09-16","【创新港宣讲】长鑫存储 & 远景能源2027全球校园招聘正式开启！","https://mp.weixin.qq.com/s/fZGvkrMD3hvIX-VtvzjyHA","微信读书"
"西安交大就业创业","2026-09-16","【创新港宣讲】长安汽车 & 一汽-大众2027全球校园招聘","https://mp.weixin.qq.com/s/OvnJCaX-RtMKMJ3k8EEI4g","微信读书"
"西安交大就业创业","2026-09-16","【创新港宣讲】上海宇量昇科技有限公司2027届校园招聘","https://mp.weixin.qq.com/s/lO4czs8MrMRdLHbh8x_BfA","微信读书"
"西安交大就业创业","2026-09-16","【创新港宣讲】海信集团2027届校园招聘","https://mp.weixin.qq.com/s/jbqkLmX3OTdH8PFoy9Sk-Q","微信读书"
"西安交大就业创业","2026-09-16","【创新港宣讲】格力电器 & 宇树科技2027届秋季校园招聘","https://mp.weixin.qq.com/s/2PP_MQLLEnYdg5qaTSU4xQ","微信读书"
"西安交大就业创业","2026-09-15","【组团招聘】网络空间部队直接选拔招录军官、定向选拔在校生","https://mp.weixin.qq.com/s/_xV-LoyuHmlkS0FnIGlx_A","微信读书"
"西安交大就业创业","2026-09-15","【组团招聘】国机精工2027届校园招聘正式启动！","https://mp.weixin.qq.com/s/JVw0fIamPDBLnrwoBrh2sA","微信读书"
"西安交大就业创业","2026-09-15","【活动预告】奇瑞校园路演西安交通大学站即将开启！","https://mp.weixin.qq.com/s/ncmT0H4QIP0TcTaQtkPewA","微信读书"
"西安交大就业创业","2026-09-15","【创新港宣讲】中国电气装备集团有限公司2027届校园招聘正式启动！","https://mp.weixin.qq.com/s/5IMl2TMVvdBDWhxxSZo6rA","微信读书"
"西安交大就业创业","2026-09-15","【创新港宣讲】特变电工2027届校园招聘正式启动！","https://mp.weixin.qq.com/s/favA5E30DFP5rblgMZjDpw","微信读书"
"西安交大就业创业","2026-09-15","【创新港宣讲】思朗科技2027届校园招聘","https://mp.weixin.qq.com/s/YTMHxukpSFxBBcGgLOHcxw","微信读书"
"西安交大就业创业","2026-09-15","【创新港宣讲】上海电气集团2027届校园招聘","https://mp.weixin.qq.com/s/nkuhZLPdVILMfZzxc7KaSQ","微信读书"
"西安交大就业创业","2026-09-15","【创新港宣讲】国防科技大学2026年校园招聘","https://mp.weixin.qq.com/s/9PFgvi3nyVfvg2iiK0Ufug","微信读书"
"西安交大就业创业","2026-09-14","本周求职贴士 | 9.14-9.20秋招冲刺指南","https://mp.weixin.qq.com/s/DFgBMitEpEmFDHjVtgc0Mg","微信读书"
"西安交大就业创业","2026-09-14","【组团招聘】中国航空发动机集团有限公司2027届校园招聘重磅开启","https://mp.weixin.qq.com/s/yLkiuj4L6wrfGuqxZYHbiQ","微信读书"
"西安交大就业创业","2026-09-14","【组团招聘】2026年秋季全国重点高校毕业生巡回招聘面试会","https://mp.weixin.qq.com/s/Owk-_BbKANh0NmL_Wa1qnw","微信读书"
"西安交大就业创业","2026-09-14","【创新港宣讲】vivo2027届全球校园招聘宣讲会","https://mp.weixin.qq.com/s/j9F5DTNTwRJ1tC4kDOOHlg","微信读书"
"西安交大就业创业","2026-09-14","【创新港宣讲】中国科学院空天信息创新研究院2027年校园招聘","https://mp.weixin.qq.com/s/oIo09_qOEZ6XL2YOogFPBQ","微信读书"
"西安交大就业创业","2026-09-14","【创新港宣讲】华为2027届应届生招聘宣讲会","https://mp.weixin.qq.com/s/1EFyBmUH9A2B7O0ZsoJTQw","微信读书"
"西安交大就业创业","2026-09-14","【创新港宣讲】汉德车桥2027届校园招聘正式启动!","https://mp.weixin.qq.com/s/x1D3TL0tCItkFrnRGuW70A","微信读书"
"西安交大就业创业","2026-09-14","【创新港宣讲】国华能源投资有限公司2027校园招聘来啦!","https://mp.weixin.qq.com/s/68XC3QaB6oYbrRGdaLhonQ","微信读书"
"西安交大就业创业","2026-09-13","2026年秋季学期校园招聘及职业指导活动预告（9.14-9.20）","https://mp.weixin.qq.com/s/tABu2PFbTYVIIvBv25vIdg","微信读书"
"西安交大就业创业","2026-09-13","【组团招聘】中国移动2027校园招聘","https://mp.weixin.qq.com/s/5jm5MkKzsGmh58EYstbqOA","微信读书"
"西安交大就业创业","2026-09-13","【组团招聘】中国电子科技集团公司2027届校园招聘","https://mp.weixin.qq.com/s/wEHyauG9s_f1f-yAdn5Ybg","微信读书"
"西安交大就业创业","2026-09-13","【宏志助航】秋招启航-简历篇③：AI时代如何搭建简历","https://mp.weixin.qq.com/s/lyrBQdp_Pyuw92xgabmj1A","微信读书"
"西安交大就业创业","2026-09-13","【创新港宣讲】芯恩2027届西安交通大学校招宣讲会","https://mp.weixin.qq.com/s/XcbkYcO2ZrBUjY1434UuNg","微信读书"
"西安交大就业创业","2026-09-13","【创新港宣讲】卡特彼勒2027校园招聘正式开启！","https://mp.weixin.qq.com/s/n0jAO8bxJzo9xOLJkCzlSg","微信读书"
"西安交大就业创业","2026-09-13","【创新港宣讲】德赛西威2027届全球校园招聘正式启动！","https://mp.weixin.qq.com/s/M0L4cK0nLHHOwaGQVi8WDw","微信读书"
"西安交大就业创业","2026-09-13","【创新港宣讲】宝洁2027秋季校园招聘正式启动","https://mp.weixin.qq.com/s/GofktCeZb-YKPSrzWXMp_w","微信读书"
"西安交大就业创业","2026-09-12","公益讲座报名 | 三种视角解析国际组织实习和职业发展路径","https://mp.weixin.qq.com/s/YH2e-3jRA8CCM-Ejtp1xjw","微信读书"
"西安交大就业创业","2026-09-12","2027仙交选调官方交流群来啦！","https://mp.weixin.qq.com/s/OpYM_DM39mPWXz6reWJnyA","微信读书"
"西安交大就业创业","2026-09-12","【组团招聘】工信就业-中博汇2026年度秋季全国巡回招聘会","https://mp.weixin.qq.com/s/RpvpHVfH1vSfZgtzW7YanQ","微信读书"
"西安交大就业创业","2026-09-12","【组团招聘】2026年“百万英才兴海南·四城同办”校招活动（西安站）","https://mp.weixin.qq.com/s/a-q3Jdar8Z6qpZ6nzMTZ7w","微信读书"
"西安交大就业创业","2026-09-12","【宣讲】宁德时代2027届校园招聘正式启动","https://mp.weixin.qq.com/s/nyKavvtpiOxIVmQccFFduA","微信读书"
"西安交大就业创业","2026-09-12","【宣讲】歌尔2027届校园招聘正式启动","https://mp.weixin.qq.com/s/rUdnvX2GrPLEBjxAmjYU4w","微信读书"
"西安交大就业创业","2026-09-12","【创新港宣讲】OPPO 2027届全球校园招聘","https://mp.weixin.qq.com/s/NkGdcu_2Q6mDS3PSs-OSIg","微信读书"
"西安交大就业创业","2026-09-12","【创新港宣讲】中交广州航道局有限公司2027届校园招聘正式启动","https://mp.weixin.qq.com/s/M_ZacGrYRhk21bj1cqgLGQ","微信读书"
"西安交大就业创业","2026-09-11","【组团招聘】航天科技集团2027届校园招聘开启","https://mp.weixin.qq.com/s/MQaPlPhk36PcsICoNTJhXQ","微信读书"
"西安交大就业创业","2026-09-11","【选调公告】湖北省面向西安交通大学定向选调(选聘)2027届优秀大学毕业生公告（2）","https://mp.weixin.qq.com/s/PCAzeb_hy9p5FOvd_hz1sA","微信读书"
"西安交大就业创业","2026-09-11","【选调公告】北京市2027年度定向选调和“优培计划”招聘应届优秀大学毕业生公告（3）","https://mp.weixin.qq.com/s/E-1eutPgYtBU17hFMu2ICQ","微信读书"
"西安交大就业创业","2026-09-11","【创新港宣讲】中兴通讯校园招聘西安交通大学专场宣讲会","https://mp.weixin.qq.com/s/w9wbWs8HxgGzpF9U9IZzgQ","微信读书"
"西安交大就业创业","2026-09-11","【创新港宣讲】中际旭创2027届全球校园招聘正式启动!","https://mp.weixin.qq.com/s/Ej3r47kW0N5o3dMlFlFz1Q","微信读书"
"西安交大就业创业","2026-09-11","【创新港宣讲】中国农业银行陕西省分行2027年度校园招聘正式启动！","https://mp.weixin.qq.com/s/D8yUN_WM8fMvpZL-AZPGEg","微信读书"
"西安交大就业创业","2026-09-11","【创新港宣讲】中国核电2027届校园招聘宣讲（西安交大站）来啦","https://mp.weixin.qq.com/s/kTQde7-vbt_cRvt6FgvgkQ","微信读书"
"西安交大就业创业","2026-09-11","【创新港宣讲】2027年度上海市选调生·黄浦职位·招录优秀大学毕业生12名","https://mp.weixin.qq.com/s/mQpJJrA40s23gx6uDDh-Xw","微信读书"
"西安交大就业创业","2026-09-10","【组团招聘】中国航空工业集团2027届校园招聘正式启动","https://mp.weixin.qq.com/s/aXpjQPY7xcZDhdFS2chaoA","微信读书"
"西安交大就业创业","2026-09-10","【组团招聘】2026年秋季全国博士、博士后高层次人才巡回签约洽谈会","https://mp.weixin.qq.com/s/hOOf_mvKx3aMooGrcAlX9w","微信读书"
"西安交大就业创业","2026-09-10","【选调公告】上海市2027年度选调应届优秀大学毕业生公告（1）","https://mp.weixin.qq.com/s/Ipvki6n8MnQ0uJcPzGjUcg","微信读书"
"西安交大就业创业","2026-09-10","【新闻】徐州市市长沈峻峰一行来校推进合作交流","https://mp.weixin.qq.com/s/-wih5rnRmipxHh4N5Nhuyg","微信读书"
"西安交大就业创业","2026-09-10","【校招】永芯科技 & 百川智能2027届校园招聘全面启动","https://mp.weixin.qq.com/s/UFE0lqH81yZ__ueTyJI8CA","微信读书"
"西安交大就业创业","2026-09-10","【校招】红衫联合 & 平安银行汽车消费金融中心2027届秋季校园招聘","https://mp.weixin.qq.com/s/c705sB5joFkeDcjNPe2z0A","微信读书"
"西安交大就业创业","2026-09-10","【校招】国核莱阳2027届秋季校园招聘","https://mp.weixin.qq.com/s/1gppMrsSaBbXCQoRFrEV3w","微信读书"
"西安交大就业创业","2026-09-10","【创新港宣讲】美的2027届校园招聘正式启动","https://mp.weixin.qq.com/s/jS-j6NyvtMHiDaZOXOP6QA","微信读书"
"西安交大就业创业","2026-09-09","【组团招聘】中国航天科工集团2027届校园招聘全面启动","https://mp.weixin.qq.com/s/RUnAAhxJ4cJhZZfNNlb4_g","微信读书"
"西安交大就业创业","2026-09-09","【校招】中国电信甘肃公司 & 中移互联网2027校园招聘火热进行中！","https://mp.weixin.qq.com/s/WxeNwXPbuiSCPfl3Fa5y6A","微信读书"
"西安交大就业创业","2026-09-09","【校招】银河通用 & 碧澄能源2027届秋招正式开启","https://mp.weixin.qq.com/s/zZ6vYcXCjvLpM0yVwlYLTg","微信读书"
"西安交大就业创业","2026-09-09","【创新港宣讲】正浩2027届全球校招宣讲会","https://mp.weixin.qq.com/s/1rLKBky9Zj28mY0lV6puLw","微信读书"
"西安交大就业创业","2026-09-09","【创新港宣讲】浪潮2027届西安交通大学校园宣讲会来啦！","https://mp.weixin.qq.com/s/ce9CkjLKLMMQn95LkXmD-Q","微信读书"
"西安交大就业创业","2026-09-09","【创新港宣讲】海康威视2027校园招聘","https://mp.weixin.qq.com/s/L6KPc-Op4_kfIKTNKnSk2A","微信读书"
"西安交大就业创业","2026-09-09","【创新港宣讲】奥克斯集团2027届校园招聘正式启动","https://mp.weixin.qq.com/s/sg28Ln0H2L8LwbiWxQLbSg","微信读书"
"西安交大就业创业","2026-09-09","【创新港宣讲】“梦想靠岸”招商银行总行、分行及子公司2027校园招聘","https://mp.weixin.qq.com/s/DbCFPpU7HMXmzOd1y1QqIw","微信读书"
"西安交大就业创业","2026-09-08","【组团招聘】中国人民解放军63650部队直招军官和文职人员校园招聘","https://mp.weixin.qq.com/s/3Vlmbk6sDAwi5F38GZEfvw","微信读书"
"西安交大就业创业","2026-09-08","【新闻】西安交大与招商局集团签署战略合作框架协议","https://mp.weixin.qq.com/s/XA37bq0QFLag7nKtl414IQ","微信读书"
"西安交大就业创业","2026-09-08","【校招】中国电子2027届校园招聘","https://mp.weixin.qq.com/s/sw2zocxtsAzuPn2SqUZJaQ","微信读书"
"西安交大就业创业","2026-09-08","【校招】雅砻江水电2027届校园招聘正式启动！","https://mp.weixin.qq.com/s/-DfU0APVDRY-7_R9hxcwCg","微信读书"
"西安交大就业创业","2026-09-08","【校招】深圳方正微电子 & 上海光通信2027届校园招聘正式启动!","https://mp.weixin.qq.com/s/eB6-T7FCZ4_KVgBokfg43Q","微信读书"
"西安交大就业创业","2026-09-08","【校招】国家电投集团钍基能源科技有限公司2027届秋季校园招聘简章","https://mp.weixin.qq.com/s/x1OT4Z5p9ejCPOAzAXUEYw","微信读书"
"西安交大就业创业","2026-09-08","【创新港宣讲】中国航发湖南动力机械研究所2027届校园招聘正式启动","https://mp.weixin.qq.com/s/6DzI7-LWODHsDmI6Hbf_Aw","微信读书"
"西安交大就业创业","2026-09-08","【创新港宣讲】智元2027届校园招聘西安交通大学宣讲会","https://mp.weixin.qq.com/s/D8qiR9XcONoWuWeKcrycZw","微信读书"
"西安交大就业创业","2026-09-07","以山海为卷 用青春作答 第三届全国大学生职业规划大赛风采展示，9月7日播出！","https://mp.weixin.qq.com/s/NXv7yXIdbo_xE_DG7q9sGg","微信读书"
"西安交大就业创业","2026-09-07","选课速冲！  两大宝藏通识课，“职” 通未来！","https://mp.weixin.qq.com/s/CroM34MgHiYQe6BWnXXTzg","微信读书"
"西安交大就业创业","2026-09-07","【校招】中国航空工业集团2027届校园招聘合集(2)","https://mp.weixin.qq.com/s/kkTGOzI9QLP75Co4dPaOeA","微信读书"
"西安交大就业创业","2026-09-07","【校招】中电信量子集团2027校园招聘正式启动!","https://mp.weixin.qq.com/s/HAIsuxJAjI5KB__I3l6_gw","微信读书"
"西安交大就业创业","2026-09-07","【校招】康明斯中国 & 万华化学2027校园招聘正式启动!","https://mp.weixin.qq.com/s/aB9chOvwkc_jmNdh01PQbA","微信读书"
"西安交大就业创业","2026-09-07","【宏志助航】生涯导航-解码职业测评⑦:情绪智力测验","https://mp.weixin.qq.com/s/nO_5L-w2w4R3K7xphqf_QQ","微信读书"
"西安交大就业创业","2026-09-07","【创新港宣讲】中国空气动力研究与发展中心计算空气动力研究所招聘","https://mp.weixin.qq.com/s/UY7CUKJwnKFO7krsgDPb2Q","微信读书"
"西安交大就业创业","2026-09-07","【创新港宣讲】西安图为电气技术有限公司2027届校园招聘","https://mp.weixin.qq.com/s/P9HAdQAmxLHFqYAWhd-6TQ","微信读书"
"西安交大就业创业","2026-09-06","西安交通大学秋季学期校园招聘预告（9.7-9.13）","https://mp.weixin.qq.com/s/2T4RF-yYKe2D63NJrzpAew","微信读书"
"西安交大就业创业","2026-09-06","2026西安国际创业大赛启动报名","https://mp.weixin.qq.com/s/7KONwkUqukczd8yz7rdNgA","微信读书"
"西安交大就业创业","2026-09-06","【组团招聘】中国兵器工业集团2027届秋季校园招聘正式启动","https://mp.weixin.qq.com/s/B6kCr7Lo7mTSfOveWnSxfw","微信读书"
"西安交大就业创业","2026-09-06","【校招】中国银行总行 & 陕西分行2027年全球校园招聘正式启动！","https://mp.weixin.qq.com/s/Qk21KEhExQQKPytbSm5vVA","微信读书"
"西安交大就业创业","2026-09-06","【校招】易方达基金（AI人才专场） & 卓识基金2027届校园招聘","https://mp.weixin.qq.com/s/aORmOPUbnw9OzOM5Z8Vp0w","微信读书"
"西安交大就业创业","2026-09-06","【创新港宣讲】中国兵器工业集团第二〇二研究所2027届校园招聘正式启动","https://mp.weixin.qq.com/s/KjJApI2U0W7lz8pGdrkTgQ","微信读书"
"西安交大就业创业","2026-09-06","【创新港宣讲】乾元国家实验室2027届校园招聘正式启动","https://mp.weixin.qq.com/s/pB0F866GcGxjy8icyKzOkA","微信读书"
"西安交大就业创业","2026-09-06","【创新港宣讲】成都华微2027校园招聘正式启动","https://mp.weixin.qq.com/s/o9zrsb1nAmMEq6_sF_cNqg","微信读书"
"西安交大就业创业","2026-09-05","【兴庆宣讲】杰克科技2027校园招聘——西安交通大学站（营销专场）","https://mp.weixin.qq.com/s/NevVBoAVCVlsClMa857kpQ","微信读书"
"西安交大就业创业","2026-09-05","【校招】中国一汽2027全球校园招聘","https://mp.weixin.qq.com/s/73FH21Opyg3oN1KN8eWFng","微信读书"
"西安交大就业创业","2026-09-05","【校招】中国船舶集团有限公司2027届校园招聘合集","https://mp.weixin.qq.com/s/0IXTeZy6JNmHsUKRAYXhMg","微信读书"
"西安交大就业创业","2026-09-05","【校招】招商银行北京分行 & 西安分行2027校园招聘","https://mp.weixin.qq.com/s/zKvt1e9Tc34ZCdb9IF2bmg","微信读书"
"西安交大就业创业","2026-09-05","【校招】长安汽车2027全球校园招聘","https://mp.weixin.qq.com/s/SVwM4P5rS_0nRtMqSGGpZA","微信读书"
"西安交大就业创业","2026-09-05","【创新港宣讲】中国电子科技集团公司第十研究所2027届秋季校园招聘","https://mp.weixin.qq.com/s/ksP8jkosw1EXjeXGsRjRjA","微信读书"
"西安交大就业创业","2026-09-05","【创新港宣讲】中电科航空电子有限公司2027届秋季校园招聘","https://mp.weixin.qq.com/s/U00fphy3vM8oZNWshMzw8g","微信读书"
"西安交大就业创业","2026-09-05","【创新港宣讲】小米2027届全球校园招聘正式启动","https://mp.weixin.qq.com/s/QL4YRo_TfJcMW2AuFSm8vA","微信读书"
"西安交大就业创业","2026-09-04","【新闻】吴国生一行赴国家电投推进合作交流","https://mp.weixin.qq.com/s/lDKvPtf1qnQfpHLmD7Q2og","微信读书"
"西安交大就业创业","2026-09-04","【校招】TP-LINK 2027届秋季校园招聘正式启动！","https://mp.weixin.qq.com/s/P7jDiGQZLqflKxnk0rCpFg","微信读书"
"西安交大就业创业","2026-09-04","【校招】中际旭创 & 优必选2027届全球校园招聘正式启动!","https://mp.weixin.qq.com/s/P9ARnr5Zt3Igf8XrqMu7SQ","微信读书"
"西安交大就业创业","2026-09-04","【校招】中国航空工业集团2027届校园招聘合集","https://mp.weixin.qq.com/s/sWhbUWrpQeRBVgsYSC2koA","微信读书"
"西安交大就业创业","2026-09-04","【校招】中国电子科技集团公司第二十研究所2027校园招聘","https://mp.weixin.qq.com/s/EnQeAlce4IKITptyDW182g","微信读书"
"西安交大就业创业","2026-09-04","【校招】博时基金 & 永卓控股2027届校园招聘全面启动!","https://mp.weixin.qq.com/s/-7GXf9WLg6Y0yGJ9x9o6jA","微信读书"
"西安交大就业创业","2026-09-04","【校招】北京市丰台区2026年“青苗培优”岗位招聘公告","https://mp.weixin.qq.com/s/mJqbF8hXE8M4sIrQ0qOGzg","微信读书"
"西安交大就业创业","2026-09-04","【宏志助航】秋招启航-简历篇②：如何优化简历描述","https://mp.weixin.qq.com/s/ufgANhDFyaiHVQbPHIOM_w","微信读书"
"西安交大就业创业","2026-09-03","陕西省2026年医药卫生类毕业生秋季双选会邀请函","https://mp.weixin.qq.com/s/CuFkAYCzoI_dIhJJ5STpSA","微信读书"
"西安交大就业创业","2026-09-03","【新闻】西迁薪火耀油城，政务见习砺初心--西安交大学子赴克拉玛依开展实岗淬炼","https://mp.weixin.qq.com/s/KpCncRnqF0sZ1q-RQBQ11A","微信读书"
"西安交大就业创业","2026-09-03","【校招】中冶南方都市环保2027届校园招聘正式启动！","https://mp.weixin.qq.com/s/Y0gCMpuWetscO4Y_nTyeoA","微信读书"
"西安交大就业创业","2026-09-03","【校招】中国核电2027届校园招聘正式启动！","https://mp.weixin.qq.com/s/DO3JPmkxzq_begdTtB6JuA","微信读书"
"西安交大就业创业","2026-09-03","【校招】智元 & 经纬恒润2027届校园招聘全面启动！","https://mp.weixin.qq.com/s/UUanfYGD5TRJVaF8vnlkFg","微信读书"
"西安交大就业创业","2026-09-03","【校招】淘宝闪购 & 安克创新2027校园招聘正式启动！","https://mp.weixin.qq.com/s/pIZvIGJjUX7i3rbcyOvhYw","微信读书"
"西安交大就业创业","2026-09-03","【校招】航空工业雷达所 ＆ 中航智谱2027届校园招聘正式开启！","https://mp.weixin.qq.com/s/DCsKc-z99q7PjXh55cW9MQ","微信读书"
"西安交大就业创业","2026-09-03","【创新港宣讲】中国兵器工业第二〇五研究所2027年校园招聘","https://mp.weixin.qq.com/s/pnJ5VLPhxOe6ljeU8CIY-A","微信读书"
"西安交大就业创业","2026-09-02","选课速冲！  两大宝藏通识课，“职” 通未来！","https://mp.weixin.qq.com/s/hIRmvbv8CVre0YLZkZvubg","微信读书"
"西安交大就业创业","2026-09-02","【校招】中国建筑土木建设有限公司2027届校园招聘全面开启","https://mp.weixin.qq.com/s/zPLVTeFRHgB9QT6LvCliOA","微信读书"
"西安交大就业创业","2026-09-02","【校招】中国电科三十六所2027届秋季招聘全面启动！","https://mp.weixin.qq.com/s/YEJugfu-BqFJpgKcfdumIA","微信读书"
"西安交大就业创业","2026-09-02","【校招】依爱消防 & 新石器2027届全球校园招聘正式启动！","https://mp.weixin.qq.com/s/jYO0du_vb60UthixrnbPfw","微信读书"
"西安交大就业创业","2026-09-02","【校招】上海电气集团2027届校园招聘正式启动","https://mp.weixin.qq.com/s/PpJ8x1uwEx7fWnMZ3nkHzg","微信读书"
"西安交大就业创业","2026-09-02","【校招】重庆市属事业单位2026年第三季度公开招聘工作人员公告","https://mp.weixin.qq.com/s/wMDdcCXxZu15dkzJlFi13A","微信读书"
"西安交大就业创业","2026-09-02","【校招】2026年下半年陕西省省属事业单位公开招聘工作人员公告","https://mp.weixin.qq.com/s/jIVP78xGhcsEuCUpmE6lQw","微信读书"
"西安交大就业创业","2026-09-02","【创新港宣讲】中兴通讯校园招聘西安交通大学专场宣讲会","https://mp.weixin.qq.com/s/CVbUxhawzLlFOmuS6tx0OQ","微信读书"
"西安交大就业创业","2026-09-01","【校招】中伟集团2027届校园招聘正式开启","https://mp.weixin.qq.com/s/NAiue5Te8OqZ20lleAschw","微信读书"
"西安交大就业创业","2026-09-01","【校招】中建八局2027届“新砼人”秋季校园招聘正式启动","https://mp.weixin.qq.com/s/aGVQ3oZeGan22CiooBYXUw","微信读书"
"西安交大就业创业","2026-09-01","【校招】中国兵器工业集团有限公司导航与控制技术研究所2027届校园招聘提前批","https://mp.weixin.qq.com/s/CGZ--itzOrTSm8rIWw9LnA","微信读书"
"西安交大就业创业","2026-09-01","【校招】深圳信步科技27届校招正式启动！","https://mp.weixin.qq.com/s/s6Y2_NgAl24TwdxinSlW3Q","微信读书"
"西安交大就业创业","2026-09-01","【校招】航空工业沈飞2027届校园招聘正式启动","https://mp.weixin.qq.com/s/zTDfpVoQJvnKzO-4-5z4QQ","微信读书"
"西安交大就业创业","2026-09-01","【校招】方田教育 & 超星2027届校园招聘正式启动","https://mp.weixin.qq.com/s/v1WIn6yisFdxMWcn5zX6Mg","微信读书"
"西安交大就业创业","2026-09-01","【宏志助航】秋招启航-简历篇①：拆解简历核心模块","https://mp.weixin.qq.com/s/VFEvk4KRbqOyAs3-RRvZ3A","微信读书"
"西安交大就业创业","2026-09-01","【创新港宣讲】航空工业自控所 2027 届校园招聘公告","https://mp.weixin.qq.com/s/-SICv_oFrCJdK8p7_IKRow","微信读书"
"西安交大就业创业","2026-08-31","以青春作答，向广阔天地启程——基层就业协会2026届毕业生风采展示","https://mp.weixin.qq.com/s/zMVftLl8m0aJqrD8F2FI_Q","微信读书"
"西安交大就业创业","2026-08-31","【校招】中科芯2027届校园招聘正式启动","https://mp.weixin.qq.com/s/21d6IXstG2XQKxcRIVxo2g","微信读书"
"西安交大就业创业","2026-08-31","【校招】中国航空工业集团2027届校园招聘","https://mp.weixin.qq.com/s/DeQklYVPokyjHWXdt3ur8w","微信读书"
"西安交大就业创业","2026-08-31","【校招】中国航发黎明2027届校园招聘开始啦","https://mp.weixin.qq.com/s/8tfJBQJ3aaoxdbb3_4U6eg","微信读书"
"西安交大就业创业","2026-08-31","【校招】深南电路2027届秋季校园招聘正式启动！","https://mp.weixin.qq.com/s/Dp2Kjc__BOlIxdQUoNM_MQ","微信读书"
"西安交大就业创业","2026-08-31","【校招】能讯半导体 & 旺宏微(苏州)2027届校园招聘","https://mp.weixin.qq.com/s/L1Yy_EYD1pQjSenjjJeB4w","微信读书"
"西安交大就业创业","2026-08-31","【宏志助航】微课领航(6):HR说就业-京东方","https://mp.weixin.qq.com/s/nmtTBsOIeRSK4kHGxg6RdQ","微信读书"
"西安交大就业创业","2026-08-30","西安交通大学2026年就业见习生招聘通知","https://mp.weixin.qq.com/s/c55m3VVvslWjiJ35oJQ-MA","微信读书"
"西安交大就业创业","2026-08-30","【校招】中国联通新苗计划2027校园招聘正式启动","https://mp.weixin.qq.com/s/4GtmkGIiqQTwO2jOYwQaYA","微信读书"
"西安交大就业创业","2026-08-30","【校招】中国航发四川燃气涡轮研究院2027届校园招聘正式启动","https://mp.weixin.qq.com/s/-Z-gVUdAZXyGxEox-HgpTw","微信读书"
"西安交大就业创业","2026-08-30","【校招】拓荆科技 & 圣邦微电子2027届校园招聘正式启动","https://mp.weixin.qq.com/s/exPr4quvNBjfzCyOVzwvZg","微信读书"
"西安交大就业创业","2026-08-30","【校招】美团2027届校园招聘全球启动！","https://mp.weixin.qq.com/s/gRkAC5M3c8obimN2RzslZA","微信读书"
"西安交大就业创业","2026-08-30","【校招】航天科技集团2027届校园招聘开启","https://mp.weixin.qq.com/s/ouEFDdQW3Js7PikYkM9C7g","微信读书"
"西安交大就业创业","2026-08-30","【校招】航空工业成飞2027届校园招聘正式启动","https://mp.weixin.qq.com/s/48EXbFxknLtJrzcdWRTU4A","微信读书"
"西安交大就业创业","2026-08-30","【宏志助航】秋招启航-心态篇③：立足长远，以成长思维规划职业道路","https://mp.weixin.qq.com/s/tHYYM0hMdu_qztrBGE72JA","微信读书"
"西安交大就业创业","2026-08-29","【校招】卓胜微 & 基康技术2027届秋季校园招聘火热进行中！","https://mp.weixin.qq.com/s/a18sre_Cu3StquhTWmzwDQ","微信读书"
"西安交大就业创业","2026-08-29","【校招】中科曙光2027校园招聘全面启动","https://mp.weixin.qq.com/s/n-wnCQIGOxeCo8a3vn6cAw","微信读书"
"西安交大就业创业","2026-08-29","【校招】携程集团2027届秋季校园招聘正式启动！","https://mp.weixin.qq.com/s/uYOR12GA5tYeDSPJ2M2uvA","微信读书"
"西安交大就业创业","2026-08-29","【校招】海信集团2027届全球校园招聘正式启动！","https://mp.weixin.qq.com/s/257B5odvWxLKd9OWy-Wt0w","微信读书"
"西安交大就业创业","2026-08-29","【校招】2026年渭南市事业单位公开招聘高层次人才和紧缺特殊专业人才公告","https://mp.weixin.qq.com/s/ms5QHDMIm9xUvOrncSKhLw","微信读书"
"西安交大就业创业","2026-08-29","【实习】联合国教科文组织多岗位开放申请","https://mp.weixin.qq.com/s/IzkUlBnV5lQ7wkbF_P4qVA","微信读书"
"西安交大就业创业","2026-08-29","【宏志助航】生涯导航-解码职业测评⑥：自我效能感测验","https://mp.weixin.qq.com/s/r3I2HNKWVgu6QRW4a7pqNA","微信读书"
"西安交大就业创业","2026-08-29","【创新港宣讲】芯朋微电子2027届校园招聘正式启动！","https://mp.weixin.qq.com/s/TFhCsBXKPfPomOcsadlvlw","微信读书"
"西安交大就业创业","2026-08-28","联合国粮农组织青年专业人员计划 （YPP）开放申请","https://mp.weixin.qq.com/s/D4Y50sixFEgRQ90bB4jITg","微信读书"
"西安交大就业创业","2026-08-28","【校招】中国能源建设集团天津电力设计院有限公司2027年高校应届毕业生招聘公告","https://mp.weixin.qq.com/s/OUvM6cQMnR3cV23vsPJ85g","微信读书"
"西安交大就业创业","2026-08-28","【校招】长光卫星2027届校园招聘","https://mp.weixin.qq.com/s/3UaQ0uoBLE-NzYuOvDjwMg","微信读书"
"西安交大就业创业","2026-08-28","【校招】昇维旭 & 鹏新旭2027校园招聘正式启动","https://mp.weixin.qq.com/s/CTkA0TlA0BmkXxCRDwzGKw","微信读书"
"西安交大就业创业","2026-08-28","【校招】海尔智家2027届全球校园招聘正式启动！","https://mp.weixin.qq.com/s/Rs_EmweIuz9_B3r2Q6u8Lw","微信读书"
"西安交大就业创业","2026-08-28","【校招】创维集团2027届全球校园招聘正式启动！","https://mp.weixin.qq.com/s/nAEP30I9oRKuAX0fJtx0GA","微信读书"
"西安交大就业创业","2026-08-28","【校招】贝壳 & 完美世界2027届校园招聘全面启动！","https://mp.weixin.qq.com/s/e0KX8OiLhgthKFx923nbug","微信读书"
"西安交大就业创业","2026-08-28","【宏志助航】秋招启航-心态篇②：接纳失利，在挫折中保持节奏","https://mp.weixin.qq.com/s/fZ-21yLKth9AqUfybf6KlQ","微信读书"
"西安交大就业创业","2026-08-27","【校招】学而思2027届校园招聘正式启动","https://mp.weixin.qq.com/s/xvhuZ8P-6gd3EfQsOGAfsA","微信读书"
"西安交大就业创业","2026-08-27","【校招】纳芯微 & 微步2027届校园招聘正式启动","https://mp.weixin.qq.com/s/tQLDGBTkvmNv7eWrgCKg8A","微信读书"
"西安交大就业创业","2026-08-27","【校招】恒生2027校园招聘正式启动","https://mp.weixin.qq.com/s/JdPjUrs4Jf6B2oisO8TBxQ","微信读书"
"西安交大就业创业","2026-08-27","【校招】航空工业综合所秋招暨2026开放日邀请函","https://mp.weixin.qq.com/s/K67kv28Up3KPUtJ4cXUxWw","微信读书"
"西安交大就业创业","2026-08-27","【校招】杭氧集团股份有限公司 & 德阳发展控股集团有限公司招聘公告","https://mp.weixin.qq.com/s/-g3kmy9nmY-yCco8PLMUww","微信读书"
"西安交大就业创业","2026-08-27","【校招】电子科技大学2026年专职辅导员招聘公告","https://mp.weixin.qq.com/s/gEca3rvQO5GQ-1uZlmy8Gw","微信读书"
"西安交大就业创业","2026-08-27","【校招】德州仪器2027届秋季校园招聘全面开启","https://mp.weixin.qq.com/s/8S8-cdEhQ1PKoOwDmSAvXw","微信读书"
"西安交大就业创业","2026-08-27","【创新港宣讲】Sharpa2027届校园招聘正式启动！","https://mp.weixin.qq.com/s/U43hh1h3BXb0F3NFaKxjRA","微信读书"
"西安交大就业创业","2026-08-26","【校招】中微公司2027「登峰计划」校园招聘博士提前批启动","https://mp.weixin.qq.com/s/K-TB0l89VnQijAi0RePR7g","微信读书"
"西安交大就业创业","2026-08-26","【校招】中望软件 & 维信诺2027届校园招聘正式启动!","https://mp.weixin.qq.com/s/YGshwb0O9TlcHG38iu_Dmw","微信读书"
"西安交大就业创业","2026-08-26","【校招】新东方2027“π计划”秋季校园招聘","https://mp.weixin.qq.com/s/Ofa0YaiA_TTnWvc3RT8Fag","微信读书"
"西安交大就业创业","2026-08-26","【校招】荣盛集团2027届全球校园招聘正式启动！","https://mp.weixin.qq.com/s/zEViKgLBGCczC6E9R52SlQ","微信读书"
"西安交大就业创业","2026-08-26","【校招】基恩士2027秋季校园招聘开启!","https://mp.weixin.qq.com/s/Nklu8dVeeamt1QqS4zYqgw","微信读书"
"西安交大就业创业","2026-08-26","【校招】哈尔滨市2026年下半年事业单位公开招聘工作人员公告","https://mp.weixin.qq.com/s/kqG4DpmF3Qy8UxE3MB5xnA","微信读书"
"西安交大就业创业","2026-08-26","【校招】歌尔2027届校园招聘正式启动","https://mp.weixin.qq.com/s/uILf3UMfOt7H9qlrlaCnDQ","微信读书"
"西安交大就业创业","2026-08-26","【宏志助航】秋招启航-心态篇①:锚定方向，找准赛道再出发","https://mp.weixin.qq.com/s/TjTjIxhSlVRupAIGoYMMmw","微信读书"
"西安交大就业创业","2026-08-25","空军2026年下半年高层次人才引进公告","https://mp.weixin.qq.com/s/R2OeKqGF1gXa13TIS6kuiQ","微信读书"
"西安交大就业创业","2026-08-25","【校招】中国电科29所2027届校招正式启动","https://mp.weixin.qq.com/s/jekx3Ph8oe1wbnGIQkbpeA","微信读书"
"西安交大就业创业","2026-08-25","【校招】思格新能源 & 巨鲨医疗2027届校园招聘正式启动","https://mp.weixin.qq.com/s/zU1hMz6Ud2fyL48CnPvgIA","微信读书"
"西安交大就业创业","2026-08-25","【校招】日立能源2027届校园招聘正式启动","https://mp.weixin.qq.com/s/aJl6n7V1D--InvlHT4Vrcw","微信读书"
"西安交大就业创业","2026-08-25","【校招】安徽省建筑设计研究总院股份有限公司及所属企业2026年第二次校园招聘","https://mp.weixin.qq.com/s/OA54WxrvNqp4L4VDWAgHWg","微信读书"
"西安交大就业创业","2026-08-25","【校招】2027普华永道校园招聘正式开启","https://mp.weixin.qq.com/s/cTwipCBrhq-Zq-tXKBGFxw","微信读书"
"西安交大就业创业","2026-08-25","【宏志助航】生涯导航-解码职业测评⑤：九型人格测验","https://mp.weixin.qq.com/s/4QdGcHOzCDVMpkgD_7vh1A","微信读书"
"西安交大就业创业","2026-08-25","【报名】联合国国际劳工“人工智能+: 融合科技驱动未来劳动”研讨大会","https://mp.weixin.qq.com/s/LOB-GqR3bgoZq_HtbiVWUg","微信读书"
"西安交大就业创业","2026-08-24","【校招】中国人民保险集团2027届统筹校园招聘正式启动！","https://mp.weixin.qq.com/s/9B0oJhjwBh6oW-Pktav4eA","微信读书"
"西安交大就业创业","2026-08-24","【校招】苏纳 & 高标科技2027届校园招聘正式启动！","https://mp.weixin.qq.com/s/t_nkNjCSJV9e8uwaajbrYg","微信读书"
"西安交大就业创业","2026-08-24","【校招】迈瑞医疗2027届校园星探招募正式启动","https://mp.weixin.qq.com/s/w16z74GJkzSiEQq22hci0A","微信读书"
"西安交大就业创业","2026-08-24","【校招】河北省省直事业单位2026年下半年公开招聘(统一招聘)工作人员公告","https://mp.weixin.qq.com/s/3dpmkP1hWLVEILGj_Uc-pQ","微信读书"
"西安交大就业创业","2026-08-24","【校招】广电运通集团2027届校园招聘正式启动","https://mp.weixin.qq.com/s/z3ZCd-u-OhqFo8NSaW0j6g","微信读书"
"西安交大就业创业","2026-08-24","【校招】比亚迪2027届全球校园招聘正式启动！","https://mp.weixin.qq.com/s/xa1njXCW2vU2aBl0JEAHhQ","微信读书"
"西安交大就业创业","2026-08-24","【实习】中兴通讯-人力资源实习生-西安","https://mp.weixin.qq.com/s/7-6u1s5PqLO1EgOL3jYQ2A","微信读书"
"西安交大就业创业","2026-08-24","【宏志助航】秋招启航-面试篇③：如何提升英文面试能力","https://mp.weixin.qq.com/s/UlfX5OKUALaebwo1iLaIgw","微信读书"
"西安交大就业创业","2026-08-23","【新闻】实践磨砺青春见习筑梦成长——西安交通大学研究生赴苏州相城区开展暑期见习","https://mp.weixin.qq.com/s/6a41ADfIg-ME7E_tGkXU5w","微信读书"
"西安交大就业创业","2026-08-23","【校招】中国电信天翼云2027届校园招聘全面启动！","https://mp.weixin.qq.com/s/Vsm_VIH9CtoDQVjnD2AXDQ","微信读书"
"西安交大就业创业","2026-08-23","【校招】中国电科43所2027届校招启动！","https://mp.weixin.qq.com/s/wET7CfsaglXMKy0D7FN3xg","微信读书"
"西安交大就业创业","2026-08-23","【校招】蚂蚁集团2027校园招聘正式启动！","https://mp.weixin.qq.com/s/HuOE0Y23xzVrPMnP5ohpYg","微信读书"
"西安交大就业创业","2026-08-23","【校招】吉利控股集团2027届全球校园招聘正式启动","https://mp.weixin.qq.com/s/lpmGYwAi0eHQ3UxUFQ0Glg","微信读书"
"西安交大就业创业","2026-08-23","【校招】海康威视2027校园招聘正式启动！","https://mp.weixin.qq.com/s/p-4fUNkmg_unU0EkdUHOeQ","微信读书"
"西安交大就业创业","2026-08-23","【校招】安克创新 & 原力灵机 2027届全球校园招聘正式启动！","https://mp.weixin.qq.com/s/5FA4rhuA7kyAOMBTelL2YQ","微信读书"
"西安交大就业创业","2026-08-23","【宏志助航】微课领航（5）：HR说就业−荣耀","https://mp.weixin.qq.com/s/3snxaxyLwFUMX8tRUhv1Jw","微信读书"
"西安交大就业创业","2026-08-22","【新闻】智造吴江知行求索 校地协同赋能成长一一我校校园大使走进吴江开发区开展就业实习实践","https://mp.weixin.qq.com/s/ubTo4zexCqpF97vSP_-q3g","微信读书"
"西安交大就业创业","2026-08-22","【校招】OPPO O-Star顶尖人才计划·2027届","https://mp.weixin.qq.com/s/ytrB4cl2lw-5_xN-YUEC4w","微信读书"
"西安交大就业创业","2026-08-22","【校招】CVTE2027届秋季校园招聘启动!","https://mp.weixin.qq.com/s/_OLhUHeYvidyzgbT-pQUCg","微信读书"
"西安交大就业创业","2026-08-22","【校招】中国航空发动机集团有限公司2027届校园招聘重磅开启","https://mp.weixin.qq.com/s/icRKdHfFiLPKyyi9Qc0cVg","微信读书"
"西安交大就业创业","2026-08-22","【校招】阳光电源2027届全球校园招聘正式启动!","https://mp.weixin.qq.com/s/x7wPSZDFPm4BoBpJwc1m0w","微信读书"
"西安交大就业创业","2026-08-22","【校招】2026-2027安永秋季应届毕业生招聘及审计寒假实习生招聘，网申启动!","https://mp.weixin.qq.com/s/Z5GZS_1y-t5Cw3yPjBu4cA","微信读书"
"西安交大就业创业","2026-08-22","【就业实践】毕马威2027届校园大使招募正式启动啦！","https://mp.weixin.qq.com/s/p8G7gmqnrlSEIaPaHDkHgA","微信读书"
"西安交大就业创业","2026-08-22","【宏志助航】秋招启航-面试篇2：如何优化面试思路","https://mp.weixin.qq.com/s/Hy1gwznLCAvtsRBHIw9DbA","微信读书"
"西安交大就业创业","2026-08-21","乘势新航，温暖就业志愿途——2027届“仙交职领”就业志愿者团队招募","https://mp.weixin.qq.com/s/87oRS-PLlk8gcOS82Z0enA","微信读书"
"西安交大就业创业","2026-08-21","【校招】中国电子科技集团公司第十研究所2027届秋季校园招聘","https://mp.weixin.qq.com/s/_237WPXqZ7sdO5lKzM3DyA","微信读书"
"西安交大就业创业","2026-08-21","【校招】上海光通信有限公司2027届校园招聘正式启动!","https://mp.weixin.qq.com/s/qnQz8sB3HXQ7g8XaDXOpow","微信读书"
"西安交大就业创业","2026-08-21","【校招】岚图汽车2027届全球校园招聘正式启动!","https://mp.weixin.qq.com/s/zuqC517Jd3QRiEn0pfpKeg","微信读书"
"西安交大就业创业","2026-08-21","【校招】昆山市2026年事业单位公开招聘高层次人才公告","https://mp.weixin.qq.com/s/ioI0Ly7oJUzKcAflnKIMsw","微信读书"
"西安交大就业创业","2026-08-21","【宏志助航】生涯导航-解码职业测评④:大学生MBTI职业人格测试","https://mp.weixin.qq.com/s/L126iA8LQ1AGHh1YeoZMvw","微信读书"
"西安交大就业创业","2026-08-20","【新闻】走进智造沃土，感悟创新力量一一就创中心社会实践队赴歌尔集团开展实践交流活动","https://mp.weixin.qq.com/s/dJk4FrHlxDv_JOSJgBcG-g","微信读书"
"西安交大就业创业","2026-08-20","【校招】中国东方资产管理股份有限公司2027年度校园招聘正式启动","https://mp.weixin.qq.com/s/SeNIoddHzmh0sB2YmUdFdw","微信读书"
"西安交大就业创业","2026-08-20","【校招】圆通2027届校园招聘全面启动！","https://mp.weixin.qq.com/s/kgWu7ytEfPA4MFIi9Yhxfg","微信读书"
"西安交大就业创业","2026-08-20","【校招】新紫光集团下属产业公司 2027 届校园招聘启动！","https://mp.weixin.qq.com/s/25h1Qpoz_Mn3gpXwSOyltA","微信读书"
"西安交大就业创业","2026-08-20","【校招】荣耀2027届校园招聘全球启动","https://mp.weixin.qq.com/s/xOoKTWMN7bzpRQLNN0Y9RQ","微信读书"
"西安交大就业创业","2026-08-20","【宏志助航】秋招启航-面试篇1:如何打造好的面试印象","https://mp.weixin.qq.com/s/4woTYikEiUQ3uCCdpn_zXw","微信读书"
"西安交大就业创业","2026-08-19","【校招】中国电科博微/38所2027届校园招聘","https://mp.weixin.qq.com/s/YOY6KyddjTRkplWH96yx3A","微信读书"
"西安交大就业创业","2026-08-19","【校招】远景动力2027届全球校园招聘正式启动!","https://mp.weixin.qq.com/s/P7Og_5UmvzqDKqI64kUDqA","微信读书"
"西安交大就业创业","2026-08-19","【校招】宁德新能源(ATL)2027全球校招正式启动!","https://mp.weixin.qq.com/s/pZfLyaALtihYYc6WWgJuBw","微信读书"
"西安交大就业创业","2026-08-19","【校招】龙湖集团2027届仕官生校园招聘正式启动","https://mp.weixin.qq.com/s/8NESS-Iyx__2NZsdh4NAgQ","微信读书"
"西安交大就业创业","2026-08-19","【校招】联合电子2027校园招聘正式启动!","https://mp.weixin.qq.com/s/Brny9n9UbllpWYjB5_tbxw","微信读书"
"西安交大就业创业","2026-08-19","【宏志助航】微课领航(4):HR说就业-百度","https://mp.weixin.qq.com/s/2UdUkHNkn9IY-CQ0gt_1mA","微信读书"
"西安交大就业创业","2026-08-18","【校招】vivo2027届全球校园招聘正式启动","https://mp.weixin.qq.com/s/tW0iK7BYqZxNF8xtnYoV3Q","微信读书"
"西安交大就业创业","2026-08-18","【校招】Shopee研发中心 & 它石智航2027届校园招聘","https://mp.weixin.qq.com/s/cW-Uj9V8FyRWREx_rcgEbw","微信读书"
"西安交大就业创业","2026-08-18","【校招】理想汽车2027届顶尖技术人才专项“理想+”计划全面启动","https://mp.weixin.qq.com/s/WAAXt2BmapnIzKsV10tUBQ","微信读书"
"西安交大就业创业","2026-08-18","【校招】2027届华为博士招聘岗位交流会邀请","https://mp.weixin.qq.com/s/EwUYuo5nDLCfbk2n5d6mmg","微信读书"
"西安交大就业创业","2026-08-18","【校招】2026年“才聚齐鲁成就未来”山东省环保发展集团有限公司权属企业校园招聘公告","https://mp.weixin.qq.com/s/mIin8bUwhOLSTA260LKa4g","微信读书"
"西安交大就业创业","2026-08-18","【宏志助航】秋招启航-实习篇③：在实习职场站稳脚跟","https://mp.weixin.qq.com/s/9hV0qkW8D76lDX-E8pE20w","微信读书"
"西安交大就业创业","2026-08-17","【校招】西安航空学院2026年专职辅导员、教学秘书岗位公开招聘公告","https://mp.weixin.qq.com/s/0W33Ehr2MVWjNmkbLm1ZLw","微信读书"
"西安交大就业创业","2026-08-17","【校招】群核科技 & 拓尔微电子2027届校园招聘正式开启！","https://mp.weixin.qq.com/s/KqjYPa9ZusiYhe9apmlcRQ","微信读书"
"西安交大就业创业","2026-08-17","【校招】华为2027届应届生招聘启动","https://mp.weixin.qq.com/s/OiYZGI_1CZpB0Vb5llm5LQ","微信读书"
"西安交大就业创业","2026-08-17","【校招】2026年吉林省省直事业单位公开招聘工作人员（含专项招聘高校毕业生）公告","https://mp.weixin.qq.com/s/vo_-w9AH67HAQz-Yc51f5g","微信读书"
"西安交大就业创业","2026-08-17","【宏志助航】生涯导航-解码职业测评③：大学生职业兴趣测验","https://mp.weixin.qq.com/s/4ODJ-mVEQ37aLyhSmaHoQQ","微信读书"
"西安交大就业创业","2026-08-16","【新闻】寻根青果故居传交大精神，探行龙城智造感时代脉搏","https://mp.weixin.qq.com/s/TyWz1HZHDIjvljgIVvj4eA","微信读书"
"西安交大就业创业","2026-08-16","【校招】中盐集团2026年秋季公开招聘公告","https://mp.weixin.qq.com/s/1nJyHdqDxffD_QXI0h_gmw","微信读书"
"西安交大就业创业","2026-08-16","【校招】湖南省2026年省直事业单位第三次公开招聘工作人员公告","https://mp.weixin.qq.com/s/tSmQ4C5iBy0RDsEcG3b17Q","微信读书"
"西安交大就业创业","2026-08-16","【校招】国家广播电视总局直属事业单位2026年度公开招聘公告（第二批）","https://mp.weixin.qq.com/s/M_E4GV9xtc3EAVkNemcEMQ","微信读书"
"西安交大就业创业","2026-08-16","【校招】滴滴2027届校园招聘正式启动！","https://mp.weixin.qq.com/s/Cru0utxYuh_fiLpSFt43Fw","微信读书"
"西安交大就业创业","2026-08-16","【宏志助航】微课领航（3）：HR说就业-腾讯","https://mp.weixin.qq.com/s/5960ABVi3_Dtxzy0J0KMYg","微信读书"
"西安交大就业创业","2026-08-15","【校招】浙江省省属事业单位2026年下半年集中公开招聘人员公告","https://mp.weixin.qq.com/s/C6vS0-HIWYquE2gUnnkCgg","微信读书"
"西安交大就业创业","2026-08-15","【校招】兆芯2027校园招聘正式启动","https://mp.weixin.qq.com/s/q5u52o9Z3M4HbEzX03SpSw","微信读书"
"西安交大就业创业","2026-08-15","【校招】快手2027全球校园招聘正式启动","https://mp.weixin.qq.com/s/QUNMKxejUlMXVOthQHP2hA","微信读书"
"西安交大就业创业","2026-08-15","【校招】盒马 | 2027届产研应届生校招正式启动！","https://mp.weixin.qq.com/s/vdC1XUy1givGTqYREzCzUA","微信读书"
"西安交大就业创业","2026-08-15","【校招】2026年丰台区卫生健康委直属事业单位第三批公开招聘医疗卫生专业工作人员公告","https://mp.weixin.qq.com/s/Cb1YHgtU4rwmO2Y96C_GcQ","微信读书"
"西安交大就业创业","2026-08-15","【宏志助航】秋招启航-实习篇②:四个角度帮你收获实习洞见","https://mp.weixin.qq.com/s/6VgPJTAzpEKei5uZcAtLUg","微信读书"
"西安交大就业创业","2026-08-14","【校招】招商银行·招银网络科技2027届秋季校园招聘全球启动！","https://mp.weixin.qq.com/s/UJ9V1MbVdovi_GXyVHsmQw","微信读书"
"西安交大就业创业","2026-08-14","【校招】腾讯2027校园招聘全球启动","https://mp.weixin.qq.com/s/y7dMo9cbrl-4bFPnK7gGGw","微信读书"
"西安交大就业创业","2026-08-14","【就业实践】南京841研究所第三届暑期提前批夏令营","https://mp.weixin.qq.com/s/251_81DlekX078UevGgBbQ","微信读书"
"西安交大就业创业","2026-08-14","【宏志助航】生涯导航-解码职业测评②:大学生职业价值观测验","https://mp.weixin.qq.com/s/6PeY-4aXTHLNvoByhljuGg","微信读书"
"西安交大就业创业","2026-08-13","【校招】远景能源2027届全球校园招聘正式启动!","https://mp.weixin.qq.com/s/i6nyUYaSaP3rxFTEtm4yqg","微信读书"
"西安交大就业创业","2026-08-13","【校招】京东2027校园招聘全面启动!","https://mp.weixin.qq.com/s/4EYrfC5RfZCd2lSN1LG4wA","微信读书"
"西安交大就业创业","2026-08-13","【实习】兴业银行成都分行 & 国轩高科校招实习生招聘","https://mp.weixin.qq.com/s/AujCsAw8QzciuD6IO3hgMQ","微信读书"
"西安交大就业创业","2026-08-12","【校招】中国平安2027全球校园招聘正式启动!","https://mp.weixin.qq.com/s/B-t1KtmRJn6HtIdoufABpg","微信读书"
"西安交大就业创业","2026-08-12","【校招】合肥水务集团有限公司2026年招聘公告","https://mp.weixin.qq.com/s/v25WyysyWzWFq5XaQ0MVBw","微信读书"
"西安交大就业创业","2026-08-12","【校招】德勤2027校园招聘及寒假实习生招聘启动!","https://mp.weixin.qq.com/s/2qZKKri0UBeTtDLT3ysOgg","微信读书"
"西安交大就业创业","2026-08-11","【校招】芯恩2027届校园招聘正式启动！","https://mp.weixin.qq.com/s/1QlyAClBXobrrOIuPNa9hQ","微信读书"
"西安交大就业创业","2026-08-11","【校招】毕马威2027秋季校园招聘正式启动","https://mp.weixin.qq.com/s/W3uhb9gzod2Xkl5ZO6iQHg","微信读书"
"西安交大就业创业","2026-08-11","【校招】阿里云2027届应届生招聘全球启动！","https://mp.weixin.qq.com/s/ZH-mr6SRCs2ZG49Ns4VuSg","微信读书"
"西安交大就业创业","2026-08-10","【校招】新东方西安总部2027届秋招提前批启动","https://mp.weixin.qq.com/s/Ao1tLhk8b6GFWWy7JLO0hw","微信读书"
"西安交大就业创业","2026-08-10","【校招】淘天集团2027届校园招聘正式批启动啦!","https://mp.weixin.qq.com/s/lJQet0Gb9FG_IYduc5a09Q","微信读书"
"西安交大就业创业","2026-08-10","【宏志助航】微课领航(2):HR说就业-中兴通讯","https://mp.weixin.qq.com/s/k27DoDIsTF_Ywuso4IGDWw","微信读书"
"西安交大就业创业","2026-08-09","【校招】燕东微2027届校园招聘博士生专场即将开启","https://mp.weixin.qq.com/s/JzWhU6JP8JC4zhmkIjyhpQ","微信读书"
"西安交大就业创业","2026-08-09","【校招】陕西水务发展集团2026年度所属企业校园招聘公告","https://mp.weixin.qq.com/s/uyvk2QHmmloj_C4yLqMTqQ","微信读书"
"西安交大就业创业","2026-08-09","【就业实践】中国船舶集团有限公司第七一五研究所尖峰计划2026夏令营","https://mp.weixin.qq.com/s/GnpjloPVQ2PEjhzdDvqVig","微信读书"
"西安交大就业创业","2026-08-09","【宏志助航】秋招启航-实习篇①：把握暑期实习机遇，解锁职场转正之路","https://mp.weixin.qq.com/s/8FYS-K-CilJYrWzEn_qKFg","微信读书"
"西安交大就业创业","2026-08-08","【校招】阿里巴巴2027届应届生招聘全球启动!","https://mp.weixin.qq.com/s/0N6EdeFkhUnE_hbR8fQgwg","微信读书"
"西安交大就业创业","2026-08-08","【实习】岗位推荐|世界银行集团先锋计划实习生","https://mp.weixin.qq.com/s/CT-6NSa9pljhjRi1GZS0Dg","微信读书"
"西安交大就业创业","2026-08-08","【就业实践】中汽工程2026年暑期开放日正式开启报名!","https://mp.weixin.qq.com/s/4bCBDR4x3RjcqFd38V0ufw","微信读书"
"西安交大就业创业","2026-08-07","西安交大就业创业新媒体团队招新啦！","https://mp.weixin.qq.com/s/Ip2fbMtUxoj0JltL_LsMzg","微信读书"
"西安交大就业创业","2026-08-07","【校招】2026年“才聚齐鲁成就未来”中泰证券2027届秋季校园招聘公告","https://mp.weixin.qq.com/s/tAysm7wypy-TX-anRZTgog","微信读书"
"西安交大就业创业","2026-08-07","【就业实践】中国航发商发2026年企业开放日报名开启!","https://mp.weixin.qq.com/s/1Db-G4jBfQG6QHMLiawUOA","微信读书"
"西安交大就业创业","2026-08-06","【校招】字节跳动 2027 校园招聘正式启动！","https://mp.weixin.qq.com/s/FkZy1xLcUUttQxxuOeqzwA","微信读书"
"西安交大就业创业","2026-08-06","【就业实践】青岛市博士人才需求对接及“百所高校千名博士青岛行”活动","https://mp.weixin.qq.com/s/z89CfFwwjzRbcs2UPcq1_w","微信读书"
"西安交大就业创业","2026-08-06","【宏志助航】生涯导航-解码职业测评①：大学生职业素质测评","https://mp.weixin.qq.com/s/_MdHkXh7pHWW0dEgCVcWtg","微信读书"
"西安交大就业创业","2026-08-05","【校招】浪潮集团2027届校园招聘提前批正式启动！","https://mp.weixin.qq.com/s/KB9ry96znDpU65m42Bk6bw","微信读书"
"西安交大就业创业","2026-08-05","【就业实践】中铝科学院暑期开放日邀你来参观！","https://mp.weixin.qq.com/s/x1ZebQ2ltDOoCmx2A48Q-Q","微信读书"
"西安交大就业创业","2026-08-05","【就业实践】第五届石家庄“海石杯”高层次人才创新创业大赛报名进行中","https://mp.weixin.qq.com/s/Txi9mynLiig4dTfdct-DNQ","微信读书"
"西安交大就业创业","2026-08-04","【校招】福建省高速公路集团有限公司2026年夏季招聘公告（1）","https://mp.weixin.qq.com/s/1QtWNbf7ToukxhBkL3M1hw","微信读书"
"西安交大就业创业","2026-08-04","【实习】岗位推荐 | 联合国粮农组织实习生、志愿者及研究员","https://mp.weixin.qq.com/s/m_Go3W8plZ63upEYmO2POw","微信读书"
"西安交大就业创业","2026-08-04","【就业实践】怀柔实验室2027届校招菁英选拔营暨暑期开放日招募公告","https://mp.weixin.qq.com/s/PJkB-nQ0sQJxdrM7lpkshA","微信读书"
"西安交大就业创业","2026-08-03","2027届毕业生求职就业温馨提示","https://mp.weixin.qq.com/s/sfKf41KV_M0uBI5YaWzorw","微信读书"
"西安交大就业创业","2026-08-03","【校招】航空工业兴华2027届校园招聘正式开始!","https://mp.weixin.qq.com/s/PonbluRlSrHb1rdEv3UVng","微信读书"
"西安交大就业创业","2026-08-03","【宏志助航】微课领航（1）：中航工业自控所HR说校招","https://mp.weixin.qq.com/s/JbtHiEqBBJl6HEWtiHyRjQ","微信读书"
"西安交大就业创业","2026-08-02","西安交通大学第九届“千家单位 万名学子”综合类双选会（2026年秋季）邀请函","https://mp.weixin.qq.com/s/frDLUYp4laqqa57L5QiS4w","微信读书"
"西安交大就业创业","2026-08-02","【校招】庆阳市市直事业单位2026年公开引进高层次人才公告","https://mp.weixin.qq.com/s/OHJhv7Wrn5qCSGgyZKkr5A","微信读书"
"西安交大就业创业","2026-08-02","【校招】奥比中光 & 乐学培优2027校园招聘正式启动！","https://mp.weixin.qq.com/s/w000DJMkT1bU-e64e4Jnkg","微信读书"
"西安交大就业创业","2026-08-01","西安交通大学2026年秋季校园招聘指南","https://mp.weixin.qq.com/s/mOgLorg4TPdpwlzlk2Y1xw","微信读书"
"西安交大就业创业","2026-08-01","【校招】2026年张家港国有企业专业化青年人才公开招聘公告","https://mp.weixin.qq.com/s/xu_jVBVTLLNt9olfzZbCWg","微信读书"
"西安交大就业创业","2026-08-01","【就业指导】“离校不断线，服务不打烊”，国家大学生就业服务平台十场活动等你来！","https://mp.weixin.qq.com/s/CwxkGmSNU8_b5AgsZmjaEQ","微信读书"
"西安交大就业创业","2026-07-31","【校招】捷迅光电 & 奥马冰箱2027届校园招聘正式启动","https://mp.weixin.qq.com/s/9m3dE4rxTyXeUGsb2Brrtw","微信读书"
"西安交大就业创业","2026-07-31","【校招】广州市天河区2026年公开招聘事业单位工作人员公告","https://mp.weixin.qq.com/s/T4eZ9bV-Q5oE5ZEGo3Kq7g","微信读书"
"西安交大就业创业","2026-07-31","【通知公告】就创中心关于2026年暑假期间业务办理的通知","https://mp.weixin.qq.com/s/BmwozhRTJHUpacsXMyj8Tg","微信读书"
"西安交大就业创业","2026-07-31","【实习】驻华国际组织近期实习生招募汇总","https://mp.weixin.qq.com/s/l_DuYZUc6OM4RkG50rSK8g","微信读书"
"西安交大就业创业","2026-07-30","【新闻】交大学子参加第十五期中国国际公务员能力建设项目培训","https://mp.weixin.qq.com/s/ZIDJpIBOdkY4HmiavZYCuA","微信读书"
"西安交大就业创业","2026-07-30","【校招】鹏新旭 & 杰华特2027届校园招聘正式启动！","https://mp.weixin.qq.com/s/urX4ANU71KHyGn9HZiVcfA","微信读书"
"西安交大就业创业","2026-07-30","【校招】科大讯飞2027届秋季校园招聘全面启动！","https://mp.weixin.qq.com/s/VEECYeOi7zxZrGff_GBUDA","微信读书"
"西安交大就业创业","2026-07-30","【就业实践】中船七二五所2026年硕博开放日通道开启！","https://mp.weixin.qq.com/s/TUHAEo3yIG1Bs9nd8aygWQ","微信读书"
"西安交大就业创业","2026-07-29","【校招】中国移动九天人工智能科技公司全球AI人才招募火热进行中","https://mp.weixin.qq.com/s/AmfAKc7fndbY7v_nehWTqw","微信读书"
"西安交大就业创业","2026-07-29","【校招】中国融通集团2026届夏季校园招聘","https://mp.weixin.qq.com/s/Yn-d36a8-4cyC0HLmnhYpw","微信读书"
"西安交大就业创业","2026-07-29","【校招】思瑞浦芯片应用工程师 & 阶跃 StepStar 顶尖人才计划招聘","https://mp.weixin.qq.com/s/lwTOe87ab0u8q6ADOK-GEg","微信读书"
"西安交大就业创业","2026-07-29","【校招】华金证券 & 箭元科技2027届校园招聘正式启动","https://mp.weixin.qq.com/s/9uqj8mlJL_hqBngAWsc_fQ","微信读书"
"西安交大就业创业","2026-07-29","【校招】国家战略！院士领衔丨西安交通大学智慧储能学院全球招聘储能人才！","https://mp.weixin.qq.com/s/TnivixTi4FmmaDT2Z9cMgQ","微信读书"
"西安交大就业创业","2026-07-29","【光明日报】报道西安交大打造一体化生涯培养体系","https://mp.weixin.qq.com/s/L2MgNuXrz_MrmTZuAuYZyg","微信读书"
"西安交大就业创业","2026-07-28","【新闻】聚金柯探机遇，桥联未来引英才:我校师生赴绍兴柯桥开展深度研学活动","https://mp.weixin.qq.com/s/lkvqIHbRjw-_Z0hGor5d-g","微信读书"
"西安交大就业创业","2026-07-28","【校招】中国物流2026届夏季校园招聘正式启动","https://mp.weixin.qq.com/s/oMzFt0Xt0zU-cHB4RVdeIQ","微信读书"
"西安交大就业创业","2026-07-28","【校招】士兰微电子 & 恒玄科技2027届校园招聘正式开启","https://mp.weixin.qq.com/s/sxwBUUfqcpRWYm5eeIrzmA","微信读书"
"西安交大就业创业","2026-07-28","【校招】江西省建工集团有限责任公司所属企业2026年度校园招聘公告（第二批次）","https://mp.weixin.qq.com/s/z2RF-y-LNnkjdG4ADFa-gw","微信读书"
"西安交大就业创业","2026-07-28","【就业实践】北京航天试验技术研究所2026年所区开放日正式邀约","https://mp.weixin.qq.com/s/Pv6sc_aiyWRSGEovlwxARg","微信读书"
"西安交大就业创业","2026-07-28","【创新港宣讲】中兴通讯未来领军线下双选会—西安交通大学创新港校区专场","https://mp.weixin.qq.com/s/Z-_KXnJjSSOOPeU9O6GipA","微信读书"
"西安交大就业创业","2026-07-27","【新闻】访企拓岗促就业，产教融合育新人：我校师生赴昆山开展就业研学实践活动","https://mp.weixin.qq.com/s/XEH8QLsBKECUMDFgzHeMlg","微信读书"
"西安交大就业创业","2026-07-27","【校招】中建一局博士后科研工作站2026招聘公告","https://mp.weixin.qq.com/s/sGPEM5Vj2pktz0bg8AJUlw","微信读书"
"西安交大就业创业","2026-07-27","【校招】惠州市惠阳区医疗集团总医院 & 知存科技校园招聘","https://mp.weixin.qq.com/s/w7ImcOEaPyvYRb66Eno5lw","微信读书"
"西安交大就业创业","2026-07-27","【校招】2027届比亚迪博士校园招聘正式开启！","https://mp.weixin.qq.com/s/17MaQFTDQJqc3y3p0GDBkw","微信读书"
"西安交大就业创业","2026-07-27","【实习】施耐德电气2026 AI星火实习生招募中！","https://mp.weixin.qq.com/s/My2amK4Lo0FtLksKBXckCg","微信读书"
"西安交大就业创业","2026-07-27","【就业实践】2026年华为西安研究所Open Day报名开启","https://mp.weixin.qq.com/s/a8Bvl-QmYdL0pDfUU4fESg","微信读书"
"西安交大就业创业","2026-07-26","选课速冲！  两大宝藏通识课，“职” 通未来！","https://mp.weixin.qq.com/s/RVCJ4MZtld-GOPlLQZAOIQ","微信读书"
"西安交大就业创业","2026-07-26","【校招】vivo 产品总经理储备计划全球招聘启动","https://mp.weixin.qq.com/s/HfwZr-jLQ5P2jib7tYejMw","微信读书"
"西安交大就业创业","2026-07-26","【校招】中国航天科技集团五院502所2027届校园招聘提前批正式启动","https://mp.weixin.qq.com/s/6kDrVv1uaXXwoiBQuG_BnA","微信读书"
"西安交大就业创业","2026-07-26","【校招】柳工专项人才招聘 | 柳工电智化未来，亟待你的加入！","https://mp.weixin.qq.com/s/wwvfwEGV_igASuMIJrhpsg","微信读书"
"西安交大就业创业","2026-07-26","【校招】湖北省事业单位2026年统一公开招聘高校专职辅导员公告","https://mp.weixin.qq.com/s/qdi7lL3wL11Z7NDYt04g7Q","微信读书"
"西安交大就业创业","2026-07-26","【就业实践】中国兵器工业第二〇五研究所2026年暑期人才开放日","https://mp.weixin.qq.com/s/sug_Dh7A4IqGF3j0KCm5bw","微信读书"
"西安交大就业创业","2026-07-25","【校招】中国网络安全审查认证和市场监管大数据中心2026年度公开招聘公告","https://mp.weixin.qq.com/s/R_EPInuzT1AEzF8Oi6hPQg","微信读书"
"西安交大就业创业","2026-07-25","【校招】兵器未来科学家·2027届博士招聘提前批正式启动","https://mp.weixin.qq.com/s/sslIKkXRKvRR3zsxIx-v5Q","微信读书"
"西安交大就业创业","2026-07-25","【通知公告】关于做好2026年毕业生基层就业学费补偿国家助学贷款代偿工作的通知","https://mp.weixin.qq.com/s/0BDumK1-jrNDLbmisOHtGQ","微信读书"
"西安交大就业创业","2026-07-25","【就业指导】@2026年毕业生，陕西高校毕业生就业一件事用起来","https://mp.weixin.qq.com/s/5VNgvwc6d9O7idEAToDkJg","微信读书"
"西安交大就业创业","2026-07-25","【就业实践】中国电科第四十七研究所暑期开放日邀请函","https://mp.weixin.qq.com/s/EPFOfnzFk7G1k-UnzZX5xA","微信读书"
"西安交大就业创业","2026-07-25","【就业实践】国机重装博士人才暑期参访行暨2027届校园招聘提前批邀请函","https://mp.weixin.qq.com/s/uR8ZWCloQwJlw7FNvhZKyg","微信读书"
"西安交大就业创业","2026-07-24","【新闻】西安交大举办“以赛促教·教赛相长一一职业规划大赛视域下校本课程建设”师资培训","https://mp.weixin.qq.com/s/G9BP6fzvALmQnrqU9P82pw","微信读书"
"西安交大就业创业","2026-07-24","【校招】正浩EcoFlow & 新易盛2027届秋招提前批&开放日正式启动!","https://mp.weixin.qq.com/s/Oab6egVZMkFJVAbPsYTdHg","微信读书"
"西安交大就业创业","2026-07-24","【校招】深圳方正微电子 & 泰达建设集团2027届招聘正式启动！","https://mp.weixin.qq.com/s/PTnrppkPFOA11JhukmdmgA","微信读书"
"西安交大就业创业","2026-07-24","【校招】商汤「无限原力」顶尖人才计划｜难的事才值得做，难的路才值得走","https://mp.weixin.qq.com/s/c3r3Spa3JL1MeFn9jMHmqw","微信读书"
"西安交大就业创业","2026-07-24","【就业实践】科大讯飞星火夏令营西安交通大学专场","https://mp.weixin.qq.com/s/FjA0OK3v3Q44oPy5LA8ExQ","微信读书"
"西安交大就业创业","2026-07-22","【校招】思瑞浦2027届校园招聘正式启动!","https://mp.weixin.qq.com/s/dwIUbqJowaeioUiRVnZc8A","微信读书"
"西安交大就业创业","2026-07-22","【校招】联发科技2027届校园招聘提前批正式启动","https://mp.weixin.qq.com/s/nHAzZ0tSUcISYtKYQM8HzQ","微信读书"
"西安交大就业创业","2026-07-22","【校招】军事科学院2027年直招入伍攻读硕士研究生招生公告","https://mp.weixin.qq.com/s/JQ-0dMhm06POkGdnJ-olNw","微信读书"
"西安交大就业创业","2026-07-22","【就业实践】苏纳2027届全球校园招聘提前批OpenDay正式开启，邀你探企!","https://mp.weixin.qq.com/s/Kos9fA3vGBiQu-5mwFOi_Q","微信读书"
"西安交大就业创业","2026-07-22","【就业实践】第五届TouchCIB·数字兴业科技挑战赛正式启动!","https://mp.weixin.qq.com/s/RNZd-zh0UW9_2RR7IRR_iw","微信读书"
"西安交大就业创业","2026-07-21","【校招】江苏省环保集团有限公司2026年招聘公告（一）","https://mp.weixin.qq.com/s/bIMGgndse09BquxgUibKww","微信读书"
"西安交大就业创业","2026-07-21","【校招】河南省科学院先进陶瓷研究所博士招聘公告","https://mp.weixin.qq.com/s/M9Hoog7R7OBMGGcnK2bchA","微信读书"
"西安交大就业创业","2026-07-21","【实习】恒丰银行总行2027届实习生招聘启事","https://mp.weixin.qq.com/s/9FXe4Rp9L9H-xNBlS6j7zg","微信读书"
"西安交大就业创业","2026-07-21","【实习】国能销售集团2026年夏季实习生招聘正式启动","https://mp.weixin.qq.com/s/3VS5cl3XV6Z_Nvfv6zCD1Q","微信读书"
"西安交大就业创业","2026-07-21","【就业实践】航宇第六届高层次人才开放日招募","https://mp.weixin.qq.com/s/MWUdv-6mI-L8Xodg62rkwQ","微信读书"
"西安交大就业创业","2026-07-20","【新闻】西安交大代表团访问国际劳工组织国际培训中心","https://mp.weixin.qq.com/s/C8OplHrhPz2ZgP46FKRDIQ","微信读书"
"西安交大就业创业","2026-07-20","【校招】中国外运2026届春季校园招聘正式启动!","https://mp.weixin.qq.com/s/k7ffM5n68zoX_j0-0hOmAg","微信读书"
"西安交大就业创业","2026-07-20","【校招】云南信托2027年校园招聘暨英才计划启幕","https://mp.weixin.qq.com/s/Twi8Nu3Eshpphm83bbsOgQ","微信读书"
"西安交大就业创业","2026-07-20","【校招】蔚来2027届技术提前批校园招聘启动!","https://mp.weixin.qq.com/s/f9L5ZFCpxIYo9pzpK6ZXGQ","微信读书"
"西安交大就业创业","2026-07-20","【校招】湖南能源集团2026年夏季招聘","https://mp.weixin.qq.com/s/ScUqBw-DNtayfC3BI7ULaw","微信读书"
"西安交大就业创业","2026-07-20","【实习】腾讯音乐2026年实习生招聘","https://mp.weixin.qq.com/s/EVkJ6Jn9ph3pVTp8avvrkQ","微信读书"
"西安交大就业创业","2026-07-19","【校招】西安交通大学研究生院管理辅助工作人员招聘公告","https://mp.weixin.qq.com/s/fFZr_TXUggO_UZdSBPaHbA","微信读书"
"西安交大就业创业","2026-07-19","【校招】内蒙古森工集团2026年公开招聘员工公告","https://mp.weixin.qq.com/s/CwpexFmeZFClXOEh5wucBQ","微信读书"
"西安交大就业创业","2026-07-19","【校招】伽利略 & 科锐国际校园招聘火热进行中","https://mp.weixin.qq.com/s/hgF2qZTTCUrq3FpwHXt3kQ","微信读书"
"西安交大就业创业","2026-07-19","【校招】汇明光电 & 润石科技2027秋招正式启动","https://mp.weixin.qq.com/s/Ik7BV2Km0X_KxUkwj4Uihw","微信读书"
"西安交大就业创业","2026-07-19","【校招】海尔智家2027届提前批招聘项目启动！","https://mp.weixin.qq.com/s/zEW12xwbSYCQMOn6trCejQ","微信读书"
"西安交大就业创业","2026-07-19","【校招】2026年“才聚齐鲁 成就未来”山东发展投资控股集团有限公司权属企业校园招聘公告","https://mp.weixin.qq.com/s/4Toi2qGj154G0O8tBCrmmQ","微信读书"
"西安交大就业创业","2026-07-18","【校招】文远知行 & 北京华钧广汇投资管理有限公司26/27届校园招聘","https://mp.weixin.qq.com/s/K0ee-m8pdsc70N4QA4nNlg","微信读书"
"西安交大就业创业","2026-07-18","【校招】腾讯青云计划2027校园招聘全球启动","https://mp.weixin.qq.com/s/rD50bJmMpteNDsBGsiwOVQ","微信读书"
"西安交大就业创业","2026-07-18","【校招】深圳信步科技27届提前批启动","https://mp.weixin.qq.com/s/ndzBJ2CtzMufDOqg4-HOaw","微信读书"
"西安交大就业创业","2026-07-18","【校招】卡尔动力 & 芯动科技2027届秋招提前批正式启动！","https://mp.weixin.qq.com/s/QJPRuII0yur0nMoiczl9hA","微信读书"
"西安交大就业创业","2026-07-18","【实习】理想汽车2027届实习生招聘项目启动","https://mp.weixin.qq.com/s/dX8_5AOcDKavC_lkgQGn0w","微信读书"
"西安交大就业创业","2026-07-18","【就业实践】香港科技大学工学院MSc课程体验日盛夏启幕，邀你亲历顶尖科研与无敌海景!","https://mp.weixin.qq.com/s/fblC-h3k6O8oF-mKgG4B4g","微信读书"
"西安交大就业创业","2026-07-17","【校招】OPPO 2027届全球校园招聘启动！","https://mp.weixin.qq.com/s/FG4Qmwee_UH53dIWp29b1g","微信读书"
"西安交大就业创业","2026-07-17","【校招】苏州京东方医院2026届校招补录暨2027届提前批招聘全面开启","https://mp.weixin.qq.com/s/0SIjbLlr991bH9PvcMvWHA","微信读书"
"西安交大就业创业","2026-07-17","【校招】汇川技术2027届校园招聘首批岗位上新！","https://mp.weixin.qq.com/s/RMraJgSTDY26XfYnltLPqA","微信读书"
"西安交大就业创业","2026-07-17","【就业实践】中国船舶集团有限公司系统工程研究院&中船智海创新研究院2027届校招企业开放日邀请函","https://mp.weixin.qq.com/s/Ne2OWIuLtOoiQYnLRc5abw","微信读书"
"西安交大就业创业","2026-07-17","【就业实践】西安近代化学研究所2026年研究生招生“暑期开放日”请你来做客！","https://mp.weixin.qq.com/s/qvZGhEJAwKsYqKlb7Uzgvw","微信读书"
"西安交大就业创业","2026-07-17","【回顾】西安交通大学第八届全球治理创新青年人才训练营营员感言！","https://mp.weixin.qq.com/s/a8fMNa01pBwyFDZWFlSDYw","微信读书"
"西安交大就业创业","2026-07-16","【校招】中新赛克暑期实习生暨2027届校园招聘","https://mp.weixin.qq.com/s/zvg4sSPQKQxRqg0T8wdOVw","微信读书"
"西安交大就业创业","2026-07-16","【校招】中铁水务集团有限公司科技研发岗位招聘","https://mp.weixin.qq.com/s/18ZWHHPc61GaiLIzIsiT9g","微信读书"
"西安交大就业创业","2026-07-16","【校招】中国电子科技集团公司第四十、四十一研究所2026校园招聘","https://mp.weixin.qq.com/s/GugiaMCkTurOAzXmWuXfbQ","微信读书"
"西安交大就业创业","2026-07-16","【校招】新东方集团南昌学校26年秋季「启明星计划」校招提前批开启!","https://mp.weixin.qq.com/s/vP8Xr-n8FDrOdHQxxQVJbg","微信读书"
"西安交大就业创业","2026-07-16","【校招】华中农业大学资源与环境学院2026年校园招聘","https://mp.weixin.qq.com/s/5peNgmdWX2eT5t_mOkkv7A","微信读书"
"西安交大就业创业","2026-07-16","【就业指导】暑期求职全能通关战公益活动来啦！","https://mp.weixin.qq.com/s/SUxDjlxWoDop6YdfTn5AUQ","微信读书"
"西安交大就业创业","2026-07-03","【预告】西安交通大学第八届全球治理创新青年人才训练营","https://mp.weixin.qq.com/s/85IBHSMBQ6plwFmzspnA-w","微信读书"
"西安交大就业创业","2026-07-03","【校招】中国科学院成都文献情报中心2026年校园招聘","https://mp.weixin.qq.com/s/K1rVFXLl6dTSOTpk84T0eA","微信读书"
"西安交大就业创业","2026-07-03","【校招】厦门大学嘉庚学院2025-2026学年人才招聘启事","https://mp.weixin.qq.com/s/0wIKqDB8xnNpC1yA8wLnmA","微信读书"
"西安交大就业创业","2026-07-03","【校招】京东2027TET管理培训生招募正式启动！","https://mp.weixin.qq.com/s/MrsKrqxa4-a7xn0dqQnaoA","微信读书"
"西安交大就业创业","2026-07-03","【校招】埃特曼半导体2027校园秋季招聘简章","https://mp.weixin.qq.com/s/yOFJXd7PBTFU93ljhx7UAw","微信读书"
"西安交大就业创业","2026-07-03","【实习】学而思线下短期主讲招聘","https://mp.weixin.qq.com/s/XQJLTr7wwcTsq-7deSggLQ","微信读书"
"西安交大就业创业","2026-07-03","【就业实践】郑州商品交易所暑期Openday活动招收启事","https://mp.weixin.qq.com/s/qUrUOOpozlBffVnUZYMHsw","微信读书"
"西安交大就业创业","2026-07-03","【就业实践】宁德时代2027届暑期Offer加速营即将开营！来宁德，领offer！","https://mp.weixin.qq.com/s/5TT5OL-ADtXFs3r3C3ZNuQ","微信读书"
"西安交大就业创业","2026-07-02","宏志助航计划｜2026年小学期职业规划类综能课程重磅上线！","https://mp.weixin.qq.com/s/0-gv8g7cY0pilzOUWNsMsQ","微信读书"
"西安交大就业创业","2026-07-02","【校招】江苏省盐业集团有限责任公司2026年度校园招聘公告","https://mp.weixin.qq.com/s/8NtrvGGfaUh1ASTCCp7hxA","微信读书"
"西安交大就业创业","2026-07-02","【校招】高途2027全球校园招聘提前批全面启动！","https://mp.weixin.qq.com/s/fF0aUAHC1RU-bWemlzMpIQ","微信读书"
"西安交大就业创业","2026-07-02","【实习】中国航空国际建设投资有限公司2026年暑期实习生招聘正式启动","https://mp.weixin.qq.com/s/NeOAYgCL72_7CwCP_UOzHQ","微信读书"
"西安交大就业创业","2026-07-02","【实习】中工国际2026年暑期实习生招聘","https://mp.weixin.qq.com/s/InIb8wh2FrnKn0rOI4V56A","微信读书"
"西安交大就业创业","2026-07-02","【就业指导】联合国日内瓦办事处职业发展线上宣讲会","https://mp.weixin.qq.com/s/msGgxoie6dQws9eIs4cH3g","微信读书"
"西安交大就业创业","2026-07-02","【就业实践】中国航发涡轮院&中国航发成发2026年暑期开放日正式启动","https://mp.weixin.qq.com/s/9hRI7Agxpfrgp1M1buPzNg","微信读书"
"西安交大就业创业","2026-07-02","【就业实践】关于组织我校在读学生参加2026年林都伊春·中国大学生“森林里的家”实习实训活动的通知（34）","https://mp.weixin.qq.com/s/i-0Gxe-NaKDy4HlAFuR3bg","微信读书"
"西安交大就业创业","2026-07-01","【新闻】招商银行西安分行来访我校共拓就业实习实践育人平台","https://mp.weixin.qq.com/s/rgVc9kLaGH3N_r46-8IPfw","微信读书"
"西安交大就业创业","2026-07-01","【校招】肇庆学院2026年教学科研人员招聘公告","https://mp.weixin.qq.com/s/nepDI_HHAoKJLPgJA4DC1g","微信读书"
"西安交大就业创业","2026-07-01","【校招】新凯来2027届校园招聘正式启动!","https://mp.weixin.qq.com/s/Y68M7Ou13IhPaEsd2uzk_Q","微信读书"
"西安交大就业创业","2026-07-01","【实习】中国航发商发2026年暑期实习生招募启动!","https://mp.weixin.qq.com/s/-ToU_ZErvzQJ04JMujaAEQ","微信读书"
"西安交大就业创业","2026-07-01","【就业实践】中国兵器工业第二O三研究所2026年暑期夏令营","https://mp.weixin.qq.com/s/KHP2xXjvA0NgzpACHI7RwA","微信读书"
"西安交大就业创业","2026-07-01","【就业实践】关于选择济南 共赢未来”2026年优秀大学生就业创业“泉城行训练营活动的通知(29)","https://mp.weixin.qq.com/s/jMwd0KxqrpkSLumgFxmP4A","微信读书"
"西安交大就业创业","2026-07-01","【就业实践】关于我校在校大学生参加中国振华电子集团有限公司“国企开放日”活动的通知(30)","https://mp.weixin.qq.com/s/HLNNbolfCbZtD-w8lWGxag","微信读书"
"西安交大就业创业","2026-07-01","【创新港宣讲】禾赛科技27届西安交大宣讲会","https://mp.weixin.qq.com/s/gH-5i3wk92g-X4OaJP1jtQ","微信读书"
"西安交大就业创业","2026-06-30","【校招】珠海全志科技2027届实习生招聘","https://mp.weixin.qq.com/s/cfJEpz1x2L8ASDjxDpDCaA","微信读书"
"西安交大就业创业","2026-06-30","【校招】中粮集团2026届夏季校园招聘、暑期实习生招聘","https://mp.weixin.qq.com/s/z-bo_NLDzDSju2-KnoXQOw","微信读书"
"西安交大就业创业","2026-06-30","【校招】西安全志科技有限公司2027届校园招聘","https://mp.weixin.qq.com/s/pq8OhuBZbQ-G7hdSknTOvg","微信读书"
"西安交大就业创业","2026-06-30","【校招】重庆华翌2026年招聘公告（高端数控机床领域）","https://mp.weixin.qq.com/s/gRTaFgxcDcS-NgnYsbab1w","微信读书"
"西安交大就业创业","2026-06-30","【实习】大连商品交易所2026年暑期实习生招收简章","https://mp.weixin.qq.com/s/FVspSxQXJ8R2mXsN7aixOQ","微信读书"
"西安交大就业创业","2026-06-30","【实习】安信基金2027届实习生（可留用）校园招聘简章","https://mp.weixin.qq.com/s/wMLfmDyWBlpYOtqfcep8eA","微信读书"
"西安交大就业创业","2026-06-30","【就业实践】中科芯2027届暑期开放日活动报名！","https://mp.weixin.qq.com/s/1SFMcIB_SRAK9JgVbqaqug","微信读书"
"西安交大就业创业","2026-06-30","【创新港宣讲】中兴通讯2027届未来领军人才招聘","https://mp.weixin.qq.com/s/7DMPPyseK7VQvRh218mBFA","微信读书"
"西安交大就业创业","2026-06-29","【校招】中国储备粮管理集团有限公司2026年度夏季招聘公告","https://mp.weixin.qq.com/s/374fDPN3JF5SghxIQN9hhg","微信读书"
"西安交大就业创业","2026-06-29","【校招】中电锦江2027届提前批校园招聘正式开启","https://mp.weixin.qq.com/s/Bx0vDhhVT6gMtPsnBzc3fw","微信读书"
"西安交大就业创业","2026-06-29","【校招】2026年扬州高创产业招商发展有限公司公开招聘工作人员公告","https://mp.weixin.qq.com/s/LA_Rfdtb80f0Uz6GF34WiA","微信读书"
"西安交大就业创业","2026-06-29","【实习】中信证券股份有限公司上海分公司2026年实习招聘","https://mp.weixin.qq.com/s/4ns-LvZuSBnmMsVaZFSiMA","微信读书"
"西安交大就业创业","2026-06-29","【实习】中建八局二公司2027届校园暑期实习招聘正式启动","https://mp.weixin.qq.com/s/J-kNTut2Ly2EyaIwg_RllA","微信读书"
"西安交大就业创业","2026-06-29","【实习】中国五矿2026年暑期实习生招募正式启动！","https://mp.weixin.qq.com/s/h9ruiVebwl-bZF1NOHf9_A","微信读书"
"西安交大就业创业","2026-06-29","【就业实践】中国机械总院2026年优秀大学生夏令营来啦！","https://mp.weixin.qq.com/s/96x686WrFAsvBXkq1ofmjA","微信读书"
"西安交大就业创业","2026-06-29","【就业实践】中国核电2026大学生夏令营等你来","https://mp.weixin.qq.com/s/Wj3GRPA9dYL8bxYdTBkElw","微信读书"
"西安交大就业创业","2026-06-28","张立群校长在西安交通大学2026届研究生毕业典礼上的讲话","https://mp.weixin.qq.com/s/53OCPWSyMrIpRpkOPJSgQA","微信读书"
"西安交大就业创业","2026-06-28","【校招】DJI大疆2027“拓疆者”校园招聘全面开启！","https://mp.weixin.qq.com/s/8QYZcbaqsjIyuBZIzT9Mlw","微信读书"
"西安交大就业创业","2026-06-28","【校招】齐鲁理工学院2026年诚聘海内外优秀人才","https://mp.weixin.qq.com/s/GOIub6SbO277V-_5Mxca-A","微信读书"
"西安交大就业创业","2026-06-28","【校招】宁波中基汇程资源有限公司2026年校园招聘","https://mp.weixin.qq.com/s/FlBEecLDnFdWbRsm_HjdNA","微信读书"
"西安交大就业创业","2026-06-28","【校招】航天科技集团2027校招提前批正式启动","https://mp.weixin.qq.com/s/XAg1D7to_yWSXcYc7tN4kg","微信读书"
"西安交大就业创业","2026-06-28","【校招】大连新东方培训学校有限公司2026年校园招聘","https://mp.weixin.qq.com/s/Ta5bsbOIUpd69GcSe7vD4g","微信读书"
"西安交大就业创业","2026-06-28","【实习】华润置地2026年暑期实习生招聘正式启动！","https://mp.weixin.qq.com/s/Xco9tKPS7ojrKh13qOakgg","微信读书"
"西安交大就业创业","2026-06-28","【就业实践】乾元国家实验室2026年暑期开放日正式启动","https://mp.weixin.qq.com/s/c8FCgDWn0tJdpbvReTNLBw","微信读书"
"西安交大就业创业","2026-06-27","张立群校长在西安交通大学2026届本科生毕业典礼上的讲话","https://mp.weixin.qq.com/s/QQB0xZRMtelIWB6fa4Yp1w","微信读书"
"西安交大就业创业","2026-06-27","【校招】豪迈2027届校招提前批【先锋计划】正式启动！","https://mp.weixin.qq.com/s/WVGsomKOrixNqIqJgbbp8g","微信读书"
"西安交大就业创业","2026-06-27","【校招】航天八院上海空间电源研究所2026暑期提前批招聘招生通道现已开启！","https://mp.weixin.qq.com/s/70XuwS7huuzpGyzQql202g","微信读书"
"西安交大就业创业","2026-06-27","【校招】哔哩哔哩B-UP顶尖技术人才项目正式启动！","https://mp.weixin.qq.com/s/XbNi1GtXrSGC9PewPFtL3w","微信读书"
"西安交大就业创业","2026-06-27","【实习】中英人寿2026暑期实习计划正式启动！","https://mp.weixin.qq.com/s/hx-s8-NcY7KzXVUdEcLs_Q","微信读书"
"西安交大就业创业","2026-06-27","【实习】潍柴动力2027届“领航”实习生计划正式启幕","https://mp.weixin.qq.com/s/9V4oI5rQcLvinwadeTXULA","微信读书"
"西安交大就业创业","2026-06-27","【就业实践】关于2026年第八届“魅力佛山行”高校师生体验营活动的通知（26）","https://mp.weixin.qq.com/s/5CLzKKHqn8Q1U-ulI-muww","微信读书"
"西安交大就业创业","2026-06-27","【创新港宣讲】沈阳飞机设计研究所2026年暑期开放日招募正式启动","https://mp.weixin.qq.com/s/dmCJh66hux4HHLnQG4VQCw","微信读书"
"西安交大就业创业","2026-06-26","【新闻】西安交大举办2026届选调生岗前培训班","https://mp.weixin.qq.com/s/b4vO-qle3cZhl3AbB1foOQ","微信读书"
"西安交大就业创业","2026-06-26","【校招】中国航天科工2027届校园招聘全面启动","https://mp.weixin.qq.com/s/S1rx6Xd0A508qcx6kwC-pg","微信读书"
"西安交大就业创业","2026-06-26","【校招】中国电信TeleAI Top Talent 2027人才计划启动","https://mp.weixin.qq.com/s/KIxJsDJWvS2BVv9vSYWLmA","微信读书"
"西安交大就业创业","2026-06-26","【实习】中国质量检验检测科学研究院实习招聘","https://mp.weixin.qq.com/s/AmTdysbjXtdHt6b_AHPj1w","微信读书"
"西安交大就业创业","2026-06-26","【实习】新华保险30周年暑期实习创造营开放申请","https://mp.weixin.qq.com/s/k1Sy9z9NvZS2XO6No5wvcg","微信读书"
"西安交大就业创业","2026-06-26","【实习】国际电信联盟招募实习生","https://mp.weixin.qq.com/s/lwYMCcpuL2LBvfylThkhWA","微信读书"
"西安交大就业创业","2026-06-26","【就业实践】关于2026年我校学生连云港行活动的通知（25）","https://mp.weixin.qq.com/s/1MpQoGhe1jqZtZopzOKX4g","微信读书"
"西安交大就业创业","2026-06-26","【就业实践】关于“2026年度校园大使走进吴江开发区” 活动的通知（27）","https://mp.weixin.qq.com/s/u-Vla7_qGWu_2NqJFUD2Uw","微信读书"
"西安交大就业创业","2026-06-25","【校招】北京语言大学2026年事业编制人员公开招聘启事（第四批）","https://mp.weixin.qq.com/s/xNrorOXkNIXWocwL5Qi77A","微信读书"
"西安交大就业创业","2026-06-25","【实习】浦发银行2026年“Call浦新星”暑期实习生计划正式启动！","https://mp.weixin.qq.com/s/CQSdx-GMwDcL3gMS6NHn8A","微信读书"
"西安交大就业创业","2026-06-25","【实习】湖北省电力规划设计研究院有限公司2027届“启明星计划”实习生招聘","https://mp.weixin.qq.com/s/DkUhIu8881o2eHqfucxTrw","微信读书"
"西安交大就业创业","2026-06-25","【就业实践】中国电研2027硕博精英夏令营邀请函","https://mp.weixin.qq.com/s/p4_ceWSYSNZuH-SjwvLRgw","微信读书"
"西安交大就业创业","2026-06-25","【就业实践】中国电科第十四研究所2027届暑期开放日暨硕士推免生预选拔邀请函（23）","https://mp.weixin.qq.com/s/MNzxKlM_TQV4IrOyJ10FkQ","微信读书"
"西安交大就业创业","2026-06-25","【就业实践】国机精工集团股份有限公司2026年硕博夏令营","https://mp.weixin.qq.com/s/KtiYrOf7Nmu4dpgxvHf6fQ","微信读书"
"西安交大就业创业","2026-06-25","【就业实践】2027届暑期精英训练营招募开启——这个夏天，来上海电气提前锁定秋招offer！","https://mp.weixin.qq.com/s/e5o1umlolr3wyvZJVFDHpA","微信读书"
"西安交大就业创业","2026-06-25","【报名】即将截止！西安交通大学第八届全球治理创新青年人才训练营","https://mp.weixin.qq.com/s/d4_q0b8trAftxJ4FwqeDyQ","微信读书"
"西安交大就业创业","2026-06-24","【校招】杰瑞集团2027届秋季校园招聘提前批来啦！","https://mp.weixin.qq.com/s/L8cA5fzA0P4Fa6DIhTKjSA","微信读书"
"西安交大就业创业","2026-06-24","【实习】中国电信2026年暑期实习生计划正式启动","https://mp.weixin.qq.com/s/K4d2jR7wy7C28S1e1F3amg","微信读书"
"西安交大就业创业","2026-06-24","【实习】小红书27届「Product Engineer产品工程师」暑期实习项目火热招募中!","https://mp.weixin.qq.com/s/e2wU3bYmwnMfnwlnFrt2aw","微信读书"
"西安交大就业创业","2026-06-24","【实习】国家电投集团2026年实习生招募启动","https://mp.weixin.qq.com/s/ZS6DMaDsxF5lF2u8CqsTBw","微信读书"
"西安交大就业创业","2026-06-24","【就业实践】青年人才创业“充电宝”行动计划免费“宜昌体验行”算力及大数据产业·青创专场开启报名","https://mp.weixin.qq.com/s/E1Pf8KpM0JPLJzg0nBOnHA","微信读书"
"西安交大就业创业","2026-06-24","【就业实践】关于组织我校学生参加2026年歌尔集团校企开放日活动的通知(22)","https://mp.weixin.qq.com/s/3FlH77hLXNtH48j8LKYXsQ","微信读书"
"西安交大就业创业","2026-06-24","【就业实践】关于开展2026年高校学子“苏高新行”的通知(24)","https://mp.weixin.qq.com/s/T35EbBo9TmOd0qDGKXE8Xg","微信读书"
"西安交大就业创业","2026-06-24","【就业实践】德州仪器Open Day集结邀请，盛夏火力全开!","https://mp.weixin.qq.com/s/V8DTSYdfrXi0RDcIHV13jA","微信读书"
"西安交大就业创业","2026-06-23","【校招】禾赛科技27届校园招聘提前批启动！","https://mp.weixin.qq.com/s/jm51ntV8Vcdnz30rzj--Dw","微信读书"
"西安交大就业创业","2026-06-23","【校招】2026年“渝见名医·百名博士来”重庆卫生健康人才发展环境推介活动正式开启报名！","https://mp.weixin.qq.com/s/TZikfJyUHUllhXacesaEuA","微信读书"
"西安交大就业创业","2026-06-23","【实习】世界卫生组织、联合国贸易和发展会议招募志愿岗、实习生","https://mp.weixin.qq.com/s/QzT6inOkaQjd0OOPkXvRvg","微信读书"
"西安交大就业创业","2026-06-23","【实习】千寻智能2027届校招实习生招聘启动！","https://mp.weixin.qq.com/s/cAyyaf65KBkLgoHD0pNfUw","微信读书"
"西安交大就业创业","2026-06-23","【实习】金山软件集团实习生招聘","https://mp.weixin.qq.com/s/E1IAR4_xSERR2B8HqRBqjw","微信读书"
"西安交大就业创业","2026-06-23","【实习】德赛西威2027届暑期实习生招聘","https://mp.weixin.qq.com/s/PLBmmF4SmSBnGdY-C3K4PA","微信读书"
"西安交大就业创业","2026-06-23","【就业实践】关于“就在吾径”——2026年江苏省常州市武进区暑期党政实习项目的通知（20）","https://mp.weixin.qq.com/s/zccoypa89-6PmvbKQa_Y6g","微信读书"
"西安交大就业创业","2026-06-23","【就业实践】2026年“名校学子进怀化” 暑期实习活动项目的通知（21）","https://mp.weixin.qq.com/s/soZ7pieMDGr4XGn6jiKWsQ","微信读书"
"西安交大就业创业","2026-06-22","西安交通大学第四届选调生咨询开放日（创新港站）来了！","https://mp.weixin.qq.com/s/GzvWGek9umiV90pWK3erbg","微信读书"
"西安交大就业创业","2026-06-22","【实习】中国雄安集团有限公司暑期实习生招聘公告","https://mp.weixin.qq.com/s/r1AjdJ8yJ0B8LNjnGI_3Mw","微信读书"
"西安交大就业创业","2026-06-22","【实习】中国出口信用保险公司2027届暑期实习生招聘","https://mp.weixin.qq.com/s/_DiJqNcxo0i8vcyloockPw","微信读书"
"西安交大就业创业","2026-06-22","【实习】星图测控2027年校园招聘火热进行中","https://mp.weixin.qq.com/s/PwOA5DWa6Ahl0DdIXQwDIw","微信读书"
"西安交大就业创业","2026-06-22","【实习】陕西自然博物馆2026实习生招募启动","https://mp.weixin.qq.com/s/TyLh6buQmWzeaiQPXkqorg","微信读书"
"西安交大就业创业","2026-06-22","【实习】联合国这些岗位等你来","https://mp.weixin.qq.com/s/frPaX9eUb0TBXfqOqPh8VA","微信读书"
"西安交大就业创业","2026-06-22","【实习】360集团飞扬实习生岗位上新","https://mp.weixin.qq.com/s/weq4ymQ428KHOhzidKC1nQ","微信读书"
"西安交大就业创业","2026-06-22","【就业指导】职涯云课：差异化就业一一给文科生的就业辅导课","https://mp.weixin.qq.com/s/7HQeuU-9iu9TkWiICdHkNA","微信读书"
"西安交大就业创业","2026-06-21","西安交通大学春季学期校园招聘及职业指导活动预告（6.22-6.28）","https://mp.weixin.qq.com/s/VBEsnVgE80jWbqxJHnhWWA","微信读书"
"西安交大就业创业","2026-06-21","【校招】中汽中心2027届提前批校园招聘正式启动","https://mp.weixin.qq.com/s/8ZUgiISZRXOSw7gYpFSyzA","微信读书"
"西安交大就业创业","2026-06-21","【校招】精进电动2027届校园招聘提前批","https://mp.weixin.qq.com/s/_RR8Ecezi0gjBGgcIyc1Wg","微信读书"
"西安交大就业创业","2026-06-21","【校招】广纳贤才，铁一院2027年招聘启动！","https://mp.weixin.qq.com/s/ifAJ93ZzwJKvDmCOCDC6lA","微信读书"
"西安交大就业创业","2026-06-21","【实习】DJI大疆2027AI实习生专项招聘计划","https://mp.weixin.qq.com/s/Wxc3pYNlfLSunsUZGEqrAw","微信读书"
"西安交大就业创业","2026-06-21","【实习】上汽大众2027、2028届实习招聘","https://mp.weixin.qq.com/s/1CIo5jjqSLgjqaJVoXcoRg","微信读书"
"西安交大就业创业","2026-06-21","【实习】阿里云2027实习生招聘","https://mp.weixin.qq.com/s/IDQU51oZ3zVmiVSVs7Le2A","微信读书"
"西安交大就业创业","2026-06-21","【就业指导】职涯云课：建立生涯与职业意识","https://mp.weixin.qq.com/s/Ico2xm6qJ8xxLdeQLX6DxQ","微信读书"
"西安交大就业创业","2026-06-20","【院部动态】化工学院召开2027届研究生就业动员会","https://mp.weixin.qq.com/s/5fuFa-CcJ3fZCcK2utvHkw","微信读书"
"西安交大就业创业","2026-06-20","【实习】兴业银行北京分行“雏雁计划”暑期实习生招聘","https://mp.weixin.qq.com/s/gPro2WYiHfNqwPWu0teXLg","微信读书"
"西安交大就业创业","2026-06-20","【实习】五矿证券2027届“矿新星”暑期实习生招聘正式启动！","https://mp.weixin.qq.com/s/2-dFa3Qx9TLRssLaI3YWZA","微信读书"
"西安交大就业创业","2026-06-20","【实习】南方电网共享运营公司实习生招聘公告","https://mp.weixin.qq.com/s/9N8wQHnDZdA_R9GYV2rKnA","微信读书"
"西安交大就业创业","2026-06-20","【实习】阿里巴巴顶尖人才计划阿里星2027届应届生招聘","https://mp.weixin.qq.com/s/7cSv9Z3wLn4HSMFV2k9WPQ","微信读书"
"西安交大就业创业","2026-06-20","【就业指导】职涯云课：银行业岗位笔试初认知","https://mp.weixin.qq.com/s/sRzpofW-jry3iblm86ii3g","微信读书"
"西安交大就业创业","2026-06-20","【创业指导】创业缺资金？创业担保贷款来帮你","https://mp.weixin.qq.com/s/MsRFGZSy2wrvYBvKC6mMAA","微信读书"
"西安交大就业创业","2026-06-20","【创新港宣讲】中国航天科技集团有限公司第四研究院西安航天化学动力有限公司校园招聘","https://mp.weixin.qq.com/s/altDljMijvYfXLoLIpFpYw","微信读书"
"西安交大就业创业","2026-06-19","【新闻】西安交大举行2026届选调生岗前培训班开班仪式","https://mp.weixin.qq.com/s/jJ6pEArhl__7koRGjMMO8Q","微信读书"
"西安交大就业创业","2026-06-19","【校招】四川省达州市“达人英才计划”2026年上半年引才公告","https://mp.weixin.qq.com/s/6MA_7vTmqYYDI89j3s-Z8A","微信读书"
"西安交大就业创业","2026-06-19","【实习】秦创原科技创新投资集团股份有限公司实习生招聘公告","https://mp.weixin.qq.com/s/RKBT13j1c24KWTiSFiBmcQ","微信读书"
"西安交大就业创业","2026-06-19","【实习】联合国贸易和发展会议招募实习生","https://mp.weixin.qq.com/s/9OaDcRl4IYmEgRvf_VLE6A","微信读书"
"西安交大就业创业","2026-06-19","【就业指导】就业见习岗位怎么找?实用帖来了","https://mp.weixin.qq.com/s/96kFbJQ6K9_kfKgeSqka1g","微信读书"
"西安交大就业创业","2026-06-19","【就业实践】中船七O二所2026年暑期开放日报名开始啦!","https://mp.weixin.qq.com/s/eJxa2AD7kbsLhpjApnYkDw","微信读书"
"西安交大就业创业","2026-06-19","【就业实践】香港科技大学（广州）智能交通学域(INTR)博士夏令营报名现已开放!","https://mp.weixin.qq.com/s/yCQ-V1bT73_2NPni1Qexxg","微信读书"
"西安交大就业创业","2026-06-19","【就业实践】“未来十所人”2026年暑期开放日邀请函","https://mp.weixin.qq.com/s/zFr1o83RIFVnUvKsO8aFwQ","微信读书"
"西安交大就业创业","2026-06-18","毕业了！你的档案在哪？","https://mp.weixin.qq.com/s/3DLBNxAHolMtAGn3R405yw","微信读书"
"西安交大就业创业","2026-06-18","【宣讲】湖北理工学院2026年人才引进宣讲会","https://mp.weixin.qq.com/s/jIcovHwa6KWyqAF7m9_BaQ","微信读书"
"西安交大就业创业","2026-06-18","【暑期项目】国际劳工组织国际培训中心联合国暑期学校：不限专业！","https://mp.weixin.qq.com/s/VqMTqPE3xKPxVtwMzC3ngg","微信读书"
"西安交大就业创业","2026-06-18","【实习】迈瑞医疗2027届暑期实习生招聘正式启动","https://mp.weixin.qq.com/s/em6UkYrfSeI_R1WFgJMzTg","微信读书"
"西安交大就业创业","2026-06-18","【就业指导】职涯云课:新能源汽车行业认知与职业规划","https://mp.weixin.qq.com/s/xz4g3QD0iWhsxJ-PatUZ7w","微信读书"
"西安交大就业创业","2026-06-18","【就业实践】中国航发动控所2026年暑期开放日邀请函","https://mp.weixin.qq.com/s/50vlCBB4mU_lud9fb2OClA","微信读书"
"西安交大就业创业","2026-06-18","【就业实践】关于2026年西安交通大学在校生赴株洲实习项目的通知(17)","https://mp.weixin.qq.com/s/GU6orvNoQonCdHIotKnQsA","微信读书"
"西安交大就业创业","2026-06-18","【就业实践】报名开启!机器人与自主系统学域(ROAS)2026年夏令营","https://mp.weixin.qq.com/s/9we_jsOy48jzuGQfjBpAWg","微信读书"
"西安交大就业创业","2026-06-17","【新闻】西安交大举办2026年宏志助航计划”春季学期就业培训","https://mp.weixin.qq.com/s/AMPujJA8r4Lcq1SxU_sfog","微信读书"
"西安交大就业创业","2026-06-17","【校招】上海宇量昇2027届校园招聘启动","https://mp.weixin.qq.com/s/P0SvbOAGA76NCqTlBUH1pQ","微信读书"
"西安交大就业创业","2026-06-17","【校招】航空工业通飞2026及2027届校园招聘正式启动","https://mp.weixin.qq.com/s/0HTpm3kN4qRcOqTv7uhXwg","微信读书"
"西安交大就业创业","2026-06-17","【实习】速来集结!2026花都菁英暑期实习火热招募等你来","https://mp.weixin.qq.com/s/4lpsQnT3HH0oo8jkRtADOw","微信读书"
"西安交大就业创业","2026-06-17","【实习】孚腾资本2026腾飞计划暑期实习项目","https://mp.weixin.qq.com/s/2xxqYgYdGzcEVcDSUKVWdA","微信读书"
"西安交大就业创业","2026-06-17","【就业指导】职涯云课:电气类专业就业行业岗位认知","https://mp.weixin.qq.com/s/WqfbCnWcNg2BTgWDYbZAhw","微信读书"
"西安交大就业创业","2026-06-17","【就业指导】校友职业生涯交流沙龙","https://mp.weixin.qq.com/s/Eud8wZseUtaKg3g91LfdNw","微信读书"
"西安交大就业创业","2026-06-17","【就业实践】循光聚“新”·铂力特2027OPENDAY报名开启，等你赴约!","https://mp.weixin.qq.com/s/5dBEv7A0boT8EJDxc35zvQ","微信读书"
"西安交大就业创业","2026-06-16","【新闻】上海电气电站集团徐强校友一行来校交流","https://mp.weixin.qq.com/s/20nodJcqPIPtenf4RH-QeA","微信读书"
"西安交大就业创业","2026-06-16","【校招】科大讯飞研究院2027届「飞星计划」正式启动|研究算法人才专项","https://mp.weixin.qq.com/s/M79t2a3TbSldODumuhyjdA","微信读书"
"西安交大就业创业","2026-06-16","【校招】重庆水务集团股份有限公司科技创新技术人才校园招聘","https://mp.weixin.qq.com/s/9f209QhSO4vGJMdbOURoVQ","微信读书"
"西安交大就业创业","2026-06-16","【实习】中信证券2026年分支机构暑期实习招聘全面启动!","https://mp.weixin.qq.com/s/WggCrFEhDltCtg4nolFMtw","微信读书"
"西安交大就业创业","2026-06-16","【实习】中华财险2027届暑期实习招募","https://mp.weixin.qq.com/s/E2cgaHgW7r0Sbtt1OKegTA","微信读书"
"西安交大就业创业","2026-06-16","【实习】联合国人道主义事务协调厅等国际组织招募实习生","https://mp.weixin.qq.com/s/udMeBdDHTrk2RWaqh60QPA","微信读书"
"西安交大就业创业","2026-06-16","【就业指导】职涯云课：计算机专业就业行业岗位认知","https://mp.weixin.qq.com/s/_k08AbPimFw2jkFGtp1Q5Q","微信读书"
"西安交大就业创业","2026-06-16","【就业实践】陕汽控股第四届“博士人才企业开放日”邀请函!","https://mp.weixin.qq.com/s/uWkvK_HwT_Ik4NtOqz1UVw","微信读书"
"西安交大就业创业","2026-06-15","西安交通大学第四届选调生咨询开放日来了！","https://mp.weixin.qq.com/s/1axjOgCuGoHQIkS-AcZFRA","微信读书"
"西安交大就业创业","2026-06-15","【校招】宇通集团2027届校园招聘提前批正式启动！","https://mp.weixin.qq.com/s/LsKyb0Q8Ar4A_2Jvk9JyDg","微信读书"
"西安交大就业创业","2026-06-15","【校招】西安铁一中教育集团诚聘学科教师及行政教辅人员","https://mp.weixin.qq.com/s/9FrnWdOX2XBzMBkQq8nDMA","微信读书"
"西安交大就业创业","2026-06-15","【实习】中海地产2026『海之子研习计划』全面启动！","https://mp.weixin.qq.com/s/3jm_6LxcUjSVsAiQmZKfpg","微信读书"
"西安交大就业创业","2026-06-15","【实习】中国商飞公司2026年“启航”实习生计划","https://mp.weixin.qq.com/s/1ImcOvipSg0fy50kJfr0SA","微信读书"
"西安交大就业创业","2026-06-15","【实习】神州信息2027届AI实习生重磅招募！","https://mp.weixin.qq.com/s/FEaxU5DzTVlrW7agEBGbAA","微信读书"
"西安交大就业创业","2026-06-15","【实习】联通数科2027届暑期实习生招聘正式启动！","https://mp.weixin.qq.com/s/XPMVlZcVPi9yXscxv9B7Qg","微信读书"
"西安交大就业创业","2026-06-15","【就业指导】职涯云课：创业融资那些事儿","https://mp.weixin.qq.com/s/KNv4vOiVkFXd2GSfNL-1tw","微信读书"
"西安交大就业创业","2026-06-14","西安交通大学春季学期校园招聘及职业指导活动预告（6.15-6.21）","https://mp.weixin.qq.com/s/VyQbH9tOndgwzEdL3cEWtg","微信读书"
"西安交大就业创业","2026-06-14","【校招】中国航空无线电电子研究所2027届提前批校园招聘正式启动","https://mp.weixin.qq.com/s/_rVefQycoGt082eUt09kdg","微信读书"
"西安交大就业创业","2026-06-14","【校招】四川大学2026年校聘非事业编制岗位招聘公告（第二批）","https://mp.weixin.qq.com/s/fUI7CtLwG9L4gXIK6tex0Q","微信读书"
"西安交大就业创业","2026-06-14","【校招】内蒙古交通集团有限公司2026年上半年公开招聘","https://mp.weixin.qq.com/s/tOtoUtz5FeETofFpJD83XQ","微信读书"
"西安交大就业创业","2026-06-14","【校招】零跑汽车2026届零售管培生最后补录","https://mp.weixin.qq.com/s/5AGP49x95Azj6VprqP9atQ","微信读书"
"西安交大就业创业","2026-06-14","【实习】隆基绿能实习生招聘项目进行中","https://mp.weixin.qq.com/s/9g12nax1TesGNj12OdmGmA","微信读书"
"西安交大就业创业","2026-06-14","【就业指导】职涯云课：创业计划与创业计划书","https://mp.weixin.qq.com/s/fIJwaD-stgx9D8n6p_sTkw","微信读书"
"西安交大就业创业","2026-06-14","【就业指导】你了解就业见习吗？知识帖请收好","https://mp.weixin.qq.com/s/GXI_ircHvJvdllX_I80t7Q","微信读书"
"西安交大就业创业","2026-06-13","【校招】2026年吉林市事业单位公开招聘工作人员公告(1号)","https://mp.weixin.qq.com/s/SAvNMFoysOVsJyh1yhRHcA","微信读书"
"西安交大就业创业","2026-06-13","【实习】维谛技术2027届暑期实习生招聘","https://mp.weixin.qq.com/s/Tj5rxgJQP1Tg5SQcZhfwiA","微信读书"
"西安交大就业创业","2026-06-13","【实习】联合国环境规划署招募实习生","https://mp.weixin.qq.com/s/7WtQUxWSSTIZ9X5ZhMqUYA","微信读书"
"西安交大就业创业","2026-06-13","【实习】2026年苏州高新区暑期实习报名启动!","https://mp.weixin.qq.com/s/3C1_mr2cNxZgP3JX8LahfQ","微信读书"
"西安交大就业创业","2026-06-13","【就业指导】华为公司HR、交大学长带你一起做好求职准备！","https://mp.weixin.qq.com/s/BSRL7hFA_xjdFVSWU15Izg","微信读书"
"西安交大就业创业","2026-06-13","【就业实践】关于2026年“名校优生吴中行”——优秀大学生到吴中暑期实践活动的通知（16）","https://mp.weixin.qq.com/s/7A5PSe5c4Wy0taLz8ZSKxA","微信读书"
"西安交大就业创业","2026-06-13","【就业实践】阿里星·热爱之旅学术开放日报名","https://mp.weixin.qq.com/s/MjHib7J7Na6zM_c59XTCLw","微信读书"
"西安交大就业创业","2026-06-13","【报名】西安交通大学第八届全球治理创新青年人才训练营","https://mp.weixin.qq.com/s/XgHuMMzhT7Oo2-N8OU0DWQ","微信读书"
"西安交大就业创业","2026-06-12","【校招】云南信托2027年校园招聘暨英才计划启幕","https://mp.weixin.qq.com/s/5TKvjVAAdJB4Vam039iALQ","微信读书"
"西安交大就业创业","2026-06-12","【校招】小米2027全球顶尖人才校园招聘正式启动","https://mp.weixin.qq.com/s/qwpQTrYP_8iWQwPWDqkBxQ","微信读书"
"西安交大就业创业","2026-06-12","【实习】中冶南方都市环保2027届实习生招聘热力启动","https://mp.weixin.qq.com/s/bpEKatgZxJy92_Ev_FReow","微信读书"
"西安交大就业创业","2026-06-12","【实习】中国银河证券2027届暑期实习项目正式启动","https://mp.weixin.qq.com/s/y6NKyUUxMjB943NEn5s1Hw","微信读书"
"西安交大就业创业","2026-06-12","【实习】航空工业计量所2026暑期实习生招募","https://mp.weixin.qq.com/s/a320YKYUlGpigfIPViJWcg","微信读书"
"西安交大就业创业","2026-06-12","【就业指导】职涯云课：新企业生存管理","https://mp.weixin.qq.com/s/ik-oI2c8ajHrHGpKUmznyQ","微信读书"
"西安交大就业创业","2026-06-12","【就业实践】关于2026年苏州市相城区研究生暑期实习实践活动的通知（15）","https://mp.weixin.qq.com/s/LUBOw1wZjvs1xw31-unDRA","微信读书"
"西安交大就业创业","2026-06-12","【就业实践】关于“就在吾径”——2026年江苏省常州市武进区暑期研学项目成员招募的通知（12）","https://mp.weixin.qq.com/s/HHHzoGQosEGwNZYsP45WKQ","微信读书"
"西安交大就业创业","2026-06-11","【兴庆宣讲】军事科学院防化研究院直招军官和2027年研究生招生","https://mp.weixin.qq.com/s/LXIU9he3QjcJnDRMhlZ80A","微信读书"
"西安交大就业创业","2026-06-11","【校招】2026年扬州“三支一扶”计划报名开启","https://mp.weixin.qq.com/s/q7TigkLjr9IA_GHLUjcsbQ","微信读书"
"西安交大就业创业","2026-06-11","【通知公告】关于做好2026届毕业生离校工作的温馨提示","https://mp.weixin.qq.com/s/aqh2k1bIFT2MEiva3aQFFA","微信读书"
"西安交大就业创业","2026-06-11","【通知公告】关于领取2026届毕业生火车票优惠证明的通知","https://mp.weixin.qq.com/s/FWCKqMLPeIVt6IHLLqYINg","微信读书"
"西安交大就业创业","2026-06-11","【就业实践】中核集团2026年博士夏令营扬帆起航","https://mp.weixin.qq.com/s/Fo6jeizlDZnAWGbWCN5x0Q","微信读书"
"西安交大就业创业","2026-06-11","【就业实践】远景电动方程式车队见面会 | “人工智能+”能源顶尖人才技术沙龙","https://mp.weixin.qq.com/s/aupgm6IGZ0DLnsjwOlxLZg","微信读书"
"西安交大就业创业","2026-06-11","【就业实践】关于2026年西安交通大学研究生赴四川省实习项目的通知（13）","https://mp.weixin.qq.com/s/tS2y6I5TIhdPw5gJBq1Zqg","微信读书"
"西安交大就业创业","2026-06-11","【就业实践】关于2026年西安交通大学研究生赴克拉玛依政务见习项目的通知（14）","https://mp.weixin.qq.com/s/ZLmKfN11hoWylVbXjzG-TQ","微信读书"
"西安交大就业创业","2026-06-10","【院部动态】西安交大—中兴通讯研究生协同育人基地挂牌暨第二期领军班开班典礼举行","https://mp.weixin.qq.com/s/IA1npIAtDmQGONEBYOsZpQ","微信读书"
"西安交大就业创业","2026-06-10","【通知公告】西安交通大学“AI赋能与网络安全实战”微专业线上宣讲会","https://mp.weixin.qq.com/s/b1ufRhKSsYo72hpxUHx2hg","微信读书"
"西安交大就业创业","2026-06-10","【通知公告】促进2026届高校毕业生就业，教育部启动“百日冲刺”行动","https://mp.weixin.qq.com/s/v50RXJXxvnW2VR5n_yRzoQ","微信读书"
"西安交大就业创业","2026-06-10","【实习】航天九院研发中心实习生岗位招聘","https://mp.weixin.qq.com/s/cuUGXqcHiTSFk-R9WyK6Ig","微信读书"
"西安交大就业创业","2026-06-10","【实习】工业和信息化部电子第五研究所  “薪火计划”实习邀请函","https://mp.weixin.qq.com/s/MZFzQO7bvqyPDNe9rI1RbQ","微信读书"
"西安交大就业创业","2026-06-10","【就业指导】职涯云课：互联网技术岗位笔试","https://mp.weixin.qq.com/s/hqllKdnvjqQBuI6wLG0OpA","微信读书"
"西安交大就业创业","2026-06-10","【就业指导】方伟：以高质量生涯教育与就业指导体系建设加快推进高质量就业服务体系","https://mp.weixin.qq.com/s/EkeSzcmJcYfBmOeDqpVoqA","微信读书"
"西安交大就业创业","2026-06-10","【就业实践】中航隆盛2026年暑期开放日开始报名！","https://mp.weixin.qq.com/s/2ejlDxAmKqcyldjb2aArWw","微信读书"
"西安交大就业创业","2026-06-09","【新闻】张立群带队赴贵州省推进合作交流","https://mp.weixin.qq.com/s/_2ezqmyuuMkYzxaCmlhO_w","微信读书"
"西安交大就业创业","2026-06-09","【校招】陕西省各市2026年中央特岗计划教师招聘考试岗位及设置标准发布","https://mp.weixin.qq.com/s/FsEoaZHQLyhCX4R8xbKcMA","微信读书"
"西安交大就业创业","2026-06-09","【校招】2026年陕西省卫生健康委直属医疗卫生单位公开招聘工作人员公告","https://mp.weixin.qq.com/s/p6NS_vFjTBsCWFLVyx9osA","微信读书"
"西安交大就业创业","2026-06-09","【校园招聘】 格见半导体2027届校园招聘正式开启","https://mp.weixin.qq.com/s/OtBDgR6J0Ma7ZAJXrDH6EQ","微信读书"
"西安交大就业创业","2026-06-09","【实习】中国建筑国际集团2026『朝阳计划』暑期实习生招募全面启动","https://mp.weixin.qq.com/s/0ElP0ue28RDQb3SBfT-oaw","微信读书"
"西安交大就业创业","2026-06-09","【实习】联合国开发计划署，联合国难民事务高级专员公署等国际组织招募实习生","https://mp.weixin.qq.com/s/N5qUOGcgMwPcvp0OqXnJfw","微信读书"
"西安交大就业创业","2026-06-09","【实习】福智科技具身智能中心邀请您来实习！","https://mp.weixin.qq.com/s/Bv-WBF0PyKj0_YOOaywacw","微信读书"
"西安交大就业创业","2026-06-09","【合集】HR说校招 × 学长说就业：求职双视角指南","https://mp.weixin.qq.com/s/mZbPk7wmSVehSHTAaUfN4w","微信读书"
"西安交大就业创业","2026-06-08","关于做好我校2027届毕业生一次性求职补贴发放工作的通知","https://mp.weixin.qq.com/s/5qhwdUJkrgznqeBkLeMUtw","微信读书"
"西安交大就业创业","2026-06-08","【校招】中国科学院空间应用工程与技术中心2027届校园招聘","https://mp.weixin.qq.com/s/iIZPEvbPylA5VHVPTfHhdg","微信读书"
"西安交大就业创业","2026-06-08","【校招】歌尔微电子2027届精英计划校园招聘正式启动","https://mp.weixin.qq.com/s/jZm2dAqZedFfYg2MosES7w","微信读书"
"西安交大就业创业","2026-06-08","【实习】雅迪集团2027届校招实习生招聘","https://mp.weixin.qq.com/s/q_rLfbUHfhtew8lMwAFcsA","微信读书"
"西安交大就业创业","2026-06-08","【实习】神州信息2027届实习生招聘正式启动","https://mp.weixin.qq.com/s/OaYjlRVY0yu4oVqbhenRfg","微信读书"
"西安交大就业创业","2026-06-08","【实习】海天味业2027届实习生项目","https://mp.weixin.qq.com/s/4Ygc-qoHc3vc26kEiWmwTg","微信读书"
"西安交大就业创业","2026-06-08","【实习】春秋航空2027届暑期实习生招聘正式启动！","https://mp.weixin.qq.com/s/wZJoh6VvwH9JpepDlWfDcA","微信读书"
"西安交大就业创业","2026-06-08","【实习】安克创新科技股份有限公司2027届实习招聘","https://mp.weixin.qq.com/s/uLD0EiqwOhLsrwYuL4n4mQ","微信读书"
"西安交大就业创业","2026-06-07","西安交通大学春季学期校园招聘及职业指导活动预告（6.08-6.14）","https://mp.weixin.qq.com/s/udwzQ5gBlHRRc5CUQNeJPg","微信读书"
"西安交大就业创业","2026-06-07","【校招】长鑫存储2027校招提前批正式启动！","https://mp.weixin.qq.com/s/ayvDMrq1-4BM4Rt5VL1iRQ","微信读书"
"西安交大就业创业","2026-06-07","【校招】人工智能与数字经济广东省实验室（深圳）国产AI算力生态科研工程人员招聘","https://mp.weixin.qq.com/s/fl-1ZvV_qbZThOQqOcoqjw","微信读书"
"西安交大就业创业","2026-06-07","【校招】2026年淮安经济技术开发区公开招聘工作人员公告","https://mp.weixin.qq.com/s/AVLCpebpzB8Yw7EFLQTjWA","微信读书"
"西安交大就业创业","2026-06-07","【实习】中国建设银行2026年度暑期实习生项目火热开启！","https://mp.weixin.qq.com/s/-lNTwIbqRXiGtLCNGaM1hQ","微信读书"
"西安交大就业创业","2026-06-07","【实习】中国工商银行深圳市分行2026年星令营暑期实习正式启动！","https://mp.weixin.qq.com/s/XOwnzXjKpjcMY_d6TVXf7g","微信读书"
"西安交大就业创业","2026-06-07","【实习】现代汽车研发中心2026暑期实习火热开启","https://mp.weixin.qq.com/s/kyEJXANW3qObX9dHRQmMCw","微信读书"
"西安交大就业创业","2026-06-07","【就业实践】绍兴市柯桥区大学生暑期“返家乡”实践活动招募","https://mp.weixin.qq.com/s/Vhpd4qhD8ncUEBXm5Zbbug","微信读书"
"西安交大就业创业","2026-06-06","来了！西安交大首批20个微专业！","https://mp.weixin.qq.com/s/kmLHr1ruJPNO4ZdGKv2bUw","微信读书"
"西安交大就业创业","2026-06-06","【校招】兰州新区2026年第二批重点产业企业人才需求目录发布","https://mp.weixin.qq.com/s/URAqoVKXtU1v2Cp6MnxOkw","微信读书"
"西安交大就业创业","2026-06-06","【暑期项目】澳新、美国、泰国可持续发展国际化人才实训营","https://mp.weixin.qq.com/s/4Drngn_ildqzhaC_GLEYiQ","微信读书"
"西安交大就业创业","2026-06-06","【实习】中国信通院2026“星海计划”暑期实习项目正式启动","https://mp.weixin.qq.com/s/x7sRxvm_B3KL336RWvjh8g","微信读书"
"西安交大就业创业","2026-06-06","【实习】临港实验室招聘实习生12名","https://mp.weixin.qq.com/s/9WZG1mzlt0ig-ZhiHAEkCA","微信读书"
"西安交大就业创业","2026-06-06","【就业实践】中国（绵阳）科技城暑期社会实践招募（11）","https://mp.weixin.qq.com/s/SexP4FqiFEpsDUSWo1q8AA","微信读书"
"西安交大就业创业","2026-06-06","【就业实践】海大集团第三届“兴农青年”研习营震撼启动","https://mp.weixin.qq.com/s/-7MQ131oHMRGZRPeby4BBQ","微信读书"
"西安交大就业创业","2026-06-06","【创新港宣讲】韶音科技2027届校园招聘西安交通大学专场宣讲会","https://mp.weixin.qq.com/s/NWF04MFtFC0elB-_TnpwYg","微信读书"
"西安交大就业创业","2026-06-05","企业邀请函 | 2026千校万企联合促就业对接大会暨2027届毕业生专场招聘会","https://mp.weixin.qq.com/s/rtPPidBtK3sxeBl8Xlc3nQ","微信读书"
"西安交大就业创业","2026-06-05","【新闻】西安交大参加国际胜任力培养交流会","https://mp.weixin.qq.com/s/X4fB_HdyaZZkNWRxrhf3Iw","微信读书"
"西安交大就业创业","2026-06-05","【校招】甘肃省卫生健康委系统2026年公开招聘工作人员公告","https://mp.weixin.qq.com/s/S-iZOiOCkRiOUhGbalSo3A","微信读书"
"西安交大就业创业","2026-06-05","【校招】2026年陕西省三支一扶人员招募218名公告","https://mp.weixin.qq.com/s/iut3zAem7k-pEJTHCskbwQ","微信读书"
"西安交大就业创业","2026-06-05","【实习】陕西移动2026“陕耀梦想+”实习生招聘正式启动！","https://mp.weixin.qq.com/s/yfEmU7xGr_-vrOZuSl31QQ","微信读书"
"西安交大就业创业","2026-06-05","【实习】广州南沙“全球365”实习计划等你来→","https://mp.weixin.qq.com/s/vrw9JS25L6DzljVtbwfjfQ","微信读书"
"西安交大就业创业","2026-06-05","【就业实践】关于组织我校学生赴杭 参加“朝露计划”活动的通知（9）","https://mp.weixin.qq.com/s/E8uz1KfjOfpbEXSSSoNB-A","微信读书"
"西安交大就业创业","2026-06-05","【创业指导】Xbot Park机器人宁波基地2026科创夏令营招募启动！","https://mp.weixin.qq.com/s/m8StJzeIlxRwPbiIT_ZXgg","微信读书"
"西安交大就业创业","2026-06-04","【新闻】西安交大第十届职业生涯体验周活动举办","https://mp.weixin.qq.com/s/s0haGPhDd7grDxKu4aKG9Q","微信读书"
"西安交大就业创业","2026-06-04","【校招】格力电器26届春招补录惊喜上线！","https://mp.weixin.qq.com/s/2J69FMAHThIs6XW3mW9jwg","微信读书"
"西安交大就业创业","2026-06-04","【暑期项目】墨尔本大学、慕尼黑工业大学创业实训项目","https://mp.weixin.qq.com/s/tTnKPV6Uy0Yedhqsso9D7Q","微信读书"
"西安交大就业创业","2026-06-04","【暑期项目】联合国训练研究所、港澳及新加坡名校实训项目","https://mp.weixin.qq.com/s/QEniyTTZzH2OOQuKlCAbbA","微信读书"
"西安交大就业创业","2026-06-04","【就业指导】一键解锁就创业测评与学习平台，助力职业规划！","https://mp.weixin.qq.com/s/nxcesz5-vlwkQjgQE9nZgg","微信读书"
"西安交大就业创业","2026-06-04","【就业实践】中船动力集团2026企业开放日，邀你同行!","https://mp.weixin.qq.com/s/eF9_nB2wDtIV9MwMeo6g_w","微信读书"
"西安交大就业创业","2026-06-04","【就业实践】全国重点高校博士研究生济宁社会实践邀请函","https://mp.weixin.qq.com/s/LRcmoEFy_ENwzB5udCq4tg","微信读书"
"西安交大就业创业","2026-06-04","【就业实践】关于2026年西安交通大学研究生赴阿克苏地区实习项目的通知（8）","https://mp.weixin.qq.com/s/H0gzV7G3J5AsLbuguw-png","微信读书"
"西安交大就业创业","2026-06-03","【组团招聘】千名博士项目对接暨人才引进签约洽谈会邀请函","https://mp.weixin.qq.com/s/1q_iYyxPB_osv6QyoMVKRw","微信读书"
"西安交大就业创业","2026-06-03","【校招】广东嘉博制药有限公司博士后研究员招聘简章","https://mp.weixin.qq.com/s/swyi3v3fogN-6ryG4ooshA","微信读书"
"西安交大就业创业","2026-06-03","【暑期项目】新加坡国立大学人工智能与未来发展访学项目","https://mp.weixin.qq.com/s/5fGvwfN2KPLRLTjCxCuX-g","微信读书"
"西安交大就业创业","2026-06-03","【暑期项目】韩国、新加坡、中国香港创业实训项目","https://mp.weixin.qq.com/s/eYelfqUY81QAWXvrwHnDlw","微信读书"
"西安交大就业创业","2026-06-03","【实习】联合国经济和联合国教科文组织等国际组织招募实习生","https://mp.weixin.qq.com/s/dnnzIIZEHCVAAf5P6ks3KA","微信读书"
"西安交大就业创业","2026-06-03","【媒体聚焦】西安交大举办创业实践与高质量就业研讨会暨“创客汇“12周年主题论坛","https://mp.weixin.qq.com/s/5Ie_QecuJDVHlJHl_4kcvw","微信读书"
"西安交大就业创业","2026-06-03","【就业实践】邀请优秀的你，报名2026年全国高校学子长沙行活动","https://mp.weixin.qq.com/s/u1G62Lq0LRodxdCGBCOnXw","微信读书"
"西安交大就业创业","2026-06-03","【就业实践】上海市委党校优秀博士毕业生暑期研习活动邀请函","https://mp.weixin.qq.com/s/GqCsqiRkqP1uCdZvfKAzqQ","微信读书"
"西安交大就业创业","2026-06-02","关于开展2026年人工智能综合能力提升培训的通知","https://mp.weixin.qq.com/s/ABdL5pY9ltkQ8vG5_mBhsg","微信读书"
"西安交大就业创业","2026-06-02","【校招】中核环保有限公司本部2026年春季校园招聘（第三批）","https://mp.weixin.qq.com/s/bhlpFE95rcQNvIgVjnmCXg","微信读书"
"西安交大就业创业","2026-06-02","【校招】中国华电2026年第三批校园招聘来啦！","https://mp.weixin.qq.com/s/27AaWKQbBjHqzK_lJrggsA","微信读书"
"西安交大就业创业","2026-06-02","【暑期项目】新加坡国立大学商业人文与交叉学科访学项目","https://mp.weixin.qq.com/s/jjjt_ftXIkAXQpIlk9t4Hg","微信读书"
"西安交大就业创业","2026-06-02","【暑期项目】国际劳工组织国际培训中心联合国暑期学校：不限专业！","https://mp.weixin.qq.com/s/lvY2ojV9ZrytMsGXyRW_lw","微信读书"
"西安交大就业创业","2026-06-02","【实习】东方电气集团2026年实习生计划正式启动","https://mp.weixin.qq.com/s/SxerefJ1UnWIdspMxEYPRA","微信读书"
"西安交大就业创业","2026-06-02","【实习】创维集团创维学院-新媒体运营实习生","https://mp.weixin.qq.com/s/OdaAeMmo3vmcFdUZwb3sYg","微信读书"
"西安交大就业创业","2026-06-02","【就业指导】京东方系列校园品牌周来啦！","https://mp.weixin.qq.com/s/G7Pc2hlFio9mamwVDmUSpQ","微信读书"
"西安交大就业创业","2026-06-01","【校招】西安市创新港中学（创新港西安交通大学附属中学）2026年教师招聘公告","https://mp.weixin.qq.com/s/9Z_fC1bkG0ZDpmkwwW6Biw","微信读书"
"西安交大就业创业","2026-06-01","【校招】上海振华重工集团2026届春季校园招聘开始啦","https://mp.weixin.qq.com/s/-1Bm_TgJpQ4f1OMIZ9kj6w","微信读书"
"西安交大就业创业","2026-06-01","【校招】江苏省沿海开发集团有限公司2026年春季公开招聘工作人员公告","https://mp.weixin.qq.com/s/A1aAjOt2mGVzm3jY6v6_Tg","微信读书"
"西安交大就业创业","2026-06-01","【实习】中微公司2027届实习生招聘正式启动","https://mp.weixin.qq.com/s/mYC-IN9MLS9L5beRitnr8A","微信读书"
"西安交大就业创业","2026-06-01","【实习】小米集团实习生招聘火热进行中","https://mp.weixin.qq.com/s/WtQyFUmziwXCRAphXFg41w","微信读书"
"西安交大就业创业","2026-06-01","【实习】赛力斯实习生项目正式启动","https://mp.weixin.qq.com/s/_Qla3QsRRMbNuL_MyF_UmA","微信读书"
"西安交大就业创业","2026-06-01","【实习】2026台积电暑期实习生招募全面启动","https://mp.weixin.qq.com/s/-mKqaPwUkQ4ZKVA4rDFkLA","微信读书"
"西安交大就业创业","2026-06-01","【实践】2026年中物院暑期夏令营实践活动报名启动","https://mp.weixin.qq.com/s/UItWm9b9PPgGBLJZ4k8uZQ","微信读书"
"西安交大就业创业","2026-05-31","西安交通大学春季学期校园招聘及职业指导活动预告（6.01-6.07）","https://mp.weixin.qq.com/s/ercnSMO2mlFE4pnIcouRZQ","微信读书"
"西安交大就业创业","2026-05-31","【宣讲】Trust AI集团·西安交通大学 AI + EI 专场招聘会","https://mp.weixin.qq.com/s/G52PQzd4U--Cd6JOA2hL1g","微信读书"
"西安交大就业创业","2026-05-31","【校招】小红书27届<马当路练习生>开启招募","https://mp.weixin.qq.com/s/4mOBLffYtYc29lh0TjB5sA","微信读书"
"西安交大就业创业","2026-05-31","【校招】蓝天教育2026届全国校园招聘","https://mp.weixin.qq.com/s/3jiOc-9q_uMMhQGnmxyZ4A","微信读书"
"西安交大就业创业","2026-05-31","【实习】中国移动九天人工智能科技公司2026梦想+实习生计划重磅启动！","https://mp.weixin.qq.com/s/xC_TWUfq296fg4WKQJNcjA","微信读书"
"西安交大就业创业","2026-05-31","【实习】浙商银行2027届暑期实习计划","https://mp.weixin.qq.com/s/EWP0G_eytChhesQHjBYQlA","微信读书"
"西安交大就业创业","2026-05-31","【实习】物产中大金属集团2026年“启明星”暑期实习计划","https://mp.weixin.qq.com/s/YWURrZ1gWWAv7RDe1v4QuQ","微信读书"
"西安交大就业创业","2026-05-31","【实习】懂车帝2026暑期实习&秋招提前批启动！","https://mp.weixin.qq.com/s/Q-A0zILZgNXUSFEJwixZ2Q","微信读书"
"西安交大就业创业","2026-05-30","【组团招聘】2026春季西安交通大学厦门企业专场招聘会","https://mp.weixin.qq.com/s/I0SxMrXM5muGCJD0ZmK-2w","微信读书"
"西安交大就业创业","2026-05-30","【校招】TP-LINK 2027届提前批校园招聘正式启动！","https://mp.weixin.qq.com/s/GByLWa-ZjllfrpxKFTyIew","微信读书"
"西安交大就业创业","2026-05-30","【校招】中广核聚核体验营暨2027届提前批专场校园招聘正式启动！","https://mp.weixin.qq.com/s/JcVcOwM-hbrmMaBGCkf-sg","微信读书"
"西安交大就业创业","2026-05-30","【校招】快手2027快Star顶尖技术人才计划全球启动","https://mp.weixin.qq.com/s/uOq2Lw53sTatO6mgQagT8A","微信读书"
"西安交大就业创业","2026-05-30","【校招】甘肃电气装备集团有限公司2026年应届高校毕业生校园招聘公告(第一期)","https://mp.weixin.qq.com/s/6U8_oVFh48AGNngpJMCgMA","微信读书"
"西安交大就业创业","2026-05-30","【实习】河北建投交通投资有限责任公司2026年暑期实习生招聘","https://mp.weixin.qq.com/s/UgcI52V2LPO86YHFpENYZg","微信读书"
"西安交大就业创业","2026-05-30","【实习】航空工业自控所 2026 年暑期实习正式开启","https://mp.weixin.qq.com/s/BSa0gW5qZuzhIIiv6Kxu3Q","微信读书"
"西安交大就业创业","2026-05-30","【实习】北京移动2026年“育英计划”实习生招募正式开启","https://mp.weixin.qq.com/s/rxPTjebI1ggXoFInntqCew","微信读书"
"西安交大就业创业","2026-05-29","【校招】中国国际工程咨询有限公司2026年校招补招公告","https://mp.weixin.qq.com/s/XsuOzf5zkRu_ph1z2_yWwA","微信读书"
"西安交大就业创业","2026-05-29","【校招】新奥能源研究院2026届校园招聘","https://mp.weixin.qq.com/s/7CSn1H95x6lQJfKbbW7-WA","微信读书"
"西安交大就业创业","2026-05-29","【校招】品联科技2026届春季校园招聘","https://mp.weixin.qq.com/s/jWhl1ni7zt757rQaOzTD7A","微信读书"
"西安交大就业创业","2026-05-29","【校招】湖南省2026年高校毕业生三支一扶计划招募公告","https://mp.weixin.qq.com/s/_L2tidMxv0OGdXFXTA1mnQ","微信读书"
"西安交大就业创业","2026-05-29","【实习】2027年加拿大Mitacs本科生实习合作奖学金遴选通知","https://mp.weixin.qq.com/s/yG29MT7RfqYLiTP4cILNTQ","微信读书"
"西安交大就业创业","2026-05-29","【就业指导】宝洁职业赋能校园快闪活动来创新港啦!","https://mp.weixin.qq.com/s/cu2bN5zsup22foiTViMElw","微信读书"
"西安交大就业创业","2026-05-29","【创新港宣讲】新疆中医药学院2026年宣讲会","https://mp.weixin.qq.com/s/1CR3sxCIwXwZPsTHCFg91g","微信读书"
"西安交大就业创业","2026-05-29","【创新港宣讲】三环集团校园招聘[提前批」启动啦!","https://mp.weixin.qq.com/s/MAkYrP62xM5fIwCoGegwWw","微信读书"
"西安交大就业创业","2026-05-28","线上讲座|美国约翰斯霍普金斯大学凯瑞商学院研究生项目说明会","https://mp.weixin.qq.com/s/6kRM8kgvSCcQzn4Plm4eNQ","微信读书"
"西安交大就业创业","2026-05-28","明日启动！第十届职业生涯体验周等你来~","https://mp.weixin.qq.com/s/V6axMiDBhqdL-L-MuNzXVA","微信读书"
"西安交大就业创业","2026-05-28","【校招】一汽奔腾2026春季校园招聘等你来!","https://mp.weixin.qq.com/s/cQS7WpSac28WPuH7Xhbhog","微信读书"
"西安交大就业创业","2026-05-28","【校招】学而思2027届提前批暨新教师培训启幕","https://mp.weixin.qq.com/s/lAUSRDO8eE441n_AT1RzQw","微信读书"
"西安交大就业创业","2026-05-28","【校招】新增岗位!潍柴集团2026届校园招聘扩招啦","https://mp.weixin.qq.com/s/U6mqrMdfaSs_SKDRo3xzeQ","微信读书"
"西安交大就业创业","2026-05-28","【项目宣讲会】报名即将截止！2026暑期韩国首尔-新加坡-中国香港创新创业实训项目联合宣讲会","https://mp.weixin.qq.com/s/tXu7WC1gP83MprGPddY8ZQ","微信读书"
"西安交大就业创业","2026-05-28","【实习】广东电信2026暑期实习生招聘正式启动!","https://mp.weixin.qq.com/s/KsoG6mhwizzphavZxQsSEQ","微信读书"
"西安交大就业创业","2026-05-28","【上海临港科创城】每月最高6000元!大学生实习补贴2.0版来了!","https://mp.weixin.qq.com/s/ul99AJ-YRbmyxV-gvLfb-Q","微信读书"
"西安交大就业创业","2026-05-27","【组团招聘】2026浙里更闪耀一陕西硕博人才专场招聘会预告","https://mp.weixin.qq.com/s/BGCzfGO1--PFdfoHjlfWlg","微信读书"
"西安交大就业创业","2026-05-27","【校招】中建三局基础设施建设投资有限公司2026校园招聘","https://mp.weixin.qq.com/s/C0-7mrJJG2sb6zSeUf60DQ","微信读书"
"西安交大就业创业","2026-05-27","【校招】中国石化工程建设有限公司2026年度春季招聘","https://mp.weixin.qq.com/s/IqDfCoGBykArV-vbwxgOCg","微信读书"
"西安交大就业创业","2026-05-27","【校招】兴业银行昆明分行2026校园招聘","https://mp.weixin.qq.com/s/Nv_bKDiJP81woWXjfGAFrw","微信读书"
"西安交大就业创业","2026-05-27","【实习】联合国政治与建设和平事务部、国际移民组织等国际组织招募实习生","https://mp.weixin.qq.com/s/ce77vzei0O0kTzUGxPMTEg","微信读书"
"西安交大就业创业","2026-05-27","【实习】巨一科技27届硕博实习生招聘","https://mp.weixin.qq.com/s/nDvXpQ_mEy-Dgap2kwpynw","微信读书"
"西安交大就业创业","2026-05-27","【实习】金科公司2026“梦想+”实习生计划启动！","https://mp.weixin.qq.com/s/1NpjNGzzKXxhzOt_Q6N3QA","微信读书"
"西安交大就业创业","2026-05-27","【实习】360集团2026飞扬实习生招聘！","https://mp.weixin.qq.com/s/q1-om8aMlwT05XgkZ2i8GA","微信读书"
"西安交大就业创业","2026-05-14","【校招】中国铁路兰州局集团有限公司2026年招聘普通高校毕业生公告(三)","https://mp.weixin.qq.com/s/YANUq1a7I8t3RFhMCvmUKg","微信读书"
"西安交大就业创业","2026-05-14","【校招】陕西省烟草专卖局(公司)2026年管理类、业务类岗位应届高校毕业生招聘公告","https://mp.weixin.qq.com/s/oBjpENF5e-L037Qa4BPBcg","微信读书"
"西安交大就业创业","2026-05-14","【校招】凉山州“千名英才·智汇凉山”2026年第一批引才公告","https://mp.weixin.qq.com/s/tkPxpN5M71IWINentkOgaQ","微信读书"
"西安交大就业创业","2026-05-14","【校招】昆仑数智2026年春季校园招聘正式启动","https://mp.weixin.qq.com/s/_cDhNRGg75UaIcpIDOIy6g","微信读书"
"西安交大就业创业","2026-05-14","【暑期项目】新加坡国立大学人工智能与未来发展访学项目","https://mp.weixin.qq.com/s/HruZzULp-MaBfQvenmpRvQ","微信读书"
"西安交大就业创业","2026-05-14","【实习】CVTE2027届暑期实习夏令营副本加载完毕!","https://mp.weixin.qq.com/s/Wlb_gj1yLIfFuktj5Qz6KQ","微信读书"
"西安交大就业创业","2026-05-14","【实习】中国航空工业集团第一飞机设计研究院2026年实习生招聘正式启动","https://mp.weixin.qq.com/s/Fwzg-2LPvrZCGD5Dc59YpQ","微信读书"
"西安交大就业创业","2026-05-14","【实习】国金证券2026年暑期实习暨2027届校园招聘正式启动!","https://mp.weixin.qq.com/s/fH5reCwQ1hB4Cl6br2sqJA","微信读书"
"西安交大就业创业","2026-05-13","来啦！2026年春季学期宏志助航计划就业能力提升培训","https://mp.weixin.qq.com/s/HtzbGPujt837W4ijwVPN2Q","微信读书"
"西安交大就业创业","2026-05-13","【校招】神龙汽车有限公司2026届春季校园招聘火热开启！","https://mp.weixin.qq.com/s/xl9zfPlb8HM0tfUEg5MQ0A","微信读书"
"西安交大就业创业","2026-05-13","【校招】陕西榆林能源集团有限公司面向社会公开招聘应往届高校毕业生公告","https://mp.weixin.qq.com/s/Z7izDcHfSbz_An8axB27TQ","微信读书"
"西安交大就业创业","2026-05-13","【校招】国家自然科学基金委员会2026年度公开招聘应届毕业生公告（二）","https://mp.weixin.qq.com/s/tUf1Z9vXzWsfu-h9SlLLpQ","微信读书"
"西安交大就业创业","2026-05-13","【校招】国家能源集团2026春季校园招聘来了!","https://mp.weixin.qq.com/s/48M7vtZF-qimN5CuRSISIw","微信读书"
"西安交大就业创业","2026-05-13","【实习】中国航天科工二院二O八所2026年暑期实习生招聘正式启动!","https://mp.weixin.qq.com/s/LA0mBzX3y8rH6nu9ZaW2Xw","微信读书"
"西安交大就业创业","2026-05-13","【实习】联合国国际原子能机构招募实习生!","https://mp.weixin.qq.com/s/QqvD_LzOszz2k94xJsdUHg","微信读书"
"西安交大就业创业","2026-05-13","【实践】关于2026年“百校学子地方行”(沈阳站)活动的通知(5)","https://mp.weixin.qq.com/s/WUmaJkpD2lHp4Okl8zPT7g","微信读书"
"西安交大就业创业","2026-05-12","职业指导微课程之HR说校招（12）·中国重型机械研究院","https://mp.weixin.qq.com/s/porpC8jfvcrqBFzvd6b-6A","微信读书"
"西安交大就业创业","2026-05-12","关于就业管理服务系统进行维护暂停服务的通知","https://mp.weixin.qq.com/s/3HVSGN7Q_XdUMUJuHhYE2g","微信读书"
"西安交大就业创业","2026-05-12","【暑期项目宣讲】2026暑期韩国首尔-新加坡-香港创新创业实训项目联合宣讲会！","https://mp.weixin.qq.com/s/YfV4z0Ci-zjXAev1amdzMQ","微信读书"
"西安交大就业创业","2026-05-12","【实习】世界气象组织(WMO)招募实习生","https://mp.weixin.qq.com/s/TQbscEGYudNAsSO5vI2uEQ","微信读书"
"西安交大就业创业","2026-05-12","【实践】才聚昌吉学院智启教育新程2026年百名博士行","https://mp.weixin.qq.com/s/bXoe6fpUUNduqV_6Y6315Q","微信读书"
"西安交大就业创业","2026-05-12","【就业指导】毕业生就业手续办理指南","https://mp.weixin.qq.com/s/MHJRtB1Z7sMbQwcdf2Mv4A","微信读书"
"西安交大就业创业","2026-05-12","【创新港宣讲】5月宣讲行程|2026睿创杯·校园行","https://mp.weixin.qq.com/s/OrLNmyG72jM4IuFf7833wQ","微信读书"
"西安交大就业创业","2026-05-11","预约 | 一对一职业咨询，为你宏志助航","https://mp.weixin.qq.com/s/lyFrzCVZq9oyxioLjqjrYw","微信读书"
"西安交大就业创业","2026-05-11","西安交通大学2026届毕业生补录暨2026年暑期实习生双选会（校友企业专场）邀请函","https://mp.weixin.qq.com/s/jF0f40XUfbFsQdMeVWJ1Jg","微信读书"
"西安交大就业创业","2026-05-11","2026届毕业生补录暨2026年暑期实习生双选会单位列表","https://mp.weixin.qq.com/s/w6DfrQZvJLeSVIrMdZhy-A","微信读书"
"西安交大就业创业","2026-05-11","【校招】中国铝业集团有限公司2026年春季招聘（第二批）","https://mp.weixin.qq.com/s/yOZfQ2LdsWkyxirgFZlW2g","微信读书"
"西安交大就业创业","2026-05-11","【校招】上海人工智能实验室2026和2027届春季招聘","https://mp.weixin.qq.com/s/E8l2Y0dfIXo5i-3b-8t0bA","微信读书"
"西安交大就业创业","2026-05-11","【校招】2026年军队文职人员公开招考第二批免笔试直接面试岗位招考工作全面展开","https://mp.weixin.qq.com/s/7R8-1a3s5h26zYZVmyBpxA","微信读书"
"西安交大就业创业","2026-05-11","【实习】联合国开发计划署招募实习生！","https://mp.weixin.qq.com/s/GYIVb60OzVPx82bKERVEjQ","微信读书"
"西安交大就业创业","2026-05-11","【实践】关于2026年“百校学子地方行”（连云港站）活动的通知（3）","https://mp.weixin.qq.com/s/l63StLzW7I6Y7Kw7TZfg0g","微信读书"
"西安交大就业创业","2026-05-10","职业指导微课程之学长说就业（2）","https://mp.weixin.qq.com/s/gyKWuLO1mCbW5S2vSu5-GQ","微信读书"
"西安交大就业创业","2026-05-10","西安交通大学春季学期校园招聘及职业指导活动预告（5.11-5.17）","https://mp.weixin.qq.com/s/lfExt9VED_EV9j1ICvoAkw","微信读书"
"西安交大就业创业","2026-05-10","陕西省高校毕业生创业基金贷款政策问答","https://mp.weixin.qq.com/s/7JkTrnYVY6J-lX6j1EBh2g","微信读书"
"西安交大就业创业","2026-05-10","【院部动态】崇实书院师生赴西交一八九六科技双创基地参访交流","https://mp.weixin.qq.com/s/AyS2BiR4DS1ugTLi52f3mw","微信读书"
"西安交大就业创业","2026-05-10","【校招】重庆市两江新区事业单位2026年面向应届高校毕业生考核招聘工作人员公告","https://mp.weixin.qq.com/s/OrBAzGUZUGLQ8KXvlrOmRg","微信读书"
"西安交大就业创业","2026-05-10","【实习】远景动力2027届全球培训生夏令营暨实习生报名开启","https://mp.weixin.qq.com/s/urgG4sYLjcTMJgM-QbZbYQ","微信读书"
"西安交大就业创业","2026-05-10","【实习】联合国贸易和发展会议招募实习生！","https://mp.weixin.qq.com/s/3Y5qzRZ6si46vHlUwUfe2Q","微信读书"
"西安交大就业创业","2026-05-10","【实践】关于2026年“百校学子地方行”（阜阳站）活动的通知（2）","https://mp.weixin.qq.com/s/nvQjzf_mzQsxQleOiiTCGw","微信读书"
"西安交大就业创业","2026-05-09","职业指导微课程之学长说就业(1)","https://mp.weixin.qq.com/s/Wz8Q3Nh9tTYOXvjgDLuBuA","微信读书"
"西安交大就业创业","2026-05-09","【校招】江苏国信扬州发电有限责任公司2026年春季招聘公告","https://mp.weixin.qq.com/s/O1xBMZtjT8xFlOWwt3WtJg","微信读书"
"西安交大就业创业","2026-05-09","【校招】2026年春季西北区域博士、博士后专场—西安站","https://mp.weixin.qq.com/s/_IpGuX8y8LIs8Q_msrNDPA","微信读书"
"西安交大就业创业","2026-05-09","【实习】联合国儿童基金会等国际组织招募实习生!","https://mp.weixin.qq.com/s/7XmHn0tz0uVed_rIoyRfxQ","微信读书"
"西安交大就业创业","2026-05-09","【实践】关于2026年“百校学子地方行”(南京站)活动的通知(1)","https://mp.weixin.qq.com/s/RLFrjmNCL3VJHiEKgUstxQ","微信读书"
"西安交大就业创业","2026-05-09","【创新港宣讲】国华能源投资有限公司2026春季校园招聘","https://mp.weixin.qq.com/s/nCNGCHjqhj3TSqoZZ5cuxQ","微信读书"
"西安交大就业创业","2026-05-09","“那些花儿”--马克思主义学院毕业生系列寻访 【国企篇】第一期","https://mp.weixin.qq.com/s/7wnVBhGBWJjDx57s4-b6Tw","微信读书"
"西安交大就业创业","2026-05-08","【校招】中兵智能创新研究院2026年校园招聘","https://mp.weixin.qq.com/s/3NhLmskZmSgxKaAVU2JGYw","微信读书"
"西安交大就业创业","2026-05-08","【校招】山东泰开电力电子有限公司2026年校园招聘","https://mp.weixin.qq.com/s/odlhNsyvImUzTr49l0OgzA","微信读书"
"西安交大就业创业","2026-05-08","【校招】南京大学2026年事业编制岗位公开招聘公告","https://mp.weixin.qq.com/s/Mkz_bZr2UFDaQTwCojgsiw","微信读书"
"西安交大就业创业","2026-05-08","【校招】河南资本集团2026年“方舟计划“招聘今日启动","https://mp.weixin.qq.com/s/qODCcuHVMbSKh6HDlLMBOA","微信读书"
"西安交大就业创业","2026-05-08","【实习】联合国人权事务高级专员办事处招募实习生","https://mp.weixin.qq.com/s/FQ2bf-iRYEkV1-0Ri5oW4Q","微信读书"
"西安交大就业创业","2026-05-08","【就业指导】2026 高校毕业生就业创业支持政策全图解","https://mp.weixin.qq.com/s/bzZrc52R_ztqobpvJCn20Q","微信读书"
"西安交大就业创业","2026-05-07","【校招】西藏自治区2026年度政府部门所属事业单位急需紧缺人才引进公告","https://mp.weixin.qq.com/s/2zYnXc88FjKIXH5wrz7aLQ","微信读书"
"西安交大就业创业","2026-05-07","【校招】西部证券2026届春季校园招聘&暑期实习生招聘正式开启!","https://mp.weixin.qq.com/s/PeIt6m1bydDXa2BdA04ROw","微信读书"
"西安交大就业创业","2026-05-07","【校招】航空工业昌飞2026年博士招聘","https://mp.weixin.qq.com/s/kh-GBplFbtoa96XDUkY-mg","微信读书"
"西安交大就业创业","2026-05-07","【校招】哈电重装公司2026年春季校园招聘","https://mp.weixin.qq.com/s/BN28Yge2OzrgHQ_J5jWmcg","微信读书"
"西安交大就业创业","2026-05-07","【实习】联合国教科文组织多岗位织招募实习生","https://mp.weixin.qq.com/s/gmwbPG5B0Rvz-3jHu5hD_w","微信读书"
"西安交大就业创业","2026-05-06","西安交通大学春季学期校园招聘及职业指导活动预告（5.6-5.10）","https://mp.weixin.qq.com/s/X-LN21uFfX8Ka0cSjtCtig","微信读书"
"西安交大就业创业","2026-05-06","【校招】中建一局西北公司2026届春季校园招聘全面开启","https://mp.weixin.qq.com/s/xc48Q9-99BLW9fesS47v2g","微信读书"
"西安交大就业创业","2026-05-06","【校招】中核海洋2026年春季校园招聘全面启动","https://mp.weixin.qq.com/s/nbUOmt7WJ0D57xn6UChrfQ","微信读书"
"西安交大就业创业","2026-05-06","【校招】永荣控股集团2026届春季校园招聘正式启动","https://mp.weixin.qq.com/s/CF-pHQftJySJRtm9d0D28g","微信读书"
"西安交大就业创业","2026-05-06","【实习】上海电气国际化业务实习生招募","https://mp.weixin.qq.com/s/hOo9zCyk9bbySHbj6h2clQ","微信读书"
"西安交大就业创业","2026-05-05","【校招】中交四航局2026年度春季校园招聘火热进行中","https://mp.weixin.qq.com/s/MOx4ErUvxHdDcnSJShgu5g","微信读书"
"西安交大就业创业","2026-05-05","【校招】太平金科2026年春季校园招聘","https://mp.weixin.qq.com/s/GPofL9uFIz50ZRqDou7Eow","微信读书"
"西安交大就业创业","2026-05-05","【校招】深圳燃气2026届春季校园招聘正式启动","https://mp.weixin.qq.com/s/pQNL7WrCNM6uhzJpruZFww","微信读书"
"西安交大就业创业","2026-05-05","【校招】航天南湖电子信息技术股份有限公司2026届校园招聘","https://mp.weixin.qq.com/s/vGQ2HSnpNEe5dv9LGSMnZg","微信读书"
"西安交大就业创业","2026-05-05","【实习】英特尔中国实习生招聘火热启动","https://mp.weixin.qq.com/s/0e4bRYnnahD1iik966E-kg","微信读书"
"西安交大就业创业","2026-05-04","【新闻】西安交大第十四届创业实践大赛决赛举行","https://mp.weixin.qq.com/s/rU9dcHB31CcDTs97YAVTOw","微信读书"
"西安交大就业创业","2026-05-04","【校招】中交三航局2026届春季招聘火热进行中","https://mp.weixin.qq.com/s/XF7tH2K29N4OY41DMzh1mA","微信读书"
"西安交大就业创业","2026-05-04","【校招】启明星辰集团2026届春季校园招聘持续进行中","https://mp.weixin.qq.com/s/bDiSTANf_FJu6RagYeyjeQ","微信读书"
"西安交大就业创业","2026-05-04","【校招】湖南省交通运输厅所属事业单位2026年公开招聘公告","https://mp.weixin.qq.com/s/kqgT1j84y5p6lImk3VxjKg","微信读书"
"西安交大就业创业","2026-05-04","【校招】湖北铁路集团2026年春季招聘开始啦","https://mp.weixin.qq.com/s/7CpGifTnHMzNB3EI8vWnFQ","微信读书"
"西安交大就业创业","2026-05-03","【新闻】哈尔滨工业大学（威海）来校交流学生就业引导工作","https://mp.weixin.qq.com/s/ukpyPThf4AHe26IqSdfZDg","微信读书"
"西安交大就业创业","2026-05-03","【校招】中建一局东北公司2026届校园招聘全面开启！","https://mp.weixin.qq.com/s/RFnVUpc7Qg4ZjT_NxhJ3mQ","微信读书"
"西安交大就业创业","2026-05-03","【校招】交通银行上海市分行2026春季校园招聘正式启动！","https://mp.weixin.qq.com/s/NcyHfL9_98uVsl-lLtSSQQ","微信读书"
"西安交大就业创业","2026-05-03","【校招】航天卫星超级工厂（海南）有限公司2026春季校园招聘","https://mp.weixin.qq.com/s/Cr-p8EvfE2R_pD3inVFmJQ","微信读书"
"西安交大就业创业","2026-05-03","【校招】国家税务总局部分直属事业单位2026年度公开招聘公告","https://mp.weixin.qq.com/s/KPW-lm6_iNOumjjSeBpZbw","微信读书"
"西安交大就业创业","2026-05-03","【校招】 中国建研院2026春季校园招聘启动！","https://mp.weixin.qq.com/s/utFUaGDIPDD2749eMezLeg","微信读书"
"西安交大就业创业","2026-05-02","【宣讲会】2026年暑期欧盟国际组织实习生","https://mp.weixin.qq.com/s/bnXMirSHUJhAwZ1E6hbUvw","微信读书"
"西安交大就业创业","2026-05-02","【校招】中国稀土集团启动2026届春季校园招聘","https://mp.weixin.qq.com/s/myVKK46WfmBFbG2GuTBOww","微信读书"
"西安交大就业创业","2026-05-02","【校招】中国数联2026春季校园招聘","https://mp.weixin.qq.com/s/Gy6N1iyzBrHjLYweswiR7w","微信读书"
"西安交大就业创业","2026-05-02","【校招】中国南水北调集团新能源投资有限公司2026年春季校园招聘公告","https://mp.weixin.qq.com/s/6a9ekbxaJPThVEdaLwu_-g","微信读书"
"西安交大就业创业","2026-05-02","【校招】国家电网有限公司2026年第三批招聘高校毕业生公告","https://mp.weixin.qq.com/s/TMTEp9__TwlD5iMXVQOFJg","微信读书"
"西安交大就业创业","2026-05-02","【校招】安捷利美维2026届春季校园招聘正式启动！","https://mp.weixin.qq.com/s/AFGjudvFORoQTcAPrnDyGQ","微信读书"
"西安交大就业创业","2026-05-02","【实习】申万宏源集团及证券2027届暑期实习招募（校招提前批）正式启动！","https://mp.weixin.qq.com/s/FGW2EpJCV2xKGbfB8otjKA","微信读书"
"西安交大就业创业","2026-05-02","【实习】高通（中国）2026年实习生项目正式启动！","https://mp.weixin.qq.com/s/64LiUsXTNvDvAVf3Jpg7Ow","微信读书"
"西安交大就业创业","2026-05-01","职业指导微课程之HR说校招（11）·科大讯飞","https://mp.weixin.qq.com/s/Dz2daMcAkbFnVNoXjXL0Vg","微信读书"
"西安交大就业创业","2026-05-01","【新闻】春启上合汇英才 智联丝路促就业 | 2026年春季国际化人才双选会在西安交大举办","https://mp.weixin.qq.com/s/IQ2Usiu8idPbtJ9LPb-jIg","微信读书"
"西安交大就业创业","2026-05-01","【校招】中国化学工程五环公司2026年春季校园招聘&暑期实习生招聘正式启动","https://mp.weixin.qq.com/s/2HqEJKqRIKR5rAzO0lV9Fg","微信读书"
"西安交大就业创业","2026-05-01","【校招】中国航发商发2026年全球人才招募计划启动","https://mp.weixin.qq.com/s/4Wt6j7Df6kYioS-bj3TLog","微信读书"
"西安交大就业创业","2026-05-01","【校招】西安航天动力机械有限公司2026年校园招聘","https://mp.weixin.qq.com/s/GG-FZwthUszOg-3CsQqjDA","微信读书"
"西安交大就业创业","2026-05-01","【校招】高博人才全国巡回博士、博士后高层次人才专场洽谈会","https://mp.weixin.qq.com/s/wQZ-1KpJo-7D8SdVYezSXw","微信读书"
"西安交大就业创业","2026-05-01","【实习】中信证券总部2026年暑期日常实习全面启动！","https://mp.weixin.qq.com/s/E_nBlG-YZ83WMVCPXl70jQ","微信读书"
"西安交大就业创业","2026-05-01","【实践】2026年华为暑期实践营（西安）招募进行中","https://mp.weixin.qq.com/s/eAOPfictRIcazKKhgZkxew","微信读书"
"西安交大就业创业","2026-04-30","西安交通大学2026届医药卫生类毕业生双选会邀请函","https://mp.weixin.qq.com/s/zqjtWP3R51UU3tt7nosmmQ","微信读书"
"西安交大就业创业","2026-04-30","【校招】宇通26届春招补录通知","https://mp.weixin.qq.com/s/kO7-mHcyvt6KTZcI3zEMew","微信读书"
"西安交大就业创业","2026-04-30","【校招】望城区2026年面向全国公开引进事业引才博士","https://mp.weixin.qq.com/s/oHelndak-jiCSW37ktGnuw","微信读书"
"西安交大就业创业","2026-04-30","【校招】国家数据局直属事业单位2026年度面向社会公开招聘工作人员公告","https://mp.weixin.qq.com/s/XkKgeU0Bsi6h1YUGzquETg","微信读书"
"西安交大就业创业","2026-04-30","【校招】国航股份地面服务部2026届高校毕业生校园招聘简章","https://mp.weixin.qq.com/s/pp3KNsWpoWt3DeO1ItqmWQ","微信读书"
"西安交大就业创业","2026-04-30","【实习】日立能源2026年暑期实习生招募正式开启!","https://mp.weixin.qq.com/s/dCdxFxVj7WptTNBLsJ-u_g","微信读书"
"西安交大就业创业","2026-04-30","【实践】腾讯AI公开课:西安站报名启动","https://mp.weixin.qq.com/s/978c7ySGVo5Zq2tDw4_S1Q","微信读书"
"西安交大就业创业","2026-04-30","【实践】2026华为终端硬件精英挑战赛持续报名中","https://mp.weixin.qq.com/s/0eAlBkOx2Z7luXJiGy4v5Q","微信读书"
"西安交大就业创业","2026-04-29","走向世界 | 发展中经济体的人工智能与未来工作","https://mp.weixin.qq.com/s/BkNTQ-P50o1KBjVYx6CODA","微信读书"
"西安交大就业创业","2026-04-29","【新闻】西安交大就创中心走访中国北方人才市场","https://mp.weixin.qq.com/s/iiSnIasGU87Eg2sBmAa-BQ","微信读书"
"西安交大就业创业","2026-04-29","【校招】中国化学天辰公司2026年春季校园招聘正式启动","https://mp.weixin.qq.com/s/AiXQUZtFogEdGHpWOPSL1Q","微信读书"
"西安交大就业创业","2026-04-29","【校招】中国电子2026届春季校园招聘","https://mp.weixin.qq.com/s/gccpoZ9aSV8zlfXydMuRPA","微信读书"
"西安交大就业创业","2026-04-29","【校招】星展科技2026管培生校园招聘空宣预告，火热来袭!","https://mp.weixin.qq.com/s/9GyOlakAU2h4hANmWO3k7Q","微信读书"
"西安交大就业创业","2026-04-29","【校招】江苏交通控股有限公司2026年春季人才招聘公告","https://mp.weixin.qq.com/s/EprSL08lNIyQ2qDP_OiZwg","微信读书"
"西安交大就业创业","2026-04-29","【暑期项目】墨尔本大学、慕尼黑工业大学创业实训项目","https://mp.weixin.qq.com/s/N13kDy6pEHj590IjmfF6cQ","微信读书"
"西安交大就业创业","2026-04-29","【暑期项目】联合国大学驻澳门研究所数字未来欧洲夏令营","https://mp.weixin.qq.com/s/67gkTQ-vIip3cgIxPskQ5g","微信读书"
"西安交大就业创业","2026-04-28","职业指导微课程之HR说校招（10）·百度","https://mp.weixin.qq.com/s/2QQ9svsEliqjt3ZemGexhQ","微信读书"
"西安交大就业创业","2026-04-28","【预告】第十四届创业实践大赛决赛入围团队展示","https://mp.weixin.qq.com/s/8_Z2Jpz6T_j1MB4DIh7GzA","微信读书"
"西安交大就业创业","2026-04-28","【兴庆宣讲】中建三局一公司2026届“争先之星春季校园招聘正式启动","https://mp.weixin.qq.com/s/RYFL4BuXR6XhVKPsVPGKaA","微信读书"
"西安交大就业创业","2026-04-28","【新闻】西安交大在第三届全国大学生职业规划大赛全国总决赛斩获佳绩","https://mp.weixin.qq.com/s/AFJKg6BIjPC2W0GP9WE0lg","微信读书"
"西安交大就业创业","2026-04-28","【校招】广东能源集团2026年春季校园招聘正式启动","https://mp.weixin.qq.com/s/eyylvm4GGr27PnNXhPCU2w","微信读书"
"西安交大就业创业","2026-04-28","【校招】广东电网公司2026年研究生工作站招录公告","https://mp.weixin.qq.com/s/JOMZVKOcDdrLbAgwR2oJEA","微信读书"
"西安交大就业创业","2026-04-28","【校招】北京教育融媒体中心2026年公开招聘公告","https://mp.weixin.qq.com/s/efMe6HFxMCuccQAsg9jt8Q","微信读书"
"西安交大就业创业","2026-04-28","【校招】2026年黔南州企事业单位人才引进公告","https://mp.weixin.qq.com/s/Yh1Ms1LLMYvdXEcgINi_RQ","微信读书"
"西安交大就业创业","2026-04-27","【兴庆宣讲】中国科学院微小卫星创新研究院2026年校园招聘","https://mp.weixin.qq.com/s/_yynmGHMCIEcvkltlcRzBg","微信读书"
"西安交大就业创业","2026-04-27","【校招】中华全国供销合作总社直属事业单位2026年度公开招聘工作人员公告","https://mp.weixin.qq.com/s/wk08plJMZ2om2ZCSffrvlg","微信读书"
"西安交大就业创业","2026-04-27","【校招】中国航空工业集团2026年纪检监察人员校园招聘公告","https://mp.weixin.qq.com/s/tUKQNvUqhg2l0KU0QPpdNA","微信读书"
"西安交大就业创业","2026-04-27","【校招】招商局集团2026春季校园招聘","https://mp.weixin.qq.com/s/b9F7XKH3wKHDqWPTGTR_Mw","微信读书"
"西安交大就业创业","2026-04-27","【校招】三一集团2027届校园招聘提前批正式启动","https://mp.weixin.qq.com/s/vQQGY3SId3Iz-ipZUX-P1g","微信读书"
"西安交大就业创业","2026-04-27","【校招】国家管网集团2026年春季高校毕业生招聘公告","https://mp.weixin.qq.com/s/wjuXOhGchHfrWKnWToAaAg","微信读书"
"西安交大就业创业","2026-04-27","【实习】小红书「Ace顶尖实习生计划」9大方向、40+全新课题重磅发布！","https://mp.weixin.qq.com/s/v7eRexqc0P-Ks-MIxuRQog","微信读书"
"西安交大就业创业","2026-04-27","【观众报名】西安交通大学第十四届创业实践大赛决赛来了！","https://mp.weixin.qq.com/s/cBeUElKxyn6pStDEzdCEEg","微信读书"
"西安交大就业创业","2026-04-26","西安交通大学春季学期校园招聘及职业指导活动预告(4.27-4.30)","https://mp.weixin.qq.com/s/P7T8-wWrwXIi_XBjrJh-lw","微信读书"
"西安交大就业创业","2026-04-26","2026年春季国际化人才就业与实习双选会单位列表","https://mp.weixin.qq.com/s/O90YaV59pjwOtC6KCBin9g","微信读书"
"西安交大就业创业","2026-04-26","【校招】中信建投证券2026届金融科技专场春季校园招聘正式启动！","https://mp.weixin.qq.com/s/uEdnrhcORn_Oh8cSvQFQqg","微信读书"
"西安交大就业创业","2026-04-26","【校招】中核环保集采中心2026年校园招聘公告","https://mp.weixin.qq.com/s/cVaOkUw2J2IxoVsVuMBvSw","微信读书"
"西安交大就业创业","2026-04-26","【校招】中国诚通2026届春季校园招聘正式启动","https://mp.weixin.qq.com/s/plo_NZgoefyweugGWFdy0w","微信读书"
"西安交大就业创业","2026-04-26","【校招】西北大学医学院招聘公告","https://mp.weixin.qq.com/s/CWfV4UcOuTbgLiX07YdO5g","微信读书"
"西安交大就业创业","2026-04-26","【校招】国机集团2026届春季校园招聘火热进行中","https://mp.weixin.qq.com/s/SQM4_bgH090NLvgCvjqnoA","微信读书"
"西安交大就业创业","2026-04-26","【校招】歌尔丹拿2027届校园招聘实习生计划启动！","https://mp.weixin.qq.com/s/T1pqHN3v0bIHuYBT-mXJcA","微信读书"
"西安交大就业创业","2026-04-25","两部门发文，部署开展2026年高校毕业生就业政策宣传活动（附支持政策清单）","https://mp.weixin.qq.com/s/E7LfIv8U9uD6KFDe8dejrQ","微信读书"
"西安交大就业创业","2026-04-25","【校招】中国南方航空2026届校园招聘","https://mp.weixin.qq.com/s/oQs25d2MNIoeOAo5-BRDlw","微信读书"
"西安交大就业创业","2026-04-25","【校招】中国化学工程2026届春季校园招聘正式启动","https://mp.weixin.qq.com/s/R0Lv3rKOzZ5qW5FDnNwcuQ","微信读书"
"西安交大就业创业","2026-04-25","【校招】上证信息2026年招聘启事","https://mp.weixin.qq.com/s/cSUyZbl5bC4mFHHKYLMVFg","微信读书"
"西安交大就业创业","2026-04-25","【校招】陕西延长石油（集团）有限责任公司2026年度高校毕业生春季招聘公告","https://mp.weixin.qq.com/s/37tOzylq44wOYlUIHg7q8A","微信读书"
"西安交大就业创业","2026-04-25","【校招】三一集团【星辰计划】2027届管培生校园招聘正式启动","https://mp.weixin.qq.com/s/t1KcsjZULEFDeH6BT3ma0g","微信读书"
"西安交大就业创业","2026-04-25","【校招】聚交数字耀未来｜交通银行2026年度校园招聘","https://mp.weixin.qq.com/s/LztBOzZETtuA0XZv7kBjLQ","微信读书"
"西安交大就业创业","2026-04-25","【实习】中信建投证券2026年暑期实习生计划正式启动!","https://mp.weixin.qq.com/s/3-_k5tWbx8phZE1AvuVxuA","微信读书"
"西安交大就业创业","2026-04-24","浙江大学研究生招生政策现场咨询会（西安专场）报名通知","https://mp.weixin.qq.com/s/A5bjx_jaZxiI8_uUTlKA4Q","微信读书"
"西安交大就业创业","2026-04-24","【校招】中建八局装饰2026届春季校园招聘正式启动!","https://mp.weixin.qq.com/s/9fBM0wyQhrc-oM11aQ7Xhg","微信读书"
"西安交大就业创业","2026-04-24","【校招】中国一拖2026届校园招聘公告","https://mp.weixin.qq.com/s/-0VhF7MXDT6qIzxB4e-qzQ","微信读书"
"西安交大就业创业","2026-04-24","【校招】通用技术集团2026春季校园招聘正式启动","https://mp.weixin.qq.com/s/B9QWrfdWTWabLnkqqn34cg","微信读书"
"西安交大就业创业","2026-04-24","【校招】国家管网集团广西公司2026届春季高校毕业生招聘正式启动","https://mp.weixin.qq.com/s/KAlN7CdyDk3kvxyHXKk2fQ","微信读书"
"西安交大就业创业","2026-04-24","【校招】春招就位!国企岗位直达2026届毕业生","https://mp.weixin.qq.com/s/t5ePkuHCsBRBs0UhTArIVw","微信读书"
"西安交大就业创业","2026-04-24","【实习】永安期货2026年度“黄埔联盟”实习生招聘","https://mp.weixin.qq.com/s/nujxKENVI9xNKWylyK0SEg","微信读书"
"西安交大就业创业","2026-04-24","【实践】走进招聘会|不止工时，更是看得见的成长","https://mp.weixin.qq.com/s/4FjPu6HlHYS6rUxJzlMNFg","微信读书"
"西安交大就业创业","2026-04-23","【校招】中元汇吉2026届校园招聘正式启动","https://mp.weixin.qq.com/s/aJsRaq2jzh8PvsjNSuOZ6w","微信读书"
"西安交大就业创业","2026-04-23","【校招】中国网安/三十所2026届校园招聘正式启动","https://mp.weixin.qq.com/s/eefTCUyxc2wTJhlSWvxAlw","微信读书"
"西安交大就业创业","2026-04-23","【校招】中国石油启动2026年春季高校毕业生招聘!","https://mp.weixin.qq.com/s/V7Bfo3TDgR3cik2QbWG7KQ","微信读书"
"西安交大就业创业","2026-04-23","【校招】剑展集团2026国际精英招募计划来啦","https://mp.weixin.qq.com/s/udCsX0lAcmS5pby-Cx2Kww","微信读书"
"西安交大就业创业","2026-04-23","【校招】国机重型装备集团股份有限公司2026届春季校园招聘公告","https://mp.weixin.qq.com/s/UxYn1eB5FItqJMYaNyTnzg","微信读书"
"西安交大就业创业","2026-04-23","【项目宣讲】2026暑期韩国首尔-新加坡-香港创新创业实训项目联合宣讲会!","https://mp.weixin.qq.com/s/Ba689B1lG1vf0lc-GJHdxA","微信读书"
"西安交大就业创业","2026-04-23","【实践】广东“众创杯”创业大赛暨“创赢未来”2026创业大赛广东省选拔赛开始报名了","https://mp.weixin.qq.com/s/Kj_BulMLH4eiDALQlN2XcA","微信读书"
"西安交大就业创业","2026-04-22","西安交通大学2026届毕业生补录暨2026年暑期实习生双选会邀请函","https://mp.weixin.qq.com/s/VP4bNz0VhTm85YsxvXMzew","微信读书"
"西安交大就业创业","2026-04-22","【校招】中研股份2026年春季校园招聘正式启动","https://mp.weixin.qq.com/s/wZt8O9pp90ocfXpegQgJ8Q","微信读书"
"西安交大就业创业","2026-04-22","【校招】崖州湾国家实验室将举办2026年国内外青年学者学术交流会","https://mp.weixin.qq.com/s/zF8RYFLYFKuFPIFdR2gvVA","微信读书"
"西安交大就业创业","2026-04-22","【校招】西安交通大学第二附属医院2026年招聘公告","https://mp.weixin.qq.com/s/Q3lToqt7KjbrwclfMYKIiQ","微信读书"
"西安交大就业创业","2026-04-22","【校招】湖北文旅集团2026年校园招聘正式启动","https://mp.weixin.qq.com/s/VB5s_qxXV1e0bvqAnr2VDA","微信读书"
"西安交大就业创业","2026-04-22","【校招】格林美集团2026届校园招聘正式启动","https://mp.weixin.qq.com/s/3dtBskGF-S-Ssu4TpQN66w","微信读书"
"西安交大就业创业","2026-04-22","【实践】航空工业新航2027届硕博夏令营活动正式启动","https://mp.weixin.qq.com/s/J36fkKmztboG8Gqshil7sA","微信读书"
"西安交大就业创业","2026-04-22","【创新港宣讲】海康威视2027超新星实习生招聘","https://mp.weixin.qq.com/s/8KrL5SNOGuyMrs8MrelTfw","微信读书"
"西安交大就业创业","2026-04-21","【新闻】陕西省2026年医药卫生类毕业生春季双选会在西安交大举办","https://mp.weixin.qq.com/s/F8MT-yj6qhM6bP9uco-HwA","微信读书"
"西安交大就业创业","2026-04-21","【校招】振森能源2026届管培生春招启动!","https://mp.weixin.qq.com/s/TqQkKJgH8B8ziO772rvB0g","微信读书"
"西安交大就业创业","2026-04-21","【校招】新疆维吾尔自治区阿克苏地区2026年上半年引进急需紧缺人才公告","https://mp.weixin.qq.com/s/4530jefCzRiV9HifD-mWWA","微信读书"
"西安交大就业创业","2026-04-21","【校招】武昌首义学院2026年教师招聘计划","https://mp.weixin.qq.com/s/TT6tBc-j-ILqP9OlchA1QQ","微信读书"
"西安交大就业创业","2026-04-21","【校招】格力市场新锐计划26春招限时返场","https://mp.weixin.qq.com/s/YhItij4fZ_0fuhsR7nvogA","微信读书"
"西安交大就业创业","2026-04-21","【校招】高途教育2026春招补录","https://mp.weixin.qq.com/s/qPRJU7Cf4ir9KMkFnc35bw","微信读书"
"西安交大就业创业","2026-04-21","【校招】常发集团2026届春季校园招聘","https://mp.weixin.qq.com/s/12sb2ML3sqZGOn4D4DpHUQ","微信读书"
"西安交大就业创业","2026-04-21","【创新港宣讲】香港科技大学可持续能源与环境学域博士招生宣讲","https://mp.weixin.qq.com/s/PijkI2CJ5IXnK4IgNkMHeQ","微信读书"
"西安交大就业创业","2026-04-20","【校招】字节跳动前沿技术领域人才校招正式启动","https://mp.weixin.qq.com/s/NffXMnWHPhXH6mri3RJv-A","微信读书"
"西安交大就业创业","2026-04-20","【校招】中国海油2026届春季校园招聘启动","https://mp.weixin.qq.com/s/TdULUgpR26VHmjZBC6uncA","微信读书"
"西安交大就业创业","2026-04-20","【校招】西安建筑科技大学2026年公开招聘专职辅导员公告","https://mp.weixin.qq.com/s/sM50SM0tdO9axivCWANqgw","微信读书"
"西安交大就业创业","2026-04-20","【校招】钛动科技2026天狼星人才招募计划启动","https://mp.weixin.qq.com/s/nDbaoYBc6SK8ooW88qM7yQ","微信读书"
"西安交大就业创业","2026-04-20","【校招】荣耀机器人问鼎马拉松之巅，广纳全球英才","https://mp.weixin.qq.com/s/Nf08uqdjEUt1zFD0pQkusw","微信读书"
"西安交大就业创业","2026-04-20","【校招】九联科技2026春季校招开始啦","https://mp.weixin.qq.com/s/zZPm9YdYY5QM-RbtuwoVsg","微信读书"
"西安交大就业创业","2026-04-20","【校招】海兴电力2026届春季全球校园招聘正式启动","https://mp.weixin.qq.com/s/Phsv6RVNMqyB10Mcma83-w","微信读书"
"西安交大就业创业","2026-04-20","【实践】嘉士伯中国高校商业挑战赛重磅启动","https://mp.weixin.qq.com/s/JCNAjcNO_FynvhPkJK9lQA","微信读书"
"西安交大就业创业","2026-04-19","预约 | 一对一职业咨询，为你宏志助航","https://mp.weixin.qq.com/s/hv2NG9_5yETcGIn90CpMtw","微信读书"
"西安交大就业创业","2026-04-19","西安交通大学春季学期校园招聘及职业指导活动预告（4.20-4.26）","https://mp.weixin.qq.com/s/b6OZIZN5rLHMR9KGUjELYg","微信读书"
"西安交大就业创业","2026-04-19","【组团招聘】人到山西好风光 | 人才宣介西安专场活动","https://mp.weixin.qq.com/s/OFNstepITKg0LgZ_GeTCXA","微信读书"
"西安交大就业创业","2026-04-19","【兴庆宣讲】达梦数据春季校招火热进行中","https://mp.weixin.qq.com/s/uHFcOvUmcFNB9fXJzzAi8g","微信读书"
"西安交大就业创业","2026-04-19","【校招】招商银行2026春招启动！一起解锁春日offer","https://mp.weixin.qq.com/s/fyS9inBtlT6rzPLiZtBQgw","微信读书"
"西安交大就业创业","2026-04-19","【校招】合肥产投集团2026校园招聘正式启动","https://mp.weixin.qq.com/s/QNTEH52UHFKiyUvEJvT_RA","微信读书"
"西安交大就业创业","2026-04-19","【校招】4月29日，重庆市九龙坡区卫生健康系统诚邀海内外医学高层次人才莅临参观考察","https://mp.weixin.qq.com/s/qkEeX4C2AU0PQT0_dyOWOg","微信读书"
"西安交大就业创业","2026-04-19","【创新港宣讲】阿里巴巴飞猪27届实习生招聘西交大专场","https://mp.weixin.qq.com/s/qhk5T_WvevmX0GhVx5624A","微信读书"
"西安交大就业创业","2026-04-18","【组团招聘】青云直上 名扬四海 | 青海“校园引才”西安专场招聘会","https://mp.weixin.qq.com/s/JNuLoFJrE0Q_svPUirdejQ","微信读书"
"西安交大就业创业","2026-04-18","【组团招聘】2026“蓉漂人才荟”西安交通大学专场活动暨成都市县市新城人才引育洽谈会","https://mp.weixin.qq.com/s/BQOr16T1DauVIBlEi8DGCQ","微信读书"
"西安交大就业创业","2026-04-18","【央视新闻朝闻天下】关注西安交大就业工作","https://mp.weixin.qq.com/s/u36T54vWwaAuRoq-0g_mEA","微信读书"
"西安交大就业创业","2026-04-18","【校招】中邮消费金融2026春季校园招聘正式启动！","https://mp.weixin.qq.com/s/b38Uz9T6LzeTN77GY0R5qA","微信读书"
"西安交大就业创业","2026-04-18","【校招】陕西定向招聘607名医学类毕业生","https://mp.weixin.qq.com/s/vC0tNO6VRqiSpZEkwTx8mQ","微信读书"
"西安交大就业创业","2026-04-18","【校招】华润置地2026届春季校园招聘","https://mp.weixin.qq.com/s/EN6NNUpo9hGgUCBvRq4kbA","微信读书"
"西安交大就业创业","2026-04-18","【实习】科大讯飞2027届「飞YOUNG」实习生培养留用专项启动！","https://mp.weixin.qq.com/s/KM2EuOOVmalpPSe2f5MbWg","微信读书"
"西安交大就业创业","2026-04-18","【开放日】万向集团2026企业开放日定档 | 5.14-5.15，职为你来","https://mp.weixin.qq.com/s/Lnw0stVedN9hwos5RhlYug","微信读书"
"西安交大就业创业","2026-04-17","【新闻】同济大学来校调研学生就业工作","https://mp.weixin.qq.com/s/U3RHUIkHGXCnWwb53a5Wjw","微信读书"
"西安交大就业创业","2026-04-17","【新闻】2026西安交通大学“校园宿迁日”活动举行","https://mp.weixin.qq.com/s/NvT1CP_ijzkG0p3zqbk8HA","微信读书"
"西安交大就业创业","2026-04-17","【校招】中建三局三公司2026届校园招聘全面启动！","https://mp.weixin.qq.com/s/LJv7EldEjCG5lML1acwUNw","微信读书"
"西安交大就业创业","2026-04-17","【校招】应急管理部上海消防研究所2026年度校园招聘","https://mp.weixin.qq.com/s/fyNPSFP6AZQsYl-yb5wJTw","微信读书"
"西安交大就业创业","2026-04-17","【校招】启元实验室2026届校园招聘持续进行中","https://mp.weixin.qq.com/s/2nIh4F9HLZOKUZ1KLea3mQ","微信读书"
"西安交大就业创业","2026-04-17","【创新港宣讲】网易互娱2027届实习生招聘","https://mp.weixin.qq.com/s/xFi-_6c73mwGLsVQa8Kxow","微信读书"
"西安交大就业创业","2026-04-17","【创新港宣讲】贵州师范大学2026年书记校长赴知名高校宣介人才需求活动","https://mp.weixin.qq.com/s/UTCIERL0mGRwY3thkxVABA","微信读书"
"西安交大就业创业","2026-04-16","陕西省2026年医药卫生类毕业生春季招聘会单位预告","https://mp.weixin.qq.com/s/Nyj5gmA7SlvtxUDuSytYHg","微信读书"
"西安交大就业创业","2026-04-16","【组团招聘】2026徐州日走进西安交通大学人才政策推介会暨大学生招聘会","https://mp.weixin.qq.com/s/ad-4KCs3hVkKkyFwZNL1HA","微信读书"
"西安交大就业创业","2026-04-16","【雁塔宣讲】泰康之家26届校招宣讲会来啦!","https://mp.weixin.qq.com/s/tf973eNpf2GoOpsXIzufDA","微信读书"
"西安交大就业创业","2026-04-16","【校招】日照市2026年青年人才专场招聘西安站","https://mp.weixin.qq.com/s/P2IfcpaoIqrr3uZtXdLL2w","微信读书"
"西安交大就业创业","2026-04-16","【校招】汇添富基金2027校园招聘暑期选拔","https://mp.weixin.qq.com/s/0mXjUoR7XHOFzvWJ34br-w","微信读书"
"西安交大就业创业","2026-04-16","【校招】华润三九2026届春季校园招聘正式启动！","https://mp.weixin.qq.com/s/Nk7zAuTQhbdt4ZQ7hf9dCQ","微信读书"
"西安交大就业创业","2026-04-16","【讲座】联合国视角下的全球胜任力:开启你的国际组织职业生涯","https://mp.weixin.qq.com/s/_Hx7sLxIMSfgsmzfxfmENQ","微信读书"
"西安交大就业创业","2026-04-16","【创新港宣讲】中国三峡集团2026年春季校园招聘","https://mp.weixin.qq.com/s/HnB9Q6TAA2K_N51zQcdPlQ","微信读书"
"西安交大就业创业","2026-04-15","2026年春季国际化人才就业与实习双选会邀请函","https://mp.weixin.qq.com/s/CQtvHk524QzQVV55j3pJRQ","微信读书"
"西安交大就业创业","2026-04-15","【宣讲会】国际劳工组织国际培训中心联合国暑期学校:不限专业!","https://mp.weixin.qq.com/s/D7--4ue1_bLuCE0c69LkPw","微信读书"
"西安交大就业创业","2026-04-15","【校招】微步在线2026届春季校园招聘 正式启动!","https://mp.weixin.qq.com/s/6RDEpP1rBuzSmmo87DbHYQ","微信读书"
"西安交大就业创业","2026-04-15","【校招】期待您的加入!陕西师范大学2026年人员补充计划公布","https://mp.weixin.qq.com/s/iPD0ZgKRHacA9K0VxL7IRw","微信读书"
"西安交大就业创业","2026-04-15","【校招】蓝思科技2026届春季校园招聘启动","https://mp.weixin.qq.com/s/4X7vxLTsSYcq-0bZsKiRDA","微信读书"
"西安交大就业创业","2026-04-15","【校招】湖北荆门:1000+岗位集结，诚邀青年才俊来荆圆梦","https://mp.weixin.qq.com/s/mi-NtzDZPFJVb2k4AUjWtA","微信读书"
"西安交大就业创业","2026-04-15","【校招】236个事业编岗位!阿克苏2026急需紧缺人才直播带岗，政策红利全解读","https://mp.weixin.qq.com/s/M2cXE8kTyNWQYvmKuQNwbA","微信读书"
"西安交大就业创业","2026-04-15","【创新港宣讲】招商银行第10季数字金融训练营(2027校招提前批)","https://mp.weixin.qq.com/s/swaSoBa2wnYuQEcl0JZxdQ","微信读书"
"西安交大就业创业","2026-04-14","4月18日!200+优质单位齐聚雁塔校区|医药卫生专场招聘会来了","https://mp.weixin.qq.com/s/gcuE-YpRZGFdPKGtMBOm4g","微信读书"
"西安交大就业创业","2026-04-14","【新闻】“新时代高校高质量就业工作体系建设研讨会在西安召开","https://mp.weixin.qq.com/s/fk7JxMMLxdlcVXRmJjE5VQ","微信读书"
"西安交大就业创业","2026-04-14","【校招】SK海力士大连2026春季校园招聘","https://mp.weixin.qq.com/s/8uZZ0lBWWublGwQNUzN43A","微信读书"
"西安交大就业创业","2026-04-14","【校招】中交机电局2026届校园招聘","https://mp.weixin.qq.com/s/-adUEkdpwbBuCfpRQyLHEA","微信读书"
"西安交大就业创业","2026-04-14","【校招】哈电汽轮机2026年春季校园招聘全面启动","https://mp.weixin.qq.com/s/0q9rd9anx-AX0Qn8NZ_iMA","微信读书"
"西安交大就业创业","2026-04-14","【校招】广东保利2026春季校园招聘正式启动!","https://mp.weixin.qq.com/s/ePVvqjPIiUsvPoYM5FPK-w","微信读书"
"西安交大就业创业","2026-04-14","【实习】作业帮2027届暑期实习生招聘正式启动","https://mp.weixin.qq.com/s/I1abRkonF-BZD0T3jJI5dg","微信读书"
"西安交大就业创业","2026-04-14","【创新港宣讲】阿里虎鲸文娱集团27届实习生招聘西交大专场","https://mp.weixin.qq.com/s/ErwUI0BI9NAyPfe-tqlAvw","微信读书"
"西安交大就业创业","2026-04-13","预约|一对一职业咨询，为你宏志助航","https://mp.weixin.qq.com/s/Y1qhxR6KucL38CQn6VhqZQ","微信读书"
"西安交大就业创业","2026-04-13","【组团招聘】“渝”见黄埔，“西望你来|“埔玉行动”走进渝陕，邀你C位启航!","https://mp.weixin.qq.com/s/_moGW5ZTSvkbSpKNcyxWxA","微信读书"
"西安交大就业创业","2026-04-13","【宣讲】中兴通讯实习生岗位推介会暨第十六届中兴捧月赛事巡讲","https://mp.weixin.qq.com/s/vm8XHav7_mXcXo3RXxvyyw","微信读书"
"西安交大就业创业","2026-04-13","【新闻】我校法学院研究生赴联合国气候变化框架公约秘书处实习","https://mp.weixin.qq.com/s/rlKM_tXvz1-so7WEXCxQKg","微信读书"
"西安交大就业创业","2026-04-13","【校招】启明信息2026校园招聘启动","https://mp.weixin.qq.com/s/s1t4f0b_x1rMxq73AiDRLg","微信读书"
"西安交大就业创业","2026-04-13","【就业指导】识破春招里的间谍“套路”","https://mp.weixin.qq.com/s/8MqdB_GkhYloHEGEtziBVQ","微信读书"
"西安交大就业创业","2026-04-13","【创新港宣讲】顺丰集团2026届校园招聘","https://mp.weixin.qq.com/s/OIvmDbjmSLFv5JGLvnmcfw","微信读书"
"西安交大就业创业","2026-04-13","【创新港宣讲】济南城市与人才政策专场推介活动","https://mp.weixin.qq.com/s/c0gU8gZzuiK6YqBwukMS6Q","微信读书"
"西安交大就业创业","2026-04-12","西安交通大学春季学期校园招聘及职业指导活动预告(4.13-4.19)","https://mp.weixin.qq.com/s/K2qZevrzhpYYyZPk-vxrQQ","微信读书"
"西安交大就业创业","2026-04-12","【组团招聘】广州开发区 黄埔区2026年上半年公开招聘事业单位工作人员公告","https://mp.weixin.qq.com/s/nVkpJ1-WVP4EGblK5fQRTA","微信读书"
"西安交大就业创业","2026-04-12","【校招】Shopee研发中心2026春招正式启动!","https://mp.weixin.qq.com/s/fysqygAJbL6wDVANU-D2zw","微信读书"
"西安交大就业创业","2026-04-12","【校招】走进电科博微、中国电科38所2026博士专场开放日邀请函","https://mp.weixin.qq.com/s/Jc-UXE7_2UZGuVKDpFvQLQ","微信读书"
"西安交大就业创业","2026-04-12","【校招】养生堂·农夫山泉2026春季校园招聘正式启动!","https://mp.weixin.qq.com/s/YVMP5ArcLslsYAWT5IbACQ","微信读书"
"西安交大就业创业","2026-04-12","【校招】深圳市龙华区教育局区属公办中小学2026年4月面向应届毕业生公开招聘教师公告","https://mp.weixin.qq.com/s/wN4HVHqJF_j7kmN7Pq5ZuQ","微信读书"
"西安交大就业创业","2026-04-12","【校招】平安产险科技中心2026届春季校园招聘全面启动!","https://mp.weixin.qq.com/s/iZnzYZjo8O2kTZ1zBOmpJg","微信读书"
"西安交大就业创业","2026-04-12","【创新港宣讲】美少年计划2026美的集团暑期实习招聘","https://mp.weixin.qq.com/s/bFArb2D_UKmQS9DZtAt7vQ","微信读书"
"西安交大就业创业","2026-04-11","【组团招聘】2026西安交通大学“校园宿迁日”招聘活动","https://mp.weixin.qq.com/s/hDwHObVroEbTGbGNoTs1Vg","微信读书"
"西安交大就业创业","2026-04-11","【组团招聘】2026年春季全国博士、博士后高层次人才巡回签约洽谈会","https://mp.weixin.qq.com/s/xfAAewIB3iW2XryRETkhRQ","微信读书"
"西安交大就业创业","2026-04-11","【校招】中移互联网2026春季校园招聘正式启动！","https://mp.weixin.qq.com/s/hl8ntrj97ydf54x90Tir0A","微信读书"
"西安交大就业创业","2026-04-11","【校招】中国邮政储蓄银行重庆分行2026春季校园招聘","https://mp.weixin.qq.com/s/dxrWr0GqO_4KBYZuTr1UvA","微信读书"
"西安交大就业创业","2026-04-11","【校招】云端赴厦约！2026春季厦门引才通道开启，留厦躺赢攻略速码","https://mp.weixin.qq.com/s/VBvBoE6wp6i8eDTeqwMrQw","微信读书"
"西安交大就业创业","2026-04-11","【校招】美团食杂零售管培生计划正式启动！","https://mp.weixin.qq.com/s/g2kGBJcoF1cjkNryahshSw","微信读书"
"西安交大就业创业","2026-04-11","【暑期项目】筑梦向未来：韩国首尔-新加坡-香港创新创业实训项目宣讲会！","https://mp.weixin.qq.com/s/0IopFkrdGgUWWmeJyn0m9g","微信读书"
"西安交大就业创业","2026-04-11","【实习】凡岛转正实习项目正式启动","https://mp.weixin.qq.com/s/wATRKmD2MNFzYO6WcNlTsA","微信读书"
"西安交大就业创业","2026-04-10","职业指导微课程之HR说校招(9)","https://mp.weixin.qq.com/s/iy74rL2kXQZAshAc0KSDtQ","微信读书"
"西安交大就业创业","2026-04-10","【校招】中国特种飞行器研究所博士校园招聘启动!","https://mp.weixin.qq.com/s/FtKgm9GDfUMAFF5eNyDP4w","微信读书"
"西安交大就业创业","2026-04-10","【校招】中国光大银行北京分行2026年春季校园招聘正在进行中!","https://mp.weixin.qq.com/s/ygFzwUUmlISE6ZgxDYqLZA","微信读书"
"西安交大就业创业","2026-04-10","【校招】克拉玛依市2026年春季面向高校毕业生公开招聘事业单位工作人员公告","https://mp.weixin.qq.com/s/xu2RgU0ekNONhRAyZ3mjhg","微信读书"
"西安交大就业创业","2026-04-10","【校招】科大讯飞2026届春季校园招聘全面启动!","https://mp.weixin.qq.com/s/p9BXpaXl0yZyuy7mhhNt2g","微信读书"
"西安交大就业创业","2026-04-10","【校招】2026吉利控股集团数智化管培生热招中，邀你共赴未来!","https://mp.weixin.qq.com/s/Lqlwy9ne5jOeWvgLTSBWjA","微信读书"
"西安交大就业创业","2026-04-10","【实习】深圳证券交易所2026年暑期实习生招收启事","https://mp.weixin.qq.com/s/CzAicUlkkS6oizI6tQaWOQ","微信读书"
"西安交大就业创业","2026-04-10","【创新港宣讲】南方基金2027届校园招聘全球启动","https://mp.weixin.qq.com/s/NsEOD9bb7X1F3juQv7VuhQ","微信读书"
"西安交大就业创业","2026-04-09","西安交通大学春季学期校园招聘及职业指导活动预告(4.9-4.19)","https://mp.weixin.qq.com/s/zkSiZc4bXuIIMBz5w7CmKw","微信读书"
"西安交大就业创业","2026-04-09","本周求职贴士 | 4.9-4.19 春招冲刺指南","https://mp.weixin.qq.com/s/cH-hplGyXwfHziPROkHdWw","微信读书"
"西安交大就业创业","2026-04-09","【校招】中核（上海）供应链管理有限公司2026春季校园招聘正式启动","https://mp.weixin.qq.com/s/KsABzGK7BOkdb0qOEvL_Dw","微信读书"
"西安交大就业创业","2026-04-09","【校招】学而思网校2026春季校园招聘正式启动","https://mp.weixin.qq.com/s/F9vU7GS3t1KjNtDG1ZWEag","微信读书"
"西安交大就业创业","2026-04-09","【校招】腾讯2026校招最新补录岗位，还有机会！","https://mp.weixin.qq.com/s/ZObRvxJBp9dhoZeu4K3SeQ","微信读书"
"西安交大就业创业","2026-04-09","【校招】拼多多集团-PDD2026届春招启动，研发专场、管培生招聘还有机会！","https://mp.weixin.qq.com/s/SGgkxgovY4QnmjtcumBqaw","微信读书"
"西安交大就业创业","2026-04-09","【校招】2026年青岛市即墨区“优秀青年人才选育计划（事业单位工作人员）”公告","https://mp.weixin.qq.com/s/F33dOuU3vqa2v73osOterw","微信读书"
"西安交大就业创业","2026-04-09","【校招】“禾国企同行”嘉兴市属国有企业2026年上半年公开招聘正式启动","https://mp.weixin.qq.com/s/_MNDqnDzIs3zfoitXNDVjg","微信读书"
"西安交大就业创业","2026-04-08","习近平：传承弘扬西迁精神聚焦国家重大战略需求 为建设教育强国科技强国人才强国作出新贡献","https://mp.weixin.qq.com/s/B65MJBy42zKTgm9H_Guz4g","微信读书"
"西安交大就业创业","2026-04-08","【校招】中央台办所属事业单位2026年度公开招聘应届高校毕业生补充公告","https://mp.weixin.qq.com/s/OsXiu3XpBBgHeBs_hqfEgA","微信读书"
"西安交大就业创业","2026-04-08","【校招】中车唐山公司2026届春季校园招聘来了","https://mp.weixin.qq.com/s/n5PdJb6ANoqyaaG8A7hAEA","微信读书"
"西安交大就业创业","2026-04-08","【校招】西北妇女儿童医院（陕西省妇幼保健院）博士后人员招收简章","https://mp.weixin.qq.com/s/3JkgooXU_7hsMaAeWfLiaA","微信读书"
"西安交大就业创业","2026-04-08","【校招】蚂蚁集团2026春季校园招聘启动！","https://mp.weixin.qq.com/s/xuLT17h2Gr10hpLZuGB_Kg","微信读书"
"西安交大就业创业","2026-04-08","【校招】安东集团2026春季全球校园招聘正式开启！","https://mp.weixin.qq.com/s/PBk0Ps232T6qCPOpJwvgcA","微信读书"
"西安交大就业创业","2026-04-08","【实习】滴滴2027届秋招储备实习生项目正式启动！","https://mp.weixin.qq.com/s/Z31rufFWEkfCxznt8d_ZjQ","微信读书"
"西安交大就业创业","2026-04-08","【实习】阿里巴巴2027届实习生招聘全球启动","https://mp.weixin.qq.com/s/VMWGG51PMNFtV3ElxbHhvw","微信读书"
"西安交大就业创业","2026-04-07","【新闻】中兴通讯职业发展基金捐赠仪式举行","https://mp.weixin.qq.com/s/pP5rPug3lcIKRlZ5zoDhEQ","微信读书"
"西安交大就业创业","2026-04-07","【校招】中冶南方工程技术有限公司2026届春季校园招聘启动！","https://mp.weixin.qq.com/s/VgtHQN3v1AtobNDpTm1xkA","微信读书"
"西安交大就业创业","2026-04-07","【校招】中联重科2026届春季校园招聘(机器人&人工智能方向)","https://mp.weixin.qq.com/s/VjJZl_0EbLW9ZaXvXuwF8w","微信读书"
"西安交大就业创业","2026-04-07","【校招】中国建筑集团2026届春季全球校园招聘正式启动","https://mp.weixin.qq.com/s/6jqNiUxJ-S5Pm9J2YsDkWA","微信读书"
"西安交大就业创业","2026-04-07","【校招】江山重工研究院2026年春季校园招聘正式启动！","https://mp.weixin.qq.com/s/abu4oeJJjd5lbLGyfGlSiQ","微信读书"
"西安交大就业创业","2026-04-07","【校招】黄石市2026年专项引进急需紧缺人才公告","https://mp.weixin.qq.com/s/TD3VL89dcqsFFXsDRL9aiA","微信读书"
"西安交大就业创业","2026-04-07","【就业指导】报名 | 面向春招 & 找实习的面试集训来啦","https://mp.weixin.qq.com/s/NXkY8VCe_f8vYC1qzRUlTw","微信读书"
"西安交大就业创业","2026-04-07","《人民日报》头版聚焦西安交大！","https://mp.weixin.qq.com/s/rLuW5TF_Mg77Ou2lum7kjQ","微信读书"
"西安交大就业创业","2026-03-25","西安交通大学第八届“千家单位 万名学子”综合双选会（2026年春季）单位预告","https://mp.weixin.qq.com/s/iKiv30BVeadY_EeYEd65qg","微信读书"
"西安交大就业创业","2026-03-25","【组团招聘】2026年余杭区高校巡回引才活动西安交通大学站启航！","https://mp.weixin.qq.com/s/Bop5ioT2Lkxv7XpbJDdi3g","微信读书"
"西安交大就业创业","2026-03-25","【组团招聘】2026年上半年绵阳科技城新区招才引智活动","https://mp.weixin.qq.com/s/HphK2G92E0kVais9sPNLvg","微信读书"
"西安交大就业创业","2026-03-25","【兴庆宣讲】中建五局“青苗计划”2026校园招聘","https://mp.weixin.qq.com/s/GZ46WoXgE-38BqFAlFarAQ","微信读书"
"西安交大就业创业","2026-03-25","【校招】中国电科34所 & 18所2026届校园招聘开启","https://mp.weixin.qq.com/s/-4nJVeIkzraWqoZOY6N2bQ","微信读书"
"西安交大就业创业","2026-03-25","【校招】西安梁家滩国际学校教师招聘","https://mp.weixin.qq.com/s/pYUnVB3Gm1KM_9WEycFl6w","微信读书"
"西安交大就业创业","2026-03-25","【暑期项目6】联合国训练研究所、港澳及新加坡名校实训项目","https://mp.weixin.qq.com/s/pnH2KAL_Jy1LvXV-9IW9Sw","微信读书"
"西安交大就业创业","2026-03-25","【实习】平安银行 & 安克创新实习生招聘","https://mp.weixin.qq.com/s/55TCXTB9AHH9fOsrR9DNxA","微信读书"
"西安交大就业创业","2026-03-24","【校招】中建三局总承包公司 & 中建五局华南公司2026春季校园招聘正式启动!","https://mp.weixin.qq.com/s/exc1_7yBndekR-mPIgH4Bg","微信读书"
"西安交大就业创业","2026-03-24","【校招】中国移动2026届招聘合集","https://mp.weixin.qq.com/s/FgbIYlrCJb5kBZRfxJ1uHg","微信读书"
"西安交大就业创业","2026-03-24","【校招】小米2026届春季校园招聘正式启动","https://mp.weixin.qq.com/s/Gwc6-r9pNI9WBoLvA6n_xw","微信读书"
"西安交大就业创业","2026-03-24","【校招】快手2026春季校园招聘启动!","https://mp.weixin.qq.com/s/iDsVwBk_L1BlYGekv4qEaw","微信读书"
"西安交大就业创业","2026-03-24","【校招】航空工业综合所&航天智能院2026年春季校园招聘","https://mp.weixin.qq.com/s/kGhr7vhS11MXsyOb_1-NWQ","微信读书"
"西安交大就业创业","2026-03-24","【暑期项目5】韩国、新加坡、中国香港创业实训项目","https://mp.weixin.qq.com/s/GuxjEF1ycDQrCh1oId2fOw","微信读书"
"西安交大就业创业","2026-03-24","【创新港宣讲】腾讯2026实习生招聘校园宣讲会","https://mp.weixin.qq.com/s/FSIcBNmtCwZC4r1_R_iDsg","微信读书"
"西安交大就业创业","2026-03-24","【创新港宣讲】华为2027届实习生招聘双选会","https://mp.weixin.qq.com/s/RKyG2r4Cf2DNv64Qga1pfQ","微信读书"
"西安交大就业创业","2026-03-23","预约 | 一对一职业咨询，为你宏志助航","https://mp.weixin.qq.com/s/jc6wkVkN41Tkh03wmBTCxQ","微信读书"
"西安交大就业创业","2026-03-23","【兴庆宣讲】广电运通集团2026校园招聘","https://mp.weixin.qq.com/s/PSaFlCGkOCSMWzdGJKL8ZQ","微信读书"
"西安交大就业创业","2026-03-23","【校招】中国科学院金属研究所2026年春季校园招聘","https://mp.weixin.qq.com/s/3AfL-Sop8j0-_evRg0eHyA","微信读书"
"西安交大就业创业","2026-03-23","【校招】一汽-大众 & 吉利控股集团2026春季校园招聘","https://mp.weixin.qq.com/s/uZmP0QpQB1bsq5q-Z8ePig","微信读书"
"西安交大就业创业","2026-03-23","【校招】四川省巴中市2026年上半年引进高层次人才和急需紧缺专业人才公告","https://mp.weixin.qq.com/s/JctebV7PE4l3W3q-gsygOQ","微信读书"
"西安交大就业创业","2026-03-23","【校招】超聚变 & 海康威视2026届春季校园招聘正式启动","https://mp.weixin.qq.com/s/Xs2nyLt6nCq3Nt15IP2V6w","微信读书"
"西安交大就业创业","2026-03-23","【创新港宣讲】湖北电规院2026届春季校园招聘正式开启!","https://mp.weixin.qq.com/s/Kbixjkbe8MsbMGvHCnuaqQ","微信读书"
"西安交大就业创业","2026-03-23","【创新港宣讲】河北建投交通投资有限责任公司2026年春季人才引进计划","https://mp.weixin.qq.com/s/cxrJEI_ZqIjd7xmHenn-Sg","微信读书"
"西安交大就业创业","2026-03-22","西安交通大学春季学期校园招聘及职业指导活动预告(3.23-3.29)","https://mp.weixin.qq.com/s/YlyMaHui4mJGh0qCU0s5yg","微信读书"
"西安交大就业创业","2026-03-22","【兴庆宣讲】大连泰星能源有限公司2026届春季校园招聘正式启动","https://mp.weixin.qq.com/s/eTNKjyf8FdTJ5TFUmrjFsw","微信读书"
"西安交大就业创业","2026-03-22","【校招】邮储银行广东省分行 & 浦发银行2026年春季校园招聘正式启动","https://mp.weixin.qq.com/s/eHRkfDnbmtPohSdW-KPLHA","微信读书"
"西安交大就业创业","2026-03-22","【校招】数据所(兴唐公司) & 中微公司2026校园招聘","https://mp.weixin.qq.com/s/mzcUnL5Akws6TOlowbOA3Q","微信读书"
"西安交大就业创业","2026-03-22","【校招】『来“斯”启航』SLB Open Day报名启动!","https://mp.weixin.qq.com/s/TxSLX3VsF1U-zFhINm3Okg","微信读书"
"西安交大就业创业","2026-03-22","【创新港宣讲】深担集团2026届校园招聘","https://mp.weixin.qq.com/s/Ug11_x8bpKuCQKsfTqY_Jw","微信读书"
"西安交大就业创业","2026-03-22","【创新港宣讲】上饶银行2026年春季招聘","https://mp.weixin.qq.com/s/X21M5t7DjbE645-F7NfkrA","微信读书"
"西安交大就业创业","2026-03-21","中央台办所属事业单位2026年度公开招聘工作人员公告","https://mp.weixin.qq.com/s/YVHiKpMcXi1Nuyx0mleBEw","微信读书"
"西安交大就业创业","2026-03-21","课程预告 | 教育部“互联网+就业指导”公益直播课：求职简历通关12问","https://mp.weixin.qq.com/s/WOWfwEicJomYq2kz_3874A","微信读书"
"西安交大就业创业","2026-03-21","【校招】中国人民解放军第五三一一工厂2026届校园招聘","https://mp.weixin.qq.com/s/GTkdg25Cl7j8qmA6rTU26A","微信读书"
"西安交大就业创业","2026-03-21","【校招】三门核电 & 庄河核电2026届校园招聘开始啦！","https://mp.weixin.qq.com/s/vMq3dBatqlJxg2CdGTs51g","微信读书"
"西安交大就业创业","2026-03-21","【创新港宣讲】字节跳动2026实习生招聘","https://mp.weixin.qq.com/s/iyCCH9hSs5x1nM7gRjG-mQ","微信读书"
"西安交大就业创业","2026-03-21","【创新港宣讲】中建三局2026届“争先之星”春季校园招聘","https://mp.weixin.qq.com/s/4z8dRy5SEEY3ZJaa-_kxRA","微信读书"
"西安交大就业创业","2026-03-21","【创新港宣讲】长江存储2026届春季校园招聘","https://mp.weixin.qq.com/s/QIVuqtku8wPVkHLowiOB3Q","微信读书"
"西安交大就业创业","2026-03-21","【创新港宣讲】长虹控股集团2026届春招","https://mp.weixin.qq.com/s/eDoa0K7v94GPoY4x0krcNQ","微信读书"
"西安交大就业创业","2026-03-20","【组团招聘】中国兵器2026届春季校园招聘正式启动","https://mp.weixin.qq.com/s/v7qIAN59lNAEwRVu4E-nmw","微信读书"
"西安交大就业创业","2026-03-20","【兴庆宣讲】恒生2026春季校园招聘正式启动","https://mp.weixin.qq.com/s/JYaplAbY43wljg8ECeCISA","微信读书"
"西安交大就业创业","2026-03-20","【校招】浙大公开招聘党政管理人员、专职辅导员、行政专员和技术专员","https://mp.weixin.qq.com/s/a10vRbTNUVAw5AYQAOd-MA","微信读书"
"西安交大就业创业","2026-03-20","【暑期项目4】阿尔托大学创业战略与商业模式设计项目","https://mp.weixin.qq.com/s/olNV06hiRxaFf31a2rObsQ","微信读书"
"西安交大就业创业","2026-03-20","【实习】阿里巴巴淘天集团2027届实习生招聘","https://mp.weixin.qq.com/s/rjUz8Wp69OzOL9SxlGAiTA","微信读书"
"西安交大就业创业","2026-03-20","【创新港宣讲】中国工程物理研究院2026年春季校园招聘","https://mp.weixin.qq.com/s/7C_V3olKJvT_8R_QBxysOw","微信读书"
"西安交大就业创业","2026-03-20","【创新港宣讲】晓禾教育2026届春季校园招聘正式启动","https://mp.weixin.qq.com/s/IDNmHpL57MkZmOwmIDuulA","微信读书"
"西安交大就业创业","2026-03-20","【创新港宣讲】德州仪器2026届春季校招及暑期实习招聘全面开启","https://mp.weixin.qq.com/s/O7ID1WaRKwUejd8LYRFsAA","微信读书"
"西安交大就业创业","2026-03-19","【兴庆宣讲】合众人寿2026众星招聘正式启动!","https://mp.weixin.qq.com/s/5IJryzxUHV0e4eGDeYuUlw","微信读书"
"西安交大就业创业","2026-03-19","【校招】中国船舶集团第七一一研究所2026届校园招聘正式启动","https://mp.weixin.qq.com/s/gaWNU519J5zjdKJsVbgOCw","微信读书"
"西安交大就业创业","2026-03-19","【校招】国泰君安期货 & 汇添富基金2026届春季校园招聘","https://mp.weixin.qq.com/s/qW1m1Rh5osIcy9A15gR2YA","微信读书"
"西安交大就业创业","2026-03-19","【校招】国机集团“青蓝计划2026届管培生春季招聘全面启动","https://mp.weixin.qq.com/s/uAkYj8B5F6kftapqgHWtwg","微信读书"
"西安交大就业创业","2026-03-19","【暑期项目3】国际劳工组织培训中心联合国暑期学校|多边外交与南南合作","https://mp.weixin.qq.com/s/ShtmVPDQQciG7sn6gsjoXw","微信读书"
"西安交大就业创业","2026-03-19","【实习】中兴通讯实习生招聘正式启动","https://mp.weixin.qq.com/s/A_FSrn8nPvSGTOcFmRseOg","微信读书"
"西安交大就业创业","2026-03-19","【创新港宣讲】OPPO2027届寻梦实习招聘","https://mp.weixin.qq.com/s/9AgIfBSx8XfSmGKGJPvSXQ","微信读书"
"西安交大就业创业","2026-03-19","【创新港宣讲】辽宁核电2026届春季校园招聘全面启动","https://mp.weixin.qq.com/s/CZhu3wtZ1lAhFoFy4pjdZA","微信读书"
"西安交大就业创业","2026-03-18","【兴庆宣讲】珠海格力电器2026届校园招聘","https://mp.weixin.qq.com/s/ik01OuefpYAda9H-GkpU9Q","微信读书"
"西安交大就业创业","2026-03-18","【校招】四维图新 & 铂力特2026届校园招聘","https://mp.weixin.qq.com/s/xmvFoIiI3VPq-piHqX8RJA","微信读书"
"西安交大就业创业","2026-03-18","【校招】顺丰集团 & 娇韵诗2026届管培生春季校园招聘全球启动","https://mp.weixin.qq.com/s/0jhdip-AlNzoTw95EWU5IQ","微信读书"
"西安交大就业创业","2026-03-18","【校招】2026苏州春季招聘大会","https://mp.weixin.qq.com/s/2yMB3DMswz4FJgzdtNyf1g","微信读书"
"西安交大就业创业","2026-03-18","【暑期项目2】国际胜任力培养实训项目暑期瑞士工作坊","https://mp.weixin.qq.com/s/jkUZcZjMoLIo8nYZzczQMQ","微信读书"
"西安交大就业创业","2026-03-18","【就业指导】职业指导微课程之HR说校招（7）","https://mp.weixin.qq.com/s/2UGzqCc9WgPLcpRq-loRyw","微信读书"
"西安交大就业创业","2026-03-18","【创新港宣讲】中国银行股份有限公司软件中心2026年校园招聘","https://mp.weixin.qq.com/s/5pLlQxBVEW3Ym0Gb62E5pQ","微信读书"
"西安交大就业创业","2026-03-18","【创新港宣讲】中国电科蓝天2026届校园招聘","https://mp.weixin.qq.com/s/PqIJoURu46v2_jtqzSbErA","微信读书"
"西安交大就业创业","2026-03-17","我校获中国教育发展战略学会国际胜任力培养专业委员会2025-2026年度科研课题立项","https://mp.weixin.qq.com/s/0Io8cEwEm5BM5g82vYS7ZA","微信读书"
"西安交大就业创业","2026-03-17","【兴庆宣讲】香港中文大学（深圳）经济学硕士项目招生宣讲会","https://mp.weixin.qq.com/s/-uJCycLas2ddZyNnhYxEBQ","微信读书"
"西安交大就业创业","2026-03-17","【校招】兰州大学社会公开招聘20名专职辅导员","https://mp.weixin.qq.com/s/zTtP2GJ8bTzDAx9EqqC34Q","微信读书"
"西安交大就业创业","2026-03-17","【校招】电装 & 强生2026届春季校园招聘","https://mp.weixin.qq.com/s/yIC3WKCRmS8QE7Qwv7R0ig","微信读书"
"西安交大就业创业","2026-03-17","【校招】“海聚奇才”2026年芜湖市高层次人才专场对接会（第七季）邀请函","https://mp.weixin.qq.com/s/40szUsRVZ1iN3d7mpWq_-w","微信读书"
"西安交大就业创业","2026-03-17","【暑期项目1】新青年联合国总部实地交流项目（含医学方向）","https://mp.weixin.qq.com/s/YZRsvLwJ9Wej5TUM0LD-6Q","微信读书"
"西安交大就业创业","2026-03-17","【创新港宣讲】长光卫星多个岗位持续招聘中！","https://mp.weixin.qq.com/s/vQ7XG6PMaI3MURlBfqzaTg","微信读书"
"西安交大就业创业","2026-03-17","【创新港宣讲】四川省绵阳市人才引进招聘","https://mp.weixin.qq.com/s/eHoR6MVq4clFloBxoCrMRA","微信读书"
"西安交大就业创业","2026-03-16","预约 | 一对一职业咨询，为你宏志助航","https://mp.weixin.qq.com/s/YcYsJ_XNxEQi2AvyFF2pMA","微信读书"
"西安交大就业创业","2026-03-16","【校招】中建三局华东公司 & 中建八局浙江公司2026届春季校园招聘正式启动！","https://mp.weixin.qq.com/s/6AxvXzupHOl0KvimP0dG7w","微信读书"
"西安交大就业创业","2026-03-16","【校招】中核光电 & 中核四川环保2026年春季校园招聘全面启动","https://mp.weixin.qq.com/s/aaK3CepeM9JnOC-PMxnrFg","微信读书"
"西安交大就业创业","2026-03-16","【校招】招商银行天津分行 & 民泰银行2026春季校园招聘","https://mp.weixin.qq.com/s/sVch3CqtlCXHKNO_ZxOBHQ","微信读书"
"西安交大就业创业","2026-03-16","【校招】西安市事业单位面向应届高校毕业生公开招聘高层次及紧缺特殊专业人才","https://mp.weixin.qq.com/s/iqhzNiAx8lH2yoSdNgO_9A","微信读书"
"西安交大就业创业","2026-03-16","【实习】国际劳工组织国际培训中心实习岗位开放报名！","https://mp.weixin.qq.com/s/D_KlI26ASKVUW-K0K1TciA","微信读书"
"西安交大就业创业","2026-03-16","【创新港宣讲】西南交通大学2026年全球校园师资招聘简章","https://mp.weixin.qq.com/s/Su1TuQI7bET9tk_qt4shWQ","微信读书"
"西安交大就业创业","2026-03-16","【创新港宣讲】东风汽车集团2026届春季全球校园招聘","https://mp.weixin.qq.com/s/6ItQSPa4Ngi2seOHcneJ0g","微信读书"
"西安交大就业创业","2026-03-15","西安交通大学春季学期校园招聘及职业指导活动预告（3.16-3.22）","https://mp.weixin.qq.com/s/qbqewu0Aj_sje08CtKgUOQ","微信读书"
"西安交大就业创业","2026-03-15","本周求职贴士 | 3.16-3.22 春招冲刺指南","https://mp.weixin.qq.com/s/nzV5IXahb9iX8lPTgEzrfg","微信读书"
"西安交大就业创业","2026-03-15","【组团招聘】2026年春季全国重点高校毕业生巡回招聘面试会","https://mp.weixin.qq.com/s/AwT4nQ6G2FZSu2-c2_IOWA","微信读书"
"西安交大就业创业","2026-03-15","【组团招聘】“合肥千企万岗请您来”合肥高新区组团招聘会","https://mp.weixin.qq.com/s/h6l7TcbGC11Tg3kPD1fGBg","微信读书"
"西安交大就业创业","2026-03-15","【校招】中国航空工业集团沈飞2026届春季校园招聘正式启动","https://mp.weixin.qq.com/s/6KCS_BXVhgq-qs7XIIiGeg","微信读书"
"西安交大就业创业","2026-03-15","【校招】松下集团&东风日产2026届春季校招正式启动","https://mp.weixin.qq.com/s/j1qrQ_7N6ErzTqYNEoxebw","微信读书"
"西安交大就业创业","2026-03-15","【创新港宣讲】中核运维2026年度校园招聘全面开启","https://mp.weixin.qq.com/s/dLfHtuV7-oIdmHaAptNcpA","微信读书"
"西安交大就业创业","2026-03-15","【创新港宣讲】宁德时代2026春季全球校园招聘","https://mp.weixin.qq.com/s/x5qCD1zJyQYDL59742NF3A","微信读书"
"西安交大就业创业","2026-03-14","【组团招聘】工信就业-中博汇高层次人才洽谈会2026年度春季全国巡回招聘会","https://mp.weixin.qq.com/s/ZJkVo6ypn20T7PUfmJclWQ","微信读书"
"西安交大就业创业","2026-03-14","【校招】中核四0四有限公司2026届春季校园招聘正式启动","https://mp.weixin.qq.com/s/BgTtz8vMe9Vz4Fqm98zoug","微信读书"
"西安交大就业创业","2026-03-14","【校招】平安银行2026春季校园招聘正式启动","https://mp.weixin.qq.com/s/cBXXhcn4bPK-6LfAW020xg","微信读书"
"西安交大就业创业","2026-03-14","【喜报】西安交大11名校友获中兴通讯2025年荣誉奖项！","https://mp.weixin.qq.com/s/o9tW846pN-5I7cb0Ew7pXw","微信读书"
"西安交大就业创业","2026-03-14","【企业邀请】千校联合招聘会2026春招线路安排","https://mp.weixin.qq.com/s/Kek_rOHj1c6LRjpI3AsDPg","微信读书"
"西安交大就业创业","2026-03-14","【课程预告】教育部“互联网+就业指导”公益直播课:遇见，还是预见一一大学生主动就业的破局之道","https://mp.weixin.qq.com/s/ZoaqGehqNXeANcwuTmLhqQ","微信读书"
"西安交大就业创业","2026-03-14","【就业指导】求职/实习简历长这样，规范第一步！","https://mp.weixin.qq.com/s/67oRr_WIZajDBRd05h9iyw","微信读书"
"西安交大就业创业","2026-03-14","【创新港宣讲】成都华微电子科技股份有限公司2026校园招聘","https://mp.weixin.qq.com/s/FK-kgHhzjM5TKkHr-tJ8Sg","微信读书"
"西安交大就业创业","2026-03-13","2026年度青岛市专项招录公务员公告","https://mp.weixin.qq.com/s/5VZ_wmYDmUrhrJWpPCgvEg","微信读书"
"西安交大就业创业","2026-03-13","【兴庆宣讲】中国一汽2026春季校园招聘","https://mp.weixin.qq.com/s/mk6QgLQlJ9pBy3RG8hajEg","微信读书"
"西安交大就业创业","2026-03-13","【兴庆宣讲】快乐学习教育科技集团2026年春季校园招聘","https://mp.weixin.qq.com/s/Kh8_ibE2JDB3KeMufjaITA","微信读书"
"西安交大就业创业","2026-03-13","【校招】中广核新能源2026届春季校园招聘正式启动","https://mp.weixin.qq.com/s/ssOfWRYhNE7ple2pD1zZqA","微信读书"
"西安交大就业创业","2026-03-13","【校招】中船七O五所2026届春季校园招聘开始啦","https://mp.weixin.qq.com/s/U-vYwyhmuMp8IUqZnmcKUA","微信读书"
"西安交大就业创业","2026-03-13","【校招】长安大学2026年专职辅导员招聘公告","https://mp.weixin.qq.com/s/GkKHMJ99yTIq5hLqP5XtuA","微信读书"
"西安交大就业创业","2026-03-13","【实习】拼多多集团-PDD2027届研发实习生招聘正式启动","https://mp.weixin.qq.com/s/wUS-SOtBnAHJdiAu4yfJhA","微信读书"
"西安交大就业创业","2026-03-13","【就业指导】40+行业认知直播回放，助你规划2026年求职灵感！","https://mp.weixin.qq.com/s/-is99JmE5njzuN8sNRaIjQ","微信读书"
"西安交大就业创业","2026-03-12","【校招】中芯国际2026届校招持续进行中","https://mp.weixin.qq.com/s/-sZdRBahxVMPNAd7Q5jeVQ","微信读书"
"西安交大就业创业","2026-03-12","【校招】中物院软件中心2026届春招来袭","https://mp.weixin.qq.com/s/Bm0aDkMss2X4dc1NRSCq5g","微信读书"
"西安交大就业创业","2026-03-12","【校招】中航科创2026届春季校园招聘正式启动","https://mp.weixin.qq.com/s/2dgDQYSrk-LJBbXRS0AX2g","微信读书"
"西安交大就业创业","2026-03-12","【校招】中国兵器夜视院集团2026届春季校园招聘正式启动","https://mp.weixin.qq.com/s/nQaM4_KXtPx59pAMkkeaJw","微信读书"
"西安交大就业创业","2026-03-12","【校招】上海宇量昇科技有限公司2026届春招正式启动","https://mp.weixin.qq.com/s/_G0IyU4H4pRnt-3V6dCIDg","微信读书"
"西安交大就业创业","2026-03-12","【校招】上海空间推进研究所2026届春季校园招聘","https://mp.weixin.qq.com/s/uBThxuDYhY2kVTBh36MqFA","微信读书"
"西安交大就业创业","2026-03-12","【校招】巨一科技2026春季校园招聘","https://mp.weixin.qq.com/s/sDdvwEFGbO1Iocy1ZSihHA","微信读书"
"西安交大就业创业","2026-03-12","【创新港宣讲】上汽通用五菱2026全球校园招聘启动","https://mp.weixin.qq.com/s/DfX6Y9LeCErsZ-rr6wAjYg","微信读书"
"西安交大就业创业","2026-03-11","报效祖国，建功西部！2026年大学生志愿服务西部计划报名开启→","https://mp.weixin.qq.com/s/SbdJWVlVbVabH6QP8o26Ew","微信读书"
"西安交大就业创业","2026-03-11","【组团招聘】2026年春季全国博士、博士后高层次人才巡回签约洽谈会","https://mp.weixin.qq.com/s/n_n_PfKkgKAeFLXUYPzIgA","微信读书"
"西安交大就业创业","2026-03-11","【校招】中国一重集团有限公司2026届校园招聘正式启动","https://mp.weixin.qq.com/s/c5NG82MR6a809eGaVyObng","微信读书"
"西安交大就业创业","2026-03-11","【校招】中国航空规划设计研究总院有限公司2026校园招聘","https://mp.weixin.qq.com/s/PLu6dELbhPry_ef6CRXCDw","微信读书"
"西安交大就业创业","2026-03-11","【校招】中国兵器工业集团第二〇二研究所2026届春季校园招聘公告","https://mp.weixin.qq.com/s/2LqJsk5lBJZilnKi4ozAIw","微信读书"
"西安交大就业创业","2026-03-11","【校招】西安现代控制技术研究所春季校园招聘公告","https://mp.weixin.qq.com/s/0gDUOHhqq-J07gSIC6gnig","微信读书"
"西安交大就业创业","2026-03-11","【就业指导】国际公务员职业生涯规划系列讲座开始报名啦","https://mp.weixin.qq.com/s/kpdVbyCW5MI7LURrPq_0fg","微信读书"
"西安交大就业创业","2026-03-11","【创新港宣讲】苏州创新投资集团有限公司校园招聘","https://mp.weixin.qq.com/s/lVfxqMFUuQ4pL5_Gk1SpKw","微信读书"
"西安交大就业创业","2026-03-10","【宣讲】学而思2026春季校园招聘","https://mp.weixin.qq.com/s/ZKzjRmp33fgTY-lMgkqpZg","微信读书"
"西安交大就业创业","2026-03-10","【校招】中国兵器工业第二O五研究所2026年春季博士校园招聘正式启动","https://mp.weixin.qq.com/s/i5QEzqNsFtbIChaaBm21PA","微信读书"
"西安交大就业创业","2026-03-10","【校招】中广核2026届春季校园招聘正式启动","https://mp.weixin.qq.com/s/QVdAXAoD4puIDo_054x6Xg","微信读书"
"西安交大就业创业","2026-03-10","【校招】财政部部属单位2026年度公开招聘公告","https://mp.weixin.qq.com/s/ZfomsPCEsUj9gNAsWd2CyA","微信读书"
"西安交大就业创业","2026-03-10","【校招】2026届华勤技术全球校园春招启动","https://mp.weixin.qq.com/s/fOiRQ1SkEZXYqLAEqxUIWQ","微信读书"
"西安交大就业创业","2026-03-10","【实习】10000+实习机会！腾讯2026实习生招聘全球启动","https://mp.weixin.qq.com/s/lZkzJ2mQdpGZlTucWfH6CA","微信读书"
"西安交大就业创业","2026-03-10","【创新港宣讲】TCL实业2026届春季全球校园招聘","https://mp.weixin.qq.com/s/VycyyZbs-PGN6cMewkTXEg","微信读书"
"西安交大就业创业","2026-03-10","【创新港宣讲】中国空气动力研究与发展中心空天技术研究所2026年校园招聘","https://mp.weixin.qq.com/s/NBtnI2ThQ-Cms3x7GGsC8A","微信读书"
"西安交大就业创业","2026-03-09","【组团招聘】中核集团2026届校园招聘","https://mp.weixin.qq.com/s/IOy2pUV2YWCITomutt0wFQ","微信读书"
"西安交大就业创业","2026-03-09","【校招】中建八局发展建设公司2026届春季校园招聘正式启动","https://mp.weixin.qq.com/s/gqyeJG46jDDo8PZz4AqEpA","微信读书"
"西安交大就业创业","2026-03-09","【校招】兆芯2026春季校园招聘启动","https://mp.weixin.qq.com/s/EIluqnrMZudsN3DAVQkCGg","微信读书"
"西安交大就业创业","2026-03-09","【校招】雀巢中国2026春季校园招聘全面开启","https://mp.weixin.qq.com/s/yOCd5LkF8OGbjkgpKESwDA","微信读书"
"西安交大就业创业","2026-03-09","【校招】博众精工2026届春季校园招聘启动","https://mp.weixin.qq.com/s/vSGVOHEdBZ0AcwGlcoOvzw","微信读书"
"西安交大就业创业","2026-03-09","【实习】字节跳动 ByteIntern 实习生招聘正式启动","https://mp.weixin.qq.com/s/WcJQ6ywMdQpR3FkOWnFMRw","微信读书"
"西安交大就业创业","2026-03-09","【实习】西安斯奈特信息科技有限公司实习生招聘","https://mp.weixin.qq.com/s/v0gqTfuymNyrnx1fdreAWw","微信读书"
"西安交大就业创业","2026-03-09","【创新港宣讲】江苏核电2026年度校园招聘全面开启","https://mp.weixin.qq.com/s/IZc9-Y6DiyijFKuYQxdihA","微信读书"
"西安交大就业创业","2026-03-08","西安交通大学春季学期校园招聘及职业指导活动预告（3.09-3.15）","https://mp.weixin.qq.com/s/8_dAoFQQcV4uB6Ok7sk35A","微信读书"
"西安交大就业创业","2026-03-08","【宣讲】啄木鸟医疗2026届春季校园招聘","https://mp.weixin.qq.com/s/U4uBR1rVbvZJY62gNZrAew","微信读书"
"西安交大就业创业","2026-03-08","【校招】网易有道2026春季校招正式启动","https://mp.weixin.qq.com/s/F27TXsrMlAMu47fipzPBYg","微信读书"
"西安交大就业创业","2026-03-08","【校招】隆基绿能2026届全球校园招聘","https://mp.weixin.qq.com/s/5ByjQBoFbUpZYI3xCN71Tg","微信读书"
"西安交大就业创业","2026-03-08","【校招】2026奇瑞博士招募西安站盛启","https://mp.weixin.qq.com/s/SQEODC8Y7jmA_KKP_lRdHQ","微信读书"
"西安交大就业创业","2026-03-08","【三八特辑】巾帼谱新篇，逐梦正当时","https://mp.weixin.qq.com/s/MeIw7nKykz9E8Q4xOvnH-A","微信读书"
"西安交大就业创业","2026-03-08","【创新港宣讲】美团2026年春季校园招聘","https://mp.weixin.qq.com/s/zzV5tYqSvIOgIQpF4AXYrQ","微信读书"
"西安交大就业创业","2026-03-07","【宣讲会】特变电工2026届春季校园招聘正式启动!","https://mp.weixin.qq.com/s/sTUUrGKDvDIwonFoOGXq8Q","微信读书"
"西安交大就业创业","2026-03-07","【兴庆宣讲】新东方西安学校2026届春季校园招聘","https://mp.weixin.qq.com/s/kNBxSAmihi32ffe6J2evoQ","微信读书"
"西安交大就业创业","2026-03-07","【新闻】交大师生海外实训行:全球视野下的就业育人新实践","https://mp.weixin.qq.com/s/JaqmaeXz3bEL9PS4ytz3gQ","微信读书"
"西安交大就业创业","2026-03-07","【校招】中信银行2026年春季校园招聘正式启动!","https://mp.weixin.qq.com/s/OYWfBFGFAXJmsgAMEUh26A","微信读书"
"西安交大就业创业","2026-03-07","【校招】中国电信广东公司2026春季校园招聘正式启动!","https://mp.weixin.qq.com/s/W_3Cslg1jqjYRBUke-nIbg","微信读书"
"西安交大就业创业","2026-03-07","【校招】联通数字科技有限公司2026年春季校园招聘正式启动！","https://mp.weixin.qq.com/s/2yGJSEL8YbTstpOZg8cmeg","微信读书"
"西安交大就业创业","2026-03-07","【校招】航空工业自控所2026年春季校园招聘公告","https://mp.weixin.qq.com/s/uap7l90UUCa2SmsOmHLZjg","微信读书"
"西安交大就业创业","2026-03-07","【创新港宣讲】豪迈2026届春季全球校园招聘正式启动!","https://mp.weixin.qq.com/s/P6U1RpbbkoqfgWYkfaRKgQ","微信读书"
"西安交大就业创业","2026-03-06","【兴庆宣讲】中国华电集团有限公司浙江公司2026年第二批校园招聘来啦!","https://mp.weixin.qq.com/s/OEeQNMclGmUgHPIMKa8Ucw","微信读书"
"西安交大就业创业","2026-03-06","【兴庆宣讲】上海电气2026届校园招聘","https://mp.weixin.qq.com/s/UJbdeTJiUj5_2Nn1oF4y9Q","微信读书"
"西安交大就业创业","2026-03-06","【校招】中国航发哈轴校园招聘活动火热开启","https://mp.weixin.qq.com/s/zMHQitE4UTlGKlHkEoAc3g","微信读书"
"西安交大就业创业","2026-03-06","【校招】长鑫存储2026春招邀你跨时代!","https://mp.weixin.qq.com/s/449Q0KKj_9jhjv2CTGUVKA","微信读书"
"西安交大就业创业","2026-03-06","【校招】携程集团2026年春季校园招聘全球启动","https://mp.weixin.qq.com/s/0eYI_M5zzxyMPbxvRcfdew","微信读书"
"西安交大就业创业","2026-03-06","【校招】乾元国家实验室2026届春季校招正式启动","https://mp.weixin.qq.com/s/G96zVbWXhb47GAEBFp_sJA","微信读书"
"西安交大就业创业","2026-03-06","【校招】华东师范大学2026年春季管理服务岗位招聘启事","https://mp.weixin.qq.com/s/s5c_XAGzn_CzUv4UZOA_vA","微信读书"
"西安交大就业创业","2026-03-06","【校招】2026玛氏中国春季校招网申开启！","https://mp.weixin.qq.com/s/ZFZYGfR_Chg059TcLzk9lg","微信读书"
"西安交大就业创业","2026-03-05","陕西省2026年医药卫生类毕业生春季招聘会邀请函","https://mp.weixin.qq.com/s/2P5gvHD8fYF6IjTyyrLKpg","微信读书"
"西安交大就业创业","2026-03-05","【兴庆宣讲】中国航发贵阳精铸2026届春季校园招聘","https://mp.weixin.qq.com/s/-lBwxT9zfn4Uq-pQBczz8g","微信读书"
"西安交大就业创业","2026-03-05","【校招】中国华电2026年第二批招聘公告","https://mp.weixin.qq.com/s/q8_TYl7kKK9UxbzP6j81cA","微信读书"
"西安交大就业创业","2026-03-05","【校招】中国电信江苏公司2026年春季校园招聘正式启动","https://mp.weixin.qq.com/s/8sMwtKtPoWVNp4LKbsQdTg","微信读书"
"西安交大就业创业","2026-03-05","【校招】盐城市大丰区医疗卫生事业单位校园招聘2026年医药卫生类毕业生公告","https://mp.weixin.qq.com/s/_zysNg4v_N1RUoCJUwPO8Q","微信读书"
"西安交大就业创业","2026-03-05","【校招】鼎益科技2026校园招聘开始了","https://mp.weixin.qq.com/s/1EMdQZhNwO4mnXd_uTAItg","微信读书"
"西安交大就业创业","2026-03-05","【校招】滴滴2026届春季校园招聘正式启动!","https://mp.weixin.qq.com/s/h-kYSp5rGWsQMxuC6HUZ6g","微信读书"
"西安交大就业创业","2026-03-05","【校招】德勤2026春季全职招聘+暑期实习全面开启!","https://mp.weixin.qq.com/s/BEqOU0D-aL4qwtOKaSljcw","微信读书"
"西安交大就业创业","2026-03-04","乐创沙龙｜大学生创业项目如何寻找投资和孵化器","https://mp.weixin.qq.com/s/afcSMwQHeuE5A5CfrHGgGw","微信读书"
"西安交大就业创业","2026-03-04","截至3月15日！报名西安交通大学第十四届创业实践大赛","https://mp.weixin.qq.com/s/o4juJCNwgS--pCfYvaQO5g","微信读书"
"西安交大就业创业","2026-03-04","2026年春季学期“国际就业力”在线课程开放报名啦！","https://mp.weixin.qq.com/s/eMrXU-uq-XssibX22IEQ9g","微信读书"
"西安交大就业创业","2026-03-04","【校招】中央台办所属事业单位2026年度公开招聘工作人员公告","https://mp.weixin.qq.com/s/oE4fLGrDQKrZWSepWRWqQA","微信读书"
"西安交大就业创业","2026-03-04","【校招】中国航发黎明2026届春季校园招聘","https://mp.weixin.qq.com/s/DUMR74jbDfU8zISxo90j2g","微信读书"
"西安交大就业创业","2026-03-04","【校招】招商银行深圳分行2026春季校园招聘","https://mp.weixin.qq.com/s/2eUJ_s--HxUDIoWHtkwkFg","微信读书"
"西安交大就业创业","2026-03-04","【校招】永卓控股2026届春季校园招聘启动","https://mp.weixin.qq.com/s/MsyIx56WSgoekvwma6b2yw","微信读书"
"西安交大就业创业","2026-03-04","【校招】福耀集团2026届春季校园招聘","https://mp.weixin.qq.com/s/lQ98RXC2xDJaT2ryctbUtA","微信读书"
"西安交大就业创业","2026-03-03","【组团招聘】高博人才-全国巡回博士、博士后高层次人才专场签约洽谈会","https://mp.weixin.qq.com/s/sNk_RsZt8KL1sRz6akX0sA","微信读书"
"西安交大就业创业","2026-03-03","【新闻】西安交大扎实推进“寒假促就业暖心行动” 助力2026届毕业生高质量充分就业","https://mp.weixin.qq.com/s/weXgLczGqkoU3GZGYErCOw","微信读书"
"西安交大就业创业","2026-03-03","【校招】西安新东方2026届春季校园招聘正式启动！","https://mp.weixin.qq.com/s/ZWS-fAZiWAOTZ1M62N81QQ","微信读书"
"西安交大就业创业","2026-03-03","【校招】三环集团2026春季校园招聘正式启动！","https://mp.weixin.qq.com/s/0D8MTJLyTfD4suA7rifEVQ","微信读书"
"西安交大就业创业","2026-03-03","【校招】国家电网有限公司2026年招聘高校毕业生（第二批）公告","https://mp.weixin.qq.com/s/C5_md4xVKpllrmSRTjwQtg","微信读书"
"西安交大就业创业","2026-03-03","【实习】深南电路2026届春招校园大使招募正式启动！","https://mp.weixin.qq.com/s/lg2aD1zSpbIZ9729J9_ZXg","微信读书"
"西安交大就业创业","2026-03-03","【创新港宣讲】东风商用车有限公司2026届春季校园招聘正式启动！","https://mp.weixin.qq.com/s/ps_sitsBVxHsgiymnasA4g","微信读书"
"西安交大就业创业","2026-03-02","关于举办考公考编笔试备考培训及线下模考活动的通知","https://mp.weixin.qq.com/s/w3G-VslEBtlviuNaq71Sjg","微信读书"
"西安交大就业创业","2026-03-02","【校招】招商银行北京分行2026春季校园招聘","https://mp.weixin.qq.com/s/IW_RMXuxBAJxjdklYO6_sA","微信读书"
"西安交大就业创业","2026-03-02","【校招】小红书商业培训生2026届春季招募开启","https://mp.weixin.qq.com/s/u-2GtIoLyjo2yYI-UFOY-A","微信读书"
"西安交大就业创业","2026-03-02","【校招】三星(中国)半导体2026届春季校园招聘正式启动","https://mp.weixin.qq.com/s/w_XTPPHzg5CX-ClXAyjG5w","微信读书"
"西安交大就业创业","2026-03-02","【校招】安克创新2026届春季全球校园招聘正式启动！","https://mp.weixin.qq.com/s/lgEDUu4nfb97tYH6NVTjnw","微信读书"
"西安交大就业创业","2026-03-02","【创新港宣讲】vivo2026全球校园招聘宣讲会","https://mp.weixin.qq.com/s/k3haeMPdT4h_FG3lKsK6jQ","微信读书"
"西安交大就业创业","2026-03-01","西安交通大学春季学期校园招聘及职业指导活动预告（3.02-3.08）","https://mp.weixin.qq.com/s/MCVfuc3-wmqGVKfpB0vNpg","微信读书"
"西安交大就业创业","2026-03-01","【校招】长江存储2026届春季校园招聘启动","https://mp.weixin.qq.com/s/K0HBeQlWHRpkwXmTDwv2eg","微信读书"
"西安交大就业创业","2026-03-01","【校招】亦庄控股2026年春季校园招聘启动","https://mp.weixin.qq.com/s/pqk0frmt20yatjxJfx6d1g","微信读书"
"西安交大就业创业","2026-03-01","【校招】2026年山东省莱州市优秀毕业生公开招聘公告","https://mp.weixin.qq.com/s/weR0ntdCPZAbnqxryrfOFg","微信读书"
"西安交大就业创业","2026-03-01","【实习】吉利2026全球校园大使正式开启招募！","https://mp.weixin.qq.com/s/7Zl0cQm6Iywk1EGTt60_nA","微信读书"
"西安交大就业创业","2026-02-28","【校招】宇树科技股份有限公司2026年招聘","https://mp.weixin.qq.com/s/ZRyfeFBBMql6Em0LRTAbgQ","微信读书"
"西安交大就业创业","2026-02-28","【校招】西安医学院第一附属医院2026年度人才招聘公告","https://mp.weixin.qq.com/s/EnRRNxaRDf2V2cyxNdtinQ","微信读书"
"西安交大就业创业","2026-02-28","【校招】国家药监局药审中心2026年度聘用制人员公开招聘公告","https://mp.weixin.qq.com/s/q4GGp4mKEn6ZT_aIZVS79A","微信读书"
"西安交大就业创业","2026-02-28","【校招】2026年上海工培生选调开启","https://mp.weixin.qq.com/s/dovcdDDBP0jjaHHw54rYRg","微信读书"
"西安交大就业创业","2026-02-28","【实习】中金公司2026年暑期实习生招聘正式启动","https://mp.weixin.qq.com/s/R1G_u_tl3-UZLUMBUJQ2uw","微信读书"
"西安交大就业创业","2026-02-27","【校招】中国能建华北院2026年春季校招正式启动","https://mp.weixin.qq.com/s/gT9ZP40D40F04w5juR_jXQ","微信读书"
"西安交大就业创业","2026-02-27","【校招】招商银行西安分行2026春季校园招聘","https://mp.weixin.qq.com/s/SHYAn1UHEhEml9KvIgZeKQ","微信读书"
"西安交大就业创业","2026-02-27","【校招】京东2026TET管理培训生春季招聘正式启动！","https://mp.weixin.qq.com/s/XtxdvYOsbdPwjN72vOA78w","微信读书"
"西安交大就业创业","2026-02-27","【校招】国新国际2026年校园招聘公告","https://mp.weixin.qq.com/s/8wPwIMzVXNZyObkhgbOoxA","微信读书"
"西安交大就业创业","2026-02-27","【校招】2026年嘉兴市卫生健康委员会直属单位公开招聘卫生专业技术人员公告","https://mp.weixin.qq.com/s/O8hgBsBCuk_3lnX00rovgQ","微信读书"
"西安交大就业创业","2026-02-26","【校招】货拉拉2026年春季校园招聘","https://mp.weixin.qq.com/s/SH99Gn-BTN66c1vprVUlgg","微信读书"
"西安交大就业创业","2026-02-26","【校招】河南医药大学第一附属医院2026年度招聘公告","https://mp.weixin.qq.com/s/NyxP0kQ-jY0JjU8S1XJayA","微信读书"
"西安交大就业创业","2026-02-26","【实习】亚洲开发银行2026年实习生计划","https://mp.weixin.qq.com/s/b2bXeA0nZpca_6Acn0jf7g","微信读书"
"西安交大就业创业","2026-02-25","【校招】TenX AI & 绰瑞资产2026年校园招聘","https://mp.weixin.qq.com/s/gakm7mbqMrphHEs6Uen-wA","微信读书"
"西安交大就业创业","2026-02-25","【校招】江西省水利投资集团有限公司2026年第二批次校园招聘简章","https://mp.weixin.qq.com/s/GVoTLPg8Uur1bCvOOWEjyA","微信读书"
"西安交大就业创业","2026-02-25","【校招】国防科技大学2026年人才引进公告","https://mp.weixin.qq.com/s/piJnWXgjy-zPhTkyCagzpQ","微信读书"
"西安交大就业创业","2026-02-24","欢迎加盟！西安交大，全球招聘","https://mp.weixin.qq.com/s/O4LpbjGIvq6DQBHBA0hT1w","微信读书"
"西安交大就业创业","2026-02-24","【校招】中国航空工业新航博士招聘公告","https://mp.weixin.qq.com/s/CuRkgfUsrjxeZpkrdsyWAg","微信读书"
"西安交大就业创业","2026-02-24","【校招】2026年渭南市事业单位公开招聘工作人员公告","https://mp.weixin.qq.com/s/vP4UE_PQUbTGjLgdGEMxCQ","微信读书"
"西安交大就业创业","2026-02-23","【校招】中国电科产业基础研究院2026届校园招聘开启","https://mp.weixin.qq.com/s/bD_zXnKwlSn2c_sQdLjejw","微信读书"
"西安交大就业创业","2026-02-23","【校招】柳工机械2026届春季校园招聘全球启动","https://mp.weixin.qq.com/s/8KppuQ8nf_KiKvHii3xl_w","微信读书"
"西安交大就业创业","2026-02-23","【实习】小米顶尖实习生计划开放全年招募！","https://mp.weixin.qq.com/s/PpAIMLP7XXwVt3uQMeSz3g","微信读书"
"西安交大就业创业","2026-02-22","【校招】中证数据有限责任公司2026年度招聘公告","https://mp.weixin.qq.com/s/tNTaWFHaRcUjGlv0-uLAoQ","微信读书"
"西安交大就业创业","2026-02-22","【校招】四川大学2026年专职辅导员招聘公告","https://mp.weixin.qq.com/s/u6PhyKi0uxgF8HNQkoGlqA","微信读书"
"西安交大就业创业","2026-02-21","【校招】WIPO中国:招聘国际公务员助理档案事务官","https://mp.weixin.qq.com/s/HNPorO8vH2GJOe-kfutJtQ","微信读书"
"西安交大就业创业","2026-02-21","【校招】奕派科技2026届春季全球校园招聘火热开启！","https://mp.weixin.qq.com/s/W94xgo-2Dma0xu3dwmdAIA","微信读书"
"西安交大就业创业","2026-02-21","【校招】腾讯元宝校招补录 & 实习生招聘，多类岗位正在热招","https://mp.weixin.qq.com/s/_HKyhtIslQbmGXgD8lq50Q","微信读书"
"西安交大就业创业","2026-02-20","【校招】乐歌股份2026届校园春季招聘来啦!","https://mp.weixin.qq.com/s/rXYCPbsHyxg0R2eQQPWreA","微信读书"
"西安交大就业创业","2026-02-20","【校招】济南市2026年“泉优计划”优秀青年人才选聘公告","https://mp.weixin.qq.com/s/BQO5Pp6VBrc3BVtirl6LiA","微信读书"
"西安交大就业创业","2026-02-20","【校招】怀柔实验室2026年海外高层次人才招募公告","https://mp.weixin.qq.com/s/vAJHOZpoBsaVvjilXgxkYA","微信读书"
"西安交大就业创业","2026-02-19","【校招】中船智海创新研究院2026届春季招聘","https://mp.weixin.qq.com/s/1qUsgTYC8S5sZexVzsyPEw","微信读书"
"西安交大就业创业","2026-02-19","【校招】西安海关公开招聘事业编制工作人员","https://mp.weixin.qq.com/s/FdVBLDaQWq3eW7VlrD9m2A","微信读书"
"西安交大就业创业","2026-02-19","【校招】海信集团2026届全球校园招聘正式启动！","https://mp.weixin.qq.com/s/e4Nvq2yakmse5lP6K-HgUw","微信读书"
"西安交大就业创业","2026-02-18","【校招】中电电气2026年春季校园招聘启动！","https://mp.weixin.qq.com/s/oHRX6xKhdo2-fTEI0RptTw","微信读书"
"西安交大就业创业","2026-02-18","【校招】跨境清算公司2026年度校园招聘公告","https://mp.weixin.qq.com/s/YOsP4mJ4KH2ZXrfch3fxnA","微信读书"
"西安交大就业创业","2026-02-18","【动态】我校收到多家用人单位感谢信","https://mp.weixin.qq.com/s/0uNvXPIjCpKD6j3jGUVkFg","微信读书"
"西安交大就业创业","2026-02-17","西安交通大学学生就业创业指导服务中心祝您新春快乐！","https://mp.weixin.qq.com/s/La9lfJVfoJykk2PgxYIsfQ","微信读书"
"西安交大就业创业","2026-02-17","【校招】字节跳动2026校园招聘火热进行中！","https://mp.weixin.qq.com/s/4UkzSrOc0_3VTg9tUqmKOQ","微信读书"
"西安交大就业创业","2026-02-17","【校招】有道领世2026春季校园招聘正式启动！","https://mp.weixin.qq.com/s/X54FYgiKAKvwStJQO0bp1A","微信读书"
"西安交大就业创业","2026-02-16","【校招】中国电能成套设备有限公司2026年高校毕业生招聘公告","https://mp.weixin.qq.com/s/Q0vkRhAWJIDZU5_rsw2OMw","微信读书"
"西安交大就业创业","2026-02-16","【校招】默沙东2026招聘正式启动","https://mp.weixin.qq.com/s/uXJtnoQqVBTfpL3Wi1ZFFg","微信读书"
"西安交大就业创业","2026-02-16","【实习】联合国人类住区规划署招募实习生","https://mp.weixin.qq.com/s/CMa1uZWM8XIq6HDw2DI9nA","微信读书"
"西安交大就业创业","2026-02-03","西安交通大学第八届“千家单位 万名学子”综合类双选会（2026年春季）邀请函","https://mp.weixin.qq.com/s/ohzHTIXJgtIHxZT1OPS5Ng","微信读书"
"西安交大就业创业","2026-02-03","【校招】中证数据2026年度招聘公告","https://mp.weixin.qq.com/s/74T8G8Kn43uWe0tBHV2mNw","微信读书"
"西安交大就业创业","2026-02-03","【校招】2026年青海省省直事业单位面向社会公开招聘工作人员公告","https://mp.weixin.qq.com/s/cOMVrwZe92Q8kQkfRtjfLg","微信读书"
"西安交大就业创业","2026-02-03","【实践】2026年“宝洁供应链训练营”正式开启","https://mp.weixin.qq.com/s/o0HB4wafX9idfGyS4q6Stg","微信读书"
"西安交大就业创业","2026-02-02","【校招】中国兵器第一研究院2026年校园招聘火热来袭","https://mp.weixin.qq.com/s/h62BWBTK06PHvnDi0B7pdQ","微信读书"
"西安交大就业创业","2026-02-02","【校招】山西省2026年事业单位公开招聘公告","https://mp.weixin.qq.com/s/l5TLXQvJVUmar7PjbIJ90Q","微信读书"
"西安交大就业创业","2026-02-02","【校招】工业和信息化部所属单位2026年度公开招聘公告","https://mp.weixin.qq.com/s/P2HIap_km-T2lwGbC08LHQ","微信读书"
"西安交大就业创业","2026-02-02","【校招】东南大学2026年度专职辅导员招聘公告","https://mp.weixin.qq.com/s/JUGnT0jk8ACjAYzxwXgU2w","微信读书"
"西安交大就业创业","2026-02-01","【校招】宁夏回族自治区2026年考试录用公务员公告","https://mp.weixin.qq.com/s/W0IVVa1ykZVhkToef1kRZQ","微信读书"
"西安交大就业创业","2026-02-01","【校招】联发科技2026届校园招聘补录","https://mp.weixin.qq.com/s/mk5jCKM52DWaT3epjivUgA","微信读书"
"西安交大就业创业","2026-02-01","【校招】安徽省2026年度省直事业单位统一公开招聘工作人员公告","https://mp.weixin.qq.com/s/7eKH3kObo56FZH29BlIKuA","微信读书"
"西安交大就业创业","2026-02-01","【校招】2026年度新疆生产建设兵团医院高层次人才引进和公开招聘公告","https://mp.weixin.qq.com/s/CY0TD7omLNfbDcizMKYJfQ","微信读书"
"西安交大就业创业","2026-01-31","交大一附院召开学生就业工作座谈会","https://mp.weixin.qq.com/s/AGRhiy4_3HswZ7eMWylQHg","微信读书"
"西安交大就业创业","2026-01-31","【校招】中远海运全球物流基础设施投资、建设、运营人才招聘","https://mp.weixin.qq.com/s/YX-fG5eVYOKxjz_ffeIdZw","微信读书"
"西安交大就业创业","2026-01-31","【校招】中国船舶集团第七一一研究所2026届校园招聘","https://mp.weixin.qq.com/s/sIwg89l8ZJb31oAaKsREEA","微信读书"
"西安交大就业创业","2026-01-31","【校招】广东省事业单位2026年集中公开招聘高校毕业生公告","https://mp.weixin.qq.com/s/Z-JDyjdaRb5HXOkffPUcNQ","微信读书"
"西安交大就业创业","2026-01-30","@2026届高校毕业生，15场招聘活动别错过","https://mp.weixin.qq.com/s/IfFfSVSDw4OakkLlGajQuQ","微信读书"
"西安交大就业创业","2026-01-30","【校招】一汽解放2026校园招聘进行中","https://mp.weixin.qq.com/s/O_1AJ1c2fIfMh-8u1O-Wmw","微信读书"
"西安交大就业创业","2026-01-30","【校招】上海证券交易所2026年员工招聘启事","https://mp.weixin.qq.com/s/EZymPz1Ge-JWIkRoXuxKKQ","微信读书"
"西安交大就业创业","2026-01-30","【校招】360校招补录专场，速来锁定你的offer","https://mp.weixin.qq.com/s/F_S-pes_r9HQcOinA4LMJA","微信读书"
"西安交大就业创业","2026-01-29","【校招】卫星集团1月在招岗位汇总","https://mp.weixin.qq.com/s/IAadYds8CCgbjAq95GNGKQ","微信读书"
"西安交大就业创业","2026-01-29","【校招】陕西省2026年统一考试录用公务员公告","https://mp.weixin.qq.com/s/gnF73w1fBAoUZCBa2h3wKg","微信读书"
"西安交大就业创业","2026-01-29","【实习】腾讯2026实习生招聘技术提前批正式启动!","https://mp.weixin.qq.com/s/Z2GaKLWBfBhVtLV88svOGg","微信读书"
"西安交大就业创业","2026-01-29","【实习】2026世界银行集团先锋人才计划招募","https://mp.weixin.qq.com/s/bE25EbM1dIHWqvwUOqvIqQ","微信读书"
"西安交大就业创业","2026-01-28","【校招】TP-LINK 2026届春季校园招聘正式启动","https://mp.weixin.qq.com/s/gOTPPyratfm23y3-WUtw4Q","微信读书"
"西安交大就业创业","2026-01-28","【校招】中国一汽研发总院2026全球校园招聘","https://mp.weixin.qq.com/s/yQFBPy6Aoxn_cNIlygWigQ","微信读书"
"西安交大就业创业","2026-01-28","【校招】西安电子工程研究所2026年博士研究生招生公告","https://mp.weixin.qq.com/s/rZ6yrdiO4iKH4BMsRBasyw","微信读书"
"西安交大就业创业","2026-01-28","【实习】微软2026暑期实习生-研发岗","https://mp.weixin.qq.com/s/NSm5p5xTa8J8XRcJIIhk6g","微信读书"
"西安交大就业创业","2026-01-27","【校招】中国人民公安大学2026年度公开招聘公告","https://mp.weixin.qq.com/s/pEjyU2lC9I_7VUdk5H13cg","微信读书"
"西安交大就业创业","2026-01-27","【校招】拼多多集团2026届校招研后招聘专场","https://mp.weixin.qq.com/s/YfuB7HMS39SbHiJnh7ytZw","微信读书"
"西安交大就业创业","2026-01-27","【校招】河南省科学院激光制造研究所招聘计划","https://mp.weixin.qq.com/s/T6PN9a6EI85cjeJ2Mo3_hg","微信读书"
"西安交大就业创业","2026-01-27","【实习】世界贸易组织（WTO）2026年实习生招募启动","https://mp.weixin.qq.com/s/GmritAUgNgHTLnSYkJ53ug","微信读书"
"西安交大就业创业","2026-01-26","职业指导微课程之HR说校招（5）","https://mp.weixin.qq.com/s/7iwz-qJMPYDYb_5o0cCQjw","微信读书"
"西安交大就业创业","2026-01-26","【校招】浙江大学碳中和研究院2026年招聘","https://mp.weixin.qq.com/s/3dAK4JTj7c7C57pwuDxz2g","微信读书"
"西安交大就业创业","2026-01-26","【校招】荆州市启动2026年人才引进工作","https://mp.weixin.qq.com/s/2Zu3Xqx4GhVpCMF0DMCEHQ","微信读书"
"西安交大就业创业","2026-01-26","【校招】航天科工二院2026年博士后招聘正式启动","https://mp.weixin.qq.com/s/-veCCTaBOmibcUDm9gx8tA","微信读书"
"西安交大就业创业","2026-01-25","【校招】深圳信步科技2026届校园招聘","https://mp.weixin.qq.com/s/yy81ZBT0G60ZMNFNbMQUkg","微信读书"
"西安交大就业创业","2026-01-25","【校招】工业和信息化部电子第五研究所软件与系统研究部（院）AI人才招募令","https://mp.weixin.qq.com/s/Fp20lhG640uNm8yHHThEIQ","微信读书"
"西安交大就业创业","2026-01-25","【实习】阿里国际编策同舟AI类职位实习生招聘","https://mp.weixin.qq.com/s/6PfbLyG73lCadJVygxJGiw","微信读书"
"西安交大就业创业","2026-01-25","【动态】我校收到多家用人单位感谢信","https://mp.weixin.qq.com/s/MPwavc46OK9WQzUaUFzO5g","微信读书"
"西安交大就业创业","2026-01-24","【校招】中国航天科技集团五院510所2026届校园招聘","https://mp.weixin.qq.com/s/ZK73M94hka21BfLb_oHWow","微信读书"
"西安交大就业创业","2026-01-24","【校招】中国电子春天研究院2026届校园招聘正式启动","https://mp.weixin.qq.com/s/nOpwPkYcxE3NyVHag4BaZg","微信读书"
"西安交大就业创业","2026-01-24","【校招】陕西黄河集团有限公司2026年校园招聘","https://mp.weixin.qq.com/s/TxrtBYS5PjTy0wMfwTBbUw","微信读书"
"西安交大就业创业","2026-01-24","【实践】无锡高新区产业科技创新人才实训学院寒假班预报名启动","https://mp.weixin.qq.com/s/yFhnnaj5EhcqTKRf8RoFCw","微信读书"
"西安交大就业创业","2026-01-23","在澳门!报名联合国大学数字科技与可持续发展冬令营","https://mp.weixin.qq.com/s/z-fWYi_v0xuz1FwWdDnMJw","微信读书"
"西安交大就业创业","2026-01-23","【校招】中国火箭公司2026届校园招聘","https://mp.weixin.qq.com/s/GA3KPuK1TUMLox3YaNpjAQ","微信读书"
"西安交大就业创业","2026-01-23","【实习】腾讯HR日常实习生招募中","https://mp.weixin.qq.com/s/m3MYzvu8nOYXOK4K6yqEIA","微信读书"
"西安交大就业创业","2026-01-23","【就业指导】研后复试通关&求职破局","https://mp.weixin.qq.com/s/GzBdoD7s68gUEae4FZgtWA","微信读书"
"西安交大就业创业","2026-01-22","【校招】斯巴特2026届春招启动，快来斩获心仪offer","https://mp.weixin.qq.com/s/eD22zo3ha9j3uJuXRMjs_g","微信读书"
"西安交大就业创业","2026-01-22","【校招】北京市西城区卫生健康系统2026年第一批事业单位公开招聘工作人员公告","https://mp.weixin.qq.com/s/HL4QkO5Td0Pc_S9AwqX5nQ","微信读书"
"西安交大就业创业","2026-01-22","【通知】西安交通大学2026年春季校园招聘工作安排","https://mp.weixin.qq.com/s/hcfTFYKVDNXSyIQAC1PlPw","微信读书"
"西安交大就业创业","2026-01-22","【实习】开源证券研究所2026寒假实习招聘","https://mp.weixin.qq.com/s/grLf-O4Aln2CKpnMZg9h2A","微信读书"
"西安交大就业创业","2026-01-21","关于启动西安交通大学第十四届创业实践大赛暨2026年国家级大学生创业训练计划项目选拔的通知","https://mp.weixin.qq.com/s/AuOOmIaxXDFhvfXmq9PdzQ","微信读书"
"西安交大就业创业","2026-01-21","【校招】山东省公安机关计划招录特殊职位人民警察60人","https://mp.weixin.qq.com/s/EEKjq-j6mDXmqtW6soYQaw","微信读书"
"西安交大就业创业","2026-01-21","【校招】全国工商联直属单位2026年度公开招聘工作人员公告","https://mp.weixin.qq.com/s/2R2OXRG1KbK5pxn3vuHHJQ","微信读书"
"西安交大就业创业","2026-01-21","【校招】百度2026MTS管培生春季扩招正式启动","https://mp.weixin.qq.com/s/o0xhuDqJG2-c3Gems8D06g","微信读书"
"西安交大就业创业","2026-01-20","【选调】广西壮族自治区2026年从应届优秀大学毕业生中招录选调生公告","https://mp.weixin.qq.com/s/6_Bu5d_4EdYDhAxm1V8yNA","微信读书"
"西安交大就业创业","2026-01-20","【校招】英威腾2026届校招这些高潜力的岗位仍在热招中~","https://mp.weixin.qq.com/s/r4zJVUHHfRXSqIKy33HNmw","微信读书"
"西安交大就业创业","2026-01-20","【校招】广发证券2026校园招聘","https://mp.weixin.qq.com/s/PzChdHXGcAnAacX1cVlfhA","微信读书"
"西安交大就业创业","2026-01-20","【通知】火车票、住宿有优惠!教育部等4部门助力高校毕业生异地找工作","https://mp.weixin.qq.com/s/U4b8ph7ah5aZx4AR26AVfA","微信读书"
"西安交大就业创业","2026-01-19","【校招】龙旗科技2026届校园招聘","https://mp.weixin.qq.com/s/kw9x-bLV8exk9nkuacdPkQ","微信读书"
"西安交大就业创业","2026-01-19","【校招】供岗5万+!国家大学生就业服务平台专场招聘会上新","https://mp.weixin.qq.com/s/dpqeY95RavZRvRI9N2eGyg","微信读书"
"西安交大就业创业","2026-01-19","【校招】安徽省能源集团有限公司2026年校园招聘公告","https://mp.weixin.qq.com/s/3ucJicDcOV8W_86lJp1plg","微信读书"
"西安交大就业创业","2026-01-19","【实习】联合国亚洲及太平洋经济社会委员会实习岗(法务、社会人道)","https://mp.weixin.qq.com/s/V7Ykpdwr8vP4L_nYt5zKWg","微信读书"
"西安交大就业创业","2026-01-18","【校招】西北农林科技大学2026年专职辅导员招聘公告","https://mp.weixin.qq.com/s/1N-51_QFtr0p2Pcx2OhMCg","微信读书"
"西安交大就业创业","2026-01-18","【实习】与拜耳一起造8，把灵感统统“造”出来","https://mp.weixin.qq.com/s/rx9_NACNEFBgcCxMsUiVRQ","微信读书"
"西安交大就业创业","2026-01-18","【就业指导】教育部“互联网+就业指导”公益直播课：把握新职业发展机遇","https://mp.weixin.qq.com/s/vE7wsWnl08ERbvxpWEDprw","微信读书"
"西安交大就业创业","2026-01-18","【动态】我校收到多家用人单位感谢信","https://mp.weixin.qq.com/s/VQr6hSslLwEl45T35W7xPQ","微信读书"
"西安交大就业创业","2026-01-17","就业创业中心关于2026年寒假期间业务办理的通知","https://mp.weixin.qq.com/s/NANXJIYJiB4ntWIWQuHjgQ","微信读书"
"西安交大就业创业","2026-01-17","【校招】中国航天科技集团有限公司第八研究院第八一二研究所","https://mp.weixin.qq.com/s/Edeh2C04j6mKJW1UaFeSmQ","微信读书"
"西安交大就业创业","2026-01-17","【校招】陕西师范大学2026年专职辅导员与心理健康教育专职教师招聘公告","https://mp.weixin.qq.com/s/GlNjwrKc-iJdmaJkybnddQ","微信读书"
"西安交大就业创业","2026-01-17","【校招】江苏永鼎股份有限公司2026校园招聘","https://mp.weixin.qq.com/s/PYNkrrX5p10DDHBsyLl1KQ","微信读书"
"西安交大就业创业","2026-01-17","【校招】豪迈2026届全球校园招聘研后专场来啦!","https://mp.weixin.qq.com/s/NyqM-h8z8B2vsBH50FGLow","微信读书"
"西安交大就业创业","2026-01-16","西安交通大学学生就业创业指导服务中心管理辅助人员招聘公告","https://mp.weixin.qq.com/s/4MgJlF5B-QLrAIGvVteLQA","微信读书"
"西安交大就业创业","2026-01-16","【校招】中航信移动科技有限公司(航旅纵横)2026届校园招聘","https://mp.weixin.qq.com/s/wvEdt4P0v9p90ihAvl0C4A","微信读书"
"西安交大就业创业","2026-01-16","【校招】新凯来2026届博士岗位持续招聘中","https://mp.weixin.qq.com/s/UWAW7tGusvefGOc2wOg2-Q","微信读书"
"西安交大就业创业","2026-01-16","【就业指导】南通人才房票实施办法，安居补贴最高150万元","https://mp.weixin.qq.com/s/X7PpOqyZoRC5Z-w3yhVZWg","微信读书"
"西安交大就业创业","2026-01-15","【实习】2026年国际组织实习项目指南","https://mp.weixin.qq.com/s/WSBJhW4MZ2H_y4z1ZHnDtA","微信读书"
"西安交大就业创业","2026-01-15","【实习】2026年国际组织实习项目申请流程","https://mp.weixin.qq.com/s/YlsaH5Pu15jI6af08JCcUg","微信读书"
"西安交大就业创业","2026-01-15","【就业指导】打破信息差：考研复试及春招经验分享","https://mp.weixin.qq.com/s/PdQGvcWDkWfkIB4jLWOGUA","微信读书"
"西安交大就业创业","2026-01-15","【公派】2026年国家建设高水平大学公派研究生项目指南","https://mp.weixin.qq.com/s/uc1TX5NOVrsDfHpPMYRJww","微信读书"
"西安交大就业创业","2026-01-14","关于做好我校2026届毕业生一次性求职补贴补发工作的通知","https://mp.weixin.qq.com/s/B2PUJXZk0okAeQvdcspGfQ","微信读书"
"西安交大就业创业","2026-01-14","【校招】永州市市直企事业单位2026年引进急需紧缺专业人才公告","https://mp.weixin.qq.com/s/11GLspdYsr7rvZczwVTBmw","微信读书"
"西安交大就业创业","2026-01-14","【校招】西咸黄冈学校（中学）2026年春季教师招聘公告","https://mp.weixin.qq.com/s/3OfUDA3Any4N7BKEL_RuLQ","微信读书"
"西安交大就业创业","2026-01-14","【校招】西安交通大学第一附属医院2026年全球招聘正式开启！","https://mp.weixin.qq.com/s/lDK6lWwhQGjQNMl-ywfY-w","微信读书"
"西安交大就业创业","2026-01-14","【校招】华为数字能源智能电动产品部2026届应届生招聘","https://mp.weixin.qq.com/s/FAzHoDi_HCh3nvb1zFH95g","微信读书"
"西安交大就业创业","2026-01-13","【校招】中国汽研与你的双向奔赴","https://mp.weixin.qq.com/s/HKYyWWOC72n4pTJ-ZYMNoQ","微信读书"
"西安交大就业创业","2026-01-13","【校招】中国电子科技集团公司第四十、四十一研究所2026届校园招聘","https://mp.weixin.qq.com/s/ugFHkth-sI4zL8Rktr0jhw","微信读书"
"西安交大就业创业","2026-01-13","【校招】人民网2026校园招聘启动!","https://mp.weixin.qq.com/s/zNZ_tfGOmfYt3_xywUOdrQ","微信读书"
"西安交大就业创业","2026-01-13","【校招】广州期货交易所2026年招聘及博士后招收启事","https://mp.weixin.qq.com/s/5RiBjXp1MhDMXCjDtgRbzA","微信读书"
"西安交大就业创业","2026-01-12","2026征兵报名攻略！请查收","https://mp.weixin.qq.com/s/-mH9bMfcgAOM_ayZOWg9Qw","微信读书"
"西安交大就业创业","2026-01-12","【校招】中央统战部直属事业单位2026年度应届高校毕业生公开招聘公告","https://mp.weixin.qq.com/s/TwEh9VlMKme-6eQKNwKfsQ","微信读书"
"西安交大就业创业","2026-01-12","【校招】舜宇26届秋招末班车，补录进行时！","https://mp.weixin.qq.com/s/P6v_Xdq7cmeNtHIRMnoGQg","微信读书"
"西安交大就业创业","2026-01-12","【校招】哈尔滨锅炉厂有限责任公司2026年全球校园招聘","https://mp.weixin.qq.com/s/N-qpSHXxfAMC7fYoPggDPQ","微信读书"
"西安交大就业创业","2026-01-12","【实习】CVTE2027届实习生计划火热开启！","https://mp.weixin.qq.com/s/pV5-W03xKFVpPOT2UuaqMQ","微信读书"
"西安交大就业创业","2026-01-11","【新闻】西安交大召开2025年就业创业工作总结表彰暨2026年工作推进会","https://mp.weixin.qq.com/s/0I74xgbI9OLzHa2O74oKRQ","微信读书"
"西安交大就业创业","2026-01-11","【校招】中国电子科技集团公司第十一研究所招聘简章","https://mp.weixin.qq.com/s/v_yQ2DqvF4_7k4wAQR0E8A","微信读书"
"西安交大就业创业","2026-01-11","【校招】亚厦集团2026全国校园招聘火热进行中","https://mp.weixin.qq.com/s/JvBKhMfFvi3NuwRyY40aZg","微信读书"
"西安交大就业创业","2026-01-11","【校招】上海宇量昇科技有限公司2026届校园招聘","https://mp.weixin.qq.com/s/U_vd5zZc8n3YdMkc8V2q6g","微信读书"
"西安交大就业创业","2026-01-11","【实践】第四届阳光冬令营邀你一同出发！","https://mp.weixin.qq.com/s/DwIiFj7L-h1_pzYQg_keHw","微信读书"
"西安交大就业创业","2026-01-11","【就业指导】课程预告 | 教育部“互联网+就业指导”公益直播课：建筑行业发展趋势和职业机会","https://mp.weixin.qq.com/s/JjBrxG6P4kEwKmjSRj3lEA","微信读书"
"西安交大就业创业","2026-01-10","回顾2025年，我们的职规和创业课堂!","https://mp.weixin.qq.com/s/ErT0OQuBoFwzl1xi3Bpswg","微信读书"
"西安交大就业创业","2026-01-10","【宣讲】广州期货交易所科技有限公司招聘宣讲会","https://mp.weixin.qq.com/s/azpCjbWtXU0MBM9xNPzLPw","微信读书"
"西安交大就业创业","2026-01-10","【校招】中国旅游集团2026年校园招聘正式启动!","https://mp.weixin.qq.com/s/CPXKZjBOwMeOTnezCNKlwQ","微信读书"
"西安交大就业创业","2026-01-10","【实习】2026年度首批金华市本级机关事业单位实习生招募开始啦","https://mp.weixin.qq.com/s/Zsb32cKZ8SiQl08VFYhFvA","微信读书"
"西安交大就业创业","2026-01-10","【实践】2026年启明信息冰雪嘉年华冬令营招募正式开启!","https://mp.weixin.qq.com/s/aErK4bXWmleS-KbfkXXMUA","微信读书"
"西安交大就业创业","2026-01-09","西安交通大学2025年就业创业工作回顾","https://mp.weixin.qq.com/s/RVkCcYMGnadqWAzyXnxIRw","微信读书"
"西安交大就业创业","2026-01-09","【校招】南昌市建设投资集团公开招聘公告","https://mp.weixin.qq.com/s/-ZyLaJ51G9C1k51DFKUOeA","微信读书"
"西安交大就业创业","2026-01-09","【校招】2026年潍坊市“青年优秀人才选聘计划”公告","https://mp.weixin.qq.com/s/X3s2Fsn6xXF725zQMja4tw","微信读书"
"西安交大就业创业","2026-01-09","【实习】联合国开发计划署实习岗招募","https://mp.weixin.qq.com/s/18bEhmLq8X4f8AtaiI4DQw","微信读书"
"西安交大就业创业","2026-01-09","【就业指导】扬州人才政策","https://mp.weixin.qq.com/s/XRezevEVKXZnQTrSppJ_EA","微信读书"
"西安交大就业创业","2026-01-08","权威发布！西安交通大学2025届毕业生就业质量报告","https://mp.weixin.qq.com/s/Rijok-yvH3DWcufpWjUZfg","微信读书"
"西安交大就业创业","2026-01-08","【校招】歌尔2026届精英计划正式启动！","https://mp.weixin.qq.com/s/I4HG82ua-hlyo2CKl1lmEw","微信读书"
"西安交大就业创业","2026-01-08","【校招】北汽研究总院2026届博士人才招募中!","https://mp.weixin.qq.com/s/dsCZxeXFXX1PrhnqyBasaw","微信读书"
"西安交大就业创业","2026-01-08","【校招】北京大学2026年度应届毕业生公开招聘公告","https://mp.weixin.qq.com/s/4yGvKC_WwJjDjeUvB1nXAw","微信读书"
"西安交大就业创业","2026-01-08","【就业指导】AI模拟面试使用指南","https://mp.weixin.qq.com/s/MkMLMtpUFybxEh2mEKViqQ","微信读书"
"西安交大就业创业","2026-01-07","【选调】河南关于2026年选调应届优秀大学毕业生到基层工作的通知（33）","https://mp.weixin.qq.com/s/fwmi76GCFPX7tNLCYD1t9Q","微信读书"
"西安交大就业创业","2026-01-07","【校招】中国华录集团有限公司2026届校园招聘正式开启","https://mp.weixin.qq.com/s/CAFAteDrQNSvDJGxc1xwaQ","微信读书"
"西安交大就业创业","2026-01-07","【校招】河南省2026年度统一考试录用公务员公告","https://mp.weixin.qq.com/s/xqE8_wgoMyVa5nPx3DMO0Q","微信读书"
"西安交大就业创业","2026-01-07","【校招】存款保险基金管理有限责任公司2026年度校园招聘正式启动","https://mp.weixin.qq.com/s/XotrriUgamoAVnXR7z36qQ","微信读书"
"西安交大就业创业","2026-01-06","【校招】卡斯柯2026校园招聘","https://mp.weixin.qq.com/s/t54L78JnP1AC3z2EjfH6Sw","微信读书"
"西安交大就业创业","2026-01-06","【校招】河南济源示范区2025年“智汇济源·人才济济”引进高层次人才和急需短缺人才公告","https://mp.weixin.qq.com/s/s9MTYLj6irCkmLwYvnv73w","微信读书"
"西安交大就业创业","2026-01-06","【校招】格力电器2026届春招提前批正式启动","https://mp.weixin.qq.com/s/IKeR6RMHr5DR8MS6tBEZZA","微信读书"
"西安交大就业创业","2026-01-06","【公派】2026年国家留学基金资助出国留学人员选派指南","https://mp.weixin.qq.com/s/xRhqb2bHPbbbb9WdFMTi3w","微信读书"
"西安交大就业创业","2026-01-06","【动态】我校收到多家用人单位感谢信","https://mp.weixin.qq.com/s/TB0yK084ydeVMHpo5Wl0AQ","微信读书"
"西安交大就业创业","2026-01-05","【校招】中共中央对外联络部事业单位2026年度公开招聘工作人员公告","https://mp.weixin.qq.com/s/27B4VMhSeTovIxJg7jDoaw","微信读书"
"西安交大就业创业","2026-01-05","【校招】合肥经开投资促进有限公司2025年公开招聘公告","https://mp.weixin.qq.com/s/LTKxThKAfeIWq97QmKovAA","微信读书"
"西安交大就业创业","2026-01-05","【实习】美团2026年春招全球校园大使招募正式启动","https://mp.weixin.qq.com/s/fdHERwZNAyJSXbHQX4Ibig","微信读书"
"西安交大就业创业","2026-01-05","【实习】岚图汽车实习生招聘","https://mp.weixin.qq.com/s/gK1a0bVuipyoa-Plc57pzA","微信读书"
"西安交大就业创业","2026-01-05","【动态】我校收到多家合作地市感谢信","https://mp.weixin.qq.com/s/bU_BxUlSdUo4DCr6PiehOA","微信读书"
"西安交大就业创业","2026-01-04","【宣讲会】郑州大学第五附属医院(公立三甲)事业编岗位招聘","https://mp.weixin.qq.com/s/ek_kppJDlskw8GADo6n4WQ","微信读书"
"西安交大就业创业","2026-01-04","【校招】安徽建工集团2026年度招聘公告","https://mp.weixin.qq.com/s/hsHdlskEKgJQv3-BFuMlwQ","微信读书"
"西安交大就业创业","2026-01-04","【校招】2025年“才聚齐鲁 成就未来”山东高速集团有限公司2025年下半年校园招聘公告","https://mp.weixin.qq.com/s/DJu_UQHzQP5haLAE6iPUCw","微信读书"
"西安交大就业创业","2026-01-04","【实习】联合国维也纳办公室公共信息实习岗","https://mp.weixin.qq.com/s/GpNjK2uCfNUqjd_7TU_lvg","微信读书"
"西安交大就业创业","2026-01-04","【就业指导】40+行业认知分享，助你规划2026年求职灵感!","https://mp.weixin.qq.com/s/hPfkdblKk6Gw1rsYN0rmVw","微信读书"
"西安交大就业创业","2026-01-03","【宣讲会】香港城市大学（东莞）2026年硕士申请入学开放申请！","https://mp.weixin.qq.com/s/WIiL24xQ_1O-CWbVVVz2nA","微信读书"
"西安交大就业创业","2026-01-03","【校招】中央广播电视总台2026年度公开招聘工作人员公告","https://mp.weixin.qq.com/s/LYQGLfYMqx7xbCmNfzqTwg","微信读书"
"西安交大就业创业","2026-01-03","【实习】腾讯混元青云计划实习生，全年招募！","https://mp.weixin.qq.com/s/I8sP72tUQJhqNj8X9abGKA","微信读书"
"西安交大就业创业","2026-01-03","【实践】一封来自家乡的邀请函-2026年青岛西海岸新区寒假返家乡社会实践报名开启！","https://mp.weixin.qq.com/s/O78fusahvQrybq85raYhNA","微信读书"
"西安交大就业创业","2026-01-03","【就业指导】讲座：对全球中国视野下区域国别研究高质量发展的思考","https://mp.weixin.qq.com/s/qe9KbAh6a0FZWSTFIiJ_Ig","微信读书"
"西安交大就业创业","2026-01-02","2025，交大好声音！","https://mp.weixin.qq.com/s/QC1TzFOCZvOxDQqp1W9mdg","微信读书"
"西安交大就业创业","2026-01-02","【校招】深圳市罗湖区公办中小学教师招聘通道开启","https://mp.weixin.qq.com/s/7mgJM5CddREerL8kNTcvTw","微信读书"
"西安交大就业创业","2026-01-02","【实习】联合国全球传播部实习岗招募","https://mp.weixin.qq.com/s/ENRqqJKXAZx8rBIadvIB-Q","微信读书"
"西安交大就业创业","2026-01-02","【实习】广州南沙全年候常态化实习支持计划","https://mp.weixin.qq.com/s/WKg0KOGZRAz9tI7P1HSU5w","微信读书"
"西安交大就业创业","2026-01-02","【实践】@鄂尔多斯籍大学生545个寒假实践岗位等你来！","https://mp.weixin.qq.com/s/3YdT7mBIpTXdKCbz_S3ngA","微信读书"
"西安交大就业创业","2026-01-01","西安交大学生就业创业指导服务中心祝您元旦快乐！","https://mp.weixin.qq.com/s/exwJS4laUrLpvbxwnY_O-A","微信读书"
"西安交大就业创业","2026-01-01","【招生】航天动力技术研究院2026年博士研究生招生简章","https://mp.weixin.qq.com/s/TgxMLoEcDnOJS5ApuUTiJA","微信读书"
"西安交大就业创业","2026-01-01","【校招】Inspire(原Thoughtworks中国)AI产品经理","https://mp.weixin.qq.com/s/LeItpLIXDXNuwT_uNz-RqA","微信读书"
"西安交大就业创业","2026-01-01","【实习】联合国开发计划署法务实习岗招募","https://mp.weixin.qq.com/s/mTrhg7WXbnbo0VWcN0Hb6g","微信读书"
"西安交大就业创业","2026-01-01","【创业指导】2026年寒假交叉学科创业前沿在线课程","https://mp.weixin.qq.com/s/yepyonEwnwkZ2C96R8Vd1A","微信读书"
"西安交大就业创业","2025-12-31","【招聘会】招贤纳士！奉贤区2025年秋季高校线上招聘会“职”等你来","https://mp.weixin.qq.com/s/Y6K5iQCZyEe52qCTWK_GbQ","微信读书"
"西安交大就业创业","2025-12-31","【招聘会】“蓄力赋能强服务 寒假暖心促就业” 西北五省高校2026届毕业生寒假空中双选会","https://mp.weixin.qq.com/s/retHL5L5OxPv2Mf67Vk2RQ","微信读书"
"西安交大就业创业","2025-12-31","【校招】中国电子云2026校园招聘冬季补招启动","https://mp.weixin.qq.com/s/eka77sAZuIK3AT1ZSvwV9w","微信读书"
"西安交大就业创业","2025-12-31","【校招】西藏自治区2026年度政府部门所属事业单位急需紧缺人才引进公告","https://mp.weixin.qq.com/s/DxXoctDvhc42rvcrfORbGg","微信读书"
"西安交大就业创业","2025-12-31","【校招】甘肃银行2026年度校园招聘公告","https://mp.weixin.qq.com/s/CdMzT1pLftiHa_-LrsgkIA","微信读书"
"西安交大就业创业","2025-12-31","【实习】联合国环境规划署公共信息实习岗招募","https://mp.weixin.qq.com/s/D4RsEH22bm8fjqGlgw4-jA","微信读书"
"西安交大就业创业","2025-12-30","【校招】中国矿产资源集团招聘公告","https://mp.weixin.qq.com/s/MpGoiOTd-Qm0x0NmSCZDrA","微信读书"
"西安交大就业创业","2025-12-30","【校招】云南省卫生健康委员会所属部分事业单位开展2026年第二批校园招聘的公告","https://mp.weixin.qq.com/s/6nEMDAO0Vfndn2Fzk4uJNQ","微信读书"
"西安交大就业创业","2025-12-30","【校招】一汽-大众2026校园招聘载您启新程","https://mp.weixin.qq.com/s/nciPmBJp24p8VptDiCPfDw","微信读书"
"西安交大就业创业","2025-12-30","【校招】问界汽车2026届校招补录","https://mp.weixin.qq.com/s/jjBnHFDcMfThzIwN-PP_Fw","微信读书"
"西安交大就业创业","2025-12-30","【校招】北方自动控制技术研究所诚聘英才","https://mp.weixin.qq.com/s/oRgkxmNgpFMtcCzH24E7_A","微信读书"
"西安交大就业创业","2025-12-30","【校招】百万英才汇南粤-惠州市惠城区2025年公开招聘硕博士研究生公告","https://mp.weixin.qq.com/s/pLxRXfePot1Jwi5Z1zVYGg","微信读书"
"西安交大就业创业","2025-12-29","【云宣讲】空天信息大学（筹）诚聘2026届优秀青年博士！","https://mp.weixin.qq.com/s/Myx5MwaHzKx8fQlDQvxE_Q","微信读书"
"西安交大就业创业","2025-12-29","【校招】中央国家机关某部委所属事业单位招聘高校毕业生公告","https://mp.weixin.qq.com/s/CxNMoD-WS133JkWMHG1xxw","微信读书"
"西安交大就业创业","2025-12-29","【校招】中国民用航空局局属事业单位2025年度公开招聘公告（第二批）","https://mp.weixin.qq.com/s/gd8k-5s7mFWZyCvDH3CKqg","微信读书"
"西安交大就业创业","2025-12-29","【校招】宇通26届秋招补录来啦！","https://mp.weixin.qq.com/s/rwbZm_mHuPxNDB2Sz0g3VQ","微信读书"
"西安交大就业创业","2025-12-29","【校招】南京市卫生健康委员会、南京市机关事务管理局部分事业单位2026年公开招聘卫技人员公告","https://mp.weixin.qq.com/s/AtEmcLtG2pZFZBXQU_xWhA","微信读书"
"西安交大就业创业","2025-12-29","【实习】世界气象组织（WMO）招募实习生","https://mp.weixin.qq.com/s/q6MYYZ_4c23Gh2ob67lCCg","微信读书"
"西安交大就业创业","2025-12-28","【校招】中国科协所属单位2026年度公开招聘应届高校毕业生公告","https://mp.weixin.qq.com/s/NvP6gXJDQ_Ycm5_YsMiBsw","微信读书"
"西安交大就业创业","2025-12-28","【校招】中国家用电器研究院2026届校园招聘","https://mp.weixin.qq.com/s/ABfUw8qWbjaTcPr5nigEiQ","微信读书"
"西安交大就业创业","2025-12-28","【校招】辽宁庆阳特种化工有限公司2026年硕博士校园招聘","https://mp.weixin.qq.com/s/xZphBKODG5Q75x_XzKR4Cg","微信读书"
"西安交大就业创业","2025-12-28","【校招】2026年株洲市教育局直属学校面向高校毕业生公开招聘教师公告","https://mp.weixin.qq.com/s/umHheJbgzWfR13V78xeaIg","微信读书"
"西安交大就业创业","2025-12-28","【实习】腾讯2026全球校园大使开始招募啦!","https://mp.weixin.qq.com/s/YpNyIDg8rVVy48oQgTkzDw","微信读书"
"西安交大就业创业","2025-12-28","【实习】可远程实习，国际电信联盟招募实习生","https://mp.weixin.qq.com/s/q5aNFWXQB29eUGZHGZ8X4w","微信读书"
"西安交大就业创业","2025-12-15","共青团中央所属单位2026年度高校毕业生公开招聘公告","https://mp.weixin.qq.com/s/d_rctL6JOYe41UmrRNzcKg","微信读书"
"西安交大就业创业","2025-12-15","【校招】中国能建陕西院2026年校园招聘公告","https://mp.weixin.qq.com/s/ySdfzAsCy7F9FEzut8Vzog","微信读书"
"西安交大就业创业","2025-12-15","【校招】中国林业集团有限公司2026年校园招聘公告","https://mp.weixin.qq.com/s/CAOQfUwsA3vzS6Vo-VkzCA","微信读书"
"西安交大就业创业","2025-12-15","【校招】中国科学院空天信息创新研究院（空天院）2026校园招聘末班车！","https://mp.weixin.qq.com/s/rKGhfmmhV3xN3TSmBHXNPQ","微信读书"
"西安交大就业创业","2025-12-15","【校招】雄安国创中心科技有限公司2026年校招正在进行中","https://mp.weixin.qq.com/s/nCUEvYnN4QFvFSR46wkbQg","微信读书"
"西安交大就业创业","2025-12-15","【校招】深圳证券交易所及其下属单位2026年信息技术人员招聘启事","https://mp.weixin.qq.com/s/E8bTl8UX_pZlIu0VPEtg9w","微信读书"
"西安交大就业创业","2025-12-14","西安交通大学秋季学期校园招聘及职业指导活动预告（12.15-12.21）","https://mp.weixin.qq.com/s/z1w8iL3_2h0HW7uptTDSGw","微信读书"
"西安交大就业创业","2025-12-14","融中2026届校园招聘与实习计划正式启动","https://mp.weixin.qq.com/s/SsWEVRodGlgmpvU-yNgqVw","微信读书"
"西安交大就业创业","2025-12-14","课程预告 | 教育部“互联网+就业指导”公益直播课：医药卫生行业发展趋势和职业机会","https://mp.weixin.qq.com/s/ck3SOlw-NXUq5DTsMYzA7A","微信读书"
"西安交大就业创业","2025-12-14","【校招】武汉金融控股（集团）有限公司2026届校园招聘公告","https://mp.weixin.qq.com/s/x5sDUMRWc8xLxCWEnNeNxw","微信读书"
"西安交大就业创业","2025-12-14","【校招】通号通信信息集团有限公司2026届高校毕业生招聘公告","https://mp.weixin.qq.com/s/8iCYbyxcfaU2xcoq59mnvA","微信读书"
"西安交大就业创业","2025-12-14","【校招】北京广播电视台2026年校园招聘","https://mp.weixin.qq.com/s/i0SZ8azv26O0TCN292PHhA","微信读书"
"西安交大就业创业","2025-12-13","中国人民银行清算总中心直属企业银清科技有限公司2026年度公开招聘公告","https://mp.weixin.qq.com/s/6N4o6tSfi2A8nto1lhnjSw","微信读书"
"西安交大就业创业","2025-12-13","西安交通大学2026年就业见习生招聘通知","https://mp.weixin.qq.com/s/b3h4Tihp6fj8MY8s6KZT7g","微信读书"
"西安交大就业创业","2025-12-13","海亮27、28届毕业生【实习生+提前批】招聘空宣来了！","https://mp.weixin.qq.com/s/bMxY8IgTZa3iuY_Dy81hYA","微信读书"
"西安交大就业创业","2025-12-13","【校招】瞻芯电子2026届校园招聘","https://mp.weixin.qq.com/s/eBNBvBDSOLKVhZc-eb6nAw","微信读书"
"西安交大就业创业","2025-12-13","【校招】苏交科2026届校园招聘正式启动！","https://mp.weixin.qq.com/s/E-5FS1ALS_ZE9OkeoXBISw","微信读书"
"西安交大就业创业","2025-12-13","【事业单位】水利部长江水利委员会事业单位2026年度公开招聘公告（第二批）","https://mp.weixin.qq.com/s/R26Q4xBqnRHytjsQVo-mEw","微信读书"
"西安交大就业创业","2025-12-12","新时代高校学生国际就业力培养计划系列讲座 | 融通汉字智慧，成就国际传播","https://mp.weixin.qq.com/s/LL9r23e_DacGy8ig-Y1TGQ","微信读书"
"西安交大就业创业","2025-12-12","新疆和田地区2025年“才聚和田·智汇玉都”招才引智招聘工作人员公告","https://mp.weixin.qq.com/s/HcFqNmvq6owsC2Tt1lBzYw","微信读书"
"西安交大就业创业","2025-12-12","【校招】西安奇点能源2026届校园招聘启动","https://mp.weixin.qq.com/s/NVeAYC4ESgVpsDXfzaWhUQ","微信读书"
"西安交大就业创业","2025-12-12","【校招】顺丰集团2026届管培生全球招募","https://mp.weixin.qq.com/s/hTUqSO7OyPGdUkRJG8N96w","微信读书"
"西安交大就业创业","2025-12-12","【校招】清华四川能源互联网研究院2026校园招聘","https://mp.weixin.qq.com/s/e-8doy42QFe6TFWqM4J_nQ","微信读书"
"西安交大就业创业","2025-12-12","【校招】邓白氏 & 腾达科技2026届校园招聘","https://mp.weixin.qq.com/s/ooph_v4oYI8hRXYJVgXo0Q","微信读书"
"西安交大就业创业","2025-12-11","【院部动态】励志书院开展职业规划大赛专项指导","https://mp.weixin.qq.com/s/SPTgoYtqDdRvI4r3UhJ-9Q","微信读书"
"西安交大就业创业","2025-12-11","【校招】中捷通信有限公司2026届校园招聘","https://mp.weixin.qq.com/s/FFv44dEJw-fWyp1dmAbM7A","微信读书"
"西安交大就业创业","2025-12-11","【校招】中国科学院上海技术物理研究所2026届校园招聘","https://mp.weixin.qq.com/s/VyxZ7gYf-FccepYP8YuGeQ","微信读书"
"西安交大就业创业","2025-12-11","【校招】文华财经2026届校园招聘","https://mp.weixin.qq.com/s/oevG9BLfPbU3AtUzm5cokA","微信读书"
"西安交大就业创业","2025-12-11","【校招】瑞声光电科技2026届校园招聘","https://mp.weixin.qq.com/s/lN8scH3R05oKjxo5jizUKQ","微信读书"
"西安交大就业创业","2025-12-11","【校招】河南省安装集团有限责任公司2026校园招聘","https://mp.weixin.qq.com/s/PVkolG4wQJ-wssq1c5tAvg","微信读书"
"西安交大就业创业","2025-12-11","【校招】成方金融科技有限公司2026届校园招聘","https://mp.weixin.qq.com/s/_eBFZkfN7EmZOZh-6473Lg","微信读书"
"西安交大就业创业","2025-12-10","长春大学2025公开招聘博士高层次人才公告","https://mp.weixin.qq.com/s/TqaXD1aoXy1eKFNJtjNH0g","微信读书"
"西安交大就业创业","2025-12-10","西京医院公开招聘","https://mp.weixin.qq.com/s/ZU2JEcgEM7FTPgFUTndC-w","微信读书"
"西安交大就业创业","2025-12-10","乐创沙龙丨程序化广告 ：技术、机会与 Poly-Gamma 的未来人才计划","https://mp.weixin.qq.com/s/y5X3YYiIB1JkJbqXcdZPdQ","微信读书"
"西安交大就业创业","2025-12-10","【院部动态】公管学院成功举办职业规划大赛院内选拔赛","https://mp.weixin.qq.com/s/jIoh2PBWEwgpqtUrQ6kyLg","微信读书"
"西安交大就业创业","2025-12-10","【校招】中航工业永红2026届校园招聘","https://mp.weixin.qq.com/s/XTLSlmJbdByl_YKm1JAw_w","微信读书"
"西安交大就业创业","2025-12-10","【校招】银行间市场清算所股份有限公司2026年度校园招聘、博士后研究人员招收","https://mp.weixin.qq.com/s/3PtJ7jre4kWy4fKQQQvQAg","微信读书"
"西安交大就业创业","2025-12-10","【校招】北京航天动力研究所2026届校园招聘","https://mp.weixin.qq.com/s/DnDj2OHcGj6dyk-nrjqxPg","微信读书"
"西安交大就业创业","2025-12-10","【创新港宣讲】中国航发北京航空材料研究院2026届校园招聘","https://mp.weixin.qq.com/s/llDi6e5CYJsDr_G1i5poEA","微信读书"
"西安交大就业创业","2025-12-09","人民日报社2026年度公开招聘工作人员公告","https://mp.weixin.qq.com/s/nAHeiYQz7RRXKrOUPAt5lQ","微信读书"
"西安交大就业创业","2025-12-09","【招募令】2027届中兴通讯“兴人类”职协招募","https://mp.weixin.qq.com/s/AlvlBGrOu2osmfRqFGJ94Q","微信读书"
"西安交大就业创业","2025-12-09","【院部动态】电信学部职业规划大赛圆满落幕","https://mp.weixin.qq.com/s/tXfHloqcTj0VA23WegCZoA","微信读书"
"西安交大就业创业","2025-12-09","【校招】中国数联物流2026届校园招聘启动","https://mp.weixin.qq.com/s/xmG5XaMott11d4VWITc1mg","微信读书"
"西安交大就业创业","2025-12-09","【校招】中国电科第三十四研究所2026届校园招聘","https://mp.weixin.qq.com/s/tF9BtlQzOegM8zTN33zcmg","微信读书"
"西安交大就业创业","2025-12-09","【校招】上海票据交易所2026年度校园招聘公告","https://mp.weixin.qq.com/s/cQEp7ONUCFh4pms06fkRGA","微信读书"
"西安交大就业创业","2025-12-09","【校招】南孚集团2026届校园招聘","https://mp.weixin.qq.com/s/YDQW3tlhTIAielHWUkhBtQ","微信读书"
"西安交大就业创业","2025-12-09","【事业单位】湛江市2025年事业单位公开招聘高层次人才公告","https://mp.weixin.qq.com/s/Q4rBthEESdj9EUngG31azw","微信读书"
"西安交大就业创业","2025-12-08","我们，百卅交大见！","https://mp.weixin.qq.com/s/WM6vdEndltho4YsJJIUkrg","微信读书"
"西安交大就业创业","2025-12-08","2026年航天二院全国优秀大学生冬令营正式启动","https://mp.weixin.qq.com/s/85v-15IZo5QGaWd-kTzAPw","微信读书"
"西安交大就业创业","2025-12-08","【院部动态】文治书院举办西安交通大学第十二届大学生职业规划大赛院内选拔赛","https://mp.weixin.qq.com/s/fWMiYdml9Hmoy6s1DZpDnw","微信读书"
"西安交大就业创业","2025-12-08","【校招】中国供销集团有限公司2026年度应届高校毕业生招聘公告","https://mp.weixin.qq.com/s/rdfAGRb8PlthiHJPCdIxjQ","微信读书"
"西安交大就业创业","2025-12-08","【校招】中国电研2026届校园招聘正式启动!","https://mp.weixin.qq.com/s/00T_Bam0vCz2fNlGSp8p_w","微信读书"
"西安交大就业创业","2025-12-08","【校招】晓禾教育 & 桃李未来2026届校园招聘","https://mp.weixin.qq.com/s/Sd72g6UjLWjrn_BZAqg_JQ","微信读书"
"西安交大就业创业","2025-12-08","【校招】天成航材 & 北新建材2026届校园招聘正式启动!","https://mp.weixin.qq.com/s/Ch3u8qzlSGYc9ZBhJxV-nw","微信读书"
"西安交大就业创业","2025-12-07","西安交通大学秋季学期校园招聘及职业指导活动预告（12.08-12.14）","https://mp.weixin.qq.com/s/HyFMEqr8Lw4mFNrbW3jyUA","微信读书"
"西安交大就业创业","2025-12-07","【院部动态】生命学院举办第三届全国大学生职业规划大赛选拔赛","https://mp.weixin.qq.com/s/l-b6aAD1mE2bZkZWZGLjEw","微信读书"
"西安交大就业创业","2025-12-07","【新闻】西安交大举办2025年“宏志助航计划”秋季学期就业培训","https://mp.weixin.qq.com/s/ciXEvZSfbHgo4nsKWWHP7w","微信读书"
"西安交大就业创业","2025-12-07","【校招】中国人民解放军第五三一一工厂2026届校园招聘","https://mp.weixin.qq.com/s/aKg7oXSGtCxRIoVeCkm5XQ","微信读书"
"西安交大就业创业","2025-12-07","【校招】南方投资集团2026届校园招聘全面启动","https://mp.weixin.qq.com/s/eny3HgwV3NCJkVAY5mEhGg","微信读书"
"西安交大就业创业","2025-12-07","【事业单位】国家粮食和物资储备局直属联系单位和垂直管理局事业单位2026年应届毕业生公开招聘公告","https://mp.weixin.qq.com/s/RV-vnYGSjXxPhdT4K2Ar_Q","微信读书"
"西安交大就业创业","2025-12-07","【人才引进】泉州市2026届选优生选拔引进公告","https://mp.weixin.qq.com/s/zW5_i-cHCurTRaP_FEe89g","微信读书"
"西安交大就业创业","2025-12-07","【创新港宣讲】泸州职业技术学院2025年下半年公开考核招聘事业编制专任教师","https://mp.weixin.qq.com/s/lN9oeoKjEU87nKE6dKx8xg","微信读书"
"西安交大就业创业","2025-12-06","青海“校园引才”西安博士专场招聘会","https://mp.weixin.qq.com/s/GR3t4ET3x8TwObLxlLPf8g","微信读书"
"西安交大就业创业","2025-12-06","课程预告 | 教育部“互联网+就业指导公益直播课：解锁就业“心”技能--大学生就业压力的心理解码与应对之道","https://mp.weixin.qq.com/s/DQmQiDCX_Xw4I8XEoekwKg","微信读书"
"西安交大就业创业","2025-12-06","百卅辉光·七秩日新——西安交通大学校庆二号公告发布！","https://mp.weixin.qq.com/s/7fnvCAACaxKn4D1rXmqqdA","微信读书"
"西安交大就业创业","2025-12-06","【院部动态】筑梦青春志在四方，规划启航职引未来励志书院职业规划大赛","https://mp.weixin.qq.com/s/IR7iN4Z9NfPJRyN4VKTZdg","微信读书"
"西安交大就业创业","2025-12-06","【新闻】西安交大学子参加国际就业力和全球治理在线课程","https://mp.weixin.qq.com/s/4_ob4io3wfRCZAOh_tOBCA","微信读书"
"西安交大就业创业","2025-12-06","【校招】中国电科产业基础研究院2026届秋季校园招聘正式启动","https://mp.weixin.qq.com/s/FkY99xWeoq-Ja8IkGl-etQ","微信读书"
"西安交大就业创业","2025-12-06","【事业单位】2026年度水利部黄河水利委员会事业单位公开招聘高校毕业生公告","https://mp.weixin.qq.com/s/srP-B4-dpw7klR5dfkPdxw","微信读书"
"西安交大就业创业","2025-12-06","【创新港宣讲】中国中原2026年校园招聘正式启动！","https://mp.weixin.qq.com/s/VHUugWVg-DyPs3XeOEX-ow","微信读书"
"西安交大就业创业","2025-12-05","浙江大学公开招聘党政管理人员、专职辅导员和行政专员","https://mp.weixin.qq.com/s/3DBrdT9aTkMwyI9w1XXpDQ","微信读书"
"西安交大就业创业","2025-12-05","【院部动态】西安交通大学职业规划大赛机械工程学院选拔赛决赛圆满落幕","https://mp.weixin.qq.com/s/rWQ9v8REhIq-0YMnny8Cyw","微信读书"
"西安交大就业创业","2025-12-05","【选调生说】张新怡：青春之花 深植基层沃土","https://mp.weixin.qq.com/s/IK1BRa_TLh2M3Iz3PWxtDw","微信读书"
"西安交大就业创业","2025-12-05","【校招】中核山东2026届校园招聘正式启航","https://mp.weixin.qq.com/s/7ptstrsrJpQHwdbsGsty3A","微信读书"
"西安交大就业创业","2025-12-05","【校招】郑煤机集团 & 华友钴业2026届校园招聘","https://mp.weixin.qq.com/s/wlw09maDC1QEcIFk4JiSWw","微信读书"
"西安交大就业创业","2025-12-05","【校招】上海外服2026届管培生校园招聘正式启动!","https://mp.weixin.qq.com/s/PW7hk5PfBB5i6yqeEe853w","微信读书"
"西安交大就业创业","2025-12-05","【校招】华勤技术 & 金冠电气2026届校园招聘","https://mp.weixin.qq.com/s/P-iTvvXcDRUN8dwyU4NBjg","微信读书"
"西安交大就业创业","2025-12-05","【事业单位】全国人大机关直属事业单位2026年度公开招聘工作人员公告","https://mp.weixin.qq.com/s/z7eM2dQmYMc12i2gavVYQw","微信读书"
"西安交大就业创业","2025-12-04","中央纪委国家监委机关直属单位2026年度公开招聘工作人员公告","https://mp.weixin.qq.com/s/awBL_gYZvrFOjuUwurvB2g","微信读书"
"西安交大就业创业","2025-12-04","职规大赛同期活动 | 校友企业-优艾智合机器人研究院参访与讲座","https://mp.weixin.qq.com/s/QCj0Bd5YwmjwSXNbh1EEzg","微信读书"
"西安交大就业创业","2025-12-04","【职规大赛】第三届全国大学生职业规划大赛崇实书院院内选拔赛落幕","https://mp.weixin.qq.com/s/_8BAq6a08o1TMnjTdcBixA","微信读书"
"西安交大就业创业","2025-12-04","【校招】中建-大成 & 松下集团2026届校招正式启动!","https://mp.weixin.qq.com/s/8Kcj6_z2u6OZAQzTjLroIA","微信读书"
"西安交大就业创业","2025-12-04","【校招】中国航空工业集团设备工程2026校园招聘正式启动","https://mp.weixin.qq.com/s/HuHpK3z-q8BmuqyOJkSohQ","微信读书"
"西安交大就业创业","2025-12-04","【校招】西安近代化学研究所2026届校园招聘正式启动!","https://mp.weixin.qq.com/s/6HP6GnYx497rM5LOSH3UnQ","微信读书"
"西安交大就业创业","2025-12-04","【校招】腾讯2026校招补录，还有机会!","https://mp.weixin.qq.com/s/ZYRjtqpkMbOcxFAJC2H9mg","微信读书"
"西安交大就业创业","2025-12-04","【创新港宣讲】华中科技大学2025年专职辅导员（事业编）招聘","https://mp.weixin.qq.com/s/owJaMGvyABKoyRGwLrFqbg","微信读书"
"西安交大就业创业","2025-12-03","职规大赛同期活动 | 芯片人才职业发展规划分享","https://mp.weixin.qq.com/s/6G1VklK_-VyR2nn4D3lbUw","微信读书"
"西安交大就业创业","2025-12-03","西藏自治区2026年高校毕业生公开考录公务员公告","https://mp.weixin.qq.com/s/lumHor54JA67prarB4esIw","微信读书"
"西安交大就业创业","2025-12-03","高博人才“新智引擎 智领未来”全国巡回博士、博士后高层次人才专场签约治谈会","https://mp.weixin.qq.com/s/BBlgCNu-JPqs1j6AHjbPOA","微信读书"
"西安交大就业创业","2025-12-03","【院部动态】宗濂书院第五届大学生职业规划大赛院内选拔赛圆满举行","https://mp.weixin.qq.com/s/0oeX7oNyLQuV7aAfr6VkLw","微信读书"
"西安交大就业创业","2025-12-03","【选调公告】广东省2026年度选调优秀大学毕业生公告（29）","https://mp.weixin.qq.com/s/58seS39tHPM9LjDKxrIouw","微信读书"
"西安交大就业创业","2025-12-03","【校招】中国再保 & 中再资产2026届校园招聘","https://mp.weixin.qq.com/s/3qREYhox4JPZI8GYeGGsgg","微信读书"
"西安交大就业创业","2025-12-03","【校招】中国恩菲工程技术有限公司2026校园招聘","https://mp.weixin.qq.com/s/1Rv0vTYhjZCu2e9KcAg0cA","微信读书"
"西安交大就业创业","2025-12-03","【校招】沃太能源 & 沃尔核材2026届校园招聘正式启动","https://mp.weixin.qq.com/s/Tp9Jr4Q_OYQ240Mv9-OyIQ","微信读书"
"西安交大就业创业","2025-12-02","职规大赛同期活动｜上海合作组织国家留学讲座","https://mp.weixin.qq.com/s/2LIWO7eZq13HJPX-6OWa5g","微信读书"
"西安交大就业创业","2025-12-02","【组团招聘】工信就业-中博汇高层次人才治谈会“2025年度秋季”巡回西安交通大学硕博专场引聘会","https://mp.weixin.qq.com/s/eT2u1bUjg_-CfI45wppCng","微信读书"
"西安交大就业创业","2025-12-02","【院部动态】人居学院举办第三届职业规划大赛","https://mp.weixin.qq.com/s/rxumaKtcx8isbVnE_LSo0g","微信读书"
"西安交大就业创业","2025-12-02","【选调公告】2026年度陕西省面向西安交通大学招录选调生公告(28)","https://mp.weixin.qq.com/s/0CHLZcBq0M6gZN8poHw6AQ","微信读书"
"西安交大就业创业","2025-12-02","【校招】中国长城资产校园招聘正式启动","https://mp.weixin.qq.com/s/bfOowXl9sYr1kfjTtx-vuA","微信读书"
"西安交大就业创业","2025-12-02","【校招】厦门钨业 & 越秀地产2026届全球校园招聘","https://mp.weixin.qq.com/s/XGhZKGfCTlp2pcF98zZK1A","微信读书"
"西安交大就业创业","2025-12-02","【校招】贝特瑞 & 优必选2026届校园招聘正式启动","https://mp.weixin.qq.com/s/-cwO2tNyrOsk-BPaB2vg8g","微信读书"
"西安交大就业创业","2025-12-02","【人才引进】2025年商洛市事业单位引进高层次人才招聘公告","https://mp.weixin.qq.com/s/F3WOinIwDerzJT7QoMxLRw","微信读书"
"西安交大就业创业","2025-12-01","【组团招聘】江西省2025年下半年产业链组团引才活动（西安站）","https://mp.weixin.qq.com/s/xS57a28u0MV15ud0WU9RmA","微信读书"
"西安交大就业创业","2025-12-01","【院部动态】能动学院职业规划大赛决赛圆满落幕","https://mp.weixin.qq.com/s/Pi8R4kIFgYfajRlRLptHKA","微信读书"
"西安交大就业创业","2025-12-01","【校招】中科芯2026届校园招聘正式启动！","https://mp.weixin.qq.com/s/ybGEDI-TobyEB3BDBYvu7A","微信读书"
"西安交大就业创业","2025-12-01","【校招】中核苏能2026届校园招聘全面启动","https://mp.weixin.qq.com/s/2bwDb2XZVxONmNOMjiq8gQ","微信读书"
"西安交大就业创业","2025-12-01","【校招】中国安能建设集团有限公司2026年度校园招聘公告","https://mp.weixin.qq.com/s/r0Ja93gReGuLR9oO5ULIig","微信读书"
"西安交大就业创业","2025-12-01","【校招】平安人寿2026校园招聘正式启动！","https://mp.weixin.qq.com/s/6-mmSMn_hLXj4hqQr4C9zQ","微信读书"
"西安交大就业创业","2025-12-01","【校招】广立微 & 科力普2026届校招火热进行中！","https://mp.weixin.qq.com/s/1gFobO1qwSfuvfN3pbZ-zw","微信读书"
"西安交大就业创业","2025-12-01","【创新港宣讲】2026年宝鸡高新区管委会校园招聘高层次人才","https://mp.weixin.qq.com/s/wdE-H55nQYaW-j42Gyh7xA","微信读书"
"西安交大就业创业","2025-11-30","主题发布 | 2026XbotPark（冬季）硬科技创业营：以AI为翼，进化人类可能！","https://mp.weixin.qq.com/s/z1t5Gg5dLGH0s8_gElYwgQ","微信读书"
"西安交大就业创业","2025-11-30","西安交通大学秋季学期校园招聘及职业指导活动预告（12.01-12.07）","https://mp.weixin.qq.com/s/lNoT__szlAY6L_KHUeEIKQ","微信读书"
"西安交大就业创业","2025-11-30","课程预告 | 教育部“互联网+就业指导”公益直播课：明晰方向，驭浪前行——在不确定时代掌控你的内在力量","https://mp.weixin.qq.com/s/hAZDA1zptJgiVJ8J8Hf-2g","微信读书"
"西安交大就业创业","2025-11-30","【组团招聘】江西省2026届引培生招录活动-西安交通大学专场","https://mp.weixin.qq.com/s/jAGOuIEvzYjzJwKE7j83Hw","微信读书"
"西安交大就业创业","2025-11-30","【院部动态】西安交通大学第十二届大学生职业规划大赛电气工程学院院内选拔赛成功举办","https://mp.weixin.qq.com/s/Q4xPm8amqJnH-5baqXIzQg","微信读书"
"西安交大就业创业","2025-11-30","【校招】长鑫存储2026秋招末班车，抓紧上车","https://mp.weixin.qq.com/s/Cj6Jrp4yv1BGMmGeZF-zUw","微信读书"
"西安交大就业创业","2025-11-30","【校招】成谷科技 & Lnx欣界能源2026届秋季校园招聘正式启动!","https://mp.weixin.qq.com/s/PM_9sOGeE8P2F9VtxS7c2Q","微信读书"
"西安交大就业创业","2025-11-30","【校招】北京证券交易所 全国股转公司2025年校园招聘公告","https://mp.weixin.qq.com/s/dGITObvoa_czKMx_tX80kA","微信读书"
"西安交大就业创业","2025-11-29","关于举办西安交通大学第37届“腾飞杯”创新创业大赛暨2026年“挑战杯”国赛选拔的通知","https://mp.weixin.qq.com/s/D2ZOqRNiySl5khj-mjgPZw","微信读书"
"西安交大就业创业","2025-11-29","冬令营宣讲会｜联合国大学欧洲冬令营 UNU-DTSD 2026","https://mp.weixin.qq.com/s/mgbYrCgOpt803JJQqm2ESQ","微信读书"
"西安交大就业创业","2025-11-29","【组团招聘】嘉兴“人才直通车——名校行”西安交通大学专场招聘","https://mp.weixin.qq.com/s/lwn4yEtKQRfe-kf_-mh8Ig","微信读书"
"西安交大就业创业","2025-11-29","【院部动态】西安交通大学第十二届大学生职业规划大赛南洋书院选拔赛圆满落幕","https://mp.weixin.qq.com/s/Tzi8wgmW4OhzXnma3N8uiQ","微信读书"
"西安交大就业创业","2025-11-29","【选调公告】河南省2026年定向国内部分高校选调应届优秀毕业生公告（27）","https://mp.weixin.qq.com/s/tmiVqCfz_cKi9hAfii8bIw","微信读书"
"西安交大就业创业","2025-11-29","【新闻】2026年广西定向西安交通大学招录选调生宣讲会在创新港举行","https://mp.weixin.qq.com/s/Qjra8WZZE4LCFpbFzIzOZg","微信读书"
"西安交大就业创业","2025-11-29","【校招】中储粮质检中心有限公司2026年度校园招聘公告","https://mp.weixin.qq.com/s/jVFTuO2P9vtRW5P1JqHobA","微信读书"
"西安交大就业创业","2025-11-29","【校招】上海空间推进研究所2026届第二批招聘公告","https://mp.weixin.qq.com/s/DewAfWL8EDKjYU5yf4L_Wg","微信读书"
"西安交大就业创业","2025-11-28","宝典在手，求职无忧!上海市《高校毕业生就业宝典(2025版)》抢先看","https://mp.weixin.qq.com/s/AuXyssivyoK2Z15-dSTtjw","微信读书"
"西安交大就业创业","2025-11-28","【院部动态】钱学森书院第三届职业规划大赛成功举办","https://mp.weixin.qq.com/s/7k_FNZjhO-7OvfbPefc_Lw","微信读书"
"西安交大就业创业","2025-11-28","【宣讲会】新疆和田地区2025年“才聚和田·智汇玉都” 招录及2026年基层公务员招录宣介工作","https://mp.weixin.qq.com/s/4AfaGY-uJesCvdDV92jOkA","微信读书"
"西安交大就业创业","2025-11-28","【校招】银联国际2026年度校园招聘正式启动!","https://mp.weixin.qq.com/s/LnT2AReGFXoQA_TQZdslPg","微信读书"
"西安交大就业创业","2025-11-28","【校招】凡岛 & 凡岛AI效率流程部2026届校园招聘正式启动!","https://mp.weixin.qq.com/s/iLN0-lVVKWgM0vzdqBYD_g","微信读书"
"西安交大就业创业","2025-11-28","【校招】重庆航天设计院2026年招聘简章","https://mp.weixin.qq.com/s/JwNrp1a35R_JjD3JEByWnQ","微信读书"
"西安交大就业创业","2025-11-28","【事业单位】深圳市事业单位2026年集中公开招聘高校毕业生公告","https://mp.weixin.qq.com/s/A1G-jJrd_eRHjDkmcuuFMA","微信读书"
"西安交大就业创业","2025-11-28","《新时代高校学生国际就业力培养计划》系列讲座第一期开讲！","https://mp.weixin.qq.com/s/lPnODH6DoHe8gvSlE6PluA","微信读书"
"西安交大就业创业","2025-11-27","职规大赛同期活动 | 中信证券金融科技岗位一对一职业咨询辅导","https://mp.weixin.qq.com/s/L--KwgMVBFgRXpP47vVN9Q","微信读书"
"西安交大就业创业","2025-11-27","宏志助航 | 简历制作与面试技巧 & 大学生就业维权与劳动合同法","https://mp.weixin.qq.com/s/w3WdRElY8oeScJiGK-1QwQ","微信读书"
"西安交大就业创业","2025-11-27","关于开展2025年山东省“百校千企”线上人才对接活动（2026届毕业生）的公告","https://mp.weixin.qq.com/s/Z-zPZVWkNGB9JTLdN-oN_g","微信读书"
"西安交大就业创业","2025-11-27","【院部动态】励志书院举办新生养成教育之国际交流暨大学生职业规划专题讲座","https://mp.weixin.qq.com/s/EjWlIOt_-mIP3N1DlcoC5Q","微信读书"
"西安交大就业创业","2025-11-27","【选调公告】西藏自治区2026年度定向选调应届优秀大学毕业生公告（26）","https://mp.weixin.qq.com/s/zt4Px4G8Fq2P71WAJ9e6OQ","微信读书"
"西安交大就业创业","2025-11-27","【校招】中核浙能2026校园招聘正式开启","https://mp.weixin.qq.com/s/U9D1mGZH5PouW0xj5BOLGA","微信读书"
"西安交大就业创业","2025-11-27","【校招】康龙化成 & 卡斯柯2026届全球校园招聘启动！","https://mp.weixin.qq.com/s/Pvz3PRZJ1ZUpcXNB1YL4UA","微信读书"
"西安交大就业创业","2025-11-27","【校招】湖北省楚天云有限公司 & 诺唯赞2026校园招聘正式启动","https://mp.weixin.qq.com/s/Vf4u3rfKX1O1tmftLPW6IA","微信读书"
"西安交大就业创业","2025-11-26","职规大赛同期活动｜中冶赛迪学长分享央企职业发展转型经验","https://mp.weixin.qq.com/s/UnbC4Q7bFBOB8plIUGGANQ","微信读书"
"西安交大就业创业","2025-11-26","陕西全媒体研究院综合事务管理辅助人员招聘公告","https://mp.weixin.qq.com/s/LWbAkpCYrxOGrvl_KsLtNw","微信读书"
"西安交大就业创业","2025-11-26","豆包-应用生成「一点都不技术」创作挑战赛开启，20 万奖池等你解锁！","https://mp.weixin.qq.com/s/f7CSa2GUW-HC3B6hbhfF0g","微信读书"
"西安交大就业创业","2025-11-26","2025年高校毕业生就业创业“政策地图”","https://mp.weixin.qq.com/s/vTpa2c0aB94bhg1tP0oHww","微信读书"
"西安交大就业创业","2025-11-26","【院部动态】前沿院与化学学院联合举办职业规划大赛","https://mp.weixin.qq.com/s/sZZtuoCQf6vNn_wSDryJdQ","微信读书"
"西安交大就业创业","2025-11-26","【宣讲会】2025年就业援藏省（市）和非援藏省事业单位面向西藏籍高校毕业生补充招聘公告","https://mp.weixin.qq.com/s/XOyAtHUnOen7PZbppvLqtw","微信读书"
"西安交大就业创业","2025-11-26","【校招】西安银行 & 开源证券2026届校园招聘","https://mp.weixin.qq.com/s/6u54bIdf_lA3More21emuw","微信读书"
"西安交大就业创业","2025-11-26","【创新港宣讲】北京证券交易所2025年校园招聘","https://mp.weixin.qq.com/s/lS8Kkg5pucGomoEQoJOJEg","微信读书"
"西安交大就业创业","2025-11-25","中国气象局在京单位2026年度招聘岗位公告","https://mp.weixin.qq.com/s/UsYI3-v1SX-3ClYIBmMwJQ","微信读书"
"西安交大就业创业","2025-11-25","职规大赛同期活动 | 走进西电智慧工厂！解锁输变电装备的 “智造密码”","https://mp.weixin.qq.com/s/YySV9gyvZV7U8VpiYWKtfA","微信读书"
"西安交大就业创业","2025-11-25","西安交大第十二届大学生职业规划大赛进行中","https://mp.weixin.qq.com/s/zGZxt89UkReN5TZrMRuaHA","微信读书"
"西安交大就业创业","2025-11-25","【院部动态】仲英书院举办职业规划大赛","https://mp.weixin.qq.com/s/-SmQ_RDOV5a5sBRhlvgiQQ","微信读书"
"西安交大就业创业","2025-11-25","【校招】中信出版集团2026届“璞玉计划”校园招聘","https://mp.weixin.qq.com/s/EgSPVdARXSW1Oyv64ZrtLA","微信读书"
"西安交大就业创业","2025-11-25","【校招】中电科数字技术股份有限公司2026届校园招聘","https://mp.weixin.qq.com/s/NwxxvWU9zA_ratPHP---cw","微信读书"
"西安交大就业创业","2025-11-25","【校招】山东恒信集团 & 晶云集团2026届校园招聘正式启动!","https://mp.weixin.qq.com/s/KAXL5aPT2w8GoXpFfzVbfA","微信读书"
"西安交大就业创业","2025-11-25","【校招】嘉庚创新实验室2026届优培生选拔公告","https://mp.weixin.qq.com/s/d3s7ek_2JpCeUX4q7DSTLg","微信读书"
"西安交大就业创业","2025-11-24","职规大赛同期活动｜参观走访AI名企科大讯飞丝路总部","https://mp.weixin.qq.com/s/fATalNqiK-YLupHD7D4vrQ","微信读书"
"西安交大就业创业","2025-11-24","武警工程大学2026年度直接引进文职人员公告","https://mp.weixin.qq.com/s/JtSaYsQUdtgXufkCXTeGeg","微信读书"
"西安交大就业创业","2025-11-24","【组团招聘】2025年上海徐汇招才引智校园行西安交通大学专场重磅来袭","https://mp.weixin.qq.com/s/OOKMn5EMu0lIIT29niFDBg","微信读书"
"西安交大就业创业","2025-11-24","【院部动态】经金学院顺利举办第十二届大学生职业规划大赛院内选拔赛","https://mp.weixin.qq.com/s/z0Qtfh6JF522EtzrFNjqiQ","微信读书"
"西安交大就业创业","2025-11-24","【校招】奇瑞捷豹路虎 & 新石器2026届校园招聘","https://mp.weixin.qq.com/s/tzxY6is6JT43F-RX_sN4Bw","微信读书"
"西安交大就业创业","2025-11-24","【校招】科华集团 & 华宝新能2026届校园招聘正式启动！","https://mp.weixin.qq.com/s/c2_2FD-zLdVa2gZ0ZyadaQ","微信读书"
"西安交大就业创业","2025-11-24","【事业单位】审计署部分京内直属事业单位2026年度校园招聘全面开启","https://mp.weixin.qq.com/s/-bp39HeD5pA05VkAcht54A","微信读书"
"西安交大就业创业","2025-11-24","【创新港宣讲】秦山核电（中核核电运行管理有限公司）2026届校园招聘","https://mp.weixin.qq.com/s/rWjJCid0CRJCMV2E0XVgwg","微信读书"
"西安交大就业创业","2025-11-23","西安交通大学秋季学期校园招聘及职业指导活动预告（11.24-11.30）","https://mp.weixin.qq.com/s/ZP1NIDbaP7-tBnlJxzL-fg","微信读书"
"西安交大就业创业","2025-11-23","西安交大举办“生涯沙盘引导培训”暨“宏志助航”师资培训班","https://mp.weixin.qq.com/s/bSAqMdg9Mt5u3-FIH-c8Ig","微信读书"
"西安交大就业创业","2025-11-23","课程预告 | 教育部“互联网+就业指导”公益直播课：信息通信业发展趋势和职业机会","https://mp.weixin.qq.com/s/WXZiEvRUe7lgNMIgrIPNBw","微信读书"
"西安交大就业创业","2025-11-23","国家卫生健康委直属和联系单位2026年度公开招聘人员公告","https://mp.weixin.qq.com/s/_1t9Ew9aL_T6Sdwe3iHVuA","微信读书"
"西安交大就业创业","2025-11-23","【院部动态】以规划促成长，以专业强就业——化工学院第三届“万华化学杯”职业规划大赛成功举办","https://mp.weixin.qq.com/s/xgR1TuPeUj_bHnnmSIjfQA","微信读书"
"西安交大就业创业","2025-11-23","【兴庆宣讲】中国重型汽车集团有限公司2026届校园招聘","https://mp.weixin.qq.com/s/hFZLOrgA-Mv6oaMWBS0Z5A","微信读书"
"西安交大就业创业","2025-11-23","【校招】哈电电机2026校园招聘正式启动","https://mp.weixin.qq.com/s/hQ3FUdf9P-mCmOT9jC-g3Q","微信读书"
"西安交大就业创业","2025-11-23","【创新港宣讲】新华通讯社2026年校园招聘","https://mp.weixin.qq.com/s/ghKs52qlu5bSy-DBiMbf3A","微信读书"
"西安交大就业创业","2025-11-22","提升青年全球胜任力 |  对话国际劳工组织北京局和国际劳工组织国际培训中心","https://mp.weixin.qq.com/s/EeJzQHDyCI_aiv_B5c9NJQ","微信读书"
"西安交大就业创业","2025-11-22","获奖选手回顾 | 闪耀职规赛！交大学子高光绽放","https://mp.weixin.qq.com/s/c2AIs9ESMa8wmXOtvbIIVQ","微信读书"
"西安交大就业创业","2025-11-22","【组团招聘】深圳40+重点企事业单位携2000+高含金量岗位走进西安!","https://mp.weixin.qq.com/s/sMSE3fKb6J3stWeoBHoNqQ","微信读书"
"西安交大就业创业","2025-11-22","【邀请函】“才聚两江”2025年高校联盟走进两江新区人才对接活动","https://mp.weixin.qq.com/s/YDJdNH9jCTv7gHlW4D2SVQ","微信读书"
"西安交大就业创业","2025-11-22","【选调公告】福建省2026年度选调生选拔工作公告（25）","https://mp.weixin.qq.com/s/oBsq6hOaaYDzj02IrcPlsQ","微信读书"
"西安交大就业创业","2025-11-22","【校招】华能核电开发有限公司2026年校园招聘","https://mp.weixin.qq.com/s/v9_fpBhDB6Wsm22Q2dycdg","微信读书"
"西安交大就业创业","2025-11-22","【创新港宣讲】中国核工业第五建设有限公司2026届校园招聘正式启动","https://mp.weixin.qq.com/s/thTZ78Q2GPXuExRS4T4s9Q","微信读书"
"西安交大就业创业","2025-11-22","【创新港宣讲】平湖市金投人才发展集团有限公司高层次人才（第一批）招聘","https://mp.weixin.qq.com/s/W1VvLumsWsSrXlwujnnLJw","微信读书"
"西安交大就业创业","2025-11-21","【兴庆宣讲】华能海南昌江核电有限公司","https://mp.weixin.qq.com/s/33lPt8s_ytra_gG4Lksygw","微信读书"
"西安交大就业创业","2025-11-21","【校招】中国银联2026年度校园招聘正式启动","https://mp.weixin.qq.com/s/TDXMtuLIc8WfsTiYZmMGjQ","微信读书"
"西安交大就业创业","2025-11-21","【校招】中国科学院上海微系统与信息技术研究所2025年秋季校园招聘","https://mp.weixin.qq.com/s/kPI1x4BvPJyvfdsqCLDWqQ","微信读书"
"西安交大就业创业","2025-11-21","【校招】中国航空工业集团上电2026校园招聘正式启动!","https://mp.weixin.qq.com/s/GrBeUY1usuiuMOIyIVWNlg","微信读书"
"西安交大就业创业","2025-11-21","【校招】中国港湾2026届“领航者”全球招募计划即日启动!","https://mp.weixin.qq.com/s/Ux8XDJ-dthDmobAUuZsKwA","微信读书"
"西安交大就业创业","2025-11-21","【事业单位】2026年度中国人民银行直属事业单位公开招聘公告","https://mp.weixin.qq.com/s/lJLYbwuDDLGnuEii0-O_bg","微信读书"
"西安交大就业创业","2025-11-21","【创新港宣讲】中原豫资投资控股集团2025年校园招聘","https://mp.weixin.qq.com/s/e7nrsIwkZ6Qos-cmtX6Gcw","微信读书"
"西安交大就业创业","2025-11-21","【创新港宣讲】北京市怀柔区“雁栖计划”高校招聘直通车","https://mp.weixin.qq.com/s/tg8BpTay4waccs27GX5XVg","微信读书"
"西安交大就业创业","2025-11-20","应急管理部所属单位2026年度第一批次公开招聘公告","https://mp.weixin.qq.com/s/dQ8YtTyB7YVYWesP5ioVhQ","微信读书"
"西安交大就业创业","2025-11-20","【校招】中国绿发2026年校园招聘正式启动","https://mp.weixin.qq.com/s/6DGqBs9NWgaQ1zre27NIIg","微信读书"
"西安交大就业创业","2025-11-20","【校招】江苏东成 & 晶丰明源2026届校园招聘","https://mp.weixin.qq.com/s/604iNOYpjiAH3WDa7mOnew","微信读书"
"西安交大就业创业","2025-11-20","【校招】华润江中 & 华润三九2026届校园招聘正式启动！","https://mp.weixin.qq.com/s/nIm3WmbbLkKBeOHaP1Onig","微信读书"
"西安交大就业创业","2025-11-20","【校招】华大集团 & 安凯微电子2026届校园招聘启动啦","https://mp.weixin.qq.com/s/8dOR_Ko1sUL7IAbe0Yz7NQ","微信读书"
"西安交大就业创业","2025-11-20","【校招】碧澄能源2026届校园招聘正式启动！","https://mp.weixin.qq.com/s/C53PKexa7cO9Z1lU7_VRig","微信读书"
"西安交大就业创业","2025-11-20","【校招】北京建工土木2026届校园招聘","https://mp.weixin.qq.com/s/EQdFZKDNdet5bpSqbuwAxg","微信读书"
"西安交大就业创业","2025-11-20","【实习】陕西西北人教玉成文化传媒有限公司实习生招聘公告","https://mp.weixin.qq.com/s/5zRXpFeZSFr1RlXMpwSjqg","微信读书"
"西安交大就业创业","2025-11-19","国家外汇管理局中央外汇业务中心2026年度应届生公开招聘公告","https://mp.weixin.qq.com/s/4MigQ6au5jRy4HY-ss18dA","微信读书"
"西安交大就业创业","2025-11-19","【组团招聘】江苏省盐城市2026年招引优秀青年人才专题宣讲活动","https://mp.weixin.qq.com/s/3b3QBP2UtTDRzrhuxHwevg","微信读书"
"西安交大就业创业","2025-11-19","【组团招聘】「就在武汉·甸定未来」2025年蔡甸区“学子聚汉”工程西安交通大学专场招聘会","https://mp.weixin.qq.com/s/SvKpysXziqvn3omZWYKPTg","微信读书"
"西安交大就业创业","2025-11-19","【选调公告】云南省2026年面向西安交通大学选调优秀毕业生公告 （24）","https://mp.weixin.qq.com/s/MHtuRN3xHPpBa6diTxA63w","微信读书"
"西安交大就业创业","2025-11-19","【校招】盈德气体 & 威迈斯2026届校园招聘","https://mp.weixin.qq.com/s/xRwy_xMA6q94lpFklqzM5w","微信读书"
"西安交大就业创业","2025-11-19","【校招】江西省水利投资集团 & 洛阳钼业2026届校园招聘","https://mp.weixin.qq.com/s/7g4CYEnCKtbKC8J6bdmdew","微信读书"
"西安交大就业创业","2025-11-19","【校招】国网陕西省电力有限公司2026年高校毕业生招聘公告(第一批)","https://mp.weixin.qq.com/s/crKqZyY8MYHRLXEQEwpGcw","微信读书"
"西安交大就业创业","2025-11-18","【组团招聘】广东能源集团2026届校园招聘","https://mp.weixin.qq.com/s/ew0u5f6rfWoHlzV3yO-1Ww","微信读书"
"西安交大就业创业","2025-11-18","【院部动态】交大师生走进中国航发动力 感悟强国“心”动力","https://mp.weixin.qq.com/s/2wuG-WffCT7htuFZTk_0Zg","微信读书"
"西安交大就业创业","2025-11-18","【雁塔宣讲】吉林大学第一医院2026届校园招聘","https://mp.weixin.qq.com/s/fT729DUeJc_h1XaEYlrJ9g","微信读书"
"西安交大就业创业","2025-11-18","【选调公告】江西省2026年度面向西安交通大学选调应届优秀大学毕业生公告（23）","https://mp.weixin.qq.com/s/SOdwU2znFSZbAhA9BDW0pg","微信读书"
"西安交大就业创业","2025-11-18","【校招】OBSBOT寻影 & 联咏科技2026届校园招聘正式启动！","https://mp.weixin.qq.com/s/BKQOD3HE0Lq3JMlnkkYbhQ","微信读书"
"西安交大就业创业","2025-11-18","【校招】中国储备粮管理集团有限公司2026年度招聘公告","https://mp.weixin.qq.com/s/wL-qYO-L6LCTPswtSsKZZQ","微信读书"
"西安交大就业创业","2025-11-18","【校招】经纬恒润2026年校园招聘！","https://mp.weixin.qq.com/s/PtwbRLOShPS3CmuYGH0z5g","微信读书"
"西安交大就业创业","2025-11-18","【校招】国网浙江省电力有限公司2026年高校毕业生招聘公告（第一批）","https://mp.weixin.qq.com/s/0DjASaPVA2z9i0cnHtj9xw","微信读书"
"西安交大就业创业","2025-11-17","美国哥伦比亚大学工程学院硕、博招生说明会","https://mp.weixin.qq.com/s/XJiarprHbcEi0VXN2pNZxQ","微信读书"
"西安交大就业创业","2025-11-17","海淀区2026年度“企航计划”招聘优秀应届毕业生公告","https://mp.weixin.qq.com/s/bgy_Sg8LekfFZfCiMri7Iw","微信读书"
"西安交大就业创业","2025-11-17","党建引领聚合力 携手赋能谱新篇——就创中心与国际教育学院党支部共建活动成功举办","https://mp.weixin.qq.com/s/X86bu7wmLywBKl9mzwlgWA","微信读书"
"西安交大就业创业","2025-11-17","【组团招聘】“心连英才 智汇滨城”——大连市医疗卫生机构400个优质岗位等你加入","https://mp.weixin.qq.com/s/KenysoZbe9xzNqcIUJHf5w","微信读书"
"西安交大就业创业","2025-11-17","【校招】中国南方航空2026届校园招聘","https://mp.weixin.qq.com/s/PIgGbPB7TjBbUEfRHTSVmg","微信读书"
"西安交大就业创业","2025-11-17","【事业单位】教育部直属事业单位2026年度公开招聘应届生公告","https://mp.weixin.qq.com/s/Mj-lw6s9gjy5vw5_6dvV5Q","微信读书"
"西安交大就业创业","2025-11-17","【创新港宣讲】中国证券登记结算有限责任公司2026届校园招聘","https://mp.weixin.qq.com/s/4Z7YCURKBhmXeV0yaIu7mA","微信读书"
"西安交大就业创业","2025-11-17","【创新港宣讲】华东光电集成器件研究所2026届校园招聘","https://mp.weixin.qq.com/s/kHokD37sHM3jcI8DQEyXfw","微信读书"
"西安交大就业创业","2025-11-16","职规大赛同期活动｜系列讲座: 新质生产力-碳中和能源行业-数字经济","https://mp.weixin.qq.com/s/3G8agD_I557LKKqFpRLejA","微信读书"
"西安交大就业创业","2025-11-16","预约 | 一对一职业咨询，为你宏志助航","https://mp.weixin.qq.com/s/drqQv6ZybnJUB0v5MivHhg","微信读书"
"西安交大就业创业","2025-11-16","西安交通大学秋季学期校园招聘及职业指导活动预告（11.17-11.23）","https://mp.weixin.qq.com/s/rNOn6J1Y4mqUS4xyO9RFww","微信读书"
"西安交大就业创业","2025-11-16","青岛市2026年“青选计划”公告（西安交通大学）","https://mp.weixin.qq.com/s/ehXlFBER3ZheSsrThD5Ayg","微信读书"
"西安交大就业创业","2025-11-16","报名 | 2025年秋季“宏志助航计划”就业能力提升培训","https://mp.weixin.qq.com/s/EHvIYCQ5ZqiqP_eoV-iwXA","微信读书"
"西安交大就业创业","2025-11-16","【院部动态】法学院举办选调生经验分享交流会","https://mp.weixin.qq.com/s/0cps2msvq608B2pMl9FLSg","微信读书"
"西安交大就业创业","2025-11-16","【创新港宣讲】中航光电科技股份有限公司","https://mp.weixin.qq.com/s/Ax5ecpH3PQGSYPSprGBaHA","微信读书"
"西安交大就业创业","2025-11-16","【创新港宣讲】中国汽车技术研究中心有限公司","https://mp.weixin.qq.com/s/OrVVTSfWv9Sln0ODkC2SIw","微信读书"
"西安交大就业创业","2025-11-15","武汉市2026年选聘生管培生招聘公告","https://mp.weixin.qq.com/s/C63iApC8v1FWLMxBqc9U6w","微信读书"
"西安交大就业创业","2025-11-15","【院部动态】崇实书院举办大学生职业生涯规划讲座","https://mp.weixin.qq.com/s/tHJxlWnD6Ziq-cVT8Yc6bQ","微信读书"
"西安交大就业创业","2025-11-15","【校招】中国南水北调集团新能源投资有限公司2025年秋季校园招聘公告","https://mp.weixin.qq.com/s/stXCSTmT1iD9xIBjLc-LmQ","微信读书"
"西安交大就业创业","2025-11-15","【校招】河北金租 & 东吴人寿2026届校园招聘","https://mp.weixin.qq.com/s/NmA5gFXIm_2S460Yf28fmQ","微信读书"
"西安交大就业创业","2025-11-15","【校招】国家无线电监测中心2026年校园招聘","https://mp.weixin.qq.com/s/LRHbwzRgb3iySSfE8XFLlQ","微信读书"
"西安交大就业创业","2025-11-15","【人才引进】福州市2026届引进生选拔公告","https://mp.weixin.qq.com/s/JRhFq7ucygGg8v8zfqycbQ","微信读书"
"西安交大就业创业","2025-11-15","【创新港宣讲】三门核电2026年校园招聘全面启动","https://mp.weixin.qq.com/s/nFtL9gVA5RT55CGVnEbZmQ","微信读书"
"西安交大就业创业","2025-11-15","【创新港宣讲】2025年度济南高新区管委会（自贸试验区济南片区管委会）秋季校园招聘","https://mp.weixin.qq.com/s/IZZ4Vc2TgTARWFJwcv_w-Q","微信读书"
"西安交大就业创业","2025-11-14","驻新加坡使馆教育处关于申报2025-2026年度“国家优秀自费留学生奖学金”的通知","https://mp.weixin.qq.com/s/94tVTJQuYid3PUnzZ33KRQ","微信读书"
"西安交大就业创业","2025-11-14","职规赛同期活动 | 管理学院走进中国电建西北院","https://mp.weixin.qq.com/s/i1NPi79AM9VlpTMv5-QW2Q","微信读书"
"西安交大就业创业","2025-11-14","西安交通大学人工智能学院管理辅助人员招聘公告","https://mp.weixin.qq.com/s/sGA5SkHg7p6UnmrfpBf6WA","微信读书"
"西安交大就业创业","2025-11-14","西安交通大学牵头成立“中国一上合组织高等教育合作中心”诚邀企业共拓海外人才版图","https://mp.weixin.qq.com/s/DQ6MhAdowCE8xylcxkrPGw","微信读书"
"西安交大就业创业","2025-11-14","【校招】中央国债登记结算有限责任公司2026年度校园招聘正式启动","https://mp.weixin.qq.com/s/SOQszCtyHLnI1z5kQ-ARnQ","微信读书"
"西安交大就业创业","2025-11-14","【校招】液化空气集团2026中国校园招聘","https://mp.weixin.qq.com/s/CECsnBb5iCJjINnmGJJ53w","微信读书"
"西安交大就业创业","2025-11-14","【校招】宁波开发投资集团有限公司招聘公告","https://mp.weixin.qq.com/s/4ahgBMeJQtJpWXl96COTIQ","微信读书"
"西安交大就业创业","2025-11-14","【校招】汉得信息2026秋季校园招聘正式开启！","https://mp.weixin.qq.com/s/g_s2dcTbWv3b2hwdPLOdIg","微信读书"
"西安交大就业创业","2025-11-13","英国 & 爱尔兰名校硕士项目咨询会","https://mp.weixin.qq.com/s/sc5pHBk1aU1BZQfAYrnENg","微信读书"
"西安交大就业创业","2025-11-13","关于公开选聘2026年度珠海市干部队伍储备人才的公告","https://mp.weixin.qq.com/s/TRfexz5eBzRzvcUvQ5CKDQ","微信读书"
"西安交大就业创业","2025-11-13","【组团招聘】中国能建2026届全球校园招聘","https://mp.weixin.qq.com/s/32-PZddKr0WFFriTTycbUA","微信读书"
"西安交大就业创业","2025-11-13","【选调公告】2026年湖北省定向选调生招录公告（22）","https://mp.weixin.qq.com/s/-3TRJFai-JODcwndZ-V7MA","微信读书"
"西安交大就业创业","2025-11-13","【校招】中国证券登记结算有限责任公司 & 青岛国信集团2026年度招聘公告","https://mp.weixin.qq.com/s/fpoaOAjunrMBUwrMnTGfPA","微信读书"
"西安交大就业创业","2025-11-13","【校招】中国铁建国际集团2026届校园招聘","https://mp.weixin.qq.com/s/Esn79m-r04QcdTwONgAWVQ","微信读书"
"西安交大就业创业","2025-11-13","【事业单位】国务院发展研究中心有关直属事业单位2026年度公开招聘工作人员公告","https://mp.weixin.qq.com/s/lhvZ_QkcazvTLkLnlvcljw","微信读书"
"西安交大就业创业","2025-11-13","【创新港宣讲】中国电建中南院2026年校园招聘","https://mp.weixin.qq.com/s/rx84z93n8HV4kbh4WW1wCg","微信读书"
"西安交大就业创业","2025-11-12","职规赛同期活动 | 通信行业趋势发展报告暨职业规划分享","https://mp.weixin.qq.com/s/BPELfyWn4u9yvDAk1CjawA","微信读书"
"西安交大就业创业","2025-11-12","青海省2026年度选调应届优秀大学毕业生宣讲会","https://mp.weixin.qq.com/s/NrU2PszucYdQ_oNYOB0obQ","微信读书"
"西安交大就业创业","2025-11-12","【组团招聘】杭州市余杭区2025年秋季城市巡回引才之西安交通大学招聘活动即将开始！","https://mp.weixin.qq.com/s/5YvoOmA1NQcIRzJx5caEDQ","微信读书"
"西安交大就业创业","2025-11-12","【院部动态】航天航空学院赴上海走访看望部分校友","https://mp.weixin.qq.com/s/iADk8_hPf2UFRKjy51mQ6Q","微信读书"
"西安交大就业创业","2025-11-12","【校招】中国中煤 & 美年大健康产业控股股份有限公司2026届校园招聘","https://mp.weixin.qq.com/s/t8cvIOvJXUE8GBM77eIi0A","微信读书"
"西安交大就业创业","2025-11-12","【事业单位】石家庄市2026年度事业单位“英才入石”公开选聘公告","https://mp.weixin.qq.com/s/ncwK_fdelnAM-fvBhm0EuQ","微信读书"
"西安交大就业创业","2025-11-12","【公务员】北京市各级机关2026年度考试录用公务员公告","https://mp.weixin.qq.com/s/503Wkny-f1rcMojJhZYZ-A","微信读书"
"西安交大就业创业","2025-11-12","【创新港宣讲】华润银行2026届校园招聘","https://mp.weixin.qq.com/s/lIJ8onC6c5ofHVahD0xq3w","微信读书"
"西安交大就业创业","2025-11-11","广西2026年定向西安交通大学招录选调生宣讲会","https://mp.weixin.qq.com/s/xOFyVYCUnFazuwW9OUPSmw","微信读书"
"西安交大就业创业","2025-11-11","【组团招聘】广州南沙“2025寻访揽才高校行”走进西安","https://mp.weixin.qq.com/s/oHbAiaMrn6YKby0U2AJNXA","微信读书"
"西安交大就业创业","2025-11-11","【校招】湖北港口集团 & 西门子医疗2025年秋季校园招聘","https://mp.weixin.qq.com/s/YRCfz_2skRREe5CB1YYDZw","微信读书"
"西安交大就业创业","2025-11-11","【创新港宣讲】中国东方航空2026全球校园招聘正式启动！","https://mp.weixin.qq.com/s/4bC4GSK53FY8fNqoRiaEtA","微信读书"
"西安交大就业创业","2025-11-11","【创新港宣讲】瑞丰光电2026年校园招聘正式启动！","https://mp.weixin.qq.com/s/tpxNV5zgToVrBrpYZCVuHg","微信读书"
"西安交大就业创业","2025-11-11","【创新港宣讲】康恩贝股份2026届校园招聘正式启动","https://mp.weixin.qq.com/s/mDWXKq9jmW3Bdd0Anmot-w","微信读书"
"西安交大就业创业","2025-11-11","“传承西迁精神 争做时代新人”人民公仆校友论坛（第55/56期）：广西选调篇","https://mp.weixin.qq.com/s/jQuCKss2wHtwDAE1YYLmlA","微信读书"
"西安交大就业创业","2025-11-11","“传承西迁精神 争做时代新人”人民公仆校友论坛（第54期）：山东选调面试篇","https://mp.weixin.qq.com/s/IPlMyCMfPfTRv5a--cpbyA","微信读书"
"西安交大就业创业","2025-11-10","信息工程大学2026年军队文职人员公开招考岗位计划","https://mp.weixin.qq.com/s/bq2uToaaV-qbxO_xCIPsBQ","微信读书"
"西安交大就业创业","2025-11-10","西安交通大学学生就业创业指导服务中心管理辅助人员招聘公告","https://mp.weixin.qq.com/s/ibm-lhRkoDdlq8niPurujA","微信读书"
"西安交大就业创业","2025-11-10","青岛西海岸新区2026年“优选计划”选聘公告（西安交通大学）","https://mp.weixin.qq.com/s/r9vi0uzTGG9ukN7LJxfZPg","微信读书"
"西安交大就业创业","2025-11-10","【院部动态】励志书院召开2026届毕业生就业动员会：锚定规划方向，蓄力未来发展","https://mp.weixin.qq.com/s/LV-VcclVr7a8zuHlc53Ngw","微信读书"
"西安交大就业创业","2025-11-10","【事业单位】上海市2025年事业单位公开招聘高层次急需紧缺专业技术人才公告","https://mp.weixin.qq.com/s/ksAGU6cdQSzIpO9kiF4o7g","微信读书"
"西安交大就业创业","2025-11-10","【实习】联合国秘书长办公厅招募实习生","https://mp.weixin.qq.com/s/T2PdAtt962CIW0wM_Z3aVA","微信读书"
"西安交大就业创业","2025-11-10","【创新港宣讲】广西投资集团 & 导远科技2026届校园招聘","https://mp.weixin.qq.com/s/tqCdKjYu-h-A8Mqr7r2D5g","微信读书"
"西安交大就业创业","2025-11-10","“泰州日”走进西安交大系列活动举行","https://mp.weixin.qq.com/s/LckgKj_UYefMG045RBjeqg","微信读书"
"西安交大就业创业","2025-11-09","预约 | 一对一职业咨询，为你宏志助航","https://mp.weixin.qq.com/s/p4PGn1ijQdIdoF1kNThCew","微信读书"
"西安交大就业创业","2025-11-09","西安交通大学秋季学期校园招聘及职业指导活动预告（11.10-11.16）","https://mp.weixin.qq.com/s/iEmyuXahOlfaIJIFAx3fvw","微信读书"
"西安交大就业创业","2025-11-09","课程预告 | 教育部“互联网+就业指导”公益直播课：精准定位，行动破局——大学生求职就业关键步骤","https://mp.weixin.qq.com/s/MmlmuhR0Vf9tgp8Atsmq3w","微信读书"
"西安交大就业创业","2025-11-09","99个岗位，西陆文职方阵邀您入列！","https://mp.weixin.qq.com/s/nPoJ976KsCL5ksMHc1Uc8w","微信读书"
"西安交大就业创业","2025-11-09","【院部动态】钱学森书院师生走进吉利汽车西安产业园","https://mp.weixin.qq.com/s/1G_ZKgB9K4Id6JloL6M8lA","微信读书"
"西安交大就业创业","2025-11-09","【校招】亿纬锂能 & 中久数创2026届校园招聘启动","https://mp.weixin.qq.com/s/UZiQGqLx3GfK5azVTlVbFQ","微信读书"
"西安交大就业创业","2025-11-09","【创新港宣讲】中国东方电气集团有限公司2026届校园招聘","https://mp.weixin.qq.com/s/9vNRp9ss4yngNKHnX_gTYQ","微信读书"
"西安交大就业创业","2025-11-09","【创新港宣讲】中国出口信用保险公司2026届校园招聘","https://mp.weixin.qq.com/s/fj5mvw4V-3q7e0QUO03nzQ","微信读书"
"西安交大就业创业","2025-11-08","职规大赛同期活动 | 成长赛道评委和获奖选手经验分享","https://mp.weixin.qq.com/s/DgyGhF7e5Bv-7Qv1My7YpQ","微信读书"
"西安交大就业创业","2025-11-08","西安交大学子参加联合国大学驻澳门研究所人工智能大会暨AI素养营","https://mp.weixin.qq.com/s/2RdQCTa2XOuQ3dx9fMq_iw","微信读书"
"西安交大就业创业","2025-11-08","关于报名赴泰州参加“引凤观海”城市体验营的通知（36）","https://mp.weixin.qq.com/s/ADxtLvSEIESiuNQ311ZL8w","微信读书"
"西安交大就业创业","2025-11-08","11月17日截止 | 联合国大学欧洲冬令营:数字技术和可持续发展","https://mp.weixin.qq.com/s/EkGYLthaau24Frfffsh64g","微信读书"
"西安交大就业创业","2025-11-08","【选调公告】天津市2026年度定向招录选调生公告（20）","https://mp.weixin.qq.com/s/nCHf0siiUZCh6q4KAu9k0Q","微信读书"
"西安交大就业创业","2025-11-08","【选调公告】内蒙古自治区2026年度到西安交通大学定向选调（选聘）应届优秀大学毕业生公告（21）","https://mp.weixin.qq.com/s/d2K82bzJW1Nbau21dLfz-g","微信读书"
"西安交大就业创业","2025-11-08","【校招】中国南水北调集团江汉水网建设开发有限公司 & 新东方西安学校2026届校园招聘","https://mp.weixin.qq.com/s/_VcGJTAnZB5nA_X47xB5Pw","微信读书"
"西安交大就业创业","2025-11-08","【创新港宣讲】武汉东湖新技术开发区管理委员会","https://mp.weixin.qq.com/s/oodCcm9K0xecxLOT7juWyw","微信读书"
"西安交大就业创业","2025-10-26","西安交通大学秋季学期校园招聘及职业指导活动预告 ( 10.27-11.2 )","https://mp.weixin.qq.com/s/UjmVvEDtPcCEMGE-fk_4tw","微信读书"
"西安交大就业创业","2025-10-26","课程预告 | 教育部“互联网+就业指导”公益直播课：群体面试的策略与破局指南","https://mp.weixin.qq.com/s/3x4YslxPUlKqQ4i5LfMgsA","微信读书"
"西安交大就业创业","2025-10-26","【组团招聘】内蒙古电力(集团)有限责任公司2026届校园招聘","https://mp.weixin.qq.com/s/tLMsJ0Y3Bc7Jn_D61hLLFg","微信读书"
"西安交大就业创业","2025-10-26","【校招】中英人寿2026届校园招聘正式启动","https://mp.weixin.qq.com/s/VpZduB6O5aqT2MCT7rM6YA","微信读书"
"西安交大就业创业","2025-10-26","【校招】中国中化2026校园招聘正式启动","https://mp.weixin.qq.com/s/HkWBkVGUV8mk_n9rcLrShA","微信读书"
"西安交大就业创业","2025-10-26","【校招】国网信通产业集团2026届校园招聘正式启动!","https://mp.weixin.qq.com/s/ZvuB1O0U44Wy75ahuAzZQQ","微信读书"
"西安交大就业创业","2025-10-26","【校招】春秋航空 & 无锡地铁集团2026届校园招聘正式启动！","https://mp.weixin.qq.com/s/ZC0auKxBbBwtrVUjfvQWgQ","微信读书"
"西安交大就业创业","2025-10-26","【创新港宣讲】超聚变2026届校园招聘","https://mp.weixin.qq.com/s/cewgbrpDDxAk8GGu13N7Fg","微信读书"
"西安交大就业创业","2025-10-25","西安交通大学举办第七届“中兴捧月”模拟面试大赛决赛","https://mp.weixin.qq.com/s/so-k7f1CFm-ZjDkZGgLrRQ","微信读书"
"西安交大就业创业","2025-10-25","【组团招聘】中国华能集团有限公司2026年校园招聘","https://mp.weixin.qq.com/s/8gPgpBtDWdkPfjaw3Xjy9w","微信读书"
"西安交大就业创业","2025-10-25","【组团招聘】泉州市2025年秋季送岗引才进校园","https://mp.weixin.qq.com/s/Huapk7Jt7S7Fk-qMikdPGw","微信读书"
"西安交大就业创业","2025-10-25","【校招】星火教育 & 爱学习2026届校园招聘正式启动！","https://mp.weixin.qq.com/s/vKcqnFtPSG6FTeBk4uvaHg","微信读书"
"西安交大就业创业","2025-10-25","【校招】国泰君安期货2026年校园招聘","https://mp.weixin.qq.com/s/Lohp1lrIpd2798SqWe8X4Q","微信读书"
"西安交大就业创业","2025-10-25","【辅导员】电子科技大学2025年专职辅导员招聘公告","https://mp.weixin.qq.com/s/Mv03hOFrNqwZXKNyiUaYEw","微信读书"
"西安交大就业创业","2025-10-25","【创新港宣讲】中国电建昆明院2026届校园招聘正式启动","https://mp.weixin.qq.com/s/wWu4O9u7bKZzn6UvDiB4zw","微信读书"
"西安交大就业创业","2025-10-24","西安交大第九届生涯体验周暨游戏式生涯启蒙教育培训举办","https://mp.weixin.qq.com/s/ptV2CTuSBl3Z-MC2HV9CYg","微信读书"
"西安交大就业创业","2025-10-24","陕西省2025年医药卫生类毕业生秋季双选会参会须知与温馨提示","https://mp.weixin.qq.com/s/MGSTlHsqNPPsvTa_KCtVkg","微信读书"
"西安交大就业创业","2025-10-24","【校招】中建三局集团（深圳）有限公司 & 深圳燃气2026届校园招聘","https://mp.weixin.qq.com/s/Hpgnyx-MpFp96Ejd73Qs8Q","微信读书"
"西安交大就业创业","2025-10-24","【校招】徐工集团 & 北京建工2026校园招聘正式启动!","https://mp.weixin.qq.com/s/JVwuSbxlQBVHWIjto9eEaQ","微信读书"
"西安交大就业创业","2025-10-24","【校招】潍柴集团2026届全球校园招聘燃“擎”启动","https://mp.weixin.qq.com/s/pnEGW37-puyhKLA34AHDoQ","微信读书"
"西安交大就业创业","2025-10-24","【校招】公安部第三研究所2026届应届生招聘正式启动","https://mp.weixin.qq.com/s/4YoK9_Rv5kUQwjKuIrLnNg","微信读书"
"西安交大就业创业","2025-10-24","【创新港宣讲】驭势科技2026届校园招聘","https://mp.weixin.qq.com/s/cH3huD-WIaQKciO2UsFnTQ","微信读书"
"西安交大就业创业","2025-10-24","【创新港宣讲】三峡集团2026届校园招聘","https://mp.weixin.qq.com/s/DVRW6t3ddP7bfIKyzcciNg","微信读书"
"西安交大就业创业","2025-10-23","江苏省面向西安交通大学名校优生选调宣讲会举办","https://mp.weixin.qq.com/s/3AyiUupJkzWMhuZWrya8-g","微信读书"
"西安交大就业创业","2025-10-23","百万英才汇南粤 | 2025年西安交通大学-清远高新区专场线上招聘会","https://mp.weixin.qq.com/s/c3TqK8K0hZq6L4qAQQqEuw","微信读书"
"西安交大就业创业","2025-10-23","【组团招聘】厦门卫生健康委员会2026届校园招聘","https://mp.weixin.qq.com/s/l_Hbd_qBmlID1pQF1Hehqw","微信读书"
"西安交大就业创业","2025-10-23","【宣讲】京城机电2026届校园招聘","https://mp.weixin.qq.com/s/sIhfvBD5hmzOhhvwViHE3A","微信读书"
"西安交大就业创业","2025-10-23","【校招】中粮生物科技 & 中国金币集团有限公司及下属子公司2026届校园招聘","https://mp.weixin.qq.com/s/C5iLzvw7QBQCfwSKDkTqqg","微信读书"
"西安交大就业创业","2025-10-23","【校招】数据所（兴唐公司）& 英方软件2026校园招聘","https://mp.weixin.qq.com/s/N9UJDVkrzEs894fjZJuaDg","微信读书"
"西安交大就业创业","2025-10-23","【创新港宣讲】中国原子能科学研究院2026届校园招聘","https://mp.weixin.qq.com/s/Id9JOM_xoHSdLLCehR9hUQ","微信读书"
"西安交大就业创业","2025-10-23","【创新港宣讲】中国三峡建工启动2026年高校毕业生招聘！","https://mp.weixin.qq.com/s/LmHvtBxTi2Uao3aMM_jqMg","微信读书"
"西安交大就业创业","2025-10-22","陕西省2025年医药卫生类毕业生秋季双选会单位预告","https://mp.weixin.qq.com/s/kFbmkhVHkWWiXXhEnqMwIw","微信读书"
"西安交大就业创业","2025-10-22","贵州省2026年度定向陕西部分高校选调优秀毕业生宣讲会举办","https://mp.weixin.qq.com/s/GqQ3y_h9K0Y5OmdNCCTEzQ","微信读书"
"西安交大就业创业","2025-10-22","【组团招聘】中国人民解放军信息支援部队文职人员招聘","https://mp.weixin.qq.com/s/9gjCk6eN6dD9riWieXPwrQ","微信读书"
"西安交大就业创业","2025-10-22","【组团招聘】成都高新区“才聚高新”省外校招专列到站西安交通大学！","https://mp.weixin.qq.com/s/y6iw0vyQ8bTpW6AOqwNhyg","微信读书"
"西安交大就业创业","2025-10-22","【选调公告】新疆维吾尔自治区和新疆生产建设兵团2026年度选调大学毕业生公告（15）","https://mp.weixin.qq.com/s/v6Mk9rTxnl_wvsAVDsNrHg","微信读书"
"西安交大就业创业","2025-10-22","【校招】中国能建葛洲坝集团 & 上海建科工程咨询2026届校园招聘","https://mp.weixin.qq.com/s/bwOutHsd2OeNUn0hPFaCPA","微信读书"
"西安交大就业创业","2025-10-22","【校招】上海霄元创新中心 & 朗毅机器人2026届校园招聘","https://mp.weixin.qq.com/s/ln5rPaB7cAnwtKCWo0vKww","微信读书"
"西安交大就业创业","2025-10-22","【人才引进】武汉东湖新技术开发区管委会定向西安交通大学引进储备干部公告","https://mp.weixin.qq.com/s/Vvfg6Wy9EXUSHeyvVgBQlw","微信读书"
"西安交大就业创业","2025-10-21","2025年湖南省促进高校毕业生就业创业专场招聘活动（西安站）在西安交大举行","https://mp.weixin.qq.com/s/MTxchH-gl6Oh6n3N3wRsXA","微信读书"
"西安交大就业创业","2025-10-21","【组团招聘】2025年“智汇铁西”企业高校行暨“大国重器”产品展专场招聘会","https://mp.weixin.qq.com/s/YD7XFJi_hEvcuya6Q2PKnw","微信读书"
"西安交大就业创业","2025-10-21","【兴庆宣讲】深圳能源2026届校园招聘","https://mp.weixin.qq.com/s/t_yR74dge1lRmZ_smXtU1w","微信读书"
"西安交大就业创业","2025-10-21","【校招】中车株机2026届校园招聘正式启动！","https://mp.weixin.qq.com/s/77pooaenn0oURCVzXWMh2A","微信读书"
"西安交大就业创业","2025-10-21","【校招】立白科技集团 & 安踏集团2026届校园招聘全面开启！","https://mp.weixin.qq.com/s/gWulyRU38ZP6cYG3ZfJE-A","微信读书"
"西安交大就业创业","2025-10-21","【校招】广发银行 & 人保财险福建分公司2026年度校园招聘正式启动！","https://mp.weixin.qq.com/s/cLdQOBYkNFCC49ldvdvtZQ","微信读书"
"西安交大就业创业","2025-10-21","【创新港宣讲】特发集团2026届校园招聘","https://mp.weixin.qq.com/s/aOE0WosXvoJ6g11k71ti9g","微信读书"
"西安交大就业创业","2025-10-21","【创新港宣讲】国防科技大学2026届校园招聘专场招聘宣讲会","https://mp.weixin.qq.com/s/FA_iX3A6kogT85j5MvGEyA","微信读书"
"西安交大就业创业","2025-10-20","【组团招聘】国家电投集团2026届校园招聘","https://mp.weixin.qq.com/s/tf2oH-lsXlLFPc2ykJQmqA","微信读书"
"西安交大就业创业","2025-10-20","【校招】中建三局总承包公司2026届校园招聘正式启动","https://mp.weixin.qq.com/s/IUI9w54G8-BObUks27TPAg","微信读书"
"西安交大就业创业","2025-10-20","【校招】陕西邮政 & 中色股份2026校园招聘","https://mp.weixin.qq.com/s/JDi_UZY1Tve6ZYQtu7sHZg","微信读书"
"西安交大就业创业","2025-10-20","【校招】计算空气动力研究所2025秋季招聘","https://mp.weixin.qq.com/s/F4csUXTA84LMLe8oOeOh3g","微信读书"
"西安交大就业创业","2025-10-20","【公务员】广东省2026年考试录用公务员公告","https://mp.weixin.qq.com/s/6yhI0_dBoibmNuPwAQ-ZCw","微信读书"
"西安交大就业创业","2025-10-20","【创新港宣讲】普源精电2026届校园招聘","https://mp.weixin.qq.com/s/zmhy72AmcGR_vMyLTu3zUA","微信读书"
"西安交大就业创业","2025-10-20","【创新港宣讲】君实生物2026届校园招聘全面启动","https://mp.weixin.qq.com/s/OwHZ0OH5sh4HUr40_oXy-Q","微信读书"
"西安交大就业创业","2025-10-20","【创新港宣讲】国机集团总部及所属企业“青蓝计划”2026届管培生招聘全面启动","https://mp.weixin.qq.com/s/2OgV6KW9ws4O9VQ3nPU94Q","微信读书"
"西安交大就业创业","2025-10-19","西安交通大学秋季学期校园招聘及职业指导活动预告（10.20-10.26）","https://mp.weixin.qq.com/s/LChbyWrdk8I8nGSNp_3RYQ","微信读书"
"西安交大就业创业","2025-10-19","【兴庆宣讲】江淮汽车2026届校园招聘正式启动","https://mp.weixin.qq.com/s/EmurSJzKhpCmjzCNirt8jA","微信读书"
"西安交大就业创业","2025-10-19","【校招】中国电子云 & 长川科技2026届校园招聘正式启动!","https://mp.weixin.qq.com/s/BnGWOd22rOovvk4FYd07Yw","微信读书"
"西安交大就业创业","2025-10-19","【校招】天翼数字生活 & 招联金融2026届校园招聘高能开启!","https://mp.weixin.qq.com/s/GwJ5QqSk56zAlttHR4IzPA","微信读书"
"西安交大就业创业","2025-10-19","【校招】360数字安全集团“星光守护计划”2026应届安全招聘专项","https://mp.weixin.qq.com/s/VbF-lcx8Cb51gJZCFaevDA","微信读书"
"西安交大就业创业","2025-10-19","【创新港宣讲】喀什地区2025年“才聚喀什·智惠丝路”秋季招才引智","https://mp.weixin.qq.com/s/51QqnzTCHmIaCn0qZApTJg","微信读书"
"西安交大就业创业","2025-10-19","【创新港宣讲】国网辽宁电力 & 国网重庆电力2026年校园招聘","https://mp.weixin.qq.com/s/BQBkzmqPcS0_dNHmbAWvfA","微信读书"
"西安交大就业创业","2025-10-19","【创新港宣讲】福州市2025年引才活动（西安交通大学站）","https://mp.weixin.qq.com/s/SLvQa-eBDyBOO-B8x-ztYQ","微信读书"
"西安交大就业创业","2025-10-18","研一同学：快来参加2025级职业生涯认知调研！","https://mp.weixin.qq.com/s/D_oYeY1WsYxDktQWIKTYjA","微信读书"
"西安交大就业创业","2025-10-18","寒假项目七 | 联合国大学数字科技与可发展持续人才计划欧洲训练营","https://mp.weixin.qq.com/s/AJ_zl4J3BPRr-AEooDt_6Q","微信读书"
"西安交大就业创业","2025-10-18","【组团招聘】中国化学工程集团有限公司2026届校园招聘","https://mp.weixin.qq.com/s/ie-cwZr_5TQR_FI4_lwsFQ","微信读书"
"西安交大就业创业","2025-10-18","【组团招聘】军事科学院2026届校园招聘正式启动","https://mp.weixin.qq.com/s/RJPj5vtXPsZklT02L7FvjQ","微信读书"
"西安交大就业创业","2025-10-18","【校招】中电科蓝天科技股份有限公司 & 中国电科第十八研究所2026届校园招聘","https://mp.weixin.qq.com/s/ZeC9cSDhu9H6NCf_9pqvHg","微信读书"
"西安交大就业创业","2025-10-18","【校招】智洋创新2026校园招聘正式启动","https://mp.weixin.qq.com/s/C3LHnALDR-KveURq4tPcoQ","微信读书"
"西安交大就业创业","2025-10-18","【校招】上汽大通 & 舒客电商2026届校园招聘","https://mp.weixin.qq.com/s/fFwgwFHoyYSDaPs8OUW6FA","微信读书"
"西安交大就业创业","2025-10-18","【创新港宣讲】中国汽研2026届校园招聘","https://mp.weixin.qq.com/s/dCRKIiLxbqzEQJKFL2R7CQ","微信读书"
"西安交大就业创业","2025-10-17","课程预告 | 教育部“互联网+就业指导”公益直播课：大学生高质量就业的完备方案和关键步骤","https://mp.weixin.qq.com/s/_qttjGEKCGWlUzksHsVyww","微信读书"
"西安交大就业创业","2025-10-17","2025年秋季学期“国际就业力”在线课程开放报名啦！","https://mp.weixin.qq.com/s/KKVL0ofFqO9-JAz1nErjJw","微信读书"
"西安交大就业创业","2025-10-17","【组团招聘】甘肃省2025年秋季“组团式”引进高层次和急需紧缺人才招聘会","https://mp.weixin.qq.com/s/sN9GCrmpyHNHhUkcqSHHLA","微信读书"
"西安交大就业创业","2025-10-17","【组团招聘】2025年湖南省促进高校毕业生就业创业专场招聘活动（西安站）","https://mp.weixin.qq.com/s/cytbBN7yT9owY4HCQYoLug","微信读书"
"西安交大就业创业","2025-10-17","【选调公告】湖南省2026年选调生选拔公告（14）","https://mp.weixin.qq.com/s/NCR0Y9MyzzO1K3KubByIYg","微信读书"
"西安交大就业创业","2025-10-17","【创新港宣讲】CLP中电企业管理（北京）有限公司 & 天隆科技2026届校园招聘正式启动","https://mp.weixin.qq.com/s/0EQVTvxTWidJyiko7Oa9yg","微信读书"
"西安交大就业创业","2025-10-17","【创新港宣讲】郑州商品交易所集团 & 泸州银行2026届校园招聘正式启动","https://mp.weixin.qq.com/s/vj2FEuFB2Fcm0ClUBosQyA","微信读书"
"西安交大就业创业","2025-10-17","【创新港宣讲】杭州税务 & 云南能投集团2026年校园招聘公告2026届校园招聘","https://mp.weixin.qq.com/s/K2hbgBdECYsZAbiKJPwH3A","微信读书"
"西安交大就业创业","2025-10-16","山东省2026年度面向西安交通大学选拔录用选调生宣讲会举办","https://mp.weixin.qq.com/s/Nrtx1HXsnc3MMRvoFQTpTg","微信读书"
"西安交大就业创业","2025-10-16","【组团招聘】2026届秋季多校毕业研究生双选会（第十七届）邀请函","https://mp.weixin.qq.com/s/bmLKTX5WHurW7RWfmpG_Jg","微信读书"
"西安交大就业创业","2025-10-16","【组团招聘】2025年辽宁省人才及选调生政策宣讲会","https://mp.weixin.qq.com/s/mQs4r_2k15g5pOmNraSnCA","微信读书"
"西安交大就业创业","2025-10-16","【选调公告】江苏省2026年应届优秀大学毕业生选调工作公告（13）","https://mp.weixin.qq.com/s/n_xLSFQJ_XSRaElAbCAwFg","微信读书"
"西安交大就业创业","2025-10-16","【校招】中国电信陕西公司 & 神州数码集团2026校园招聘火热进行中！","https://mp.weixin.qq.com/s/eSsboS1PmBQOdWmVTZhwjw","微信读书"
"西安交大就业创业","2025-10-16","【公务员】国家医疗保障局2026年度国家公务员招录启动啦！","https://mp.weixin.qq.com/s/SkSnnPlXFcDVjNTdwDBiHA","微信读书"
"西安交大就业创业","2025-10-16","【创新港宣讲】江南造船2026届校园招聘","https://mp.weixin.qq.com/s/eV92F_k0YESCaerUlUIZjA","微信读书"
"西安交大就业创业","2025-10-16","【创新港宣讲】国网山西电力 & 上海电力 & 新疆电力2026年校园招聘","https://mp.weixin.qq.com/s/bOWtr7d9ID40ZBnFn_pB8Q","微信读书"
"西安交大就业创业","2025-10-15","【组团招聘】中国船舶集团有限公司2026届高校毕业生专场招聘会","https://mp.weixin.qq.com/s/AflkGPIgPvbzb7Af4EB_iA","微信读书"
"西安交大就业创业","2025-10-15","【组团招聘】2025年秋季全国博士、博士后高层次人才巡回签约洽谈会","https://mp.weixin.qq.com/s/n22znCrxcsSE88kCkVEdoQ","微信读书"
"西安交大就业创业","2025-10-15","【选调公告】贵州省2026年度定向部分高校选调优秀毕业生公告（12）","https://mp.weixin.qq.com/s/DENVbDCRelwHTeI0RqvNZA","微信读书"
"西安交大就业创业","2025-10-15","【兴庆宣讲】大连泰星能源有限公司2026届校园招聘","https://mp.weixin.qq.com/s/emEH_P-KxKI3DGvpwjLhWQ","微信读书"
"西安交大就业创业","2025-10-15","【校招】中英人寿2026校园招聘火热进行中！","https://mp.weixin.qq.com/s/PHkRtZ9bEVNIM0fYuFJz1A","微信读书"
"西安交大就业创业","2025-10-15","【创新港宣讲】中航科创2026届校园招聘宣讲会","https://mp.weixin.qq.com/s/MHUEU8_K7Sw1XR3i9K1GaQ","微信读书"
"西安交大就业创业","2025-10-15","【创新港宣讲】中国东方 & 顺丰集团2026届校园招聘","https://mp.weixin.qq.com/s/deCjE79V3wR2P9pABR4-kg","微信读书"
"西安交大就业创业","2025-10-15","【创新港宣讲】知象光电 & 奕派科技2026校园招聘","https://mp.weixin.qq.com/s/bWFvanhOZGFmhOgXQm7seg","微信读书"
"西安交大就业创业","2025-10-14","中央机关及其直属机构2026年度考试录用公务员公告","https://mp.weixin.qq.com/s/zw73WzdPt_VGNxqy57DOpw","微信读书"
"西安交大就业创业","2025-10-14","预约 | 一对一职业咨询，助你秋招启航","https://mp.weixin.qq.com/s/tP44KwU4Uss3PMKcNlXOBQ","微信读书"
"西安交大就业创业","2025-10-14","重庆市面向西安交通大学定向选调2026届急需紧缺专业应届优秀大学毕业生宣讲会举办","https://mp.weixin.qq.com/s/PPnsiX4D-5bLQNUjPEFU3w","微信读书"
"西安交大就业创业","2025-10-14","【组团招聘】嘉兴“经开有YOUNG”人才专列暨产才对接会—西安交通大学站","https://mp.weixin.qq.com/s/Q88jwb73tZGWKQ1-9PoEHw","微信读书"
"西安交大就业创业","2025-10-14","【院部动态】南洋书院举办职业规划暨出国交流新生养成教育讲座","https://mp.weixin.qq.com/s/CLFoMi0PPKEeSw05MZuj_g","微信读书"
"西安交大就业创业","2025-10-14","【兴庆宣讲】牧星科技 & 江西江铃进出口有限责任公司2026届校园招聘正式启动！","https://mp.weixin.qq.com/s/Qw-44pTGFmQtl5cRN1C3UQ","微信读书"
"西安交大就业创业","2025-10-14","【创新港宣讲】中国国新控股有限责任公司 & 中铁工业2026届校园招聘","https://mp.weixin.qq.com/s/O1-LXrTXEwje76hDqeyErg","微信读书"
"西安交大就业创业","2025-10-14","【创新港宣讲】辰致汽车科技集团 & 中车戚墅堰所2026届校园招聘启动","https://mp.weixin.qq.com/s/XlPj4VXlRbDOZ_V4FSyySw","微信读书"
"西安交大就业创业","2025-10-13","西安交通大学第七届“中兴捧月”模拟面试大赛决赛暨闭幕式","https://mp.weixin.qq.com/s/UwvhTcRWGIHA9aWC4tmUgg","微信读书"
"西安交大就业创业","2025-10-13","明天开始！在第九届职业生涯体验周“玩”懂生涯！","https://mp.weixin.qq.com/s/51Mwx_1b8GEjrdGKHFbZzA","微信读书"
"西安交大就业创业","2025-10-13","本周选调生/公务员招录宣讲会合集（10.13）","https://mp.weixin.qq.com/s/lI40_1u6h5n6iTezJe0kGg","微信读书"
"西安交大就业创业","2025-10-13","【组团招聘】内蒙古自治区2025年区外引才专场招聘会","https://mp.weixin.qq.com/s/kn4lwTtZeF_nrCGDRfA-Tg","微信读书"
"西安交大就业创业","2025-10-13","【组团招聘】2025“蓉漂人才荟”西安交通大学专场活动重磅开启","https://mp.weixin.qq.com/s/JFv2L_iixIwz1x4gcWz9aw","微信读书"
"西安交大就业创业","2025-10-13","【院部动态】经金学院召开2026届毕业生就业动员会暨职业规划交流会","https://mp.weixin.qq.com/s/ocnPEdu7ZYGolpI6_15PWg","微信读书"
"西安交大就业创业","2025-10-13","【创新港宣讲】宁波市奉化区企事业单位面向2026届高校毕业生公开招聘高层次人才公告","https://mp.weixin.qq.com/s/oCvzRklNDH5_hwDXIj_9kg","微信读书"
"西安交大就业创业","2025-10-13","【创新港宣讲】国网湖南电力 & 江西电力 & 华北分部2026年校园招聘公告","https://mp.weixin.qq.com/s/RR2deXTBGtOfdRTbgy3DRQ","微信读书"
"西安交大就业创业","2025-10-12","西安交通大学秋季学期校园招聘及职业指导活动预告（10.13-10.19）","https://mp.weixin.qq.com/s/ootfzihfcivI3VftoQZnJw","微信读书"
"西安交大就业创业","2025-10-12","课程预告 | 教育部“互联网+就业指导”公益直播课：青春的方向——第二届全国大学生职业规划大赛风采展示","https://mp.weixin.qq.com/s/2LYUD-1DWh6mM4FTHyIF9A","微信读书"
"西安交大就业创业","2025-10-12","寒假项目六 | 2026年寒假欧洲议会实习生","https://mp.weixin.qq.com/s/ea6e9L2YmwLcHdh-3cJt1w","微信读书"
"西安交大就业创业","2025-10-12","2026年各地选调生招录信息汇总（可报名，10.12更新）","https://mp.weixin.qq.com/s/6J2IXGkmlgIJHIhRvNi4nQ","微信读书"
"西安交大就业创业","2025-10-12","【选调公告】安徽省2026年度面向西安交通大学定向招录选调生公告（11）","https://mp.weixin.qq.com/s/iUVAxgG6JKVUo92L6JOsow","微信读书"
"西安交大就业创业","2025-10-12","【校招】中国航空工业集团新航 & 津电2026届校园招聘正式启动","https://mp.weixin.qq.com/s/ps7hCi6gDte9PRFRu9IWJQ","微信读书"
"西安交大就业创业","2025-10-12","【创新港宣讲】国网河北省电力有限公司 & 国网湖北省电力有限公司2026年校园招聘","https://mp.weixin.qq.com/s/mYa1Vm-1dUUFiWVYLs97Nw","微信读书"
"西安交大就业创业","2025-10-12","【创新港宣讲】北汽集团 & 上海发电设备成套设计研究院有限责任公司2026届校园招聘","https://mp.weixin.qq.com/s/cVS9G9eE32Bmsyee_JphQw","微信读书"
"西安交大就业创业","2025-10-11","【组团招聘】中国核工业集团有限公司2026届秋季校园招聘","https://mp.weixin.qq.com/s/y92nPMAN2D5tcORhfN2lFA","微信读书"
"西安交大就业创业","2025-10-11","【选调公告】辽宁省2026年度面向西安交通大学选调全日制应届优秀大学毕业生公告","https://mp.weixin.qq.com/s/5yzQqPNMSlw-XJ0mGD2Nbw","微信读书"
"西安交大就业创业","2025-10-11","【兴庆宣讲】泸州老窖股份有限公司2026届校园招聘","https://mp.weixin.qq.com/s/9iP1ll50ugRCf-KxpuJ83w","微信读书"
"西安交大就业创业","2025-10-11","【人才引进】河北建投交通投资有限责任公司2025年秋季优秀人才引进计划正式发布","https://mp.weixin.qq.com/s/eYEK2CWN7LxfsKWyZaJijw","微信读书"
"西安交大就业创业","2025-10-11","【创新港宣讲】哈尔滨电气集团有限公司2026校园招聘","https://mp.weixin.qq.com/s/vOJnbyzuDa6816SW5Vi2Ow","微信读书"
"西安交大就业创业","2025-10-11","【创新港宣讲】重庆芯联微电子有限公司 & 中通快递2026届校园招聘","https://mp.weixin.qq.com/s/rv_whvwB_LnWl79ZwOCDmw","微信读书"
"西安交大就业创业","2025-10-11","【创新港宣讲】重庆市面向西安交通大学定向选调2026届急需紧缺专业应届优秀大学毕业生宣讲会","https://mp.weixin.qq.com/s/jS2Aa_ffVRscR8v3WGQN6Q","微信读书"
"西安交大就业创业","2025-10-11","【创新港宣讲】艾利特机器人2026届校园招聘与你相约西安交通大学","https://mp.weixin.qq.com/s/iWMa_ld6aSzKzAT-SWXukQ","微信读书"
"西安交大就业创业","2025-10-10","【组团招聘】“新质引擎·智领未来”全国巡回硕博研究生专场双选会——西安交通大学站","https://mp.weixin.qq.com/s/1rGYS6K59xJ2Ogy4xvQwOw","微信读书"
"西安交大就业创业","2025-10-10","【校招】中信证券 & 苏州银行2026年校园招聘全面启动！","https://mp.weixin.qq.com/s/TdqhdQbw1bJAnzp0CpGi8A","微信读书"
"西安交大就业创业","2025-10-10","【校招】中粮集团 & 海大集团2026届校园招聘正式启动！","https://mp.weixin.qq.com/s/qTUkU7psuN97qRWGnINz6w","微信读书"
"西安交大就业创业","2025-10-10","【校招】一汽奔腾 & 北京航天万源科技有限公司2026届校园招聘正式启动！","https://mp.weixin.qq.com/s/6ox4mslSDFsMA-NwRKeKVA","微信读书"
"西安交大就业创业","2025-10-10","【校招】盒马 & 合肥产投集团2026届秋季校园招聘启动啦！","https://mp.weixin.qq.com/s/qUohle5QdD8TG8EOmvwdEg","微信读书"
"西安交大就业创业","2025-10-10","【事业单位】交通运输部所属事业单位2026年度第一批统一公开招聘公告","https://mp.weixin.qq.com/s/ZbxfYIVVHDO08Nk1XHH0CQ","微信读书"
"西安交大就业创业","2025-10-10","【创新港宣讲】天正电气2026届校园招聘正式启动！","https://mp.weixin.qq.com/s/gRmq1j2h2YwmeoiHs9xO5Q","微信读书"
"西安交大就业创业","2025-10-10","【创新港宣讲】国网黑龙江省电力有限公司2026年校园招聘","https://mp.weixin.qq.com/s/kAvr200EQUJWDgpw01qI3w","微信读书"
"西安交大就业创业","2025-10-09","【选调公告】山东省2026年度选拔录用选调生公告（9）","https://mp.weixin.qq.com/s/FwKAQ7vFf7fmLHyRvYlpsQ","微信读书"
"西安交大就业创业","2025-10-09","【选调公告】2026年度浙江省党政机关选调应届优秀大学毕业生公告（8）","https://mp.weixin.qq.com/s/-K3afZyERFLcAtMIiYEN5w","微信读书"
"西安交大就业创业","2025-10-09","【校招】中国农业银行上海市分行 & 建信融通2026届校园招聘","https://mp.weixin.qq.com/s/1aqGivSeh44n0TZTHrepDg","微信读书"
"西安交大就业创业","2025-10-09","【校招】未岚大陆2026届校园招聘全面启动","https://mp.weixin.qq.com/s/Nu4P5f-S4Dt5Ikiq75bm0Q","微信读书"
"西安交大就业创业","2025-10-09","【创新港宣讲】一汽-大众汽车有限公司-西安交通大学专场宣讲会","https://mp.weixin.qq.com/s/5YR2UZ26nTd1E64fQTa55g","微信读书"
"西安交大就业创业","2025-10-09","【创新港宣讲】兴业银行2026届校园招聘全面启动！","https://mp.weixin.qq.com/s/bicC9zdFzTYoRJ2rHzAZjQ","微信读书"
"西安交大就业创业","2025-10-09","【创新港宣讲】瑞声科技 & 御微半导体2026届校园招聘","https://mp.weixin.qq.com/s/wmJ7laOau3QSojWUKOuDPA","微信读书"
"西安交大就业创业","2025-10-09","【创新港宣讲】国网甘肃省电力公司2026年校园招聘","https://mp.weixin.qq.com/s/5Q8ZUj4r2xZ76EYE8NXmyw","微信读书"
"西安交大就业创业","2025-10-08","西安交通大学秋季学期校园招聘及职业指导活动预告（10.9-10.12）","https://mp.weixin.qq.com/s/n3By-M19rOUmrB8ZKWvc4A","微信读书"
"西安交大就业创业","2025-10-08","【组团招聘】国家能源集团2026届校园招聘","https://mp.weixin.qq.com/s/fVO1W_V_anwwufkkRWwXJg","微信读书"
"西安交大就业创业","2025-10-08","【校招】中国教育出版传媒集团有限公司公开招聘2026年应届高校毕业生公告","https://mp.weixin.qq.com/s/yvS2rdJsf2Goq0zvOGGL0Q","微信读书"
"西安交大就业创业","2025-10-08","【校招】中国航发航材院 & 上海华谊集团2026届校园招聘正式启动！","https://mp.weixin.qq.com/s/uuL3ywFxRbf3RFUra-RJdA","微信读书"
"西安交大就业创业","2025-10-08","【校招】中辐院 & 中建三局华南公司2026年秋季校园招聘启动","https://mp.weixin.qq.com/s/2EalEWofjiuPlsWN-6CHhA","微信读书"
"西安交大就业创业","2025-10-08","【校招】陕西投资集团 & 上海期货信息技术有限公司2026届秋季校园招聘","https://mp.weixin.qq.com/s/CUmzjv39zrkuOyCfL-1uTA","微信读书"
"西安交大就业创业","2025-10-08","【人才引进】新疆维吾尔自治区阿克苏地区2025年下半年引进急需紧缺人才公告","https://mp.weixin.qq.com/s/tC3DS6Pq1sp08RQDVrS_rQ","微信读书"
"西安交大就业创业","2025-10-08","【创新港宣讲】国网冀北电力有限公司2026年校园招聘校园招聘公告","https://mp.weixin.qq.com/s/OJWI6HanVNd-8CLnY_0MvQ","微信读书"
"西安交大就业创业","2025-10-07","【校招】中国银河证券 & 安徽省农村信用社联合社2026年度校园招聘正式启动","https://mp.weixin.qq.com/s/35Rn9Gpq3c0lKYQH96T7Qw","微信读书"
"西安交大就业创业","2025-10-07","【校招】中国建设银行 & 中信银行2026年度校园招聘正式启动","https://mp.weixin.qq.com/s/pYWn6fXUGJ6MQJd2mGePZA","微信读书"
"西安交大就业创业","2025-10-07","【校招】青矩技术 & 奇富科技2026全球校园招聘正式启动","https://mp.weixin.qq.com/s/uL-n_tGT0qr-ewkGq60GTw","微信读书"
"西安交大就业创业","2025-10-07","【校招】平安银行 & 平安产险科技中心2026届校园招聘全球启动！","https://mp.weixin.qq.com/s/NaFOjXtrqg0zqg6cqaiVWw","微信读书"
"西安交大就业创业","2025-10-07","【校招】联通数字科技有限公司 & 联通数据智能有限公司2026届校园招聘高能开启！","https://mp.weixin.qq.com/s/QbKNo1jX53Bo4M-zUJuoWQ","微信读书"
"西安交大就业创业","2025-10-07","【校招】江南造船2026届校园招聘启动","https://mp.weixin.qq.com/s/Rm8vUHTDDD6UkyzoUF2ZbA","微信读书"
"西安交大就业创业","2025-10-07","【事业单位】云南省卫生健康委所属事业单位开展2026年校园招聘的公告","https://mp.weixin.qq.com/s/RDYNOreWIx_rA700HXhyvQ","微信读书"
"西安交大就业创业","2025-10-07","【创新港宣讲】东莞新兴产投2026校园招聘正式启动","https://mp.weixin.qq.com/s/TE7EMKz4U8Y9wu6YT_dyGg","微信读书"
"西安交大就业创业","2025-10-06","西安交通大学附属中学2025年秋季教师招聘公告","https://mp.weixin.qq.com/s/cj4Xss-ZZc8LjkYTOPraAw","微信读书"
"西安交大就业创业","2025-10-06","【选调公告】吉林省面向西安交通大学定向招录2026届选调生公告（7）","https://mp.weixin.qq.com/s/nJo03HrxRNZfcw-FPP4exQ","微信读书"
"西安交大就业创业","2025-10-06","【校招】中国银河金控 & 建发股份2026年校园招聘启动","https://mp.weixin.qq.com/s/ma4yH6yai1ez50cXKoSUOw","微信读书"
"西安交大就业创业","2025-10-06","【校招】中国移动子公司2026届校园招聘合集","https://mp.weixin.qq.com/s/tjkhIjL1imuuguP2VKDnmA","微信读书"
"西安交大就业创业","2025-10-06","【校招】中国东方 & 苏银金融租赁2026年度校园招聘正式启动","https://mp.weixin.qq.com/s/GDS1Q-5MNhRBYysrNLOFMQ","微信读书"
"西安交大就业创业","2025-10-06","【校招】信也科技 & 百融云创2026届全球校园招聘正式启动！","https://mp.weixin.qq.com/s/WK3eGrXa1ySq1Huv0hhcAA","微信读书"
"西安交大就业创业","2025-10-06","【校招】工银泰国 & 水滴公司2026年度校园招聘","https://mp.weixin.qq.com/s/GPhxrBPRLy-mUqmCMWry9A","微信读书"
"西安交大就业创业","2025-10-06","【校招】北方集成电路技术创新中心（北京）有限公司 & 电科芯片吉芯科技2026届校园招聘正式启动","https://mp.weixin.qq.com/s/xbOiYSUX7rbU7jMBNWHH1Q","微信读书"
"西安交大就业创业","2025-10-05","寒假项目五｜全球青年论坛（意大利）：新兴科技的可持续发展","https://mp.weixin.qq.com/s/fFVif_0n-Txv7wKa0DjyeA","微信读书"
"西安交大就业创业","2025-10-05","【选调公告】重庆市面向西安交通大学定向选调2026届急需紧缺专业应届优秀大学毕业生简章（6）","https://mp.weixin.qq.com/s/BFVbKbnChH_DSjBwu0m9jQ","微信读书"
"西安交大就业创业","2025-10-05","【校招】中移九天人工智能科技（北京）有限公司 & 移动研究院2026校园招聘正式启动！","https://mp.weixin.qq.com/s/m4WzOeSLoXOV9HQeUfCr4Q","微信读书"
"西安交大就业创业","2025-10-05","【校招】中国人寿保险股份有限公司2026年度校园招聘正式启动","https://mp.weixin.qq.com/s/JrO9pUgVnTnWCfUK20Wohw","微信读书"
"西安交大就业创业","2025-10-05","【校招】中国工商银行总行本部 & 工银金租2026年度校园招聘","https://mp.weixin.qq.com/s/If8RDpDXAmfi9DQbCxTRWQ","微信读书"
"西安交大就业创业","2025-10-05","【校招】厦门航空2026校园招聘正式启航！","https://mp.weixin.qq.com/s/2mBObd7Svq_29LRtbOi7Bg","微信读书"
"西安交大就业创业","2025-10-05","【校招】民生银行 & 交通银行深圳分行2026届校园招聘","https://mp.weixin.qq.com/s/vqJfEha3kG9JiF2GjrdDfQ","微信读书"
"西安交大就业创业","2025-10-05","【就业政策宣传月】社会保险补贴、公益性岗位补贴咋领？手把手教你","https://mp.weixin.qq.com/s/N4GOMz7JTInKwLybBEHZ1w","微信读书"
"西安交大就业创业","2025-10-04","陕西省2025年医药卫生类毕业生秋季双选会邀请函","https://mp.weixin.qq.com/s/oJyKVGZTPXt4sQ4CaQI_oA","微信读书"
"西安交大就业创业","2025-10-04","宏志助航 | 优秀校友嘉宾坐镇：博士生就业生涯沙龙","https://mp.weixin.qq.com/s/scwgF1NGvHmAfc3GnwuVag","微信读书"
"西安交大就业创业","2025-10-04","寒假项目四 | 国际组织（瑞士、奥地利）","https://mp.weixin.qq.com/s/Qq9LcXyM_WD6y5N52GTWJQ","微信读书"
"西安交大就业创业","2025-10-04","【校招】中建方程 & 中国能建安徽院2026届校园招聘正式启动","https://mp.weixin.qq.com/s/C2_-L6Bzuegpe8j6oDg5Qg","微信读书"
"西安交大就业创业","2025-10-04","【校招】招商局集团2026届校园招聘正式启动！","https://mp.weixin.qq.com/s/z8s15cwdDrGioWrQXPIpOg","微信读书"
"西安交大就业创业","2025-10-04","【校招】晶科储能 & 恒烁2026届校招招聘正式启动","https://mp.weixin.qq.com/s/cTCyyCP7wyABAlaJEU3kUQ","微信读书"
"西安交大就业创业","2025-10-04","【校招】国家开发银行2026年校园招聘正式启动","https://mp.weixin.qq.com/s/teCqJBXImvUWYozh2RUPbw","微信读书"
"西安交大就业创业","2025-10-04","【校招】国家管网 & 华思系统2026届校园招聘正式启动","https://mp.weixin.qq.com/s/R1WU-fbpqEWo0YnsdYfuog","微信读书"
"西安交大就业创业","2025-10-03","赛假项目三 | 国际组织（欧美多国）& 创新实训（新加坡）","https://mp.weixin.qq.com/s/YC6qBX6cssy8yHwIaHwctw","微信读书"
"西安交大就业创业","2025-10-03","【院部动态】化工、化学、人居、前沿四学院联合开展研究生职业规划教育活动讲座","https://mp.weixin.qq.com/s/mulR_0cDda81zYPJzziLvA","微信读书"
"西安交大就业创业","2025-10-03","【新闻】浙商银行监事长郭定方一行来校交流","https://mp.weixin.qq.com/s/cR07OO4H26yMN_b9TQ9Avg","微信读书"
"西安交大就业创业","2025-10-03","【校招】紫金矿业 & 五矿钢铁2026届校园招聘启动","https://mp.weixin.qq.com/s/BiDRg3ZaWFHUoPESZrCfvQ","微信读书"
"西安交大就业创业","2025-10-03","【校招】中国农业银行广西分行 & 上海农商银行2026年度校园招聘正式启动","https://mp.weixin.qq.com/s/SXnyQEs6NXQNGuwvFxQGDQ","微信读书"
"西安交大就业创业","2025-10-03","【校招】中国电子科技集团公司第十一研究所 & 中国兵器夜视院集团2026届校园招聘","https://mp.weixin.qq.com/s/vlD3nF8ZjzMB_k4XQRJ4Jw","微信读书"
"西安交大就业创业","2025-10-03","【校招】国海证券 & 苏银凯基消费金融2026届秋季校园招聘正式启动","https://mp.weixin.qq.com/s/rlTo6s_JLIzDpHaNWY7S8A","微信读书"
"西安交大就业创业","2025-10-03","【校招】百事公司供应链 & 梅塞尔中国管培生校招正式启动","https://mp.weixin.qq.com/s/0abEgDVweq836J_GSdxkTw","微信读书"
"西安交大就业创业","2025-10-02","寒假项目二 | 创新实训（芬兰）","https://mp.weixin.qq.com/s/LzqzS0XohK0mCtsvtc5FFQ","微信读书"
"西安交大就业创业","2025-10-02","【院部动态】钱学森书院开展新生养成教育之生涯规划教育讲座","https://mp.weixin.qq.com/s/CkOkMyoR6sSZqmzUfJ-FnQ","微信读书"
"西安交大就业创业","2025-10-02","【校招】中国工商银行北京市分行 & 远程银行中心2026年度校园招聘全面启动！","https://mp.weixin.qq.com/s/R0Vh40gDsoEgn48EEvfOhA","微信读书"
"西安交大就业创业","2025-10-02","【校招】湖北省电力规划设计研究院有限公司 & 上海核工院2026届校园招聘","https://mp.weixin.qq.com/s/IrdF9GhTQdhePg_GGePMuQ","微信读书"
"西安交大就业创业","2025-10-02","【校招】河北省天然气有限责任公司 ＆ 恩斯克（NSK）2026校园招聘全面启动！","https://mp.weixin.qq.com/s/2VMvGIma5-58zDn5F5VIlw","微信读书"
"西安交大就业创业","2025-10-02","【校招】国机集团 & 沈鼓集团2026届校园招聘全面启动","https://mp.weixin.qq.com/s/LUhDa8PnMJABjFg6jnXr8A","微信读书"
"西安交大就业创业","2025-10-02","【校招】电子科学研究院 & 南京841研究所2026届校园招聘正式启动！","https://mp.weixin.qq.com/s/bAaMC2UbjJQCJYha8LRKrA","微信读书"
"西安交大就业创业","2025-10-02","【媒体聚焦】西安交大举办2025年秋季综合类双选会","https://mp.weixin.qq.com/s/sRJJzTHW3nA1mAAT2aKNtg","微信读书"
"西安交大就业创业","2025-10-01","萌新启航！第九届职业生涯体验周等你来~","https://mp.weixin.qq.com/s/y3uczkY-QNFFJfWXQ_cE8Q","微信读书"
"西安交大就业创业","2025-10-01","寒假项目一 | 国际组织（日本）& 创新实训（新加坡）","https://mp.weixin.qq.com/s/3a-fVFZdrD4_peIx7KRpwA","微信读书"
"西安交大就业创业","2025-10-01","大一萌新：快来参加2025级新生职业生涯认知调研！","https://mp.weixin.qq.com/s/tNyFWpIY5m6o3hgN5puLlg","微信读书"
"西安交大就业创业","2025-10-01","【校招】中国远洋海运集团  & 中国盐湖工业集团有限公司2026全球校园招聘","https://mp.weixin.qq.com/s/fHV9_f0njMtpTLGry_XU7w","微信读书"
"西安交大就业创业","2025-10-01","【校招】中国农业银行深圳市分行 & 浙商银行2026年度校园招聘","https://mp.weixin.qq.com/s/plof8WvenCxjNvq6VtXomQ","微信读书"
"西安交大就业创业","2025-10-01","【校招】西安经济技术开发区管理委员会及直属企业进校园招聘2026届高校毕业生公告","https://mp.weixin.qq.com/s/f83Zl6M0y8HmTycHLntQVQ","微信读书"
"西安交大就业创业","2025-10-01","【人才引进】新疆昌吉州2025年下半年高层次人才引进公告","https://mp.weixin.qq.com/s/fkbog_yMv4yZV9iUcZjvMQ","微信读书"
"西安交大就业创业","2025-10-01","【就业政策宣传月】职业技能评价补贴、就业见习补贴，看过来！","https://mp.weixin.qq.com/s/1ISSIBXiiM69H194nylGxA","微信读书"
"西安交大就业创业","2025-09-30","【院部动态】人居学院与文治书院联合举办2026届本科毕业生就业工作会","https://mp.weixin.qq.com/s/e7cQgeTPdknSqhRitzaCDw","微信读书"
"西安交大就业创业","2025-09-30","【校招】中金所数据有限公司2026年应届毕业生招聘公告","https://mp.weixin.qq.com/s/7oRp3XKo8-B12OxGxCy-Xg","微信读书"
"西安交大就业创业","2025-09-30","【校招】中国移动2026届校园招聘信息合集","https://mp.weixin.qq.com/s/26VcU-gZbJbweiwm6NoDIA","微信读书"
"西安交大就业创业","2025-09-30","【校招】中国民生银行2026届全球校园招聘 & 实习直航计划同步启动","https://mp.weixin.qq.com/s/GSC5nVmXMc-vhBj7Nbxjyg","微信读书"
"西安交大就业创业","2025-09-30","【校招】国网数科控股公司2026年校园招聘正式启动！","https://mp.weixin.qq.com/s/5KdVfwrr2DDmVRsny3Fx2Q","微信读书"
"西安交大就业创业","2025-09-30","【校招】国家电网有限公司西南分部2026年校园招聘公告","https://mp.weixin.qq.com/s/V1FgUKQ5eZh8nscqIKg5ig","微信读书"
"西安交大就业创业","2025-09-30","【事业单位】2025年下半年成都市事业单位公开考试招聘工作人员","https://mp.weixin.qq.com/s/FUCJ3siOyQ_zoXbNcL8RIg","微信读书"
"西安交大就业创业","2025-09-30","“加强校企合作、促进高质量充分就业” 研讨会在西安召开","https://mp.weixin.qq.com/s/AqJNc8THvpiTGDpOLca6zA","微信读书"
"西安交大就业创业","2025-09-29","西安交大就业创业新媒体团队招新啦！","https://mp.weixin.qq.com/s/izxbn2zQFZIB5rnLRmCqeg","微信读书"
"西安交大就业创业","2025-09-29","西安交大第七届“千家单位 万名学子”秋季综合类双选会举办——千家单位到校纳贤才，助力万名学子高质量就业","https://mp.weixin.qq.com/s/Hb5iDUDyzP-3OrhPmDb24g","微信读书"
"西安交大就业创业","2025-09-29","关于举办“西安交通大学‘宏志助航计划’2026届选调生备考培训”的通知","https://mp.weixin.qq.com/s/RezbMwi1mbEEfEs7uyjoEw","微信读书"
"西安交大就业创业","2025-09-29","【校招】中国资源循环 & 中国华电集团有限公司2026年校园招聘","https://mp.weixin.qq.com/s/txqzGWD8NkwrLgnINEaHYw","微信读书"
"西安交大就业创业","2025-09-29","【校招】中国邮政储蓄2026届校园招聘合集","https://mp.weixin.qq.com/s/4LoZux7F4psbvThI5qll4A","微信读书"
"西安交大就业创业","2025-09-29","【校招】中国科学院金属研究所 & 中国航发沈阳发动机研究所2026届校园招聘","https://mp.weixin.qq.com/s/hsoZRXPhcBqotmryCGcgHQ","微信读书"
"西安交大就业创业","2025-09-29","【人才引进】四川省巴中市2025年下半年引进高层次人才和急需紧缺专业人才公告","https://mp.weixin.qq.com/s/ckFQZBMu1uG2S4Rs73SNjw","微信读书"
"西安交大就业创业","2025-09-29","【创新港宣讲】国网青海省电力公司2026年校园招聘","https://mp.weixin.qq.com/s/DMQz38o9RcmwKwXKVIC0uA","微信读书"
"西安交大就业创业","2025-09-28","西安交通大学秋季学期校园招聘及职业指导活动预告（9.28-9.30）","https://mp.weixin.qq.com/s/S6KIj51iZv_bYJs8ESfaxg","微信读书"
"西安交大就业创业","2025-09-28","【组团招聘】中国航空发动机集团有限公司2026届校园招聘","https://mp.weixin.qq.com/s/YpHqMm_z8pxo3nmXYDCuMA","微信读书"
"西安交大就业创业","2025-09-28","【院部动态】新闻与新媒体学院召开2026届研究生就业动员暨经验分享会","https://mp.weixin.qq.com/s/4nnH2Em7qcwhL-uTuniBEg","微信读书"
"西安交大就业创业","2025-09-28","【校招】平安点创租赁 & 工商银行江苏省分行2026届校园招聘","https://mp.weixin.qq.com/s/5IH5eFPP5z2VsldZFM5SSw","微信读书"
"西安交大就业创业","2025-09-28","【事业单位】中国地震局2026年度事业单位公开招聘公告","https://mp.weixin.qq.com/s/Y5f2QOsFKngMebAwioD_cg","微信读书"
"西安交大就业创业","2025-09-28","【事业单位】2025年下半年昌吉州事业单位引进急需紧缺专业人才暨千硕进昌引才公告","https://mp.weixin.qq.com/s/sbmCEFI8NrovMCQnIHQyjQ","微信读书"
"西安交大就业创业","2025-09-28","【人才引进】空军工程大学2025年人才引进公告","https://mp.weixin.qq.com/s/FB88N4b1bnaAE9pxXOunsQ","微信读书"
"西安交大就业创业","2025-09-28","【创新港宣讲】公安部2026年公务员招录西安交通大学宣讲会","https://mp.weixin.qq.com/s/D3zvlRM5Kgx0A2DF3Jz1Bg","微信读书"
"西安交大就业创业","2025-09-27","【组团招聘】航天六院2026届校园招聘","https://mp.weixin.qq.com/s/cl9oTngnlZAdDF0VBmZUTg","微信读书"
"西安交大就业创业","2025-09-27","【院部动态】管理学院召开2026届毕业生就业动员会","https://mp.weixin.qq.com/s/7EpzLScr4V6rbhQ62luvJg","微信读书"
"西安交大就业创业","2025-09-27","【宣讲】招商银行广州分行 & 中信银行石家庄分行2026校园招聘","https://mp.weixin.qq.com/s/Oma8Oax_Ez8JMIiq6eLk9A","微信读书"
"西安交大就业创业","2025-09-27","【校招】中国国新 & 中工国际2026届校园招聘正式开启！","https://mp.weixin.qq.com/s/7K43mEwKyA-amfhB8vfduA","微信读书"
"西安交大就业创业","2025-09-27","【校招】中国船舶集团2026届校园招聘合集","https://mp.weixin.qq.com/s/I4sxBUUmi4_07XT875Wxig","微信读书"
"西安交大就业创业","2025-09-27","【校招】国网江苏省电力有限公司 &  广东电网有限责任公司2026年校园招聘公告","https://mp.weixin.qq.com/s/Q_4Je3SgyrBQHtsUjjlhfQ","微信读书"
"西安交大就业创业","2025-09-27","【校招】国家能源投资集团有限责任公司2026届校园招聘合集","https://mp.weixin.qq.com/s/Ri_m-PgY1iT6C8Uqc2gK1A","微信读书"
"西安交大就业创业","2025-09-27","【创新港宣讲】商务部2026年度公务员考试录用工作宣讲会","https://mp.weixin.qq.com/s/n38cZd-jVaBsMTuARZkitA","微信读书"
"西安交大就业创业","2025-09-26","中控技术 & 中信银行西安分行2026年校园招聘","https://mp.weixin.qq.com/s/t54vmxIHMy3lKRf06XDftQ","微信读书"
"西安交大就业创业","2025-09-26","求职预热 | 三步定位你的最佳职业坐标","https://mp.weixin.qq.com/s/g_r_hTaNDkj42K-BbFbJbQ","微信读书"
"西安交大就业创业","2025-09-26","关于2026、2027届毕业生参加2025年“海河英才”高校学子津门行活动的报名通知","https://mp.weixin.qq.com/s/4UfYZBs3niAoskBAxseIqQ","微信读书"
"西安交大就业创业","2025-09-26","【组团招聘】中国石油2025年秋季高校毕业生校招宣讲咨询会","https://mp.weixin.qq.com/s/xcZgHl1Q_mGNSZjC1AWPsg","微信读书"
"西安交大就业创业","2025-09-26","【组团招聘】来南岸 才“经”彩—重庆市南岸区、重庆经开区赴西安交通大学秋季引才活动","https://mp.weixin.qq.com/s/30FPKFx9RmRTe8r--XKueg","微信读书"
"西安交大就业创业","2025-09-26","【组团招聘】2025年苏州高新区秋季校园苏州日专项活动","https://mp.weixin.qq.com/s/y2bf-1SmpYY5JkFkTOjj7Q","微信读书"
"西安交大就业创业","2025-09-26","【新闻】张立群出席广西2025年定向选调生及引进高水平大学博士座谈会并与在桂校友交流","https://mp.weixin.qq.com/s/t0hGCtGF2QYr3K2_Ld8fMQ","微信读书"
"西安交大就业创业","2025-09-26","【人才引进】长沙市国有企事业单位硕博人才引进“星斗”工程","https://mp.weixin.qq.com/s/N9uvkBiXLIsXhRgOIT_ZkQ","微信读书"
"西安交大就业创业","2025-09-25","济南市2025年“才聚泉城高校行”引才活动城市推介会邀请函","https://mp.weixin.qq.com/s/6XakGbuXI62uktPE3mxnhQ","微信读书"
"西安交大就业创业","2025-09-25","第七届“千家单位 万名学子”综合类双选会参会须知","https://mp.weixin.qq.com/s/ynEFUVSmPLHDDix_Gr7-sA","微信读书"
"西安交大就业创业","2025-09-25","9月26日！AI+求职加油站全方位助你秋招启航！","https://mp.weixin.qq.com/s/s59c2onvj3qoBliO39O5-Q","微信读书"
"西安交大就业创业","2025-09-25","【组团招聘】2025年秋季“合肥千企万岗请您来！”西安交通大学专场校园招聘","https://mp.weixin.qq.com/s/Vkc1pNjO5Xna5NZgx-JaaA","微信读书"
"西安交大就业创业","2025-09-25","【组团招聘】2025年重庆两江新区赴西安重点高校组团引才活动","https://mp.weixin.qq.com/s/OnMSjnLFgwR9o9m0Suy5vA","微信读书"
"西安交大就业创业","2025-09-25","【创新港宣讲】中科环保 & 中冶南方都市环保2026届校园招聘正式启动","https://mp.weixin.qq.com/s/CHO-hW8Of1g1rxFHtMNEFg","微信读书"
"西安交大就业创业","2025-09-25","【创新港宣讲】中国通号 & 德赛西威2026届校园招聘正式启动!","https://mp.weixin.qq.com/s/_jG8n1NkH_8CMzP0rL9Oig","微信读书"
"西安交大就业创业","2025-09-25","【创新港宣讲】燕东微 & 鹏新旭2026届全球校园招聘启动","https://mp.weixin.qq.com/s/lF8vsvFZn1cTjCnyn3RpyA","微信读书"
"西安交大就业创业","2025-09-24","名企讲堂 | 隆基绿能：光伏能源行业人才需求解读暨专场宣讲会","https://mp.weixin.qq.com/s/ehJqD8bkTOsRBxHHE5TqJQ","微信读书"
"西安交大就业创业","2025-09-24","2025年“千家单位 万名学子”秋季综合双选会参会单位预告","https://mp.weixin.qq.com/s/EI168XheQeuswfL62k57YA","微信读书"
"西安交大就业创业","2025-09-24","【组团招聘】鄂尔多斯市2025年度西安站引才选聘公告","https://mp.weixin.qq.com/s/F_JhJJrs2gwOuH4lCUmdGQ","微信读书"
"西安交大就业创业","2025-09-24","【宣讲】三一集团 & 学而思2026届校园招聘","https://mp.weixin.qq.com/s/CB1TwDfkHYAvWfdLMflIKg","微信读书"
"西安交大就业创业","2025-09-24","【创新港宣讲】中国科学院空间应用工程与技术中心 & 河北建投集团2026届校园招聘正式启动","https://mp.weixin.qq.com/s/1UuZ9vOsv2Q2OLWL738aMQ","微信读书"
"西安交大就业创业","2025-09-24","【创新港宣讲】长光卫星 & 海博思创2026届校园招聘正式启动！","https://mp.weixin.qq.com/s/sCSVbmJKyaGs1ZV87kIFFg","微信读书"
"西安交大就业创业","2025-09-24","【创新港宣讲】华虹集团2026届校园招聘正式启动","https://mp.weixin.qq.com/s/dnJXPLmkBWKuke0cQXSuMw","微信读书"
"西安交大就业创业","2025-09-24","【创新港宣讲】海信集团2026届全球校园招聘正式启动！","https://mp.weixin.qq.com/s/qWepD0xemMW7zzuM78faPQ","微信读书"
"西安交大就业创业","2025-09-23","上海电气集团财务总监卫旭东校友一行来校调研交流","https://mp.weixin.qq.com/s/g0-njCc2S2cVfXLmE4VzVQ","微信读书"
"西安交大就业创业","2025-09-23","【组团招聘】芜湖市2025年百校大宣讲西安交通大学站","https://mp.weixin.qq.com/s/776O5sfzCEgs0Mm21NpCVQ","微信读书"
"西安交大就业创业","2025-09-23","【组团招聘】蓝桥人才 & 高校人才网2025下半年博士人才全国巡回招聘会西安交通大学专场","https://mp.weixin.qq.com/s/QQDiw2o-Fo5OqyvotAGX0w","微信读书"
"西安交大就业创业","2025-09-23","【选调公告】四川省面向西安交通大学选调2026届优秀大学毕业生公告（5）","https://mp.weixin.qq.com/s/AVin1c3iVNc9C3SJMx4EgQ","微信读书"
"西安交大就业创业","2025-09-23","【宣讲】啄木鸟医疗2026校园招聘","https://mp.weixin.qq.com/s/WuhaZtHP6HdtALO9OaqtJQ","微信读书"
"西安交大就业创业","2025-09-23","【创新港宣讲】中国兵器工业集团航空弹药研究院有限公司 & 富冶集团2026校园招聘正式启动","https://mp.weixin.qq.com/s/BLZTX6_fkgHpK6ul1w-2nA","微信读书"
"西安交大就业创业","2025-09-23","【创新港宣讲】南方电网公司 & 超研股份2026届校园招聘启动啦！","https://mp.weixin.qq.com/s/37uCJeHQ20YPRKufon-cPA","微信读书"
"西安交大就业创业","2025-09-23","【创新港宣讲】京东2026校园招聘","https://mp.weixin.qq.com/s/zsw4-gYh0psQT8rcUrfACQ","微信读书"
"西安交大就业创业","2025-09-22","2026年选调生备考指导讲座","https://mp.weixin.qq.com/s/a-L53Qfsb6aKGi7YZUuMog","微信读书"
"西安交大就业创业","2025-09-22","【组团招聘】无锡市“百企干才高校行”暨“智汇滨湖 青睐湖湾”西安专场校招活动","https://mp.weixin.qq.com/s/We4KRlqIf_ujX9PGicPcog","微信读书"
"西安交大就业创业","2025-09-22","【组团招聘】2025年青岛市崂山区招才引智名校行（西安站）","https://mp.weixin.qq.com/s/vecnn5_UKs90C0HE0baePg","微信读书"
"西安交大就业创业","2025-09-22","【宣讲】中兴财经2026秋季校园招聘正式启动","https://mp.weixin.qq.com/s/WMhLnTLAMCeilYUDlq2MDQ","微信读书"
"西安交大就业创业","2025-09-22","【创新港宣讲】中芯国际校园招聘启动","https://mp.weixin.qq.com/s/16-aHM8zMnXkr4EvDvP0YQ","微信读书"
"西安交大就业创业","2025-09-22","【创新港宣讲】中国船舶集团第七一六研究所 & 东风商用车有限公司2026届校园招聘","https://mp.weixin.qq.com/s/yvG9hviuvJ1gwcbGIeKJCg","微信读书"
"西安交大就业创业","2025-09-22","【创新港宣讲】优艾智合2026届校园招聘","https://mp.weixin.qq.com/s/IN5rk2ykknHIMhOBfNrLAw","微信读书"
"西安交大就业创业","2025-09-22","【创新港宣讲】汇丰科技 & 昂科技术2026校园招聘正式启动！","https://mp.weixin.qq.com/s/le77BMH2aswOqN5JUrFdXg","微信读书"
"西安交大就业创业","2025-09-21","西安交通大学秋季学期校园招聘及职业指导活动预告（9.22-9.28）","https://mp.weixin.qq.com/s/OlFtgFVlK7oQk1cJcHeQXg","微信读书"
"西安交大就业创业","2025-09-21","课程预告 | 教育部“互联网+就业指导”公益直播课：在祖国最需要的地方建功立业","https://mp.weixin.qq.com/s/YBS-3ZFiQkzvfAhRWztmsg","微信读书"
"西安交大就业创业","2025-09-21","【组团招聘】中国机械工业集团有限公司2026届校园招聘","https://mp.weixin.qq.com/s/7rUywZN7pjgH7GxiPbc6Jw","微信读书"
"西安交大就业创业","2025-09-21","【兴庆宣讲】福州市台江区2025年度“找工作·到台江”专项引才活动","https://mp.weixin.qq.com/s/XNsNio1LWcoW9JwIe4N6Pw","微信读书"
"西安交大就业创业","2025-09-21","【创新港宣讲】TCL华星2026届全球校园招聘正式启动","https://mp.weixin.qq.com/s/MKNbf22UnlgwYxdGTsxyxg","微信读书"
"西安交大就业创业","2025-09-21","【创新港宣讲】中国银行陕西省分行 & 长江存储2026年校园招聘正式启动！","https://mp.weixin.qq.com/s/muIg661_1pf5kpeNAfEZkQ","微信读书"
"西安交大就业创业","2025-09-21","【创新港宣讲】圆通2026届校园招聘正式启动","https://mp.weixin.qq.com/s/OvGH58vvdoo6IUGFSiRM3w","微信读书"
"西安交大就业创业","2025-09-21","【创新港宣讲】海尔智家2026届校园招聘正式启动","https://mp.weixin.qq.com/s/WRujmGHRKe2Lkn9ed6G_dw","微信读书"
"西安交大就业创业","2025-09-20","西安大学生求职冲刺：三大引擎，全开！","https://mp.weixin.qq.com/s/7SosdvoyU5fojfmMtA3F3Q","微信读书"
"西安交大就业创业","2025-09-20","【组团招聘】中国人民解放军63672部队校招宣讲会","https://mp.weixin.qq.com/s/9g42fS-eNhNjr4qQtvxHig","微信读书"
"西安交大就业创业","2025-09-20","【选调】2026年度上海市选调生 · 黄浦区&松江区职位","https://mp.weixin.qq.com/s/h3hLqilUItI2gKKr-ViMag","微信读书"
"西安交大就业创业","2025-09-20","【校招】中国建筑2026届校园招聘全面启动","https://mp.weixin.qq.com/s/vfK8H19XUANtYalcSDCYzg","微信读书"
"西安交大就业创业","2025-09-20","【事业单位】湖南省省直事业单位2025年第四次集中公开招聘工作人员公告","https://mp.weixin.qq.com/s/1gKN0-_dQOwAjYDLnh2XFg","微信读书"
"西安交大就业创业","2025-09-20","【人才引进】甘肃省2025年度“带编入企”引进高层次人才公告（第二批）","https://mp.weixin.qq.com/s/Cxz9nxP2A0yP_P1em0rPmw","微信读书"
"西安交大就业创业","2025-09-20","【创新港宣讲】腾讯招聘2026校园招聘打卡活动 & 校招宣讲会","https://mp.weixin.qq.com/s/ZZkZLk1bFg7hhCRw24yCDQ","微信读书"
"西安交大就业创业","2025-09-20","【创新港宣讲】深圳信步科技2026届校园招聘","https://mp.weixin.qq.com/s/CygGY3Wb7jX26lr-n428Cw","微信读书"
"西安交大就业创业","2025-09-19","项目宣讲会 | 国际组织项目：UNITAR（联合国训研所-日本）；创新实践项目：新加坡、香港","https://mp.weixin.qq.com/s/83mIqItQvvV_uyPRmwPq5Q","微信读书"
"西安交大就业创业","2025-09-19","西安交通大学基层就业服务协会招新啦！","https://mp.weixin.qq.com/s/v83eLytfdtBQ4ipEfFkVTw","微信读书"
"西安交大就业创业","2025-09-19","【组团招聘】中国航空工业集团2026届校园招聘正式启动","https://mp.weixin.qq.com/s/6Zv3t4Ob62s9WK2DA2i53g","微信读书"
"西安交大就业创业","2025-09-19","【选调公告】甘肃省2026年选调应届优秀大学毕业生公告（4）","https://mp.weixin.qq.com/s/8qnaPQbiUaeiw3MPHeN36g","微信读书"
"西安交大就业创业","2025-09-19","【创新港宣讲】浙江海洋大学 & 东海实验室 2026届校园招聘","https://mp.weixin.qq.com/s/fXTXa9FgHqyRhj_UbpKCPQ","微信读书"
"西安交大就业创业","2025-09-19","【创新港宣讲】小米集团2026届校园招聘","https://mp.weixin.qq.com/s/ugYwn1hyrw78SySsqD6U_A","微信读书"
"西安交大就业创业","2025-09-19","【创新港宣讲】网络空间部队2025年直招军官西安交通大学校招生专场","https://mp.weixin.qq.com/s/y-GHSs7lnbIupnKEuKzr5w","微信读书"
"西安交大就业创业","2025-09-19","【创新港宣讲】交通银行&招商银行2026届校园招聘","https://mp.weixin.qq.com/s/Wb4HwmQd8Y12CXQdeEIf1g","微信读书"
"西安交大就业创业","2025-09-06","西安交通大学秋季学期就业服务及职业指导活动预告（9.07-9.14）","https://mp.weixin.qq.com/s/D911Xe5Jeui56iwL0TwN_g","微信读书"
"西安交大就业创业","2025-09-06","【选调公告】黑龙江省2025年度定向选调应届优秀大学毕业生公告（1）","https://mp.weixin.qq.com/s/Tx89efmuQ-817PGaYuWJOA","微信读书"
"西安交大就业创业","2025-09-06","【课程预告】教育部“互联网+就业指导”公益直播课：携笔从戎，明日英雄——大学生征兵主题公开课","https://mp.weixin.qq.com/s/gweMIRyFNu1iWLx3TGCmhQ","微信读书"
"西安交大就业创业","2025-09-06","【创新港宣讲】VIVO2026届全球校园招聘","https://mp.weixin.qq.com/s/nEHk3DzehpGRpnn4qkkWIA","微信读书"
"西安交大就业创业","2025-09-06","【创新港宣讲】中兴通讯2026届校园招聘西安交通大学专场宣讲会","https://mp.weixin.qq.com/s/hBovDEwOtKPQuqtSQXkipw","微信读书"
"西安交大就业创业","2025-09-06","【创新港宣讲】中国科学院空天信息创新研究院校招宣讲会","https://mp.weixin.qq.com/s/uX_GWZXOR41iy57I1-7j_A","微信读书"
"西安交大就业创业","2025-09-06","【创新港宣讲】上海集成电路研发中心2026届校园招聘","https://mp.weixin.qq.com/s/ukPaVe1kpaYqzcteyFAc8g","微信读书"
"西安交大就业创业","2025-09-06","【创新港宣讲】快手2026秋季校园招聘宣讲会——西安交通大学站","https://mp.weixin.qq.com/s/aKqCYoKUU4uR1DjTAFxHOg","微信读书"
"西安交大就业创业","2025-09-05","西安交通大学第二届“联合研究院共建合作单位”2025年秋季双选会","https://mp.weixin.qq.com/s/avjJmcCEJ-ezamoyCgPbJw","微信读书"
"西安交大就业创业","2025-09-05","西安交大学子赴阿克苏实践：用青春之力践行就业担当","https://mp.weixin.qq.com/s/0L6sjrzdsFhdtFJQ9w-6Ag","微信读书"
"西安交大就业创业","2025-09-05","【校招】新东方2026届秋季校园招聘报名通道开启！","https://mp.weixin.qq.com/s/cOtLRGvZEV3-NLHZLxdWFQ","微信读书"
"西安交大就业创业","2025-09-05","【校招】2026欧莱雅（中国）管理培训生招聘网申正式开启！","https://mp.weixin.qq.com/s/WP4G2Wx1uMTfzKUXFUC6ig","微信读书"
"西安交大就业创业","2025-09-05","【创新港宣讲】OPPO2026届全球校园招聘","https://mp.weixin.qq.com/s/BwTmV-7J09RMeJBYl8bdyQ","微信读书"
"西安交大就业创业","2025-09-05","【创新港宣讲】中国航发动力股份有限公司2026届校园招聘","https://mp.weixin.qq.com/s/Zy1hqp1Ya_mCTNrvGLrmxg","微信读书"
"西安交大就业创业","2025-09-05","【创新港宣讲】芯恩2026届校招线下专场","https://mp.weixin.qq.com/s/5BZPcoQagIhZYrLXphkcSw","微信读书"
"西安交大就业创业","2025-09-05","【创新港宣讲】西安航天化学动力有限公司校园招聘","https://mp.weixin.qq.com/s/wNIynnyo6TLEdBe3ILIjLQ","微信读书"
"西安交大就业创业","2025-09-04","西安交大实践团队赴淮北市党政机关实践圆满结束","https://mp.weixin.qq.com/s/2R2sFrPGXWOSyNpdjAUWkA","微信读书"
"西安交大就业创业","2025-09-04","2026届毕业生求职早知道","https://mp.weixin.qq.com/s/KonDsXzGXc8uUYFANS4SOg","微信读书"
"西安交大就业创业","2025-09-04","【组团招聘】中国航天科工2026届校园招聘全面启动","https://mp.weixin.qq.com/s/91H8CNDfa2zsTLulRW2lKQ","微信读书"
"西安交大就业创业","2025-09-04","【校招】中国航空工业集团2026届校园招聘合集（3）","https://mp.weixin.qq.com/s/5eazQAxRfzSXTT_vsFyJ-w","微信读书"
"西安交大就业创业","2025-09-04","【校招】锐捷网络2026届校园招聘正式启动！","https://mp.weixin.qq.com/s/NEPZom7mAnhE_SvKkLYUsg","微信读书"
"西安交大就业创业","2025-09-04","【校招】公牛集团2026届校园招聘正式启动！","https://mp.weixin.qq.com/s/A8G6eye4aO86jZkiJ_A-VQ","微信读书"
"西安交大就业创业","2025-09-04","【创新港宣讲】西北电力设计院2026届秋季校园招聘公告","https://mp.weixin.qq.com/s/RIRzCr1hzqZypOS1p7afhQ","微信读书"
"西安交大就业创业","2025-09-04","【创新港宣讲】汉德车桥2026届校园招聘正式启动！","https://mp.weixin.qq.com/s/Wq2h_UN17UUas7lzr_icVA","微信读书"
"西安交大就业创业","2025-09-03","【校招】中芯国际2026届校园招聘正式启动","https://mp.weixin.qq.com/s/LPmLTAfZbLf7m7INjBNWoQ","微信读书"
"西安交大就业创业","2025-09-03","【校招】中国航空工业集团2026届校园招聘合集（2）","https://mp.weixin.qq.com/s/mIuAku5Nea6EjipcLSpWpw","微信读书"
"西安交大就业创业","2025-09-03","【校招】中国兵器工业集团第二〇二研究所2026届校园招聘全面启动","https://mp.weixin.qq.com/s/3sw1vBSgNzQ-C_7CD3zFhg","微信读书"
"西安交大就业创业","2025-09-03","【校招】迈瑞医疗2026届全球校园招聘正式启动","https://mp.weixin.qq.com/s/7o1PzKhBr7jXzVrDmlFo4w","微信读书"
"西安交大就业创业","2025-09-03","【校招】福建移动2026校园招聘正式启动！","https://mp.weixin.qq.com/s/kB8YbdDcbbJZT3zP3LoYUQ","微信读书"
"西安交大就业创业","2025-09-03","【校招】北京遥测技术研究所2026届校园招聘正式启动","https://mp.weixin.qq.com/s/TrNbbqCSRUgeB9tly4P5sQ","微信读书"
"西安交大就业创业","2025-09-03","【事业单位】广西壮族自治区2025年下半年区直事业单位统一公开招聘工作人员公告","https://mp.weixin.qq.com/s/vxyyhH4ZDbozw7Vy2u3s3Q","微信读书"
"西安交大就业创业","2025-09-03","【空中宣讲会】中兴通讯2026届校招空中宣讲会邀你观看！","https://mp.weixin.qq.com/s/frV_WsXuyHlFb3X_foT9kw","微信读书"
"西安交大就业创业","2025-09-02","走向国际舞台——记西安交大学子海外就业创业实践活动","https://mp.weixin.qq.com/s/jLLdSQHlhy7wd6EiVZxJng","微信读书"
"西安交大就业创业","2025-09-02","高博人才全国巡回博士、博士后高层次人才专场签约治谈会——西安交通大学站","https://mp.weixin.qq.com/s/owS4psf1z6rBMFqDqr7e6A","微信读书"
"西安交大就业创业","2025-09-02","【校招】FunPlus2026届校园招聘正式开启","https://mp.weixin.qq.com/s/ZIP4yVD0qQGThjAyb9KEyg","微信读书"
"西安交大就业创业","2025-09-02","【校招】兴趣岛2026届校园招聘正式启动","https://mp.weixin.qq.com/s/AKS8iI_QoJCiA082Dwnocg","微信读书"
"西安交大就业创业","2025-09-02","【校招】神州信息2026届校园招聘正式启动","https://mp.weixin.qq.com/s/76SvsC-56er0f-kr-p-sUg","微信读书"
"西安交大就业创业","2025-09-02","【校招】上汽大众2026校园招聘正式启动","https://mp.weixin.qq.com/s/8v9YkQ2mLCAhXuJnF4VZZA","微信读书"
"西安交大就业创业","2025-09-02","【校招】广联达2026校园招聘正式启动","https://mp.weixin.qq.com/s/G4iu-6zThdYJUaNTilvDmg","微信读书"
"西安交大就业创业","2025-09-02","【实习】中国联合工程有限公司“薪火计划”实习生招聘公告","https://mp.weixin.qq.com/s/5KYwsvLJxfZEhoqZhEVSOA","微信读书"
"西安交大就业创业","2025-09-01","西安市关于实施2025年大学生乡村医生专项计划招聘的公告","https://mp.weixin.qq.com/s/_PAvVipl69bgUuqPJFU2Tw","微信读书"
"西安交大就业创业","2025-09-01","宁波市第27届“高洽会”人才报名通道开启...","https://mp.weixin.qq.com/s/JjF1zshavlw6SXgp2cNLPg","微信读书"
"西安交大就业创业","2025-09-01","【组团招聘】上海航天2026届校园招聘启动","https://mp.weixin.qq.com/s/_K4HofquS9Od7gXPYsIDUQ","微信读书"
"西安交大就业创业","2025-09-01","【校招】realme2026届全球校园招聘正式启动啦！","https://mp.weixin.qq.com/s/_4Aa_wkhT7PmXbOKRPOu6A","微信读书"
"西安交大就业创业","2025-09-01","【校招】库洛游戏2026届秋季校园招聘正式启动！","https://mp.weixin.qq.com/s/LpC1SvxWCNqZp5TuSS7_BQ","微信读书"
"西安交大就业创业","2025-09-01","【校招】惠生工程2026校园招聘正式启动！","https://mp.weixin.qq.com/s/3zlyUxaYZd7mu1qZXU0hXQ","微信读书"
"西安交大就业创业","2025-09-01","【校招】电科莱斯、二十八所2026届校园招聘全面启动！","https://mp.weixin.qq.com/s/gtqu_rtP_NfbQr7ODeZdqA","微信读书"
"西安交大就业创业","2025-09-01","【校招】德州仪器2026届秋季校园招聘全面开启","https://mp.weixin.qq.com/s/mwcMykGshk0bH_AAad30tg","微信读书"
"西安交大就业创业","2025-08-31","【校招】中建八局2026届“新砼人”校园招聘全面开启！","https://mp.weixin.qq.com/s/qAbtcH_mysxSprNR89yEoA","微信读书"
"西安交大就业创业","2025-08-31","【校招】中国商飞公司2025-2026年秋季校园招聘正式启动！","https://mp.weixin.qq.com/s/rB6oUb0VPhTJmOr6Id14Lw","微信读书"
"西安交大就业创业","2025-08-31","【校招】中国联通新苗计划2026校园招聘正式启动！","https://mp.weixin.qq.com/s/nThiBWd8RwNt90M9EGqIwg","微信读书"
"西安交大就业创业","2025-08-31","【校招】中国航发集团2026届校园招聘合集","https://mp.weixin.qq.com/s/08klhj3MEEuhvTNIIMEyPg","微信读书"
"西安交大就业创业","2025-08-31","【校招】长安汽车2026全球校园招聘正式启动！","https://mp.weixin.qq.com/s/6-M49mQ1qg_yrDp4ZSuLdA","微信读书"
"西安交大就业创业","2025-08-31","【校招】昇维旭2026校园招聘正式启动！","https://mp.weixin.qq.com/s/eljQ0-I6bWONh9Yys4Pw5g","微信读书"
"西安交大就业创业","2025-08-31","【校招】航天科技集团2026届校园招聘开启","https://mp.weixin.qq.com/s/h633Vsg-4o3ghyoBoaDM1g","微信读书"
"西安交大就业创业","2025-08-31","【人才引进】2026年国防科技大学试验训练基地（西安）人才引进公告","https://mp.weixin.qq.com/s/T-eLokdZhDgUclIH5HC00g","微信读书"
"西安交大就业创业","2025-08-30","乘势新航，温暖就业志愿途——2026届“仙交职领”就业志愿者团队招募","https://mp.weixin.qq.com/s/8QxxEUe6U3EeZ8aeve7jtw","微信读书"
"西安交大就业创业","2025-08-30","【校招】中铁一局2026届毕业生校园招聘正式启动！","https://mp.weixin.qq.com/s/2QUaYd7jltfd8hPAjeqiYQ","微信读书"
"西安交大就业创业","2025-08-30","【校招】中国建筑集团2026届校园招聘正式启动","https://mp.weixin.qq.com/s/LnOctHK3vZRaPjwb8I44lg","微信读书"
"西安交大就业创业","2025-08-30","【校招】中国航空工业集团2026届校园招聘合集","https://mp.weixin.qq.com/s/IvU7N3xh1rMdpDpBddq_FQ","微信读书"
"西安交大就业创业","2025-08-30","【校招】中国电力工程顾问集团西北电力设计院有限公司应届高校毕业生秋季校园招聘公告","https://mp.weixin.qq.com/s/R5YnBbDkeUVi75fYFjV4gg","微信读书"
"西安交大就业创业","2025-08-30","【校招】时代新材2026届校园招聘正式启动！","https://mp.weixin.qq.com/s/c2CZ-0dIG-P2-4u5VsBkUQ","微信读书"
"西安交大就业创业","2025-08-30","【挺膺担当 就业调查】西安交通大学 “寰宇寻光・航天逐梦” 实践团开展航天行业就业调研","https://mp.weixin.qq.com/s/Ti4U97K1xQkBxOA1FEsYEQ","微信读书"
"西安交大就业创业","2025-08-29","中国科学院信息工程研究所2025-2026年招聘启事","https://mp.weixin.qq.com/s/yaY_Cn37gMLtHqcFvSGR4A","微信读书"
"西安交大就业创业","2025-08-29","【院部动态】西安交通大学电气学院开展暑期访企实习实践活动","https://mp.weixin.qq.com/s/xrSKNYBp3ENYSAHZI5CR2A","微信读书"
"西安交大就业创业","2025-08-29","【校招】中国五洲集团2026年校园招聘全面开启","https://mp.weixin.qq.com/s/3dG6M5MRtCxgRKb4Gzls9w","微信读书"
"西安交大就业创业","2025-08-29","【校招】中国航空工业集团2026届校园招聘正式启动","https://mp.weixin.qq.com/s/4r9F9_AMuSXMwlXNyPTSAQ","微信读书"
"西安交大就业创业","2025-08-29","【校招】中国电子科技集团公司第三十三研究所2025-2026年招聘简章","https://mp.weixin.qq.com/s/xmVWQLO9c0_kgv4V7qflBw","微信读书"
"西安交大就业创业","2025-08-29","【校招】小米集团2026届全球校园招聘火热进行中","https://mp.weixin.qq.com/s/_QzYmhG8QC1SsivdQvzPYA","微信读书"
"西安交大就业创业","2025-08-29","【校招】理想汽车2026校园招聘正式启动","https://mp.weixin.qq.com/s/FcNSUwDlrVuBZkv4uZTd6w","微信读书"
"西安交大就业创业","2025-08-29","【校招】海康威视2026校园招聘正式启动！","https://mp.weixin.qq.com/s/OhZy_BZq6c9omIvQWMUs3Q","微信读书"
"西安交大就业创业","2025-08-28","西安交大实践团队赴合肥市党政机关实践圆满结束","https://mp.weixin.qq.com/s/cf7jf9JS45lbftlAJXyvAg","微信读书"
"西安交大就业创业","2025-08-28","我是选调生 我在村｜上学路上，一个都不能少","https://mp.weixin.qq.com/s/Q7Bijymx4pNCahFtQKUIvg","微信读书"
"西安交大就业创业","2025-08-28","【院部动态】生命学院师生赴深圳开展“走进企业 感知行业”实践活动","https://mp.weixin.qq.com/s/CtY7scZOidp3Ki9HpyHQGw","微信读书"
"西安交大就业创业","2025-08-28","【校招】中国航发2026届校园招聘正式启动！","https://mp.weixin.qq.com/s/kB8C3uLOUx4RjHPwUy70wA","微信读书"
"西安交大就业创业","2025-08-28","【校招】中国兵器——西安北方惠安化学工业有限公司2026年度招聘","https://mp.weixin.qq.com/s/b9iXQ04YNuEFQgyjVunelA","微信读书"
"西安交大就业创业","2025-08-28","【校招】英集芯科技2026届校园招聘正式启动！","https://mp.weixin.qq.com/s/dtKyBIabiTOqxACwVXrNHA","微信读书"
"西安交大就业创业","2025-08-28","【校招】携程集团2026届秋季校园招聘全球启动","https://mp.weixin.qq.com/s/z05nt_XGCS7diN0YYWqYOg","微信读书"
"西安交大就业创业","2025-08-28","【校招】航天科工二院2026校园招聘正式启动！","https://mp.weixin.qq.com/s/k6FMEbRnvN_vx5V1s5fVXw","微信读书"
"西安交大就业创业","2025-08-27","职业规划/国际化视野/创业训练，快来选修，“职” 通未来！","https://mp.weixin.qq.com/s/TIQCq2iv_6ZFS07om7wJbQ","微信读书"
"西安交大就业创业","2025-08-27","【校招】中国一汽2026全球校园招聘正式启动！","https://mp.weixin.qq.com/s/piNBM2Qk1TuCGja2U4FCiA","微信读书"
"西安交大就业创业","2025-08-27","【校招】中国兵器工业第二〇六研究所2026届校园招聘","https://mp.weixin.qq.com/s/CGGCxdGbo3nnyW6__skirQ","微信读书"
"西安交大就业创业","2025-08-27","【校招】圣邦微电子2026校园招聘火热开启！","https://mp.weixin.qq.com/s/kKFG_hhMHiikOJXZqLuy4Q","微信读书"
"西安交大就业创业","2025-08-27","【校招】深南电路2026届校园招聘正式启动！","https://mp.weixin.qq.com/s/YPFc01PEAtqflwfhPxnVIg","微信读书"
"西安交大就业创业","2025-08-27","【校招】格力电器2026届秋季校园招聘正式开启！","https://mp.weixin.qq.com/s/sPqtkvssH8l4Ws_TvomaUg","微信读书"
"西安交大就业创业","2025-08-27","【校招】方田教育2026届校园招聘正式启动","https://mp.weixin.qq.com/s/2rxJrVZVrY7I9N24Elgcxg","微信读书"
"西安交大就业创业","2025-08-27","【校招】北京航天万源科技有限公司2026校园招聘开启！","https://mp.weixin.qq.com/s/PbIyc2bEbhVvEYTLC9XMCA","微信读书"
"西安交大就业创业","2025-08-26","支部共建｜寰宇寻光 · 航天逐梦实践团队成果分享会等你来！","https://mp.weixin.qq.com/s/43WisYHY0C6H36Bxyvi7tQ","微信读书"
"西安交大就业创业","2025-08-26","【校招】中通快递2026届校园招聘正式启动啦！","https://mp.weixin.qq.com/s/HNqMVaSSHpclKJNytknveQ","微信读书"
"西安交大就业创业","2025-08-26","【校招】中国电子科技集团公司第十研究所2026届秋季校园招聘","https://mp.weixin.qq.com/s/nWSLbEuyfQ-9xayP4qPYOw","微信读书"
"西安交大就业创业","2025-08-26","【校招】沃尔玛中国2026届校招开局！","https://mp.weixin.qq.com/s/rOR9nXv8ZFEK5s4YfPVniA","微信读书"
"西安交大就业创业","2025-08-26","【校招】昇维旭2026校园招聘正式启动！","https://mp.weixin.qq.com/s/pImifkkb6NNBqql_hXW75g","微信读书"
"西安交大就业创业","2025-08-26","【校招】上海空间推进研究所2026届校园招聘公告","https://mp.weixin.qq.com/s/U8umV9tQQ9xVcwfODlx59g","微信读书"
"西安交大就业创业","2025-08-26","【校招】比特大陆26届秋季校园招聘正式启动！","https://mp.weixin.qq.com/s/F8tVgcLnxlxyY5IPncCzcA","微信读书"
"西安交大就业创业","2025-08-26","“名校优生吴中行”暑期社会实践活动圆满结束","https://mp.weixin.qq.com/s/IJyAUOj0fa2bEVTYxQp59Q","微信读书"
"西安交大就业创业","2025-08-25","西安交大实践团队赴无锡市“名校优岗”政务见习圆满结束","https://mp.weixin.qq.com/s/5hvxCHVGe4_hD8UGBWk6Kg","微信读书"
"西安交大就业创业","2025-08-25","【校招】啄木鸟医疗2026届校园招聘正式启动","https://mp.weixin.qq.com/s/NygRj6jNKkW9tKlfGcB2IA","微信读书"
"西安交大就业创业","2025-08-25","【校招】中信建投证券2026届秋季校园招聘正式启动！","https://mp.weixin.qq.com/s/F15L4-t6HKfqSzHzd7GHXA","微信读书"
"西安交大就业创业","2025-08-25","【校招】中国电科五十五所2026届校园招聘正式启动","https://mp.weixin.qq.com/s/AT2Qzv8ux9iuyuhdrwNFxQ","微信读书"
"西安交大就业创业","2025-08-25","【校招】远景动力2026届全球校园招聘正式启动！","https://mp.weixin.qq.com/s/Pwy0pD6G7c1VfEN0LZ5zdA","微信读书"
"西安交大就业创业","2025-08-25","【校招】上海人工智能实验室2026届全球校招开启！","https://mp.weixin.qq.com/s/RwIRB2NQ7gO98CKaFqR48A","微信读书"
"西安交大就业创业","2025-08-25","【校招】南方基金2026届金融科技专场校园招聘全球启动","https://mp.weixin.qq.com/s/5e24SFFZ6BnEeVhbx_MYeA","微信读书"
"西安交大就业创业","2025-08-25","【校招】恒生2026校园招聘正式启动","https://mp.weixin.qq.com/s/g6kujgH70ZjUh3jHE_JKJA","微信读书"
"西安交大就业创业","2025-08-24","2025年江门市博士后赋能制造业高质量发展学术交流暨“十城百校”百名博士江门行","https://mp.weixin.qq.com/s/JAuwWIEqi3MO-EBMI-AMsA","微信读书"
"西安交大就业创业","2025-08-24","【校招】三一重能2026届全球校园招聘","https://mp.weixin.qq.com/s/NG8AQZGYIi70jnx4CdaGFw","微信读书"
"西安交大就业创业","2025-08-24","【校招】睿创微纳2026校园招聘全面启动","https://mp.weixin.qq.com/s/7dIY8KcHBgpl3jIhvU9d_w","微信读书"
"西安交大就业创业","2025-08-24","【校招】诺瓦星云2026届校园招聘正式启动！","https://mp.weixin.qq.com/s/n9Y_HTgpPa1PFP4gT_-l1g","微信读书"
"西安交大就业创业","2025-08-24","【校招】龙湖集团2026届仕官生校园招聘启动！","https://mp.weixin.qq.com/s/mppcLTH1rjiAOJ9kXGKHRw","微信读书"
"西安交大就业创业","2025-08-24","【校招】国机数字科技有限公司2026届校园招聘正式启动！","https://mp.weixin.qq.com/s/aiTmYC-fFCKR_89pEzlJzQ","微信读书"
"西安交大就业创业","2025-08-24","【校招】安克创新2026届全球校园招聘正式启动！","https://mp.weixin.qq.com/s/VnHz9ENAJUIOi6FW4mrudA","微信读书"
"西安交大就业创业","2025-08-24","【事业单位】2025年下半年陕西省事业单位统一公开招聘工作人员公告发布","https://mp.weixin.qq.com/s/RPox4HD9h7SrFsMiwzsS-Q","微信读书"
"西安交大就业创业","2025-08-23","【校招】TP-LINK 2026届秋季校园招聘正式启动！","https://mp.weixin.qq.com/s/oMspy8jrHSY7HKaX5J9VgQ","微信读书"
"西安交大就业创业","2025-08-23","【校招】紫金矿业2026金榜生全球校园招聘启动","https://mp.weixin.qq.com/s/39jqWiuI3wRshnNG2wuOkw","微信读书"
"西安交大就业创业","2025-08-23","【校招】中国航空制造技术研究院2026年校园招聘正式开启","https://mp.weixin.qq.com/s/CaFTGQlfdlWcv9Tp0JHrQQ","微信读书"
"西安交大就业创业","2025-08-23","【校招】新东方西安学校2026届秋季校园招聘正式启动","https://mp.weixin.qq.com/s/PBn7osAe0vPrbBYgCVJl2g","微信读书"
"西安交大就业创业","2025-08-23","【校招】五粮液基金公司2025年下半年招聘公告","https://mp.weixin.qq.com/s/PnXv6H_z6obZzjq7N3rkRg","微信读书"
"西安交大就业创业","2025-08-23","【校招】卡奥斯2026届校园招聘全面启动！","https://mp.weixin.qq.com/s/mEamAk1VY_Pakl0K6V_t5Q","微信读书"
"西安交大就业创业","2025-08-23","【事业单位】天水市2025年事业单位公开招聘工作人员公告","https://mp.weixin.qq.com/s/JAtuLYkuWNagOi2DzeYCHA","微信读书"
"西安交大就业创业","2025-08-23","【创新港宣讲】中国航天科工三院三部2026年度校园招聘正式启动！","https://mp.weixin.qq.com/s/VUJ55fy7aM0o1PoBMnpl6g","微信读书"
"西安交大就业创业","2025-08-22","成都-广元党政机关实践圆满结束","https://mp.weixin.qq.com/s/g9OUJ0i3BOCk-yOKJocgQg","微信读书"
"西安交大就业创业","2025-08-22","【校招】中国航天科技集团有限公司第八研究院第八设计部2026届校园招募令正式发布","https://mp.weixin.qq.com/s/P8EyVpKF_XvIcrlF5e34kQ","微信读书"
"西安交大就业创业","2025-08-22","【校招】云圣智能2026届秋季校园招聘正式启动！","https://mp.weixin.qq.com/s/7bQZSZkOLSoovPObzQGvuw","微信读书"
"西安交大就业创业","2025-08-22","【校招】米哈游2026校招网申全面开启","https://mp.weixin.qq.com/s/IKK9tOentkxHknvNpNQTPg","微信读书"
"西安交大就业创业","2025-08-22","【校招】海尔智家2026届校园招聘正式启动","https://mp.weixin.qq.com/s/MetF76G7lZAWOqzlLc0mIg","微信读书"
"西安交大就业创业","2025-08-22","【校招】度小满2026校园招聘正式启动","https://mp.weixin.qq.com/s/cNE4o5mKbKqTO88BiodZYg","微信读书"
"西安交大就业创业","2025-08-22","【事业单位】浙江省省属事业单位2025年下半年集中公开招聘人员公告","https://mp.weixin.qq.com/s/435ZzJLiiwE3tH812CvF5Q","微信读书"
"西安交大就业创业","2025-08-21","西安交大师生赴吴江开发区开展就业实习实践活动","https://mp.weixin.qq.com/s/3F4qn8DwU4UNc0wVXXX5iA","微信读书"
"西安交大就业创业","2025-08-21","武汉信息网络学院（武汉网络安全大学，暂定名）2025年总量备案制管理人员招聘公告","https://mp.weixin.qq.com/s/ONmYTB-TBERdr_t_81yvqA","微信读书"
"西安交大就业创业","2025-08-21","【校招】中微公司2026校园招聘全面启动!","https://mp.weixin.qq.com/s/coseFmSewEwqzcZAavC-MA","微信读书"
"西安交大就业创业","2025-08-21","【校招】芯原股份2026届校园专场招聘","https://mp.weixin.qq.com/s/OwBpysxt8mqUBBE7zlThSA","微信读书"
"西安交大就业创业","2025-08-21","【校招】蚂蚁集团2026届秋季校园招聘开启！","https://mp.weixin.qq.com/s/F1ab_nOAYqfXs-FsKLj9DA","微信读书"
"西安交大就业创业","2025-08-21","【校招】滴滴2026届秋季校招正式启动！","https://mp.weixin.qq.com/s/1GpuEsOCIesBt7YqxIUVsQ","微信读书"
"西安交大就业创业","2025-08-21","【校园大使】日立能源校园大使招募正式启动","https://mp.weixin.qq.com/s/PLHjCYblr53JeldajS8QOA","微信读书"
"西安交大就业创业","2025-08-21","“青政先锋资阳行”党政机关实践圆满结束","https://mp.weixin.qq.com/s/TLoCFn87HodhIhAxmhoWnw","微信读书"
"西安交大就业创业","2025-08-20","西安交大学子赴呼和浩特开展“青城有约”社会实践","https://mp.weixin.qq.com/s/ckkFTYNhv9IQYOaNGVbsUQ","微信读书"
"西安交大就业创业","2025-08-20","首届山东省数字工程师创新创意大赛暨国际数字工程师邀请赛","https://mp.weixin.qq.com/s/qrTzKNdruPfMtA6CUqe65w","微信读书"
"西安交大就业创业","2025-08-20","实习信息 | 联合国实习2025年8月岗位推荐（二）","https://mp.weixin.qq.com/s/W8A7cO_JaHIfJQwDxNw8dw","微信读书"
"西安交大就业创业","2025-08-20","第十二届“百所高校千名博士青岛行”活动邀请函","https://mp.weixin.qq.com/s/VHFmVvzMYJLMAy7kLWZw1Q","微信读书"
"西安交大就业创业","2025-08-20","【校招】马上消费2026届管培生校园招聘","https://mp.weixin.qq.com/s/fQZeNR6PbP1sD6vG81sMSg","微信读书"
"西安交大就业创业","2025-08-20","【校招】海尔2026校园招聘正式启动","https://mp.weixin.qq.com/s/K0CrHU9Jnoj3TvjRS83AvA","微信读书"
"西安交大就业创业","2025-08-20","【校招】博瑞集信2026届校招正式启动","https://mp.weixin.qq.com/s/SA7dNcMmOnJTQH0DsJSbiw","微信读书"
"西安交大就业创业","2025-08-20","【校招】2026届美的校园招聘全面启动","https://mp.weixin.qq.com/s/dEnZP6fHdqRBnhzxTsxpHw","微信读书"
"西安交大就业创业","2025-08-19","招聘信息 | 联合国招聘2025年8月岗位推荐（一）","https://mp.weixin.qq.com/s/OoRQ8RiW3Y94sDPy29kj0g","微信读书"
"西安交大就业创业","2025-08-19","【校招】中国电科29所2026届校招正式启动","https://mp.weixin.qq.com/s/AeGxO8vSl0M0upVJ2mX-tw","微信读书"
"西安交大就业创业","2025-08-19","【校招】信捷电气2026届卓越计划校园招聘启动","https://mp.weixin.qq.com/s/QvyS_Zv2b3n-HKXqVizBoA","微信读书"
"西安交大就业创业","2025-08-19","【校招】日立能源2026届校园招聘正式启动","https://mp.weixin.qq.com/s/wOv0_t34z41KPh6tOljMKg","微信读书"
"西安交大就业创业","2025-08-19","【校招】博康半导体2026届校园招聘全面启动","https://mp.weixin.qq.com/s/jy3YcDCE8QQjQyWukBMhrQ","微信读书"
"西安交大就业创业","2025-08-19","“才创未来 赤诚以待”西安交通大学英才赤壁行活动顺利举行","https://mp.weixin.qq.com/s/6-CwvumxVePeVmvuuHBY5A","微信读书"
"西安交大就业创业","2025-08-18","链接高端人才！宁波市第27届“高洽会”企业报名通道正式开启！","https://mp.weixin.qq.com/s/kL8q_I-Qjy5Jk06IKoL5bw","微信读书"
"西安交大就业创业","2025-08-18","【校招】vivo 2026届全球校园招聘正式启动","https://mp.weixin.qq.com/s/vowR05JcMShrG4he7WBIlA","微信读书"
"西安交大就业创业","2025-08-18","【校招】中航成飞2026届校园招聘正式启动！","https://mp.weixin.qq.com/s/l6mQmMTVUPHDdkqMmiP43g","微信读书"
"西安交大就业创业","2025-08-18","【校招】宁德新能源（ATL）2026届全球校招 | A TOP顶尖人才计划正式启动！","https://mp.weixin.qq.com/s/LXs588GRo-bG8_520o_LqQ","微信读书"
"西安交大就业创业","2025-08-18","【校招】禾望电气2026届校园招聘正式启动","https://mp.weixin.qq.com/s/Qfxka78tHdHyTRVRisKTtg","微信读书"
"西安交大就业创业","2025-08-18","“就在吾径”探武进：西交大学子沉浸产业一线，触摸创新脉动","https://mp.weixin.qq.com/s/qz-yhqMd_JpA8ZhFfI_rRw","微信读书"
"西安交大就业创业","2025-08-17","中国船舶集团有限公司第七一〇研究所“博士十所行”活动邀请函","https://mp.weixin.qq.com/s/w4PVeDqGrLxNkAWFtI3_zw","微信读书"
"西安交大就业创业","2025-08-17","2025-2026安永秋季校园招聘及审计寒假实习生招聘网申正式启动 ！","https://mp.weixin.qq.com/s/X4JMsOXNyNN4CJVE0gGCQw","微信读书"
"西安交大就业创业","2025-08-17","【校招】MPS芯源系统2026校园招聘正式启动！","https://mp.weixin.qq.com/s/yxZr8NO4NOjlBALkeBUM6w","微信读书"
"西安交大就业创业","2025-08-17","【校招】新浪&微博2026届校园招聘全面启动","https://mp.weixin.qq.com/s/CNfcU6XZPGF51-d0odlBnQ","微信读书"
"西安交大就业创业","2025-08-17","【校招】迈瑞医疗2026届博士优招计划正式启动","https://mp.weixin.qq.com/s/BjHufNtvfqlJo0Ga0igJxA","微信读书"
"西安交大就业创业","2025-08-17","【事业单位】2025年丹江口市事业单位公开招聘工作人员公告","https://mp.weixin.qq.com/s/c4FXmY9Fng-2EF_f5blsJQ","微信读书"
"西安交大就业创业","2025-08-16","【校招】新能安2026全球校园招聘A+Star顶尖人才计划正式启动！","https://mp.weixin.qq.com/s/PYiiqIb9NHjCUPTJ5HUp-Q","微信读书"
"西安交大就业创业","2025-08-16","【校招】徽商银行总行管培生（徽星计划）2026年校园招聘公告","https://mp.weixin.qq.com/s/vjjIilicq6nhE5IBlJwjkw","微信读书"
"西安交大就业创业","2025-08-16","【校招】华为2026届应届生招聘启动","https://mp.weixin.qq.com/s/UdmaVQvlAlzGDdqJg5_jbQ","微信读书"
"西安交大就业创业","2025-08-16","【校招】帝奥微2026届校园招聘正式开启","https://mp.weixin.qq.com/s/CRn84YuobegVTFSb062egA","微信读书"
"西安交大就业创业","2025-08-16","【校招】2025年南光集团夏季校园招聘正式启动","https://mp.weixin.qq.com/s/vMneJa95aDt5Uakk3K-puQ","微信读书"
"西安交大就业创业","2025-08-16","【开放日】嘉实基金26届科技校招开放日活动","https://mp.weixin.qq.com/s/bGXlrf65PshnA4ixvrVNmg","微信读书"
"西安交大就业创业","2025-08-15","高校毕业生离校后就业服务哪里找？这个小程序别错过→","https://mp.weixin.qq.com/s/tkNYDXZxPAIbwiHp13wGgw","微信读书"
"西安交大就业创业","2025-08-15","【校招】卡特彼勒2026校园招聘拉开序幕！","https://mp.weixin.qq.com/s/c-H8P8I990kRKxb2x26IuA","微信读书"
"西安交大就业创业","2025-08-15","【校招】航天智能院2026届校园招聘正式开启！","https://mp.weixin.qq.com/s/tYJJrPtigFdyM-ZCU79erQ","微信读书"
"西安交大就业创业","2025-08-15","【校招】海光信息2026校园招聘正式启动！","https://mp.weixin.qq.com/s/HymnZj0doqKgDm-PCp0LhA","微信读书"
"西安交大就业创业","2025-08-15","“资阳政青春”党政机关实习实践圆满结束","https://mp.weixin.qq.com/s/Es0UwNyRRX5w_cfv2Q1PQQ","微信读书"
"西安交大就业创业","2025-08-13","【校招】兆芯2026校园招聘正式启动！","https://mp.weixin.qq.com/s/tY9wnI0Ez1OSvoYZOtME4g","微信读书"
"西安交大就业创业","2025-08-13","【校招】长光卫星2026届校园招聘正式启动！","https://mp.weixin.qq.com/s/7m13_tcW6uqGBEX1w2JnRg","微信读书"
"西安交大就业创业","2025-08-13","【校招】网易游戏雷火2026届秋季校园招聘全球启动！","https://mp.weixin.qq.com/s/PMujnYuAUXl2CYRt3qTQdA","微信读书"
"西安交大就业创业","2025-08-13","【校招】联芸科技2026届校园招聘正式启动！","https://mp.weixin.qq.com/s/D7wW9zFv38svowntJRHZpQ","微信读书"
"西安交大就业创业","2025-08-13","【事业单位】新疆生产建设兵团2025年下半年面向社会公开招聘事业单位工作人员公告","https://mp.weixin.qq.com/s/XhnfC0FWl_4lmvWEFogRcw","微信读书"
"西安交大就业创业","2025-08-13","【开放日】海信集团2025年信动力T计划技术开放日正式启动！","https://mp.weixin.qq.com/s/l9Qcy6Q3ym5VQ5tQ4wIDPw","微信读书"
"西安交大就业创业","2025-08-12","喜报丨基层就业服务协会荣获2024-2025学年创新港学生社团 “五星级社团” 称号","https://mp.weixin.qq.com/s/5_C4kNnTNw53rom8M59HJw","微信读书"
"西安交大就业创业","2025-08-12","芒果TV青芒计划丨2025年青芒计划·产研专场招聘启动！","https://mp.weixin.qq.com/s/zl7_KKFAIsIFJwlLRHxgVg","微信读书"
"西安交大就业创业","2025-08-12","【校招】中国青建2026届校园招聘正式开启！","https://mp.weixin.qq.com/s/Ssq1vyv6mp7TrBa3kgid1g","微信读书"
"西安交大就业创业","2025-08-12","【校招】搜狐集团2026秋季校园招聘正式启动！","https://mp.weixin.qq.com/s/kYTj3ueM1KmqmJFXVYoWLQ","微信读书"
"西安交大就业创业","2025-08-12","【校招】联想2026校园招聘全面启动！","https://mp.weixin.qq.com/s/vj_FH4adG26oPQ4I523IhQ","微信读书"
"西安交大就业创业","2025-08-12","【校招】钉钉2026届秋季校园招聘正式启动","https://mp.weixin.qq.com/s/w7NTL08ESfyeqLGE-N6nOA","微信读书"
"西安交大就业创业","2025-08-11","中兴通讯终端事业部西安交通大学专场交流会","https://mp.weixin.qq.com/s/WylbDdHjrbaPCJUnesAMQA","微信读书"
"西安交大就业创业","2025-08-11","宏志助航 | 编制类备考指导","https://mp.weixin.qq.com/s/zO-CRz2CjXNiubD5F9rdTA","微信读书"
"西安交大就业创业","2025-08-11","【校招】去哪儿旅行2026届校园招聘火热开启","https://mp.weixin.qq.com/s/iX-v9NA1F0vTk0TGdd7xCw","微信读书"
"西安交大就业创业","2025-08-11","【事业单位】四川省达州市“达人英才计划”2025年事业单位引才公告（西安场）","https://mp.weixin.qq.com/s/tIh5Kt8iCtsLvXgXOtpRnA","微信读书"
"西安交大就业创业","2025-08-11","【事业单位】2025年东阳市部分事业单位引进博士研究生公告","https://mp.weixin.qq.com/s/LCAAIEXu99dliwg9JtfNlw","微信读书"
"西安交大就业创业","2025-08-11","【人才引进】仙桃市2025年引进研究生公告","https://mp.weixin.qq.com/s/w-QEwubvsokwP4b-pyXYZg","微信读书"
"西安交大就业创业","2025-08-10","新和成2026“未来之星”全球招募","https://mp.weixin.qq.com/s/01SI4AF1CRz8Km00PSN95A","微信读书"
"西安交大就业创业","2025-08-10","【院部动态】“未来医学家探索营”圆满收官啦！","https://mp.weixin.qq.com/s/ubzNQ5U7mObzoIljHZbp9w","微信读书"
"西安交大就业创业","2025-08-10","【校招】荣耀2026届校园招聘全球热招","https://mp.weixin.qq.com/s/ZdHD7M0YZLK39PfUIxNApg","微信读书"
"西安交大就业创业","2025-08-10","【校招】理想汽车2026届AI人才专项“理想+”计划全面启动","https://mp.weixin.qq.com/s/CNtw-WR0_T7YOA2w8NiBrw","微信读书"
"西安交大就业创业","2025-08-10","【事业单位】湖南省省直事业单位2025年第三次集中公开招聘工作人员公告","https://mp.weixin.qq.com/s/kdY-3td8TgC-3S-QqdK33g","微信读书"
"西安交大就业创业","2025-08-10","【事业单位】2025年郑州市事业单位公开招聘联考工作的公告","https://mp.weixin.qq.com/s/Ilcv1aOwypdGSNi77TocVQ","微信读书"
"西安交大就业创业","2025-08-09","我是选调生 我在村｜我建议的博士选调生服务团成立了","https://mp.weixin.qq.com/s/bmJUaQ4LLiffs-OlxdvviA","微信读书"
"西安交大就业创业","2025-08-09","上海市2025年度考试录用执法类公务员公告","https://mp.weixin.qq.com/s/LtcuI9xcvy8aKHlW_1AXrA","微信读书"
"西安交大就业创业","2025-08-09","【院部动态】西安交大电气工程学院师生赴上海及嘉兴开展校企交流活动","https://mp.weixin.qq.com/s/AWGS4INxzu5WFvM4SzZbyg","微信读书"
"西安交大就业创业","2025-08-09","【校招】Shopee研发中心2026届校园招聘正式启动！","https://mp.weixin.qq.com/s/8XlH844t2B2PYAA8Vp5NOw","微信读书"
"西安交大就业创业","2025-08-09","【校招】正凯集团2026届校园招聘正式启动！","https://mp.weixin.qq.com/s/7A0NAVjNFll4_0NRIwYpWQ","微信读书"
"西安交大就业创业","2025-08-09","【校招】德州仪器2026届秋季校园招聘全面开启","https://mp.weixin.qq.com/s/jNtjFKF8ep4sbz8wYETA4w","微信读书"
"西安交大就业创业","2025-08-09","【开放日】北京航天试验技术研究所2025年所区开放日活动邀请函","https://mp.weixin.qq.com/s/Sp3RQ1CPKiKIDOd1qs3iEQ","微信读书"
"西安交大就业创业","2025-08-08","西安市大学毕业生保租房政策解答","https://mp.weixin.qq.com/s/UqdJwD4Rv1yQR4i5tdDS8Q","微信读书"
"西安交大就业创业","2025-08-08","【协会风采】绽放青春梦想，奔赴人生新征程——基层协会2025届毕业生风采展示","https://mp.weixin.qq.com/s/6i5Vv7YvUIk-WH0gxisiGg","微信读书"
"西安交大就业创业","2025-08-08","【校招】中国电子科技集团公司第三十八研究所2026届校园招聘","https://mp.weixin.qq.com/s/2M96vp2rUiG0GVFo2hTfig","微信读书"
"西安交大就业创业","2025-08-08","【校招】小红书2026校园招聘全球启动！","https://mp.weixin.qq.com/s/dGBlyY1F2vOgckcL_yi10w","微信读书"
"西安交大就业创业","2025-08-08","【校招】麦肯锡中国区2026年大陆院校校园招聘正式开启！","https://mp.weixin.qq.com/s/uVPcWTkVPg_14Ya9QyjqIQ","微信读书"
"西安交大就业创业","2025-08-08","【校招】毕马威2026秋季校园招聘全面启动","https://mp.weixin.qq.com/s/jVskNu5htMNYE_j21UNXaQ","微信读书"
"西安交大就业创业","2025-08-08","【事业单位】交通运输部所属事业单位2025年度第五批统一公开招聘公告","https://mp.weixin.qq.com/s/GwI_yTZnj3Rtj-gYBNqTHw","微信读书"
"西安交大就业创业","2025-08-07","【校招】中国久远CAE软件事业部2026届校招提前批来啦！","https://mp.weixin.qq.com/s/vjUH2KADjGlciMJiGV2jOw","微信读书"
"西安交大就业创业","2025-08-07","【校招】小米集团2026届全球校园招聘正式启动","https://mp.weixin.qq.com/s/EDUHxtTIjDYmWVjgJ3zOvw","微信读书"
"西安交大就业创业","2025-08-07","【校招】腾讯2026校园招聘全球启动","https://mp.weixin.qq.com/s/iOj2BQtyPWgyTf2rKCW-_Q","微信读书"
"西安交大就业创业","2025-08-07","【校招】华为西北区域菁英人才峰会报名启动","https://mp.weixin.qq.com/s/Z3zlArxKzlg8J3vmApp38A","微信读书"
"西安交大就业创业","2025-08-07","【校招】柏楚电子2026届秋季校园招聘正式启动！","https://mp.weixin.qq.com/s/4LKgPnFydUXFCJenrEHFlg","微信读书"
"西安交大就业创业","2025-08-07","【事业单位】广东省事业单位2025年集中公开招聘高层次和急需紧缺人才第二轮滚动招聘公告","https://mp.weixin.qq.com/s/RSQHIN5mZLKmkfwXYA8DGw","微信读书"
"西安交大就业创业","2025-08-07","【事业单位】2025年长春市事业单位公开招聘工作人员（含专项招聘高校毕业生）公告（7号）","https://mp.weixin.qq.com/s/kCaeyckvERgFMVCpVdz4_g","微信读书"
"西安交大就业创业","2025-08-06","vivo首届产品经理管培生招募启动！","https://mp.weixin.qq.com/s/zLr2XWumky5MrsFJBqsSSA","微信读书"
"西安交大就业创业","2025-08-06","中国船舶集团有限公司第七一五研究所夏令营邀请函","https://mp.weixin.qq.com/s/KEDlNDPnMKR4hr9dWaIAEw","微信读书"
"西安交大就业创业","2025-08-06","青聚柯桥 筑梦未来 | 交大学子赴绍兴柯桥参加就业实践活动","https://mp.weixin.qq.com/s/x3PJpuz5MXarPyxhkGcVzA","微信读书"
"西安交大就业创业","2025-08-06","迈瑞医疗2026届校园星探招募正式启动","https://mp.weixin.qq.com/s/jf52pAz6urgqfKShOszIDg","微信读书"
"西安交大就业创业","2025-08-06","就业调查主题社会实践招募｜走进航天四院41所、航材公司、商业航天","https://mp.weixin.qq.com/s/54aWSJ3agY2q08Tz9VHujA","微信读书"
"西安交大就业创业","2025-08-06","2026届蚂蚁星Plan A人才专项招募启动！","https://mp.weixin.qq.com/s/aseOGKsEWucxywWrm2rO3g","微信读书"
"西安交大就业创业","2025-08-06","【校招】淘天集团2026届秋季应届生招聘","https://mp.weixin.qq.com/s/aEgyuFKm02vYfDlZwNNrlw","微信读书"
"西安交大就业创业","2025-08-06","【校招】饿了么秋季2026届应届生招聘正式启动","https://mp.weixin.qq.com/s/0GtxB-kRaoInT7hBNqe94g","微信读书"
"西安交大就业创业","2025-08-05","@高校毕业生 就业创业政策大礼包请查收！","https://mp.weixin.qq.com/s/wuhQspBp9AUdfwZA-5hlxA","微信读书"
"西安交大就业创业","2025-08-05","【校招】字节跳动2026校园招聘","https://mp.weixin.qq.com/s/YTHuIkzwU3kEjsItHmPpAA","微信读书"
"西安交大就业创业","2025-08-05","【校招】芯恩2026届校园招聘启动！","https://mp.weixin.qq.com/s/LXfRLt5skaoCX8Gzqo784Q","微信读书"
"西安交大就业创业","2025-08-05","【校招】创维集团2026届全球校园招聘职位正式上线！","https://mp.weixin.qq.com/s/hhSBJCZfxWra5jcRvY4L8A","微信读书"
"西安交大就业创业","2025-08-05","【校招】博迈医疗2026届校园招聘全面启动！","https://mp.weixin.qq.com/s/YGpUoEKcnfXtGkykQ7wTeQ","微信读书"
"西安交大就业创业","2025-08-04","陕西国防工业职业技术学院2025年博士研究生公开招聘公告","https://mp.weixin.qq.com/s/re2ycFcty5KAZe2hffrcMg","微信读书"
"西安交大就业创业","2025-08-04","就业服务不断线！暑期7场招聘活动等你来","https://mp.weixin.qq.com/s/Jm-JZbI4JSqm_EO1RXA5gw","微信读书"
"西安交大就业创业","2025-08-04","2026阿里星顶尖人才计划全球启动！","https://mp.weixin.qq.com/s/rTJz8xODfZp30Ej4XEAteA","微信读书"
"西安交大就业创业","2025-08-04","【校招】德勤2026校园招聘启动","https://mp.weixin.qq.com/s/y1erNzDiw1mBAFUfXyilfA","微信读书"
"西安交大就业创业","2025-08-04","【校招】百度Apollo2026届校招提前批正式启动！","https://mp.weixin.qq.com/s/6VwxkXAXg2_Dv0uiz-2Bog","微信读书"
"西安交大就业创业","2025-08-04","【校招】艾为电子2026届校园招聘重磅来袭！","https://mp.weixin.qq.com/s/VC3zlZurtWrvFb4Vd4o3ew","微信读书"
"西安交大就业创业","2025-08-04","【事业单位】国家中医药管理局直属事业单位2025年度第二批公开招聘公告","https://mp.weixin.qq.com/s/WhWnlsXejnomXhCYXR4X2Q","微信读书"
"西安交大就业创业","2025-08-04","【事业单位】2025年赤壁市事业单位公开招聘工作人员公告","https://mp.weixin.qq.com/s/nDot5yirgVUpkZy6aFj-oA","微信读书"
"西安交大就业创业","2025-08-03","中证指数有限公司2025年人才招聘公告","https://mp.weixin.qq.com/s/Xc9zM4wFfZOrIgpxZBrs9g","微信读书"
"西安交大就业创业","2025-08-03","中微公司2026博士生专项招聘正式启动！","https://mp.weixin.qq.com/s/nSBsTPN6DBm7jQu63MED0Q","微信读书"
"西安交大就业创业","2025-08-03","结构化面试如何应对？攻略来啦","https://mp.weixin.qq.com/s/Df3kJTMoryCxd7pMSVCP9w","微信读书"
"西安交大就业创业","2025-08-03","2025年吉林省高校毕业生“三支一扶”计划招募公告","https://mp.weixin.qq.com/s/iLeyLfOyCGGPMu1e59kFIw","微信读书"
"西安交大就业创业","2025-08-03","【校招】卓驭2026校园招聘正式启动","https://mp.weixin.qq.com/s/Gj0EZyEfIMkTG6M6vkqt3Q","微信读书"
"西安交大就业创业","2025-08-03","【校招】中国盐业集团有限公司2025年夏季公开招聘公告","https://mp.weixin.qq.com/s/n4ZFe5SJ7ftPxkw7hYMxYg","微信读书"
"西安交大就业创业","2025-08-03","【校招】招商银行·招银网络科技2026届秋季校园招聘全球启动！","https://mp.weixin.qq.com/s/d8d7kkfq0h53KqivxCzQJA","微信读书"
"西安交大就业创业","2025-08-03","【开放日】中国电科产业基础研究院2026届暑期开放日邀请函","https://mp.weixin.qq.com/s/Owtx8-JEcQwMwFuLIUYydQ","微信读书"
"西安交大就业创业","2025-08-02","【邀请函】小米2026顶尖校招技术沙龙（西安交通大学）","https://mp.weixin.qq.com/s/RAWa0T4FDWAWifx_J4vkHQ","微信读书"
"西安交大就业创业","2025-08-02","【校招】中国航天科工三院三部2026年度校园招聘正式启动","https://mp.weixin.qq.com/s/zXl_mhr-zzoXwQvgN2X5bA","微信读书"
"西安交大就业创业","2025-08-02","【校招】维信诺2026届校园招聘正式启动！","https://mp.weixin.qq.com/s/Os-rZRqkY3i5GGw-BLHKNA","微信读书"
"西安交大就业创业","2025-08-02","【校招】商汤科技2026校园招聘全球启动！","https://mp.weixin.qq.com/s/ub2zCxp0QgARnH__zh8uOg","微信读书"
"西安交大就业创业","2025-08-02","【校招】拼多多集团2026届校园招聘研发提前批启动！","https://mp.weixin.qq.com/s/P3jL9m3jMsSDPh3UzxJU5A","微信读书"
"西安交大就业创业","2025-08-02","【校园大使】锐捷网络2026届校园大使招募正式启动！","https://mp.weixin.qq.com/s/kFOXqTIU92z81gJxZuBkZQ","微信读书"
"西安交大就业创业","2025-08-02","【实习】建投投资 & 建投华文央企股权投资平台招聘实习生","https://mp.weixin.qq.com/s/J6mJo1izN9l6FljQ9I3bxA","微信读书"
"西安交大就业创业","2025-08-02","“博聚楚天·共建支点”湖北省2025年博士、博士后空中双选会","https://mp.weixin.qq.com/s/tVxgcAYTxomw6dXCuKxEJQ","微信读书"
"西安交大就业创业","2025-08-01","西安交大，全球招聘！","https://mp.weixin.qq.com/s/2-T4NQx6QTPYJzGz26Nycw","微信读书"
"西安交大就业创业","2025-08-01","2025年长沙市第一医院公开招聘工作人员公告","https://mp.weixin.qq.com/s/GCz93bU1nApyFnTx2ZGRaQ","微信读书"
"西安交大就业创业","2025-08-01","【校招】紫光国芯2026校园招聘全面启动！","https://mp.weixin.qq.com/s/IjFDnqTcf-skizudmYA4IQ","微信读书"
"西安交大就业创业","2025-08-01","【校招】中国船舶集团第七一三研究所2026届校招提前批开启！","https://mp.weixin.qq.com/s/2VEpZJCsEv-jZB1XEgLqfw","微信读书"
"西安交大就业创业","2025-08-01","【校招】快手2026全球秋季校园招聘启动","https://mp.weixin.qq.com/s/KArZaJEv3lf4g85Ljfyg0Q","微信读书"
"西安交大就业创业","2025-08-01","【事业单位】海南省旅游和文化广电体育厅2025年公开招聘厅属事业单位工作人员公告","https://mp.weixin.qq.com/s/cXWRD3Ubx-6F4nlEQKai3w","微信读书"
"西安交大就业创业","2025-08-01","【实习】中建八局二公司2026届暑期实习生暨校园大使招募！","https://mp.weixin.qq.com/s/HZDbfaRxufQOc_SvogV0Lw","微信读书"
"西安交大就业创业","2025-08-01","【人才引进】萍乡市2025年市直事业单位引进高层次和急需紧缺人才公告","https://mp.weixin.qq.com/s/um7wfonjM12tD0MTyvZ65Q","微信读书"
"西安交大就业创业","2025-07-31","山东大学2025年教师外其他专业技术岗位招聘公告（三）","https://mp.weixin.qq.com/s/mDEU8Ditnxi8uKGQ5NhTrQ","微信读书"
"西安交大就业创业","2025-07-31","2025年新疆生产建设兵团第八师石河子市“千名硕博·智汇石城”事业单位人才引进公告","https://mp.weixin.qq.com/s/l2dfBno5-5_BioND8aqq2g","微信读书"
"西安交大就业创业","2025-07-31","【校招】美团2026届校园招聘","https://mp.weixin.qq.com/s/5U_E4PHCgk0Ct2-nHKDb9w","微信读书"
"西安交大就业创业","2025-07-31","【校招】浪潮集团2026届校园招聘提前批正式启动！","https://mp.weixin.qq.com/s/r064Md-m0JWpWCq7Srm0AQ","微信读书"
"西安交大就业创业","2025-07-31","【校招】虹软科技26届校园招聘提前批正式启动！","https://mp.weixin.qq.com/s/PkgLo7Qu9F1guWaXELo07g","微信读书"
"西安交大就业创业","2025-07-30","100家央企名录公布！","https://mp.weixin.qq.com/s/C9W5qlakTNvRQWsRh_nxrw","微信读书"
"西安交大就业创业","2025-07-30","【校招】万得2026届AI专项招聘全球启动！","https://mp.weixin.qq.com/s/2vkLMj3IZdzI-DNmbqHR0A","微信读书"
"西安交大就业创业","2025-07-30","【校招】搜狐畅游2026届秋季校园招聘提前批正式启动！","https://mp.weixin.qq.com/s/JbV9wfn3p-svKIuRsCraXQ","微信读书"
"西安交大就业创业","2025-07-30","【校招】岚图汽车2026届校园尖端人才招募「追光计划」正式启动！","https://mp.weixin.qq.com/s/Fc9-hlfY9hoGcRb9BHRngQ","微信读书"
"西安交大就业创业","2025-07-30","【校招】华夏银行2026届数字科技人才提前批校园招聘","https://mp.weixin.qq.com/s/evJI919_fJT3D_kdibvAvQ","微信读书"
"西安交大就业创业","2025-07-16","宏志助航 | 走进迈瑞，感受智慧医疗创新发展","https://mp.weixin.qq.com/s/I2oFQKAmOxw1ZzUbZrzySA","微信读书"
"西安交大就业创业","2025-07-16","关于学校统一身份认证平台升级期间就业管理服务系统暂停服务的通知","https://mp.weixin.qq.com/s/JcJI1xHMromIVvoQpWxsoQ","微信读书"
"西安交大就业创业","2025-07-16","关于我校在校生暑期赴湖北赤壁的通知（34）","https://mp.weixin.qq.com/s/SstCtqaDNYSmJcmd2XYg4Q","微信读书"
"西安交大就业创业","2025-07-16","第四届 2025上汽大通校园短视频营销挑战赛邀你出圈！","https://mp.weixin.qq.com/s/3h9LR0TNkTIeoYzpwsLOSg","微信读书"
"西安交大就业创业","2025-07-16","【校招】思瑞浦2026届校园招聘火热开启！","https://mp.weixin.qq.com/s/ebmprA9lTIhNmti16PSFzA","微信读书"
"西安交大就业创业","2025-07-16","【开放日】中国空气动力研究与发展中心暑期开放日重磅开启！","https://mp.weixin.qq.com/s/hHVGGU_qzOb8LiNa8rx3BQ","微信读书"
"西安交大就业创业","2025-07-16","【开放日】西部超导材料科技股份有限公司2025年博士开放日报名开启！","https://mp.weixin.qq.com/s/Dz02bj-5HKb4Gw85CTVnsA","微信读书"
"西安交大就业创业","2025-07-16","【开放日】乾元国家实验室2025年暑期开放日正式启动","https://mp.weixin.qq.com/s/PPWCZ1mcdsyRSewT_83zYQ","微信读书"
"西安交大就业创业","2025-07-15","宏志助航 | 学长们带你认识技术销售岗位！","https://mp.weixin.qq.com/s/eULuwHarxGvkXsF7JHtg1A","微信读书"
"西安交大就业创业","2025-07-15","河南省科学院半导体研究所2025年招聘简章","https://mp.weixin.qq.com/s/j0rSjp6AEdNeDkiA90xuOQ","微信读书"
"西安交大就业创业","2025-07-15","【校招】OPPO 2026届全球校招正式启动！","https://mp.weixin.qq.com/s/H1ijbZ1VGzar4jxM1Bh7Lg","微信读书"
"西安交大就业创业","2025-07-15","【校招】中国联合工程有限公司夏季校园招聘公告","https://mp.weixin.qq.com/s/D6evnpxSr3o4TiZmEITkog","微信读书"
"西安交大就业创业","2025-07-15","【校招】国机集团2025届夏季校园招聘全面启动","https://mp.weixin.qq.com/s/jBIoeatd7A6xPxEV43Hc3Q","微信读书"
"西安交大就业创业","2025-07-15","【实习】中航工程集成设备有限公司暑期招募","https://mp.weixin.qq.com/s/WV49LTvVCg5nIUGvkJXg1g","微信读书"
"西安交大就业创业","2025-07-15","【实习】融中2025届夏季招聘暨26届27届实习计划启动","https://mp.weixin.qq.com/s/15k21JtVxZjAgMq6rt_6QQ","微信读书"
"西安交大就业创业","2025-07-15","【开放日】太行国家实验室2025年博士硕士研究生OpenDay交流活动正式启动","https://mp.weixin.qq.com/s/XCDtIEA_r4F872TSlVz3Yg","微信读书"
"西安交大就业创业","2025-07-14","关于西安交通大学2025年秋季校园招聘工作安排的通知","https://mp.weixin.qq.com/s/u5ts9joyOFqESZWoagHxQg","微信读书"
"西安交大就业创业","2025-07-14","关于举办“西安交通大学‘宏志助航计划’2026届选调生备考培训”的通知","https://mp.weixin.qq.com/s/8oEDAG0-4bGK9rlYJzV3mw","微信读书"
"西安交大就业创业","2025-07-14","【校招】滴滴2026届秋季校招提前批正式启动！","https://mp.weixin.qq.com/s/nugilMHJx8-r6PHKT1z0cQ","微信读书"
"西安交大就业创业","2025-07-14","【实习实践】关于我校在校生暑期赴江门的通知（33）","https://mp.weixin.qq.com/s/26WbsgqXoQAhKfJfSLDywQ","微信读书"
"西安交大就业创业","2025-07-14","【实习实践】关于我校在校生暑期赴呼和浩特市的通知（31）","https://mp.weixin.qq.com/s/_cxvYnEmZfPxAsrWbvCgTg","微信读书"
"西安交大就业创业","2025-07-14","【人才引进】信息支援部队工程大学人才引进公告","https://mp.weixin.qq.com/s/gF4UW-mr6s-V0lveUlnoBQ","微信读书"
"西安交大就业创业","2025-07-14","【开放日】深圳先进光源研究院2025年博士开放日活动开始报名啦！","https://mp.weixin.qq.com/s/DSFYhtGlS9UjbGo5a0Ab6w","微信读书"
"西安交大就业创业","2025-07-14","“新”青年求职旅社：毕业不慌，免费住＋Offer帮！你的求职“开挂”基地！","https://mp.weixin.qq.com/s/J4imtQdC1LyUdmX7SSdraQ","微信读书"
"西安交大就业创业","2025-07-13","报名开始！第十二届中国青年创青春大赛来啦~","https://mp.weixin.qq.com/s/voaFX_3szLeUvqce7SDV5A","微信读书"
"西安交大就业创业","2025-07-13","【校招】美芯晟科技2026届校园招聘正式启动","https://mp.weixin.qq.com/s/kwOFFEGeiY9b3XhXkCfgQA","微信读书"
"西安交大就业创业","2025-07-13","【校招】东软灵犀人才计划正式启动！","https://mp.weixin.qq.com/s/zRcPLQa1LIjjIn1sFo3mTA","微信读书"
"西安交大就业创业","2025-07-13","【事业单位】江西省教育厅厅属院校2025年公开招聘工作人员公告（17）","https://mp.weixin.qq.com/s/iYTfUYES0EbvLLC3-p0IKw","微信读书"
"西安交大就业创业","2025-07-13","【事业单位】2025年市直事业单位引进人才公告汇总","https://mp.weixin.qq.com/s/E_zVyyghDkbaxfLn3NZp4g","微信读书"
"西安交大就业创业","2025-07-13","【实习】中工国际2026届暑期实习生招聘","https://mp.weixin.qq.com/s/cNoGxQ_dK8j1g9rXNj6odA","微信读书"
"西安交大就业创业","2025-07-13","【人才引进】张家界市2025年公开引进急需紧缺人才公告","https://mp.weixin.qq.com/s/iq9xGcZ_W7jyfSsVGmEl4A","微信读书"
"西安交大就业创业","2025-07-12","中航机载系统共性技术有限公司2026届暑期实习生（校招提前批）招募中！","https://mp.weixin.qq.com/s/rN5xsr9XUBpjHIMb8JjNew","微信读书"
"西安交大就业创业","2025-07-12","廊坊市2025年度“硕博计划”公开招聘公告","https://mp.weixin.qq.com/s/b4W0wbtENNz-tel7FZEPXQ","微信读书"
"西安交大就业创业","2025-07-12","宝钢股份宝山基地2026届暑期实习生计划暨秋招提前批计划","https://mp.weixin.qq.com/s/eAs-9LNxcenkczvWeEOnuQ","微信读书"
"西安交大就业创业","2025-07-12","2025年新疆维吾尔自治区高校毕业生“三支一扶”计划招募公告","https://mp.weixin.qq.com/s/XuKiITEmNMkc4Fm_3x7wNQ","微信读书"
"西安交大就业创业","2025-07-12","【事业单位】住房城乡建设部直属事业单位2025年度第二批公开招聘公告","https://mp.weixin.qq.com/s/maUZMU8g-ebJkrc6W-BBiQ","微信读书"
"西安交大就业创业","2025-07-12","【实习】中汇人寿2025年暑期实习营正式招募","https://mp.weixin.qq.com/s/DwVi3PsXZR9VboZ614WGkw","微信读书"
"西安交大就业创业","2025-07-12","【开放日】TCL实业全球校园英才开放日报名正式开启！","https://mp.weixin.qq.com/s/_KA_1tz3Nc8Ugxi9oIK5JQ","微信读书"
"西安交大就业创业","2025-07-12","【开放日】南京机电2025硕博开放日等你启航！","https://mp.weixin.qq.com/s/szHL1CETm2ZXfsujiZsp4A","微信读书"
"西安交大就业创业","2025-07-11","中国建材总院2025届博士毕业生招聘公告","https://mp.weixin.qq.com/s/x6cbwVE0OCkea3teMSs-mw","微信读书"
"西安交大就业创业","2025-07-11","西安交通大学第一附属医院2025年第二批人才招聘公告","https://mp.weixin.qq.com/s/LWhKpZ4nCaX58WldelSmhw","微信读书"
"西安交大就业创业","2025-07-11","【院部动态】 材料学院举办2026届研究生毕业生就业动员会","https://mp.weixin.qq.com/s/L35-s9SkSUvzw1vvgK-Bjw","微信读书"
"西安交大就业创业","2025-07-11","【校招】美团2026届校招「AI产品经理提前批」正式启动!","https://mp.weixin.qq.com/s/kQJUEIprU2t6MsanIwyemQ","微信读书"
"西安交大就业创业","2025-07-11","【校招】北方矿业2026届校园招聘提前批正式启动","https://mp.weixin.qq.com/s/j2EohmF7UzYiARZxxhxqBg","微信读书"
"西安交大就业创业","2025-07-11","【事业单位】益阳市市直事业单位2025年集中公开招聘工作人员公告","https://mp.weixin.qq.com/s/g8E2QZEf_5ohNDUIk8xxxg","微信读书"
"西安交大就业创业","2025-07-11","【实习实践】关于“选择济南 共赢未来”2025年优秀大学生就业创业“泉城行”训练营活动的通知（31）","https://mp.weixin.qq.com/s/Tc3kntg-us1xkUosYwAh4g","微信读书"
"西安交大就业创业","2025-07-11","【开放日】中国兵器工业集团第二〇二研究所2026届暑期开放日正式启动","https://mp.weixin.qq.com/s/034EhG3MW4_0M86-XEY9lQ","微信读书"
"西安交大就业创业","2025-07-10","XJTUers@IO：IAEA和UNESCO实习经验分享","https://mp.weixin.qq.com/s/oMekp6ydnuvS1BlI6pVrSA","微信读书"
"西安交大就业创业","2025-07-10","上海城投集团2025年公开招聘公告","https://mp.weixin.qq.com/s/OANfqRfH9V18LW1igc2p1w","微信读书"
"西安交大就业创业","2025-07-10","凉山州2025年急需紧缺专业大学生顶岗实习招募公告","https://mp.weixin.qq.com/s/N-U4VREBsbmL_FPZU8vhsQ","微信读书"
"西安交大就业创业","2025-07-10","【校招】百度2026届校园招聘正式启动","https://mp.weixin.qq.com/s/LHLybCZCk7d4nhMNklT6BQ","微信读书"
"西安交大就业创业","2025-07-10","【事业单位】2025年衡水市事业单位公开招聘工作人员公告","https://mp.weixin.qq.com/s/Zu7NE40334pQTe2BZDyX_A","微信读书"
"西安交大就业创业","2025-07-10","【实习实践】关于我校在校生暑期赴绍兴柯桥的通知（30）","https://mp.weixin.qq.com/s/F_gyGxhsQeOgPCazsvqgUg","微信读书"
"西安交大就业创业","2025-07-10","【实习】中国期货市场监控中心2025年暑期实习生招收计划","https://mp.weixin.qq.com/s/UbQAeXHjDBIhJf_AVHgHCw","微信读书"
"西安交大就业创业","2025-07-10","“百万英才汇南粤，千名学子聚南山”——2025年南山团区委系列活动","https://mp.weixin.qq.com/s/YrcpTEtYYOx4IOob8wWBVg","微信读书"
"西安交大就业创业","2025-07-09","雅安市商业银行2025年招聘公告","https://mp.weixin.qq.com/s/aNRlyBfehNRGCoh7MTPTyQ","微信读书"
"西安交大就业创业","2025-07-09","西安交通大学2026届毕业生生源信息","https://mp.weixin.qq.com/s/ryGntDTEkqmkr4OfiDUsbQ","微信读书"
"西安交大就业创业","2025-07-09","科大讯飞2026届飞凡计划正式启动","https://mp.weixin.qq.com/s/b8I0dXYLcLTFyLV8GMSyeA","微信读书"
"西安交大就业创业","2025-07-09","京东2026TET管理培训生招募正式启动","https://mp.weixin.qq.com/s/clHzNnD2sx4ZiN4dHsxErg","微信读书"
"西安交大就业创业","2025-07-09","宏志助航 | 求职特训在线课+求职福利包","https://mp.weixin.qq.com/s/2JloV0dFM6L8fUw7O-wbPg","微信读书"
"西安交大就业创业","2025-07-09","【兴庆宣讲】2025年上海电机学院教师招聘公告","https://mp.weixin.qq.com/s/U823P60nTvYiVU-i02JPPw","微信读书"
"西安交大就业创业","2025-07-09","【人才引进】兰考县2025年公开引进高层次人才公告","https://mp.weixin.qq.com/s/8Gk3wR1RpbsxN-r4t5iDWA","微信读书"
"西安交大就业创业","2025-07-09","【开放日】中国兵器工业第二〇五研究所2025年暑期人才开放日","https://mp.weixin.qq.com/s/afxKaPlkMttMePa7jl58GQ","微信读书"
"西安交大就业创业","2025-07-08","西安交通大学附属中学榆林高新学校2025年教师招聘公告","https://mp.weixin.qq.com/s/6ifWUx2wt82DiuqQYpkvjA","微信读书"
"西安交大就业创业","2025-07-08","西安交大举办第七届全球治理创新青年人才训练营","https://mp.weixin.qq.com/s/Ek2cAnLXDu5lHMetMBLhaQ","微信读书"
"西安交大就业创业","2025-07-08","宏志助航 | 海尔职业规划分享——用“通关”思路经营你的职场生涯","https://mp.weixin.qq.com/s/wZlVUBlBiBOzB_LpvpeTaA","微信读书"
"西安交大就业创业","2025-07-08","【校招】广西农村投资集团2025年夏季校园招聘启事","https://mp.weixin.qq.com/s/mmDsWbGYybD83Z-BjJdbEA","微信读书"
"西安交大就业创业","2025-07-08","【校招】2025年“才聚齐鲁 成就未来”山东海洋集团有限公司2025年度校园招聘公告","https://mp.weixin.qq.com/s/lcdSv0EyMfKL-NkOH8z40A","微信读书"
"西安交大就业创业","2025-07-08","【事业单位】张家口市2025年第二批事业单位公开招聘工作人员公告","https://mp.weixin.qq.com/s/gxfB31FBoAeFWluWNdY15w","微信读书"
"西安交大就业创业","2025-07-08","【事业单位】2025年湖北省就业援藏面向山南籍高校毕业生专项公开招聘事业单位工作人员公告","https://mp.weixin.qq.com/s/bF9NWDgN_x0WOkovikPwfQ","微信读书"
"西安交大就业创业","2025-07-08","【实习】深圳市南山区机关事业单位公开招募实习人员！","https://mp.weixin.qq.com/s/YARLWGSbHekcmsgaIqvdQg","微信读书"
"西安交大就业创业","2025-07-07","暑假蓄力！思特奇「奇点」训练营火热招募中！","https://mp.weixin.qq.com/s/6n0J2J20m11NXG-yae64CQ","微信读书"
"西安交大就业创业","2025-07-07","攀枝花向“名校硕博们”发出“金色邀约”：逛吃逛玩还能拿offer！","https://mp.weixin.qq.com/s/_JbTi15_ow4jISYAFSIrbQ","微信读书"
"西安交大就业创业","2025-07-07","就创助航 乐业陕西——致陕西省2025届高校毕业生的一封信","https://mp.weixin.qq.com/s/ecZVsfeK4IQXBEWw1hdXMw","微信读书"
"西安交大就业创业","2025-07-07","@大学生，湖南宠你！青年驿站免费住！","https://mp.weixin.qq.com/s/hvuG50o8ej3ASfH-_dGHTw","微信读书"
"西安交大就业创业","2025-07-07","【实习】中国航空工业集团建投2025年度暑期实习生招聘火热开启","https://mp.weixin.qq.com/s/RMFCk6pl9uIfIltKn1Z03w","微信读书"
"西安交大就业创业","2025-07-07","【实习】中国航发商发暑期实习生招募启动！","https://mp.weixin.qq.com/s/Qa3rVKwemiY3MjYDnQwpuw","微信读书"
"西安交大就业创业","2025-07-07","【实习】杭州市上城区最潮实习生招募报名ing！“职”等你来！","https://mp.weixin.qq.com/s/MeLzXmBE3XWc6tKACRMsfA","微信读书"
"西安交大就业创业","2025-07-07","【实习】国家电投集团2025年实习生招募","https://mp.weixin.qq.com/s/Gs7qnIkjyV3e6nmZPIUXbg","微信读书"
"西安交大就业创业","2025-07-05","中国长江三峡集团有限公司启动2025年博士后招聘","https://mp.weixin.qq.com/s/aefwJLXC4piR1ZlIddAyNQ","微信读书"
"西安交大就业创业","2025-07-05","青岛市免租金住宿保障（第一批）申报指南来啦","https://mp.weixin.qq.com/s/tJV0qtKNLVCdgUAO9lZ69g","微信读书"
"西安交大就业创业","2025-07-05","湖北省疾病预防控制中心2025年专项公开招聘工作人员公告","https://mp.weixin.qq.com/s/LZ24U1UjbYwiXp_C8yzkOA","微信读书"
"西安交大就业创业","2025-07-05","2025暑期闽籍学生厦门参访交流暨离校未就业毕业生专场招聘","https://mp.weixin.qq.com/s/L-Bz7bbNSMH8VU5JimleJA","微信读书"
"西安交大就业创业","2025-07-05","2025年下半年女兵报名通道开启！","https://mp.weixin.qq.com/s/bkpMdX2BqKEuEBZQl9zokQ","微信读书"
"西安交大就业创业","2025-07-05","【校招】DJI 大疆 2026 “拓疆者” 秋季校园招聘正式开启！","https://mp.weixin.qq.com/s/R_oH7W7BS7J7-km5DYLhmw","微信读书"
"西安交大就业创业","2025-07-05","【夏令营】中国电子科技集团公司第二十九研究所2025年优秀大学生夏令营通知","https://mp.weixin.qq.com/s/z-iKMzadqdhMOMe_a2_hCQ","微信读书"
"西安交大就业创业","2025-07-05","【宏志助航】好未来教育科技集团资深人力资源规划师团队主讲!","https://mp.weixin.qq.com/s/GmcA5RHGfL2z9c6-0qabQA","微信读书"
"西安交大就业创业","2025-07-04","康龙化成新药技术股份有限公司博士人才专项活动","https://mp.weixin.qq.com/s/hy7gOm2P2XzXpdJt9v301Q","微信读书"
"西安交大就业创业","2025-07-04","2025青海省农村信用社联合社金融科技类人才招聘","https://mp.weixin.qq.com/s/F_xNCp9wTfGvWHG5ZADdxg","微信读书"
"西安交大就业创业","2025-07-04","【校招】中国南水北调集团新能源投资有限公司2025年夏季校园招聘公告","https://mp.weixin.qq.com/s/r-L6HuN8r1tED3rcIAr7sg","微信读书"
"西安交大就业创业","2025-07-04","【校招】西藏邮政2025年校园补充招聘公告","https://mp.weixin.qq.com/s/0nQuuDipCtfUgEm88W5iMg","微信读书"
"西安交大就业创业","2025-07-04","【校招】点点互动2026届Elite Program校招提前批启动！","https://mp.weixin.qq.com/s/pw6eRMOkCFjm4AoYJQkCpQ","微信读书"
"西安交大就业创业","2025-07-04","【夏令营】方田教育暑期夏令营火热招募中","https://mp.weixin.qq.com/s/W6vkMOdusPrCY_hulHbVEA","微信读书"
"西安交大就业创业","2025-07-04","【实习】杭州市临平区最潮实习生开始招募，“职”等你来","https://mp.weixin.qq.com/s/S-VCTtLTVuHTjTfySoOFZA","微信读书"
"西安交大就业创业","2025-07-04","【开放日】中国兵器工业第二〇六研究所人才开放日","https://mp.weixin.qq.com/s/uUQ25-j3U_Tw93WShy5vKg","微信读书"
"西安交大就业创业","2025-07-03","现代汽车前瞻技术研发Code Faster急速编程挑战赛开启！","https://mp.weixin.qq.com/s/S6bqnDrv7HPia9eulr916A","微信读书"
"西安交大就业创业","2025-07-03","航天科技四院四十一所2025博士生暑期实践活动 • 2026校招直通计划启动","https://mp.weixin.qq.com/s/eJpo8FLiOj4ezCHL6s43qQ","微信读书"
"西安交大就业创业","2025-07-03","乘风破浪 逐梦翱翔 | 西安交大就业创业新媒体团队2025届毕业生小编风采","https://mp.weixin.qq.com/s/KJILJ_aslmW81jkAkhv5hA","微信读书"
"西安交大就业创业","2025-07-03","2025年第二届郑州航空港全球创业大赛报名指南","https://mp.weixin.qq.com/s/aOYg3hLoG2K7H91qalgmaQ","微信读书"
"西安交大就业创业","2025-07-03","【实习实践】齐齐哈尔市2025年暑期大学生返乡政务实习火热招募中！","https://mp.weixin.qq.com/s/1uqntuVyo63phLfXEGq8FQ","微信读书"
"西安交大就业创业","2025-07-03","【人才引进】昆山市2025年事业单位公开招聘紧缺人才公告","https://mp.weixin.qq.com/s/ZO_evckEW74fn_KNYV_T4g","微信读书"
"西安交大就业创业","2025-07-03","【开放日】宇通集团2025企业开放日邀您见证“中国智造”的力量","https://mp.weixin.qq.com/s/GDc9g0ziXLYjlOHFBhjkIA","微信读书"
"西安交大就业创业","2025-07-03","【国际组织实习】红十字会与红新月会国际联合会（IFRC）总部招募实习生","https://mp.weixin.qq.com/s/Cciinloxq6N11XWh0c0S2g","微信读书"
"西安交大就业创业","2025-07-02","宏志助航 | 博士生就业生涯沙龙：职场感悟之细节决定成败","https://mp.weixin.qq.com/s/7Ar-NzqgKZeicVWOCpslTw","微信读书"
"西安交大就业创业","2025-07-02","【校招】小米2026顶尖人才校园招聘全球启动","https://mp.weixin.qq.com/s/28MARQ-nxpSB7QIKyBO3WQ","微信读书"
"西安交大就业创业","2025-07-02","【夏令营】双胞胎集团2025“相约南昌”暑期夏令营征集令","https://mp.weixin.qq.com/s/TWvj0KFg6iMeJACiOp9Dbg","微信读书"
"西安交大就业创业","2025-07-02","【实习】中航机载系统共性技术有限公司2026届暑期实习生（校招提前批）招募中！","https://mp.weixin.qq.com/s/dseBYfT4gpj3ke7e5pNZ-A","微信读书"
"西安交大就业创业","2025-07-02","【实习】杭州高新区（滨江）AI挑战 最潮实习生","https://mp.weixin.qq.com/s/se0ytXG2YAHeeTFUWuz72w","微信读书"
"西安交大就业创业","2025-07-02","【人才引进】张家口市2025年硕博人才引进公告","https://mp.weixin.qq.com/s/xLYDEUng7yK4tqN3sHWxvg","微信读书"
"西安交大就业创业","2025-07-02","【人才引进】吐鲁番市2025年急需紧缺人才引进（第二批）公告","https://mp.weixin.qq.com/s/ErVOtLW7anivLiE592ouXg","微信读书"
"西安交大就业创业","2025-07-02","【开放日】中国航空制造技术研究院2025年开放日活动如约而至！","https://mp.weixin.qq.com/s/XG3WHTUZr1VOOKK6RfPsGw","微信读书"
"西安交大就业创业","2025-07-01","深圳先进光源研究院博土后招聘公告","https://mp.weixin.qq.com/s/R88MhA3NPUZu9LVIp-aw1Q","微信读书"
"西安交大就业创业","2025-07-01","河南省科学院激光制造研究所招聘计划","https://mp.weixin.qq.com/s/3767rWdG9d6ClC0lVLoMAg","微信读书"
"西安交大就业创业","2025-07-01","【院部动态】人居学院召开2026届毕业生就业动员会","https://mp.weixin.qq.com/s/sDKKdGLyy8hA1prGnSqU4g","微信读书"
"西安交大就业创业","2025-07-01","【校招】中国航天科技集团公司第五研究院第五一三研究所2025届校园招聘","https://mp.weixin.qq.com/s/-dH-OVZyxQNHN5SMagE4rg","微信读书"
"西安交大就业创业","2025-07-01","【夏令营】中核集团首届博士夏令营扬帆起航","https://mp.weixin.qq.com/s/zzklMoEHG6daFtVeBACzVQ","微信读书"
"西安交大就业创业","2025-07-01","【实习实践】优秀大学生暑期来鲁实习实践活动招募通知（29）","https://mp.weixin.qq.com/s/2pyar2u7oFm4fFUrnVxX2g","微信读书"
"西安交大就业创业","2025-07-01","【实习实践】2025年成都市新津区实习活动招募（28）","https://mp.weixin.qq.com/s/BVhtP3QixIzLzHamOwHOhA","微信读书"
"西安交大就业创业","2025-07-01","【实习】联通数科2025年实习生计划正式启动！","https://mp.weixin.qq.com/s/-zrfNlkKsbzG0cd911SINw","微信读书"
"西安交大就业创业","2025-06-30","中国兵器工业计算机应用技术研究所 & 中兵无人机研究所有限公司招聘计划","https://mp.weixin.qq.com/s/2A2DhXWAv-FYlEOjW6D2YQ","微信读书"
"西安交大就业创业","2025-06-30","职业指导微课程之HR说校招（4）｜京东方 & 信步科技","https://mp.weixin.qq.com/s/IkdjRYH-Y6z2Uma--X0xlQ","微信读书"
"西安交大就业创业","2025-06-30","航天恒星2026届校招提前批、实习生正式启动","https://mp.weixin.qq.com/s/b_OYgrgBy0RqiGpb6jJ0eQ","微信读书"
"西安交大就业创业","2025-06-30","2025年高校毕业生就业创业“政策地图”——就业手续及时办⑨","https://mp.weixin.qq.com/s/ixiLU2mywrc1I7h43LpZtA","微信读书"
"西安交大就业创业","2025-06-30","【央广网】毕业季，就业季 | 嵌入式、定制式培养让人才“毕业即上岗”","https://mp.weixin.qq.com/s/o5r0atsoEBuudOTXd7vflA","微信读书"
"西安交大就业创业","2025-06-30","【校招】2026快Star-X特别技术人才计划启动","https://mp.weixin.qq.com/s/mnoQKuRp1cVaXZqmQXmThQ","微信读书"
"西安交大就业创业","2025-06-30","【实习】上海勘测设计研究院有限公司2025年实习生招聘公告","https://mp.weixin.qq.com/s/cxlzCxReJ2Z2l_b6UYrx2A","微信读书"
"西安交大就业创业","2025-06-30","【开放日】中航凯迈（上海）红外科技有限公司暑期开放日","https://mp.weixin.qq.com/s/QOgS7CMRQ66CN2zcCBnDIg","微信读书"
"西安交大就业创业","2025-06-29","中海地产2025海之子研习计划全面启动！","https://mp.weixin.qq.com/s/iGlV5-zNEzQdGEtb39k9VA","微信读书"
"西安交大就业创业","2025-06-29","应急管理部关于国家综合性消防救援队伍2025年度面向社会招录消防员的公告","https://mp.weixin.qq.com/s/CKURoYLCZznMuapmE6hvaA","微信读书"
"西安交大就业创业","2025-06-29","新疆梅花氨基酸有限责任公司2025精英人才招募计划","https://mp.weixin.qq.com/s/k_jpQJWU5h2gOEr2IMGSBw","微信读书"
"西安交大就业创业","2025-06-29","西安交大举办2025年“宏志助航计划”春季学期就业培训和招聘活动","https://mp.weixin.qq.com/s/_ggaHG1wIlRxMimv_82GOg","微信读书"
"西安交大就业创业","2025-06-29","【实习】中物院软件中心2025年暑期实习启动啦","https://mp.weixin.qq.com/s/jfMg9FcY_lmk7n_9naRdKg","微信读书"
"西安交大就业创业","2025-06-29","【实习】赛轮集团 · 2025「Tire+」暑期实习生计划正式启动！","https://mp.weixin.qq.com/s/mx8UN7qt17-hOgOmzcpp9A","微信读书"
"西安交大就业创业","2025-06-29","【实习】航天五院2026届暑期实习实践招聘开始啦","https://mp.weixin.qq.com/s/7BSMMmLbb4MgTBtQVEXevA","微信读书"
"西安交大就业创业","2025-06-29","【开放日】电科蓝天2025年度蓝天开放日暨2026届暑期实习生招募","https://mp.weixin.qq.com/s/FZMe3gQmTUPTfz0P5_5_9Q","微信读书"
"西安交大就业创业","2025-06-28","西安交通大学第七届“中兴捧月”模拟面试大赛启动","https://mp.weixin.qq.com/s/DRZ3YooBGgI8-9hcg1-TjA","微信读书"
"西安交大就业创业","2025-06-28","2025年高校毕业生就业创业“政策地图”——求职陷阱需防范⑧","https://mp.weixin.qq.com/s/xgw2UPDCyUalrchyAQjd4w","微信读书"
"西安交大就业创业","2025-06-28","【宣讲会】中兴通讯2026届未来领军宣讲会暨岗位推介会来啦！","https://mp.weixin.qq.com/s/Swwv2VVTaY-0RwDMMFLrGw","微信读书"
"西安交大就业创业","2025-06-28","【校招】航天科技集团2026校招提前批正式启动","https://mp.weixin.qq.com/s/PJXzyOsfRxhBkj-FfYKtlw","微信读书"
"西安交大就业创业","2025-06-28","【实习】欣旺达2026届暑期实习生热招岗位推荐","https://mp.weixin.qq.com/s/nKzbK3_SFPfC63RwWNm_ww","微信读书"
"西安交大就业创业","2025-06-28","【实习】泸州老窖股份有限公司2025暑期实习生项目正式启动！","https://mp.weixin.qq.com/s/etSTYiNHxKzKlT4qP_AHJQ","微信读书"
"西安交大就业创业","2025-06-28","【实习】湖北省电力规划设计研究院有限公司2026届“启明星计划”实习生招聘正式启动！","https://mp.weixin.qq.com/s/UR4gP_UEKsuf9a3Cw3W89Q","微信读书"
"西安交大就业创业","2025-06-28","【开放日】中国航空研究院2025年度博士专场开放日正式启动","https://mp.weixin.qq.com/s/VJx34JvQkgd6eERg--7_EA","微信读书"
"西安交大就业创业","2025-06-27","来交大，书写美好未来","https://mp.weixin.qq.com/s/OHj1VVWYLw-nmV_GUNsvCg","微信读书"
"西安交大就业创业","2025-06-27","课程预告 | 教育部“互联网+就业指导”公益直播课：防范就业风险，求职谨防踩坑","https://mp.weixin.qq.com/s/Rn1rzKv_kqTRGXF5tRPUTg","微信读书"
"西安交大就业创业","2025-06-27","【事业单位】江苏省卫生健康委员会所属事业单位2025年公开招聘工作人员公告（第三批）","https://mp.weixin.qq.com/s/DLaLzJg2yM3ay3y2htrCTA","微信读书"
"西安交大就业创业","2025-06-27","【实习实践】关于我校在校大学生参加中国振华电子集团有限公司“国企开放日”活动的通知（26）","https://mp.weixin.qq.com/s/JNKKjZ5vQxPEvrhQ8iAR7g","微信读书"
"西安交大就业创业","2025-06-27","【实习】大连商品交易所2025年度暑期实习生招收简章","https://mp.weixin.qq.com/s/9ITu-rcb60pEv5vgORZJiw","微信读书"
"西安交大就业创业","2025-06-27","【创新港宣讲】中铁第一勘察设计院集团有限公司2026年招聘启事","https://mp.weixin.qq.com/s/0DRJHtOF8uR4LJSrpA59NQ","微信读书"
"西安交大就业创业","2025-06-27","【毕业啦】2025届交大学子奔赴各个领域谱写奋斗华章","https://mp.weixin.qq.com/s/QdWdGMdf8Ae2kIBIKTw1Kg","微信读书"
"西安交大就业创业","2025-06-27","“职”在科研·“就”有未来 | 2025年科研助理岗位供需对接活动暨直播带岗活动","https://mp.weixin.qq.com/s/vknOgDfatE_hWsWS-hwG1g","微信读书"
"西安交大就业创业","2025-06-26","全链条协同育人！西安交大🤝龙头企业","https://mp.weixin.qq.com/s/qjIMhtuQ2Ntw9s845PPPCw","微信读书"
"西安交大就业创业","2025-06-26","江苏省2025年高校毕业生“三支一扶”计划招募公告","https://mp.weixin.qq.com/s/R8UKcrm9uCa5ybTQ6mTeDA","微信读书"
"西安交大就业创业","2025-06-26","2025年高校毕业生就业创业“政策地图”——就业服务广覆盖⑦","https://mp.weixin.qq.com/s/KysN6aEAG1iBf0dIkLkrzQ","微信读书"
"西安交大就业创业","2025-06-26","【校招】北京航天发射技术研究所信息与控制技术中心2026届校园招聘","https://mp.weixin.qq.com/s/Y7-ZqDW6pTuVA2pn4iQf9w","微信读书"
"西安交大就业创业","2025-06-26","【实习实践】中国电科第十四研究所2026届暑期开放日邀请函（27）","https://mp.weixin.qq.com/s/NbmFqQKPLdYx7Rd0md86OQ","微信读书"
"西安交大就业创业","2025-06-26","【实习】海南控股2025年暑期实习生招聘","https://mp.weixin.qq.com/s/1Bb0j4h4faW0V5aH0PyItw","微信读书"
"西安交大就业创业","2025-06-26","【青鸟计划】2025年淄博市大学生暑期社会实践开始报名啦！","https://mp.weixin.qq.com/s/hKVCwLoEl4zQ6yyiiBRVhQ","微信读书"
"西安交大就业创业","2025-06-26","【开放日】中国电科五十五所2025年暑期博士开放日邀请函","https://mp.weixin.qq.com/s/7B3r01igkB0e5nDcE2VCtA","微信读书"
"西安交大就业创业","2025-06-25","中新赛克暑期实习生暨2026届校园招聘提前批启动","https://mp.weixin.qq.com/s/q02vMxnplQwR9uHIb2dlQg","微信读书"
"西安交大就业创业","2025-06-25","西部证券2025年暑期实习暨2026届校园招聘提前批正式启动","https://mp.weixin.qq.com/s/JBZHloU1rXzzjTnPrrwF5A","微信读书"
"西安交大就业创业","2025-06-25","东营市2025年暑假大学生“返家乡”社会实践活动开始报名啦！","https://mp.weixin.qq.com/s/gbHp6n5kqf4LpNFZg3STow","微信读书"
"西安交大就业创业","2025-06-25","【校招】中兴通讯2026届「未来领军」人才招聘正式启动","https://mp.weixin.qq.com/s/Ed8Cv6FfkChwSZB7uKaExg","微信读书"
"西安交大就业创业","2025-06-25","【事业单位】2025年吉林省省直事业单位公开招聘工作人员公告（2号）","https://mp.weixin.qq.com/s/vFdF8cgf-pEZf1R6BdoZcQ","微信读书"
"西安交大就业创业","2025-06-25","【实习实践】关于开展2025年无锡市“名校优岗”优秀大学生政务见习的通知","https://mp.weixin.qq.com/s/_9RmruWUY8NoTDE2b9yalA","微信读书"
"西安交大就业创业","2025-06-25","【实习】国机重装2026届暑期实习生招聘！","https://mp.weixin.qq.com/s/pSALA9yBKrXiSAXBN2niPg","微信读书"
"西安交大就业创业","2025-06-25","【开放周】中国航发贵州黎阳航空动力有限公司 & 中国航发贵阳发动机设计研究所暑期开放周招募","https://mp.weixin.qq.com/s/gR--83nYXs7hzs_pEg5YOQ","微信读书"
"西安交大就业创业","2025-06-24","首届粤港澳大湾区创业大赛正式启动！","https://mp.weixin.qq.com/s/SGLEX4xa8lU29CSHEeMw1A","微信读书"
"西安交大就业创业","2025-06-24","活动报名｜西安交通大学第七届“中兴捧月”模拟面试大赛开幕式来啦！","https://mp.weixin.qq.com/s/hhV9LR006M4K11GdEMDKzw","微信读书"
"西安交大就业创业","2025-06-24","2025年高校毕业生就业创业“政策地图”——参军入伍有保障⑥","https://mp.weixin.qq.com/s/vbimwaycgwKmDK1Q6xTgzA","微信读书"
"西安交大就业创业","2025-06-24","【中国日报网】西安交大校企协同育人新模式：让人才成长与企业需求同频共振","https://mp.weixin.qq.com/s/JI_S5vox9iM9dDTt88SXJA","微信读书"
"西安交大就业创业","2025-06-24","【夏令营】中国兵器工业第二〇三研究所2025年暑期夏令营正式启动！","https://mp.weixin.qq.com/s/04ih3p4JIacHzkSShHiaPw","微信读书"
"西安交大就业创业","2025-06-24","【夏令营】西安近代化学研究所2025暑期夏令营正式启动！","https://mp.weixin.qq.com/s/v0XCC4qdYoBIaJYY6j3i2g","微信读书"
"西安交大就业创业","2025-06-24","【实习实践】关于“2025年度校园大使走进吴江开发区”活动的通知（24）","https://mp.weixin.qq.com/s/Oox5034Xj7LkDatnJIoVHA","微信读书"
"西安交大就业创业","2025-06-24","【开放日】中国飞行试验研究院2025年暑期开放日邀请函","https://mp.weixin.qq.com/s/B5y-AM5kLuWe4EgKvowqdg","微信读书"
"西安交大就业创业","2025-06-23","中国航天科技集团有限公司第五研究院西安分院（504所）2025年“航天行”暑期实践活动邀请函","https://mp.weixin.qq.com/s/0-IdjJKrU2XtgY2j3Mltyg","微信读书"
"西安交大就业创业","2025-06-23","优艾智合—西安交大具身智能机器人联合研究院校企联聘人才招聘简章","https://mp.weixin.qq.com/s/EN5ZqkmwKSxMH86ZGCNFbg","微信读书"
"西安交大就业创业","2025-06-23","【校招】腾讯2026青云计划全球启动","https://mp.weixin.qq.com/s/N2tn_aRR-ovuKLUELz7xxg","微信读书"
"西安交大就业创业","2025-06-23","【夏令营】中国电研2026硕博精英夏令营邀请函","https://mp.weixin.qq.com/s/vz1y5HVb-RkQN8XVtGxR4A","微信读书"
"西安交大就业创业","2025-06-23","【实习】五矿证券研究所2025暑期实习生计划正式启动","https://mp.weixin.qq.com/s/3Aa8d1O7JQxPClgysh9ekg","微信读书"
"西安交大就业创业","2025-06-23","【实习】华中师大一附中实习教师招募计划启动！","https://mp.weixin.qq.com/s/n3HWno1z7YMZIRgPoRPxew","微信读书"
"西安交大就业创业","2025-06-23","【实习】2025年陕汽控股“陕汽星”预培生暑期实习招聘开始啦！","https://mp.weixin.qq.com/s/kRFRHqu6l8uD8N1YdMQ_Qw","微信读书"
"西安交大就业创业","2025-06-23","【空中双选会】西北五省高校2025届离校未就业毕业生 空中双选会邀请函","https://mp.weixin.qq.com/s/vaE2Rf1Bkz3YMY6JnrLGRQ","微信读书"
"西安交大就业创业","2025-06-22","中广核2025年聚核体验营报名倒计时","https://mp.weixin.qq.com/s/kj45ZZtckmO3unLVizKX5g","微信读书"
"西安交大就业创业","2025-06-22","西安交通大学附属小学招聘公告","https://mp.weixin.qq.com/s/J6mDrp8io228xDy4JyrrUQ","微信读书"
"西安交大就业创业","2025-06-22","浦东“青创15条”低租金青年公寓，在线申请仅需4步！","https://mp.weixin.qq.com/s/Dr0w-get7knnsHDzIgXGGA","微信读书"
"西安交大就业创业","2025-06-22","媒体聚焦西安交大推进校企协同就业育人新模式","https://mp.weixin.qq.com/s/Sw-T9fmd-iVTgf2A9pgxvw","微信读书"
"西安交大就业创业","2025-06-22","经验分享｜冲刺秋招，西安交大第七届“中兴捧月”模拟面试大赛等你来！","https://mp.weixin.qq.com/s/PlwzcFZfDAz2z9A2HqEa8g","微信读书"
"西安交大就业创业","2025-06-22","2025年高校毕业生就业创业“政策地图”——就业见习有项目⑤","https://mp.weixin.qq.com/s/Vfi8ebXd8xugEarYFkkyHA","微信读书"
"西安交大就业创业","2025-06-22","【校招】中国航空工业集团2025年纪检监察人员校园招聘公告","https://mp.weixin.qq.com/s/Q8CSW2mW8-BmPsORTAd1hg","微信读书"
"西安交大就业创业","2025-06-22","【开放日】德州仪器2026届Open Day重磅来袭！","https://mp.weixin.qq.com/s/kcmuRcWYeP--4NZi271clA","微信读书"
"西安交大就业创业","2025-06-21","课程预告 | 教育部“互联网+就业指导”公益直播课：农业发展趋势和职业机会","https://mp.weixin.qq.com/s/Hju5VYrHAJkG6JTnXW9q0w","微信读书"
"西安交大就业创业","2025-06-21","【新闻】西安交大入选“新时代高校学生国际就业力培养计划”首批试点院校","https://mp.weixin.qq.com/s/8jH_oDySFxG5xn6buBJYTw","微信读书"
"西安交大就业创业","2025-06-21","【校招】中铁第一勘察设计院集团有限公司2026年招聘启事","https://mp.weixin.qq.com/s/NeJtJ7gJ2C0hjX5RlWoGMg","微信读书"
"西安交大就业创业","2025-06-21","【校招】中国矿产资源集团2025年公开招聘公告","https://mp.weixin.qq.com/s/Af2OmLsGklYrAH9NMk1_hQ","微信读书"
"西安交大就业创业","2025-06-21","【校招】石家庄市市属国有企业2025年公开招聘应届毕业生的公告","https://mp.weixin.qq.com/s/xugD9R7Duuce0nnlkZYw6A","微信读书"
"西安交大就业创业","2025-06-21","【事业单位】岳阳市市直事业单位2025年集中公开招聘工作人员公告","https://mp.weixin.qq.com/s/tLcF8ryr06UCg_zJD_pEVw","微信读书"
"西安交大就业创业","2025-06-21","【实习】2025年“眉州逐梦实习生 · 仁寿感知行”活动即将开启！","https://mp.weixin.qq.com/s/u4W3l29iEHdXMRF8bZvbsg","微信读书"
"西安交大就业创业","2025-06-21","【科技日报】报道西安交大校企协同育人 共促高质量就业","https://mp.weixin.qq.com/s/YRQaqB-GA0-wZVsPSsX8dQ","微信读书"
"西安交大就业创业","2025-06-20","华中科技大学研究生招生现场咨询会（西安专场）报名通知","https://mp.weixin.qq.com/s/6vrZKeuuMa_zd8g4SgyOvA","微信读书"
"西安交大就业创业","2025-06-20","2025IKCEST国际大数据竞赛报名开始，首次加入大模型使用","https://mp.weixin.qq.com/s/UOmPZFgQAWLmg_l5TGB1Zw","微信读书"
"西安交大就业创业","2025-06-20","2025年高校毕业生就业创业“政策地图”——能力提升有培训④","https://mp.weixin.qq.com/s/NBWmhSkRWKI8OzJIcoGaDA","微信读书"
"西安交大就业创业","2025-06-20","【中国新闻网】西安交大推动校企协同育人 助力毕业生“稳”就业","https://mp.weixin.qq.com/s/ZIhuw9CM7AplsAggjdS97Q","微信读书"
"西安交大就业创业","2025-06-20","【中国教育网】西安交通大学4847名本科毕业生启航新征程，七成深造书写青春答卷","https://mp.weixin.qq.com/s/W2ojZZYuBJCW9HBBXFTbsg","微信读书"
"西安交大就业创业","2025-06-20","【夏令营】中国兵器工业集团2026届博士研学夏令营正式启动！","https://mp.weixin.qq.com/s/x1qL135_rHZpYlfjjx9SZg","微信读书"
"西安交大就业创业","2025-06-20","【实习实践】2025年株洲市大学生暑期实践暨就业游活动开始报名啦！","https://mp.weixin.qq.com/s/bnTH8mqbJCZYsKBSIjv05Q","微信读书"
"西安交大就业创业","2025-06-20","【实习】安克创新2026届星图实习生招聘全球启动！","https://mp.weixin.qq.com/s/TQ0T6lxeDsgcUN2FHznPDA","微信读书"
"西安交大就业创业","2025-06-19","格力大学生创新实践营报名开启","https://mp.weixin.qq.com/s/0kdDyBDA8XFLQkUc6kSC8w","微信读书"
"西安交大就业创业","2025-06-19","报名！西安交通大学第七届全球治理创新青年人才训练营","https://mp.weixin.qq.com/s/xZhGBX-NiuC6GoDcwqHyeA","微信读书"
"西安交大就业创业","2025-06-19","【校园大使】浪潮集团2026届校园大使招募启动！","https://mp.weixin.qq.com/s/Pf3CR_eENmFvpiQaCJ82wA","微信读书"
"西安交大就业创业","2025-06-19","【实习实践】西安交通大学2025年选派优秀学生暑期赴黑龙江省绥化市实习实训的通知（24）","https://mp.weixin.qq.com/s/xLf5pST03O2d_0lGIKJfUg","微信读书"
"西安交大就业创业","2025-06-19","【实习实践】关于2025年西安交通大学赴湘参加“名校学子进怀化”暑期实习夏令营活动项目的通知（19）","https://mp.weixin.qq.com/s/u6hzZT0ja079G08pTz4wkg","微信读书"
"西安交大就业创业","2025-06-19","【人才引进】梅州市2025年引进急需紧缺人才公告","https://mp.weixin.qq.com/s/sTbWPZ_vLtawfV_ypS6EAg","微信读书"
"西安交大就业创业","2025-06-19","【创新港宣讲】沈阳飞机设计研究所2025年暑期开放日招聘正式启动","https://mp.weixin.qq.com/s/wlAPbKHmPeZlV9mXGMVqBg","微信读书"
"西安交大就业创业","2025-06-19","【毕业季】毕业生户籍迁出指南，这些流程要记好","https://mp.weixin.qq.com/s/r63MKBDUsTe2-wfh_Tnuyg","微信读书"
"西安交大就业创业","2025-06-18","华为天才少年挑战课题发布，邀您揭榜！","https://mp.weixin.qq.com/s/mDLmh3X_DT76AGuUeu4QWw","微信读书"
"西安交大就业创业","2025-06-18","2025年高校毕业生就业创业“政策地图”——自主创业有支持③","https://mp.weixin.qq.com/s/kZk0uo_h9FtWokST1eAHPw","微信读书"
"西安交大就业创业","2025-06-18","【提前批】方太集团2026届暑期提前批实习招聘启动！","https://mp.weixin.qq.com/s/bYwKtsTPxWXaDnUN90jKow","微信读书"
"西安交大就业创业","2025-06-18","【事业单位】2025年湘西自治州州直事业单位公开招聘工作人员公告","https://mp.weixin.qq.com/s/wL_x8gyPpN2v-5JrXCzgGQ","微信读书"
"西安交大就业创业","2025-06-18","【事业单位】2025年桂东县事业单位公开招聘工作人员公告","https://mp.weixin.qq.com/s/1ax5TWopLehOmj8z2ONz8g","微信读书"
"西安交大就业创业","2025-06-18","【实习实践】关于2025年西安交通大学研究生赴阿克苏地区实习项目的通知（22）","https://mp.weixin.qq.com/s/1nWdK6Re7BjFjC2iwGAVXA","微信读书"
"西安交大就业创业","2025-06-18","【人才引进】襄阳市2025年专项引进紧缺人才公告","https://mp.weixin.qq.com/s/PVUJGcVYv9stfx9DtoM0mg","微信读书"
"西安交大就业创业","2025-06-18","【开放日】铂力特 2026 OPENDAY 席位报名预约开启","https://mp.weixin.qq.com/s/XRRvRQlb7lf2mQQ1M-M7_A","微信读书"
"西安交大就业创业","2025-06-17","【院部动态】电气工程学院开展“宏志助航计划”就业经验分享活动","https://mp.weixin.qq.com/s/IpdMXK54n0vQCNmbs6prdQ","微信读书"
"西安交大就业创业","2025-06-17","【新闻】西安交通大学成功举办2025届就业2026届实习生双选会（第三场）","https://mp.weixin.qq.com/s/OSBAlyjBWvOuRJ4BFl37AQ","微信读书"
"西安交大就业创业","2025-06-17","【新华网】促进高质量充分就业观察丨“育人链” 如何 “链” 接职场通关路？","https://mp.weixin.qq.com/s/bGxZ30fS1gJ9kxX1weESgQ","微信读书"
"西安交大就业创业","2025-06-17","【校招】吉林省国资委监管企业2025年度招聘公告（2号）","https://mp.weixin.qq.com/s/89zPBLMnFkyMojh6JHsnSw","微信读书"
"西安交大就业创业","2025-06-17","【实习实践】关于2025年“名校优生吴中行”——优秀大学生到吴中暑期实践活动的通知（20）","https://mp.weixin.qq.com/s/-hjf_tZEwmUx1u17wKynbg","微信读书"
"西安交大就业创业","2025-06-17","【实习实践】2025浦东新区“青年人才直通车”浦东行系列活动","https://mp.weixin.qq.com/s/FfeEgihTi8npwAkENCCkVg","微信读书"
"西安交大就业创业","2025-06-17","【实习】2025年上汽大乘用车暑期实习计划火热启动！","https://mp.weixin.qq.com/s/-f4VbvFDeZ0oH6FcWLB03A","微信读书"
"西安交大就业创业","2025-06-17","【开放日】中国航发涡轮院 & 中国航发成发2025年暑期开放日正式启动！","https://mp.weixin.qq.com/s/m8dDsAiygW7SSWjvBYcj9A","微信读书"
"西安交大就业创业","2025-06-16","河南交通投资集团有限公司2025年度公开招聘公告","https://mp.weixin.qq.com/s/_wzjZ3Os6lxP7kYVHIl5Ww","微信读书"
"西安交大就业创业","2025-06-16","航天工程大学2025年暑期研学交流活动通知","https://mp.weixin.qq.com/s/T9_kihTHgG7PysA-MW-g1g","微信读书"
"西安交大就业创业","2025-06-16","报名！西安交通大学第七届“中兴捧月”模拟面试大赛","https://mp.weixin.qq.com/s/tfCn3sVJtl8R3CioFhiSWg","微信读书"
"西安交大就业创业","2025-06-16","2025年高校毕业生就业创业“政策地图”——基层就业天地广②","https://mp.weixin.qq.com/s/W3_2hRSvNgpPXe-SqzgxNw","微信读书"
"西安交大就业创业","2025-06-16","【央视新闻】产教融合“订单式”协同培养打开毕业生就业新通道","https://mp.weixin.qq.com/s/_RTvs6LYHBya1uXQ_gGhJA","微信读书"
"西安交大就业创业","2025-06-16","【校招】上海电气2026届暑期精英训练营报名启动！","https://mp.weixin.qq.com/s/EIOGWvgO7ZZD5GOjhB5bJg","微信读书"
"西安交大就业创业","2025-06-16","【实习】2025年长沙“城市合伙人”超级实习生计划","https://mp.weixin.qq.com/s/oOJlGj65Wa5H9BkU7c_MZg","微信读书"
"西安交大就业创业","2025-06-16","【国聘行动】国资央企建功产业一线专场","https://mp.weixin.qq.com/s/MSjzhEEBKybuGTR34qyUQQ","微信读书"
"西安交大就业创业","2025-06-15","西安交通大学春季学期就业创业指导活动预告（6.16-6.22）","https://mp.weixin.qq.com/s/FcuGRTnPnP8DO30djUJs5Q","微信读书"
"西安交大就业创业","2025-06-15","【组团招聘】塔城地区2025年下半年急需紧缺人才引进公告","https://mp.weixin.qq.com/s/8TUfXV9qRlURSAOwnDKXzw","微信读书"
"西安交大就业创业","2025-06-15","【院部动态】电气工程学院开展“宏志助航计划”简历诊断活动","https://mp.weixin.qq.com/s/Kq5scEpeHs3SPpSjJae1FA","微信读书"
"西安交大就业创业","2025-06-15","【校招】陕西延长石油（集团）有限责任公司招聘","https://mp.weixin.qq.com/s/xjL9LXyb80a_jx3ZkNXYdA","微信读书"
"西安交大就业创业","2025-06-15","【校招】普源精电2026届校园招聘","https://mp.weixin.qq.com/s/-sEyXwhVX7RyMTVHuuufuQ","微信读书"
"西安交大就业创业","2025-06-15","【实习】中国长城资产管理股份有限公司总部2025年暑期实习生招募公告","https://mp.weixin.qq.com/s/437QN9lfe9z6P6lwKi_QGg","微信读书"
"西安交大就业创业","2025-06-15","【创新港宣讲】韶音科技2026届提前批校招宣讲","https://mp.weixin.qq.com/s/WpyXc2eMdAZv8CaxT8w2Xw","微信读书"
"西安交大就业创业","2025-06-14","西安交通大学期刊中心英文期刊编辑招聘公告","https://mp.weixin.qq.com/s/wp9QP1gCFPqOTFXFxVud8g","微信读书"
"西安交大就业创业","2025-06-14","陕西省各市2025年中央特岗计划教师招聘考试岗位及设置标准发布","https://mp.weixin.qq.com/s/BVGXMaNwM6FM5Et-oNqHhA","微信读书"
"西安交大就业创业","2025-06-14","北京市疾病预防控制中心面向2025年应届毕业生（第二批）公开招聘公告","https://mp.weixin.qq.com/s/3TlZKdWwRtITz1dhH2ytgw","微信读书"
"西安交大就业创业","2025-06-14","2025年高校毕业生就业创业“政策地图”——面向高校毕业生的就业创业政策①","https://mp.weixin.qq.com/s/ZRQKT-CpQ6g0uQmklULfpA","微信读书"
"西安交大就业创业","2025-06-14","2025年“三支一扶”计划来了，一图了解→","https://mp.weixin.qq.com/s/bVlgOXbtEMz3fSdskQkEIg","微信读书"
"西安交大就业创业","2025-06-14","【新华社】校企携手丨西安交大助力毕业生就业","https://mp.weixin.qq.com/s/G9nlHnOuYH0V0jvNz5yXRg","微信读书"
"西安交大就业创业","2025-06-14","【校招】湖南能源集团有限公司2025年校园招聘","https://mp.weixin.qq.com/s/9K7odzPRuaM2MThPUnRjVg","微信读书"
"西安交大就业创业","2025-06-14","【校园大使】2026届普源精电校园大使招募启动！","https://mp.weixin.qq.com/s/1z6tb_WiK5jlWDwOEG3pOQ","微信读书"
"西安交大就业创业","2025-06-13","【院部动态】宏志助航 | 生命学院组织学生赴西安金磁纳米开展企业参访活动","https://mp.weixin.qq.com/s/KtUetoHyaswHmR63ChX_uA","微信读书"
"西安交大就业创业","2025-06-13","【新闻】西安交大举办中国核工业集团有限公司2026届提前批校园招聘活动","https://mp.weixin.qq.com/s/LncjGrk5k4-KYFi8-Wuj7A","微信读书"
"西安交大就业创业","2025-06-13","【校招】吉林省国资委监管企业2025年度招聘公告（1号）","https://mp.weixin.qq.com/s/WV9016odyJ4w0GxO0cAYeQ","微信读书"
"西安交大就业创业","2025-06-13","【线上招聘会】全国医药卫生行业高校毕业生2025年“百日冲刺”线上专场招聘会","https://mp.weixin.qq.com/s/2K41PYqgfAgYpfT27kjCgg","微信读书"
"西安交大就业创业","2025-06-13","【夏令营】中国船舶科学研究中心深海技术科学太湖实验室2025年夏令营","https://mp.weixin.qq.com/s/tc_rvH53kg35fRvYiXt-AA","微信读书"
"西安交大就业创业","2025-06-13","【事业单位】江苏省卫生健康委员会所属事业单位2025年公开招聘工作人员公告（第二批）","https://mp.weixin.qq.com/s/wxQIZc9ueUbCCiZuSAkGnQ","微信读书"
"西安交大就业创业","2025-06-13","【实习实践】关于2025年无锡市梁溪区青年工程师产业训练营活动的通知（18）","https://mp.weixin.qq.com/s/uWy3HDbTytv-MFU_l1PvIQ","微信读书"
"西安交大就业创业","2025-06-13","【人民日报】西安交大与企业开展合作 形成校企协同育人范式","https://mp.weixin.qq.com/s/o3FUqit0qUxcFcG1BWUBDA","微信读书"
"西安交大就业创业","2025-06-12","西安交通大学2025年就业见习生招聘通知","https://mp.weixin.qq.com/s/9vgaouu4mw_CDidu1tmvJw","微信读书"
"西安交大就业创业","2025-06-12","深圳明德实验学校（集团）2025年6月公开招聘教师公告","https://mp.weixin.qq.com/s/G0pInZt3sl_mHIJtoCv80w","微信读书"
"西安交大就业创业","2025-06-12","关于组织在读研究生赴川参加绵阳政务实习的通知（17）","https://mp.weixin.qq.com/s/XtSeyFvtvKdX43SIDxWpmg","微信读书"
"西安交大就业创业","2025-06-12","关于举办第十届“创客中国”陕西省中小企业创新创业大赛暨第七届“创客陕西”中小企业创新创业大赛的通知","https://mp.weixin.qq.com/s/Geg2LCSzLf06rmsqXMtyqg","微信读书"
"西安交大就业创业","2025-06-12","2025年高校毕业生就业创业“政策地图”专题网站上线","https://mp.weixin.qq.com/s/y_VT0iXo7QA4yoJisTr44g","微信读书"
"西安交大就业创业","2025-06-12","【中国青年报】西安交大：校企携手，打造“1+1>2”领航就业新模本","https://mp.weixin.qq.com/s/Xh_F5rEy4Dpl3ShFfHO7cA","微信读书"
"西安交大就业创业","2025-06-12","【校招】科大讯飞研究院2026届飞星计划校园招聘正式启动！","https://mp.weixin.qq.com/s/MzHvUP_mkU5U-TiC8nti2Q","微信读书"
"西安交大就业创业","2025-06-12","【实习】追觅2025洗地机事业部暑期实习生校园招聘","https://mp.weixin.qq.com/s/MJoTPHfD_tUVOGI8Lwguwg","微信读书"
"西安交大就业创业","2025-06-11","西安机电信息技术研究所第二届暑期夏令营邀请函","https://mp.weixin.qq.com/s/ItXPPnVdhTv793n7iUiTbQ","微信读书"
"西安交大就业创业","2025-06-11","江西省首届高层次人才创新创业大赛公告","https://mp.weixin.qq.com/s/53LEPfQ5Wlqjrme85KWi5A","微信读书"
"西安交大就业创业","2025-06-11","宏志助航 | 西安交通大学2025届就业暨2026届实习生双选会（第三场）单位预告","https://mp.weixin.qq.com/s/xDnfvHyjk-7PvwPXnnfC3w","微信读书"
"西安交大就业创业","2025-06-11","关于领取2025届毕业生火车票优惠证明的通知","https://mp.weixin.qq.com/s/jBf8CDw7_30Culxj-t_DxA","微信读书"
"西安交大就业创业","2025-06-11","【中国教育报头版】西安交大与中兴通讯“前置培养”通信人才 校企协同铺设“人才直通车","https://mp.weixin.qq.com/s/77dGOrdjRnlSEmFNFp3QTw","微信读书"
"西安交大就业创业","2025-06-11","【院部动态】人居学院举办高校辅导员求职经验分享会","https://mp.weixin.qq.com/s/UVJ9d9LUDNzXRRJmMOxzQg","微信读书"
"西安交大就业创业","2025-06-11","【校招】航空工业集团综合所高层次人才及博士招聘公告","https://mp.weixin.qq.com/s/jCmrmphEIorx05QrXV1W7Q","微信读书"
"西安交大就业创业","2025-06-11","【事业单位】2025年宜昌市事业单位专项公开招聘工作人员公告","https://mp.weixin.qq.com/s/mGQQMOjitU3aKPwORywrEA","微信读书"
"西安交大就业创业","2025-06-10","云链世界 智创未来 | 千名博士项目对接暨人才引进签约治谈会西安站","https://mp.weixin.qq.com/s/qkDVUXorAoXIbvAbSnLA4A","微信读书"
"西安交大就业创业","2025-06-10","宏志助航 | 2025届就业暨2026届实习生双选会（第三场）简历诊断嘉宾预告","https://mp.weixin.qq.com/s/V9Mgtm4M-4x5lrrascFvgQ","微信读书"
"西安交大就业创业","2025-06-10","关于做好2023年、2024年毕业生基层就业学费补偿代偿在职在岗确认及复核工作的通知","https://mp.weixin.qq.com/s/IYerKblfeEjjcowagT4HCw","微信读书"
"西安交大就业创业","2025-06-10","【开放周】“未来十所人”2025年暑期开放周邀请函","https://mp.weixin.qq.com/s/YqNECDM8aFafjDnLbTvhKA","微信读书"
"西安交大就业创业","2025-06-10","【开放日】中国航空工业集团直升机所第八届校园开放日活动邀请函","https://mp.weixin.qq.com/s/MMKcrbCBY_oT5yv_8ISQbg","微信读书"
"西安交大就业创业","2025-06-10","【光明日报】报道西安交大打造全链条协同育人","https://mp.weixin.qq.com/s/lyqi_ofbTfaPQt-WFxNyaQ","微信读书"
"西安交大就业创业","2025-06-10","【创新港宣讲】沈阳理工大学专场宣讲会","https://mp.weixin.qq.com/s/UN1QTeeu6U1_5WkGXw-Tew","微信读书"
"西安交大就业创业","2025-06-10","【创新港宣讲】深圳汉阳科技有限公司专场宣讲会","https://mp.weixin.qq.com/s/El99tWV40elSXea2HR5jrw","微信读书"
"西安交大就业创业","2025-06-09","宏志助航 | 博士生就业生涯沙龙：基于优势的职业规划","https://mp.weixin.qq.com/s/eRZ9uacOOpFQaT-OiUEHfA","微信读书"
"西安交大就业创业","2025-06-09","2025届毕业生离校工作安排及注意事项","https://mp.weixin.qq.com/s/3WAD6OSVhkNv4ZE1mhSsuQ","微信读书"
"西安交大就业创业","2025-06-09","【组团招聘】中核集团2026届提前批校园招聘","https://mp.weixin.qq.com/s/RFvL78stIHGIgWFcnkqB6A","微信读书"
"西安交大就业创业","2025-06-09","【院部动态】电气工程学院召开2026届研究生就业动员会","https://mp.weixin.qq.com/s/RbPewGT3iZD3Vp_nMhPLNw","微信读书"
"西安交大就业创业","2025-06-09","【校招】中电锦江2026届校园招聘正式开启","https://mp.weixin.qq.com/s/7fAf5Y2qySJM-ZvaHqVGEQ","微信读书"
"西安交大就业创业","2025-06-09","【实习】TCL华星2026届暑期实习生招聘正式启动","https://mp.weixin.qq.com/s/_YHQbKalI3rPV-eYQgw2Lg","微信读书"
"西安交大就业创业","2025-06-09","【实习】中国化学天辰公司2025年暑期实习生招聘火热启动","https://mp.weixin.qq.com/s/bGM8xuIfaY4mzW23vU4iXw","微信读书"
"西安交大就业创业","2025-06-09","【开放日】阿里淘天集团顶尖人才T-Star技术Openday报名开放","https://mp.weixin.qq.com/s/vXTkJpxgHKjLheGtZJ26jw","微信读书"
"西安交大就业创业","2025-06-08","西安交通大学春季学期就业创业指导活动预告（6.09-6.15）","https://mp.weixin.qq.com/s/ejB95HgG-ySjDR_bJ9fLkg","微信读书"
"西安交大就业创业","2025-06-08","宏志助航 | 洞察管培岗及求职指南","https://mp.weixin.qq.com/s/j1NZc0Kh_MhX9iPBHXz8jg","微信读书"
"西安交大就业创业","2025-06-08","【校招】中国联合工程有限公司夏季校园招聘","https://mp.weixin.qq.com/s/4k8NCT6ibjgeAZdXVzO-xA","微信读书"
"西安交大就业创业","2025-06-08","【提前批】中汽中心2026届提前批校园招聘正式启动","https://mp.weixin.qq.com/s/rsrfDT0X2xSQx1J8IQh-Zg","微信读书"
"西安交大就业创业","2025-06-08","【实习】奇安信26届暑期实习专项启动","https://mp.weixin.qq.com/s/VkiQO5fngbJQF0LYWefJsA","微信读书"
"西安交大就业创业","2025-06-08","【实习】北汽研究总院开启暑期实习生招聘！","https://mp.weixin.qq.com/s/LpFt5qFUOtyQxEglzmQSxw","微信读书"
"西安交大就业创业","2025-06-08","【创新港宣讲】广州市菁英计划公派留学项目2025年政策宣讲活动","https://mp.weixin.qq.com/s/NL0gHYs7fWZY0uto9PJCXA","微信读书"
"西安交大就业创业","2025-05-26","西安市交大附中浐灞右岸学校招聘教师！","https://mp.weixin.qq.com/s/4L0sGG9hD3ditO-b9sCsdQ","微信读书"
"西安交大就业创业","2025-05-26","四川大学2025年校聘非事业编制岗位招聘公告（第一批）","https://mp.weixin.qq.com/s/Jcc-ZDOqZ37mIOLll5i5bQ","微信读书"
"西安交大就业创业","2025-05-26","5月31日！交大校园开放日来了！","https://mp.weixin.qq.com/s/OUuWvbo37l-y5aL8W0ZVxw","微信读书"
"西安交大就业创业","2025-05-26","【组团招聘】南孔精英 — 为你而来2025西安·衢州人才周 — 硕博高层次人才专场双选会","https://mp.weixin.qq.com/s/2AqKBHrSzAbzCrqNpSzgUg","微信读书"
"西安交大就业创业","2025-05-26","【事业单位】湖南省省直事业单位2025年第二次集中公开招聘工作人员公告","https://mp.weixin.qq.com/s/szEW88LwqW8Tjs4Mot8DNQ","微信读书"
"西安交大就业创业","2025-05-26","【实习】维谛技术（Vertiv）2026届暑期研发实习生招聘正式启动","https://mp.weixin.qq.com/s/GDMP2gwSTbpIEipQLQ5Xew","微信读书"
"西安交大就业创业","2025-05-26","【实习】东风日产2025年“追梦·星计划”暑期实习生招聘启动啦！","https://mp.weixin.qq.com/s/hCU4JqkPpG0fZTehXVamqg","微信读书"
"西安交大就业创业","2025-05-26","【创新港宣讲】梅特勒托利多2026届提前批校园招聘（西安交通大学专场）","https://mp.weixin.qq.com/s/TemQUf-gx2NoYA8yyZJWrg","微信读书"
"西安交大就业创业","2025-05-25","西安交通大学附属中学榆林高新学校2025年教师招聘公告","https://mp.weixin.qq.com/s/o84ung-A4P_ReRNuIklHsw","微信读书"
"西安交大就业创业","2025-05-25","关于申报2025届毕业生西部基层就业奖励的通知","https://mp.weixin.qq.com/s/WKeU6Bc_BRWq4Utos-V1jQ","微信读书"
"西安交大就业创业","2025-05-25","【校招】长飞校园2026招聘正式启动","https://mp.weixin.qq.com/s/QUKyl8go9ooZxjRXul7Paw","微信读书"
"西安交大就业创业","2025-05-25","【校招】济南历城控股集团有限公司2025年校园招聘正式启动","https://mp.weixin.qq.com/s/KbQHlFP50v67M1n1CWCJ6g","微信读书"
"西安交大就业创业","2025-05-25","【事业单位】关于泸州市纳溪区事业单位2025年上半年引进急需紧缺人才的补充公告","https://mp.weixin.qq.com/s/q3Zv9ytaWhtZfHAyx9UuIg","微信读书"
"西安交大就业创业","2025-05-25","【事业单位】重庆市属事业单位2025年第二季度考核招聘高层次和紧缺人才公告","https://mp.weixin.qq.com/s/vREMsGrFkWG-UqVVA20hRw","微信读书"
"西安交大就业创业","2025-05-25","【实习】中国移动2025“梦想+”实习生计划全面启动！","https://mp.weixin.qq.com/s/iWiyNbBV0u0yplzsjEOWWg","微信读书"
"西安交大就业创业","2025-05-25","【实习】中国电信广东公司2025暑期实习生招聘正式启动！","https://mp.weixin.qq.com/s/1tq9D2-uDrGpJC2cPRDdnA","微信读书"
"西安交大就业创业","2025-05-24","西安交通大学春季学期就业创业指导活动预告（5.26-5.30）","https://mp.weixin.qq.com/s/ajOsVPmeuA0bVY5eM0MIrA","微信读书"
"西安交大就业创业","2025-05-24","通知｜国际电信联盟内推实习生岗位招募通知","https://mp.weixin.qq.com/s/p6hFOVw-YpB9uCiHTePksw","微信读书"
"西安交大就业创业","2025-05-24","江苏省2025年应届优秀大学毕业生选调乡镇（街道）职位拟录用人选递补工作公告","https://mp.weixin.qq.com/s/BPvWCJaj2LmW2fWW_i36dQ","微信读书"
"西安交大就业创业","2025-05-24","宏志助航 | 知己知彼，择势而动 & 就业简历指导","https://mp.weixin.qq.com/s/y7bHe19YGZ3tHs_RZPuVUg","微信读书"
"西安交大就业创业","2025-05-24","【校招】中国科学院核能安全技术研究所招聘信息","https://mp.weixin.qq.com/s/jqJbTP1mQubitZn_3OB2cQ","微信读书"
"西安交大就业创业","2025-05-24","【事业单位】交通运输部所属事业单位2025年度第四批统一公开招聘公告","https://mp.weixin.qq.com/s/8Gpxyb79Hcbth5txSks3Ng","微信读书"
"西安交大就业创业","2025-05-24","【实习】关于组织在读研究生赴津参加“百校英才进武清”人才项目的通知（9）","https://mp.weixin.qq.com/s/ATdxCf8kj0PltEZ8t0jASw","微信读书"
"西安交大就业创业","2025-05-24","【创新港宣讲】歌尔2026届精英计划正式启动","https://mp.weixin.qq.com/s/NnhjtrEfOpernWW-oIR38Q","微信读书"
"西安交大就业创业","2025-05-23","青岛市城阳区2025年优秀青年干部人才选育计划","https://mp.weixin.qq.com/s/G46ssGOBNsy3Z4eucNw9qg","微信读书"
"西安交大就业创业","2025-05-23","宏志助航 X 核风训练营 | 公开课：与98级校友话能源未来、和世界银行前高官观全球发展","https://mp.weixin.qq.com/s/BEc2PLtL-2ttycxsKCLB5Q","微信读书"
"西安交大就业创业","2025-05-23","宏志助航 · 西安交通大学2025届就业暨2026届实习生双选会（第三场）邀请函","https://mp.weixin.qq.com/s/WM9f_nbEEC2ODkCPjXUKCA","微信读书"
"西安交大就业创业","2025-05-23","广州国家实验室工程技术中心公开招聘公告","https://mp.weixin.qq.com/s/tUSVy-hj86E8lexxIP8vow","微信读书"
"西安交大就业创业","2025-05-23","【院部动态】药学院党委班子访企拓岗 为毕业生就业保驾护航","https://mp.weixin.qq.com/s/XGgIJ-SVe9WAEZgx8MP9jA","微信读书"
"西安交大就业创业","2025-05-23","【校招】中国兵器工业集团江苏曙光光电有限公司2025年校园招聘","https://mp.weixin.qq.com/s/Xc-Fp8aR-UxJP6qaM3tiTw","微信读书"
"西安交大就业创业","2025-05-23","【校招】国家能源集团2025春季校园招聘来啦！","https://mp.weixin.qq.com/s/aMrCD5458LbgUWbjaUNLtQ","微信读书"
"西安交大就业创业","2025-05-23","【创新港宣讲】国华能源投资有限公司2025春季校园招聘来啦！","https://mp.weixin.qq.com/s/jNkXYLCFNWB7rEN9I1ShNA","微信读书"
"西安交大就业创业","2025-05-21","关于开展2025年西安市人才直通分类评价工作的通知","https://mp.weixin.qq.com/s/_A03BPpye4qR2haR_zH4ew","微信读书"
"西安交大就业创业","2025-05-21","【组团招聘】雅安市2025年招才引智活动","https://mp.weixin.qq.com/s/71WoqYHjLRlJj4eTeInfHQ","微信读书"
"西安交大就业创业","2025-05-21","【组团招聘】工信就业-中博汇高层次人才洽谈会“2025年度春季”巡回招聘会（加场）","https://mp.weixin.qq.com/s/1TXFR7qMFTaF3IPHhak_Ug","微信读书"
"西安交大就业创业","2025-05-21","【校招】银行间市场清算所股份有限公司2025届春季校园招聘公告","https://mp.weixin.qq.com/s/2DPbUGotah95fgbpZ38gDA","微信读书"
"西安交大就业创业","2025-05-21","【校招】三一重能2026届提前批正式启动啦~","https://mp.weixin.qq.com/s/QiaV_gz5pGD9Bj8pTzh7mQ","微信读书"
"西安交大就业创业","2025-05-21","【校招】民航宁夏空管分局2025年应届毕业生招聘公告","https://mp.weixin.qq.com/s/IH-5RdJ7GtSa7MWazYPqWQ","微信读书"
"西安交大就业创业","2025-05-21","【校招】国家能源投资集团有限责任公司2025年高校毕业生春季招聘公告","https://mp.weixin.qq.com/s/2qkEsO4rm7ptUBmRlJa8Ww","微信读书"
"西安交大就业创业","2025-05-21","【国际组织实习】欧洲议会暑期实习生招募","https://mp.weixin.qq.com/s/QpvQkWpWG5KLsVgpWlyRkg","微信读书"
"西安交大就业创业","2025-05-20","人居学院就业规划系列课堂——选调生经验分享会","https://mp.weixin.qq.com/s/KqCapq5_9EjF_3OS7h_jVQ","微信读书"
"西安交大就业创业","2025-05-20","宏志助航 | 职业选择与发展路径讲座：教育行业","https://mp.weixin.qq.com/s/5VEV42nt_DOzTo-IPV_tiA","微信读书"
"西安交大就业创业","2025-05-20","杭州高新区2025年专业聘用制人员招聘公告","https://mp.weixin.qq.com/s/gzlls8YDjO9sN5J2HyUb7g","微信读书"
"西安交大就业创业","2025-05-20","【组团招聘】“彭”聚英才·“城”就未来 2025春季徐州名校名所行 西安交通大学专场（37家）","https://mp.weixin.qq.com/s/hdPwTuZOIPiSExy3sVgdzg","微信读书"
"西安交大就业创业","2025-05-20","【校招】中国进出口银行总行2025年系统开发岗专项校园招聘公告","https://mp.weixin.qq.com/s/eFrRPXGczbf5hsFnDFJ_IA","微信读书"
"西安交大就业创业","2025-05-20","【校招】中国电研2025届春季校园招聘正式启动！","https://mp.weixin.qq.com/s/VylNnJY7tHjIhq4TC06WFQ","微信读书"
"西安交大就业创业","2025-05-20","【事业单位】2025年陕西省卫生健康委部分直属事业单位公开招聘工作人员公告","https://mp.weixin.qq.com/s/upyysaH4YQTUPG0DxADffg","微信读书"
"西安交大就业创业","2025-05-18","职业指导微课程之HR说校招（1）｜中航工业自控所 & 中兴通讯","https://mp.weixin.qq.com/s/NU_xWWQoIHnU5FSEcdy0-w","微信读书"
"西安交大就业创业","2025-05-18","【校招】中信保诚基金2026届校园招聘正式启动","https://mp.weixin.qq.com/s/-v0rbOx-afgehtZSpAT-Iw","微信读书"
"西安交大就业创业","2025-05-18","【校招】中国能源建设集团广西水利电力建设集团有限公司2025年春季校园招聘公告","https://mp.weixin.qq.com/s/P9UrbbVXTVY9mciElk9c2g","微信读书"
"西安交大就业创业","2025-05-18","【校招】中国大唐2025届夏季校园招聘全面启动！","https://mp.weixin.qq.com/s/GFzRLo5223t4mAdKxFG-jQ","微信读书"
"西安交大就业创业","2025-05-18","【校招】天津市交通（集团）有限公司2025届校园招聘公告","https://mp.weixin.qq.com/s/eOsIZFaOVQ45JKGOaCSBnQ","微信读书"
"西安交大就业创业","2025-05-18","【校招】哈尔滨电气集团佳木斯电机股份有限公司2025年招聘","https://mp.weixin.qq.com/s/H76eTEDvkawuODX3hV7hYw","微信读书"
"西安交大就业创业","2025-05-18","【暑期实践】航天一院2026届暑期实践招聘启动","https://mp.weixin.qq.com/s/7XxELnoGwSS8nZurB6Ufng","微信读书"
"西安交大就业创业","2025-05-18","【创新港宣讲】海尔智家2026届顶尖人才项目正式启动","https://mp.weixin.qq.com/s/2ViryfHDtLzm64r-lx9ldg","微信读书"
"西安交大就业创业","2025-05-17","中国航空工业集团机载第五届重点高校宣讲会暨2025年优秀毕业生双选会","https://mp.weixin.qq.com/s/wr69EKNgvRFFQzRlNKZNrA","微信读书"
"西安交大就业创业","2025-05-17","西安交通大学春季学期就业创业指导活动预告（5.19-5.25）","https://mp.weixin.qq.com/s/mQQUH0G2WcPtF3W4nRWkjQ","微信读书"
"西安交大就业创业","2025-05-17","【校招】中国中煤2025届高校毕业生夏季招聘公告","https://mp.weixin.qq.com/s/UOQbBsPEvxiTmdSo8BOzmQ","微信读书"
"西安交大就业创业","2025-05-17","【校招】中广核2025届夏季校园招聘全面启动！","https://mp.weixin.qq.com/s/nUQhem_CMBb583fWcTyhhQ","微信读书"
"西安交大就业创业","2025-05-17","【事业单位】商务部直属事业单位2025年第二批公开招聘工作人员公告","https://mp.weixin.qq.com/s/5P9h0moPswR9S8tC9C_RXg","微信读书"
"西安交大就业创业","2025-05-17","【实习】腾讯IEG2025实习生招聘全球启动","https://mp.weixin.qq.com/s/M5hAmQv1SqVpcTXC6wTeAA","微信读书"
"西安交大就业创业","2025-05-17","【实习】日立能源2025年暑期实习生招募正式开启！","https://mp.weixin.qq.com/s/xQr_CRHqyhAZpxxcYI01ow","微信读书"
"西安交大就业创业","2025-05-17","【实习】普洛斯资产平台2025年实习生招聘正式启动！","https://mp.weixin.qq.com/s/XoRPjntN3tzRvpiRz61-3Q","微信读书"
"西安交大就业创业","2025-05-16","渝见名医·人才开放日 | 重医附一院、重医附属儿童医院邀您来探院","https://mp.weixin.qq.com/s/-Ora9fp7M7i4tYrLJJ34gQ","微信读书"
"西安交大就业创业","2025-05-16","西安交通大学2025年选派优秀学生暑期赴安徽党政机关实习实践的通知（8）","https://mp.weixin.qq.com/s/r_Bqi_VzwLr7EEzy1Xh93w","微信读书"
"西安交大就业创业","2025-05-16","天津大学低维电子材料和先进装备生态高薪招聘专任研究人员","https://mp.weixin.qq.com/s/xrMvbzU--OWa9WxHqfHOWw","微信读书"
"西安交大就业创业","2025-05-16","【校招】中国船舶外高桥造船2025届校园招聘正式启动！","https://mp.weixin.qq.com/s/QOmwqx22vqdxkFkyz5ZKKA","微信读书"
"西安交大就业创业","2025-05-16","【实习】浙商银行总行2026届暑期实习生计划网申进行中！","https://mp.weixin.qq.com/s/BhXZqzsaHNaSoRqc_-WX9g","微信读书"
"西安交大就业创业","2025-05-16","【实习】南山区2025年大学生实习节来了！","https://mp.weixin.qq.com/s/g9wZ1Gsk1d6VHLTlkJtGPQ","微信读书"
"西安交大就业创业","2025-05-16","【实习】博世战略实习生计划·AI+智行学院 | 以AI为径，智行未来的起点！","https://mp.weixin.qq.com/s/vIFjBWB8hTZFbMwEczuILw","微信读书"
"西安交大就业创业","2025-05-15","西安交通大学2025年选派优秀学生暑期赴四川党政机关实习实践的通知（7）","https://mp.weixin.qq.com/s/5J2EegNby-dTF8FECEISnA","微信读书"
"西安交大就业创业","2025-05-15","速收藏！这份2025扬州人才政策摘要汇编等您来解锁","https://mp.weixin.qq.com/s/PgnwPDDAQwVCCqZxyzAtmg","微信读书"
"西安交大就业创业","2025-05-15","高博人才2025年春季全国博士、博士后高层次人才专场巡回签约治谈会(西安站)","https://mp.weixin.qq.com/s/mpF4n5X2XZImZvEJSTPyeg","微信读书"
"西安交大就业创业","2025-05-15","【校招】航天科工二院2025届补招","https://mp.weixin.qq.com/s/Ac13qkzIjzsxfkLlTwtIEA","微信读书"
"西安交大就业创业","2025-05-15","【校招】东风汽车2025年全球博士招募正式启动","https://mp.weixin.qq.com/s/qer7h4Ie28K_Y8LhmiseHg","微信读书"
"西安交大就业创业","2025-05-15","【事业单位】新疆生产建设兵团第五师双河市事业单位面向2025届高校毕业生校园招聘公告","https://mp.weixin.qq.com/s/tFOgwkOFVoq6uXrQ1uJtpQ","微信读书"
"西安交大就业创业","2025-05-15","【事业单位】2025年兵团第十三师新星市校园招聘事业单位工作人员公告","https://mp.weixin.qq.com/s/2FyqrtzPH9_sz9lnvzpjFQ","微信读书"
"西安交大就业创业","2025-05-15","【媒体聚焦】西安交大举办学生创业实践成果展暨大学生“创客汇”11周年主题论坛","https://mp.weixin.qq.com/s/4dyQRlUAiJ0nBOFQEANOTQ","微信读书"
"西安交大就业创业","2025-05-14","一院十所2026届高校毕业生暑期实践邀约","https://mp.weixin.qq.com/s/WcGVo4E8mOEnJQiYyvlMfA","微信读书"
"西安交大就业创业","2025-05-14","汕头市人民政府致西安交通大学感谢信","https://mp.weixin.qq.com/s/RpHsE_894muczSNwX9afRQ","微信读书"
"西安交大就业创业","2025-05-14","宏志助航X核风训练营 | 工作坊：企业课题共创和项目管理实战","https://mp.weixin.qq.com/s/h4oFgnuZHcGHhYSl3LaYHA","微信读书"
"西安交大就业创业","2025-05-14","宏志助航 · 西安交通大学2025届就业暨2026届实习生双选会（第二场）","https://mp.weixin.qq.com/s/MVXfB5bEhRI3eMPEWT7eFA","微信读书"
"西安交大就业创业","2025-05-14","【实习】中国银河证券2026届总部暑期实习生计划（校招提前批）正式启动","https://mp.weixin.qq.com/s/Llohd5AYxkGORTPHWDkvZQ","微信读书"
"西安交大就业创业","2025-05-14","【人才引进】雅安市2025年春季“雅州英才”工程赴外招才引智活动面向全国引进高层次和急需紧缺人才","https://mp.weixin.qq.com/s/g-yauQ1FfrWCb-hV_k1JRw","微信读书"
"西安交大就业创业","2025-05-14","【人才引进】阿勒泰地区2025年引进高层次和急需紧缺人才公告","https://mp.weixin.qq.com/s/PyQbBBbq79wCpQEtc-NNMg","微信读书"
"西安交大就业创业","2025-05-14","“百万英才汇南粤”行动计划 | 清远市清新区2025年上半年公开招聘中小学教师公告","https://mp.weixin.qq.com/s/ii2fYIj1sWX8DBOeQLVctw","微信读书"
"西安交大就业创业","2025-05-13","西安交大学生创业实践成果展暨大学生“创客汇”11周年主题论坛举办","https://mp.weixin.qq.com/s/1KaDr2adWlvyejNohC_0yg","微信读书"
"西安交大就业创业","2025-05-13","京东TGT-顶尖青年技术天才计划全球启动！","https://mp.weixin.qq.com/s/NY5oIjGtnqlGy08XagAd2w","微信读书"
"西安交大就业创业","2025-05-13","宏志助航 | 国央企求职准备、岗位对比经验","https://mp.weixin.qq.com/s/QLaVdDlHNQiFiZiAgqbnMA","微信读书"
"西安交大就业创业","2025-05-13","宏志助航 | 博士生就业生涯沙龙","https://mp.weixin.qq.com/s/zId9JQH8S4gN4IK7x3rYsw","微信读书"
"西安交大就业创业","2025-05-13","【校招】华夏幸福2025届校园招聘火热进行中！","https://mp.weixin.qq.com/s/FdLAi0qiHr62rmJ_atXPqQ","微信读书"
"西安交大就业创业","2025-05-13","【事业单位】新疆生产建设兵团第五师双河市事业单位面向2025届高校毕业生校园招聘公告","https://mp.weixin.qq.com/s/cytx-c-XKiNvpqsQxCl_kA","微信读书"
"西安交大就业创业","2025-05-13","【实习】东方电气集团2025年实习生计划","https://mp.weixin.qq.com/s/koAE9D0Zcw2OXUbGLKdDUw","微信读书"
"西安交大就业创业","2025-05-13","【人才引进】攀枝花市2025年新一轮人才引进公告","https://mp.weixin.qq.com/s/WEUtOK9Q9myyT2N6Oupu5A","微信读书"
"西安交大就业创业","2025-05-12","宏志助航·西安交通大学2025届就业暨2026届实习生双选会（第二场）邀请函","https://mp.weixin.qq.com/s/GF_DbYEyKXP25ReWDWMARA","微信读书"
"西安交大就业创业","2025-05-12","宏志助航 | 大厂热招岗位实习求职指南","https://mp.weixin.qq.com/s/BE5jjqGEqthluEUcpZjOTQ","微信读书"
"西安交大就业创业","2025-05-12","关于组织我校学生赴苏参加“千校万企供需对接”（连云港专场）暨江苏省2025届高校毕业生就业“百日冲刺”行动部署推进会的通知（6）","https://mp.weixin.qq.com/s/tUxSqt-zkFoKfJVCnwy60g","微信读书"
"西安交大就业创业","2025-05-12","2025百度商业AI技术创新大赛启动报名","https://mp.weixin.qq.com/s/nD-Qji2N82clzVhJphNGtQ","微信读书"
"西安交大就业创业","2025-05-12","【院部动态】宗濂书院举办“医途探秘大冒险”职业规划游园会","https://mp.weixin.qq.com/s/VyjVDhMlnNgDQOQ8mY7xxQ","微信读书"
"西安交大就业创业","2025-05-12","【校招】杭州市余杭区国有企业面向2025年高校应届毕业生招聘公告","https://mp.weixin.qq.com/s/tex-V1OCBEEBpCuj5ohezQ","微信读书"
"西安交大就业创业","2025-05-12","【事业单位】西安市事业单位2025年公开招聘高层次及紧缺特殊专业人才的公告","https://mp.weixin.qq.com/s/2SfNue72lNR4VfPiMptRlQ","微信读书"
"西安交大就业创业","2025-05-12","【实习】中信建投证券2025年实习生计划正式启动！","https://mp.weixin.qq.com/s/wYWhvgUwEl8Hmby_jtdwFg","微信读书"
"西安交大就业创业","2025-05-11","中车株洲所2025年追光训练营正式启动","https://mp.weixin.qq.com/s/q1WhpGlRCjE-1XQ5nAXU-g","微信读书"
"西安交大就业创业","2025-05-11","西安交通大学春季学期就业创业指导活动预告（5.12-5.18）","https://mp.weixin.qq.com/s/d-vW15JE2_kvR2H5i6n8Fw","微信读书"
"西安交大就业创业","2025-05-11","活动预告 | 学生创业从0到1：奇绩创坛创业公开课","https://mp.weixin.qq.com/s/gSKUYi2_gIEWgVfIwBH8UA","微信读书"
"西安交大就业创业","2025-05-11","【校招】湖南出版 & 中南传媒2025春季招聘公告","https://mp.weixin.qq.com/s/mVtX1EmaKa3pfZO1OHaMTw","微信读书"
"西安交大就业创业","2025-05-11","【事业单位】广州市白云区事业单位2025年校园招聘“优才计划”公告","https://mp.weixin.qq.com/s/QLsrevIFLurxThkQwTQFWQ","微信读书"
"西安交大就业创业","2025-05-11","【事业单位】北京市水务局所属事业单位2025年招聘工作人员公告","https://mp.weixin.qq.com/s/0DhwJFjqIgSFhWkHTAXYKg","微信读书"
"西安交大就业创业","2025-05-11","【实习】韶音2025年暑期实习招聘开启","https://mp.weixin.qq.com/s/7yfHsh5vzG5MVxpv3glEJQ","微信读书"
"西安交大就业创业","2025-05-10","西北五省高校2025届毕业生“百日冲刺”综合类空中双选会暨2026届实习生空中双选会邀请函","https://mp.weixin.qq.com/s/u2U2r-p3pDMtOwD-R6nIag","微信读书"
"西安交大就业创业","2025-05-10","西安交通大学学生创业实践成果展暨大学生“创客汇”11周年主题论坛","https://mp.weixin.qq.com/s/mQHv2cQasj22778NiiPTKg","微信读书"
"西安交大就业创业","2025-05-10","2025平安人寿橙势之星CS校园创新大赛正式启动！","https://mp.weixin.qq.com/s/e0BRTKx0nV0-mPzODSrFbQ","微信读书"
"西安交大就业创业","2025-05-10","【院部动态】新闻与新媒体学院召开学科建设与就业经验分享座谈会","https://mp.weixin.qq.com/s/dHZYFH7jVEYHzACexx_U6A","微信读书"
"西安交大就业创业","2025-05-10","【校招】广州国家实验室2025年招聘公告","https://mp.weixin.qq.com/s/4MSdeehyjlBj7VDpUxQgtA","微信读书"
"西安交大就业创业","2025-05-10","【事业单位】兰州市事业单位2025年公开招聘人员公告","https://mp.weixin.qq.com/s/rcPBTYfp5gmTfeLeGXyoVA","微信读书"
"西安交大就业创业","2025-05-10","【事业单位】包头市“事业编制企业用”2025年上半年引才公告","https://mp.weixin.qq.com/s/COXarUEwvPDskcOJvj40dg","微信读书"
"西安交大就业创业","2025-05-10","【实习】58同城2026届转正实习生招聘正式启动！","https://mp.weixin.qq.com/s/WnVJadtCXDJ5NN2OKFqw7w","微信读书"
"西安交大就业创业","2025-05-08","中国航空工业集团2025全球博士双选会暨人工智能优秀人才招聘专场来了！","https://mp.weixin.qq.com/s/Lcw1MXEFMSMqMzixMZBnCQ","微信读书"
"西安交大就业创业","2025-05-08","宏志助航X核风训练营 | 工作坊：心理韧性与内驱力提升","https://mp.weixin.qq.com/s/kH-FO0iw4MGFsqV9iTI5Nw","微信读书"
"西安交大就业创业","2025-05-08","宏志助航·西安交通大学2025届就业暨2026届实习生双选会单位预告","https://mp.weixin.qq.com/s/jMzROA6cikyOrDQqqYsL1Q","微信读书"
"西安交大就业创业","2025-05-08","【校招】济宁能源发展集团有限公司春季校园招聘公告","https://mp.weixin.qq.com/s/1oz6x8zbXI8H5ACDNtlpcQ","微信读书"
"西安交大就业创业","2025-05-08","【校招】恒逸集团2025届校园招聘春季补招来啦！","https://mp.weixin.qq.com/s/ysaEBUJuVgoBXnEs9Ozxpw","微信读书"
"西安交大就业创业","2025-05-08","【校招】河南省科学院协同创新中心招聘","https://mp.weixin.qq.com/s/3AG2iWsBqC-aU8KMChNaTA","微信读书"
"西安交大就业创业","2025-05-08","【实习】南银理财2026届暑期实习生暨校园招聘正式启动","https://mp.weixin.qq.com/s/WbgQVjWMJaY-dPHa1pX93w","微信读书"
"西安交大就业创业","2025-05-08","【实习】华勤技术“青苗计划”2025年暑期实习招聘正式启动！","https://mp.weixin.qq.com/s/E4X4yUstqG6YayTa-0-u-w","微信读书"
"西安交大就业创业","2025-05-07","中央机关及其直属机构2025年度补充录用公务员公告","https://mp.weixin.qq.com/s/BDI9z4OP_0mdVs094bzZEg","微信读书"
"西安交大就业创业","2025-05-07","中国人民解放军空军诚聘海内外优秀人才","https://mp.weixin.qq.com/s/L7gb9PNY79cnqdYxL_8Tlw","微信读书"
"西安交大就业创业","2025-05-07","项目宣讲｜国际组织、创新创业海外实践培训项目等你来！","https://mp.weixin.qq.com/s/RIuLwsfW33c6e0vk0YAo9A","微信读书"
"西安交大就业创业","2025-05-07","宏志助航·西安交通大学2025届就业暨2026届实习生双选会邀请函（合作单位及校友企业专场）","https://mp.weixin.qq.com/s/BnBlre4Czu3ERPUOp_CjBA","微信读书"
"西安交大就业创业","2025-05-07","创业无界 实践有声 | 大学生“创客汇”11周年邀您共赴未来之约","https://mp.weixin.qq.com/s/2AlXduBFRR3jV2prmInJcQ","微信读书"
"西安交大就业创业","2025-05-07","【院部动态】钱学森书院师生赴西安高压电器研究院开展专业研学活动","https://mp.weixin.qq.com/s/eq3Ils0WelEdlcZcxNQOYA","微信读书"
"西安交大就业创业","2025-05-07","【校招】中国航天科工集团第六研究院四十一所招聘简章","https://mp.weixin.qq.com/s/4jAquNUWs8ThndKd-WPAdw","微信读书"
"西安交大就业创业","2025-05-06","大连海事大学2025年春季专职指导员（辅导员）公开招聘公告","https://mp.weixin.qq.com/s/dacIgVotnyQLRSkPBoZXvA","微信读书"
"西安交大就业创业","2025-05-06","【校招】山西建设投资集团有限公司2025年度高校毕业生招聘公告","https://mp.weixin.qq.com/s/nN-uSgoCp_DSXNCT8UlUFw","微信读书"
"西安交大就业创业","2025-05-06","【事业单位】中国文化遗产研究院2025年度应届毕业生招聘公告","https://mp.weixin.qq.com/s/_DPTah1guINfb_6n5dxQKQ","微信读书"
"西安交大就业创业","2025-05-06","【事业单位】中国动物卫生与流行病学中心2025年公开招聘工作人员公告","https://mp.weixin.qq.com/s/Uo8XVtTP-zILyAlVkDri3w","微信读书"
"西安交大就业创业","2025-05-06","【事业单位】中国标准化研究院2025年上半年事业编制人员公开招聘公告","https://mp.weixin.qq.com/s/n7B5Cb4XXO6X5tagbFS0lw","微信读书"
"西安交大就业创业","2025-05-06","【实习】青鸟计划 | 传音控股实习生招聘正式启动","https://mp.weixin.qq.com/s/RKSy-AGbTv-LuqgkENuycg","微信读书"
"西安交大就业创业","2025-05-06","【公务员】北京市公务员补录，明日开始报名！","https://mp.weixin.qq.com/s/i583EvirEyTo_9QCYZQXuA","微信读书"
"西安交大就业创业","2025-05-05","暑假去哪儿？国际组织海外实践培训项目等你报名！","https://mp.weixin.qq.com/s/Ti0gwVCCJRLKA6f8nsJsbg","微信读书"
"西安交大就业创业","2025-05-05","【校招】西安西电高压开关操动机构有限责任公司2025年校园招聘","https://mp.weixin.qq.com/s/vrQ2hjrOuvwRapqCJ_XwyA","微信读书"
"西安交大就业创业","2025-05-05","【校招】潞安化工集团2025年招聘公告","https://mp.weixin.qq.com/s/ln40OtTCfJkREqv4h0u_Yw","微信读书"
"西安交大就业创业","2025-05-05","【校招】鼎信通讯2025届校园招聘","https://mp.weixin.qq.com/s/u5YeqPYgMx7-wYjKIY1rRQ","微信读书"
"西安交大就业创业","2025-05-05","【人才引进】菏泽市市直事业单位2025年引进高层次急需紧缺人才公告","https://mp.weixin.qq.com/s/Nl-mug_jos6UEYmp3p0PNA","微信读书"
"西安交大就业创业","2025-05-05","【人才引进】常州市属事业单位2025年引进高层次人才公告","https://mp.weixin.qq.com/s/DkPMBO1FA9x1oi-MjPegIg","微信读书"
"西安交大就业创业","2025-05-05","【交大校友】从一线员工到全球化企业掌门人！他这么形容37年的奋斗","https://mp.weixin.qq.com/s/DWyXqKBTJJKbXhWGGdo9BQ","微信读书"
"西安交大就业创业","2025-05-04","西安交通大学春季学期就业创业指导活动预告（5.05-5.11）","https://mp.weixin.qq.com/s/HFfuvAPQ4QK1UVAaj5_VGQ","微信读书"
"西安交大就业创业","2025-05-04","2025年吴江经济技术开发区国企专业化青年人才公开招聘简章","https://mp.weixin.qq.com/s/Oji_8KrjHj3X7VEdYu4YFQ","微信读书"
"西安交大就业创业","2025-05-04","【校招】万家寨水务控股集团所属企业2025年校园招聘公告","https://mp.weixin.qq.com/s/xch1zHS4bX6Wngd2aKhsXA","微信读书"
"西安交大就业创业","2025-05-04","【校招】首旅集团所属企业2025年校园招聘开始啦","https://mp.weixin.qq.com/s/Ii8IK2lcUibv2qW_31MTlA","微信读书"
"西安交大就业创业","2025-05-04","【校招】山西航空产业集团有限公司2025年校园招聘（第一批）公告","https://mp.weixin.qq.com/s/5rbQ4ITVbX0AwoMJ87B8bg","微信读书"
"西安交大就业创业","2025-05-04","【校招】重庆储备粮管理集团有限公司校园招聘公告","https://mp.weixin.qq.com/s/0rn9ivmAZ6eTUvXNlEv0bw","微信读书"
"西安交大就业创业","2025-05-04","【事业单位】中国国家博物馆2025年度公开招聘应届毕业生公告","https://mp.weixin.qq.com/s/aGC0psrOucGyMwoyFIZskA","微信读书"
"西安交大就业创业","2025-05-04","【人才引进】十堰市集中公开招聘143名高层次急需紧缺人才","https://mp.weixin.qq.com/s/Q_J-zr22kl8pNRPBErOaYQ","微信读书"
"西安交大就业创业","2025-05-03","暑假去哪儿？创新创业海外实践培训项目等你报名！","https://mp.weixin.qq.com/s/tornwfObIf7jL-5yPhwqhA","微信读书"
"西安交大就业创业","2025-05-03","海南大学2025年公开招聘管理、教辅、辅导员和紧缺专业技术人员的公告","https://mp.weixin.qq.com/s/Ex0nKr6gUg_GWCAUrtjdYA","微信读书"
"西安交大就业创业","2025-05-03","关于做好我校2026届毕业生一次性求职补贴发放工作的通知","https://mp.weixin.qq.com/s/ueJtrMS_iaG5Q2Jo9uEXdg","微信读书"
"西安交大就业创业","2025-05-03","【校招】明阳集团2025全球校园招聘火热进行中！","https://mp.weixin.qq.com/s/MAAlOYS_lxOaBFOQTlB26w","微信读书"
"西安交大就业创业","2025-05-03","【事业单位】文化和旅游部直属事业单位2025年度公开招聘应届毕业生公告（三）","https://mp.weixin.qq.com/s/qzYhLZQz9la4l2Eh31HCwQ","微信读书"
"西安交大就业创业","2025-05-03","【事业单位】广东省事业单位2025年集中公开招聘高层次和急需紧缺人才公告","https://mp.weixin.qq.com/s/FdVr3At9KpHE2Uyk9L_qNA","微信读书"
"西安交大就业创业","2025-05-03","【人才引进】拉萨市2025年急需紧缺人才引进公告","https://mp.weixin.qq.com/s/i4qq_ghJr2AFetfegMPqjA","微信读书"
"西安交大就业创业","2025-05-02","喜报！我校潘远志博士获评2025年度新时代青年先锋奖","https://mp.weixin.qq.com/s/MuWk5B-7fE7xnBYxwzqoqw","微信读书"
"西安交大就业创业","2025-05-02","【新闻】西安交大举办第三届选调生咨询开放日活动","https://mp.weixin.qq.com/s/zZGE6xGtOfGJ_HPeFmYpXQ","微信读书"
"西安交大就业创业","2025-05-02","【校招】中粮集团有限公司所属单位岗位合集","https://mp.weixin.qq.com/s/3krq7eSgT-6o7GjDsjPj_Q","微信读书"
"西安交大就业创业","2025-05-02","【校招】攀钢集团钒钛资源股份有限公司2025届校园招聘","https://mp.weixin.qq.com/s/7XqnCBwNf6VXKMkZrOw1Dg","微信读书"
"西安交大就业创业","2025-05-02","【事业单位】自然资源部信息中心公开招聘","https://mp.weixin.qq.com/s/gFRz9sTUhsn8A0e1OlzHYQ","微信读书"
"西安交大就业创业","2025-05-02","【事业单位】文化和旅游部直属事业单位2025年度公开招聘应届毕业生公告（二）","https://mp.weixin.qq.com/s/b9mQ2voKndwBkgQLPtuXNA","微信读书"
"西安交大就业创业","2025-05-02","【实习】广发证券股份有限公司2025暑期实习生招聘正式启动","https://mp.weixin.qq.com/s/Smr8WV2hhA8VAKjQxU6cHg","微信读书"
"西安交大就业创业","2025-05-02","“才聚荆楚·凤鸣荆州”湖北省荆州市赴西安重点高校高层次人才引进推介活动公告","https://mp.weixin.qq.com/s/V4jrcKQtfTL99WACRDRClw","微信读书"
"西安交大就业创业","2025-05-01","西安交通大学研究生赴芜湖参加“海聚奇才”高层次人才对接会","https://mp.weixin.qq.com/s/11PhnfM58wHiQuk3gv5cQA","微信读书"
"西安交大就业创业","2025-05-01","西安交通大学第十三届创业实践大赛（“清远”杯）决赛举行","https://mp.weixin.qq.com/s/Oy_v2TRtRdHy6T8-fbdmng","微信读书"
"西安交大就业创业","2025-05-01","【校招】广东能源集团2025年春季校园招聘公告","https://mp.weixin.qq.com/s/08ECx5Zqvh0D6JhVxQ53iw","微信读书"
"西安交大就业创业","2025-05-01","【校招】安克创新全球AI与机器人博士招聘火热进行中！","https://mp.weixin.qq.com/s/JrcQdxTKrW-UhB8l28Qygg","微信读书"
"西安交大就业创业","2025-05-01","【事业单位】自然资源部所属单位2025年度公开招聘工作人员公告（第三批）","https://mp.weixin.qq.com/s/58yw51eYm0wK7T6HH9NuVw","微信读书"
"西安交大就业创业","2025-05-01","【实习】淘天集团顶尖人才T-Star计划实习专项等你加入！","https://mp.weixin.qq.com/s/qEGIBqM70iIESlJzrGkCig","微信读书"
"西安交大就业创业","2025-05-01","【人才引进】益阳市市直事业单位2025年引进紧缺（急需）专业人才公告","https://mp.weixin.qq.com/s/8Cu7aWb1MbmyR0hBAQr2sQ","微信读书"
"西安交大就业创业","2025-04-30","张立群带队赴南方电网推进合作交流","https://mp.weixin.qq.com/s/SALgDUOy-8hQxNHgWMoEdA","微信读书"
"西安交大就业创业","2025-04-30","成都经济技术开发区（龙泉驿区）2025“蓉漂人才荟”公开考核招聘区属国企工作人员（第二批）公告","https://mp.weixin.qq.com/s/6thRiIPlP5p_ePHcwafR7Q","微信读书"
"西安交大就业创业","2025-04-30","【校招】中建四局贵州投资建设有限公司2025届校园招聘简章","https://mp.weixin.qq.com/s/R8VxzYRGYGI_DQw0HmbXRg","微信读书"
"西安交大就业创业","2025-04-30","【校招】中核光电2025届校园招聘探秘之旅","https://mp.weixin.qq.com/s/DIw3Cp8Cl0gOHDtIbUeifw","微信读书"
"西安交大就业创业","2025-04-30","【校招】中国北方化学研究院集团有限公司校园招聘","https://mp.weixin.qq.com/s/bH9CWKHBWHTYnb9MHZrEEw","微信读书"
"西安交大就业创业","2025-04-30","【校招】亿联网络2025届春季全球校园招聘","https://mp.weixin.qq.com/s/hn1nX_RnMC28GEjgWE5SaA","微信读书"
"西安交大就业创业","2025-04-30","【实习】帆软2026届千帆计划「产品创造营」报名启动！","https://mp.weixin.qq.com/s/Pmy7f4rHwD-Cab3eJwXSVg","微信读书"
"西安交大就业创业","2025-04-30","【人才引进】国防科技大学电子对抗学院","https://mp.weixin.qq.com/s/mlT9ugCs1gwNMYV-GEpTHg","微信读书"
"西安交大就业创业","2025-04-29","广东清远高新区管委会博士后科研工作站进站 & 出站全流程指南一文解析","https://mp.weixin.qq.com/s/rLRDYS_k6PWTsGd8rWorgQ","微信读书"
"西安交大就业创业","2025-04-29","高校学生应征入伍，有这些优惠政策→","https://mp.weixin.qq.com/s/4GHr5NMV9rDomWBKy2n5qg","微信读书"
"西安交大就业创业","2025-04-29","【校招】陕西大秦电能集团有限公司2025年高校毕业生招聘（第三批）","https://mp.weixin.qq.com/s/nbjaKs9LuIL7A1gZvPWuwQ","微信读书"
"西安交大就业创业","2025-04-29","【校招】辽宁庆阳特种化工有限公司2025届校园招聘","https://mp.weixin.qq.com/s/AzndQp5FQfT6f3CC-SFS5A","微信读书"
"西安交大就业创业","2025-04-29","【校招】嘉庚创新实验室2025年校园招聘","https://mp.weixin.qq.com/s/dKm7OwXiwIepuAmzpIV_NQ","微信读书"
"西安交大就业创业","2025-04-29","【校招】航空工业特种所2025届校园招聘正式启动","https://mp.weixin.qq.com/s/NbsH7g1Ga0VvBRZLqNY83Q","微信读书"
"西安交大就业创业","2025-04-29","【实习】阿里国际2026届实习生招聘全球启动！","https://mp.weixin.qq.com/s/6wrD4yiSQF9ImO1YQo3c4Q","微信读书"
"西安交大就业创业","2025-04-29","【人才引进】西藏藏医药大学2025年度急需紧缺人才引进公告","https://mp.weixin.qq.com/s/SOzVaKc0Ju3sp-bDIScLNw","微信读书"
"西安交大就业创业","2025-04-28","西安交通大学第三届选调生咨询开放日来了！","https://mp.weixin.qq.com/s/brS1rel7i5Ell2tLzURLWA","微信读书"
"西安交大就业创业","2025-04-28","东北大学2025年非专任教师岗位招聘启事","https://mp.weixin.qq.com/s/CEFNG3kpF2V_sUOVy6W6Uw","微信读书"
"西安交大就业创业","2025-04-28","【校招】TP-LINK 2026届提前批校园招聘正式启动！","https://mp.weixin.qq.com/s/9whFiFYBz4mjwnK__F3o6g","微信读书"
"西安交大就业创业","2025-04-28","【校招】中国石油启动2025年春季高校毕业生招聘！","https://mp.weixin.qq.com/s/1fiX8YwPLuH84EF6sDxHLA","微信读书"
"西安交大就业创业","2025-04-28","【校招】招商银行总行远程客户经理招聘","https://mp.weixin.qq.com/s/8pUiEQwijfERhmNIZOFSCA","微信读书"
"西安交大就业创业","2025-04-28","【校招】军事科学院军事科学信息研究中心2025年校园招聘","https://mp.weixin.qq.com/s/aCXkNr5uXtFxZHlG-3Hr5Q","微信读书"
"西安交大就业创业","2025-04-28","【校招】管道局启动2025年春季高校毕业生招聘！","https://mp.weixin.qq.com/s/zsZqEBVZMzBnIGzteTp-Mg","微信读书"
"西安交大就业创业","2025-04-27","中国科学院兰州化学物理研究所2025年人才招聘启事","https://mp.weixin.qq.com/s/__ihr9q1JFfAGLaZI-DHmQ","微信读书"
"西安交大就业创业","2025-04-27","关于联合国大学驻澳门研究所2025年人工智能大会提案征集的通知","https://mp.weixin.qq.com/s/bjEWeR9XSRdj8EvVP8T8Qw","微信读书"
"西安交大就业创业","2025-04-27","第十三届创业实践大赛（“清远杯”）决赛入围团队展示（第二期）","https://mp.weixin.qq.com/s/xQcddFgDhpfIexoiIfoBXw","微信读书"
"西安交大就业创业","2025-04-27","春季学期就业服务及职业指导活动预告（4.28-4.30）","https://mp.weixin.qq.com/s/LpsD4DvJDfC0mhj6JbuSDA","微信读书"
"西安交大就业创业","2025-04-27","【校招】中国电子科技集团公司第九研究所2025届校园招聘","https://mp.weixin.qq.com/s/og1ZzzPldc-Zm49Gd9rE_A","微信读书"
"西安交大就业创业","2025-04-27","【校招】中国电子2025年春季校园招聘","https://mp.weixin.qq.com/s/0Z4WWhJDdbi7XpqgQj9RwQ","微信读书"
"西安交大就业创业","2025-04-27","【校招】汉中东辰外国语学校2025年春季校园招聘","https://mp.weixin.qq.com/s/68-aBBtR0uru5eLZreKNVA","微信读书"
"西安交大就业创业","2025-04-27","【人才引进】中共西藏自治区委员会组织部机关2025年度急需紧缺人才引进公告","https://mp.weixin.qq.com/s/WgJ1ckgjCXwhUY3B3uo8KA","微信读书"
"西安交大就业创业","2025-04-25","宣讲 | 联合国总部实地交流项目（日内瓦-医学线路；维也纳线路）报名选拔中","https://mp.weixin.qq.com/s/leWprS7AEqputDZnUX5sRA","微信读书"
"西安交大就业创业","2025-04-25","探名企前沿 筑职业梦想——西交学子走进特变电工新疆新能源公司","https://mp.weixin.qq.com/s/99xIVnphJiJwfBm-yQwveQ","微信读书"
"西安交大就业创业","2025-04-25","第十三届创业实践大赛（“清远杯”）决赛入围团队展示（第一期）","https://mp.weixin.qq.com/s/lxbrUsIv6UIv9BTny0Uq8w","微信读书"
"西安交大就业创业","2025-04-25","【校招】长春长光辰芯微电子股份有限公司","https://mp.weixin.qq.com/s/ICmTlYqZots4rZ_u0dWiAg","微信读书"
"西安交大就业创业","2025-04-25","【校招】机械工业仪器仪表综合技术经济研究所2025校园招聘正式启动","https://mp.weixin.qq.com/s/8TQSaEfaOV1tkSdHl8cdUA","微信读书"
"西安交大就业创业","2025-04-25","【事业单位】国家卫生健康委机关服务局2025年度公开招聘应届高校毕业生公告","https://mp.weixin.qq.com/s/hJhiyrLWxv5EHw59kJCmnA","微信读书"
"西安交大就业创业","2025-04-25","【实习实践】关于组织我校学生参加“国防面对面 航空信航行”夏令营的通知（5）","https://mp.weixin.qq.com/s/SOGzvVhfNbFAyRzEuk3Rgg","微信读书"
"西安交大就业创业","2025-04-25","【人才引进】大理州2025年高层次专业化“霞光人才”引进公告","https://mp.weixin.qq.com/s/btGgJVR4kCqXH9j185ifrQ","微信读书"
"西安交大就业创业","2025-04-24","活动预热 | 西安交通大学第十三届创业实践大赛（“清远杯”）开赛在即","https://mp.weixin.qq.com/s/kk-Ehr4AKTVO9ZekY5fREg","微信读书"
"西安交大就业创业","2025-04-24","报名 | 宏志助航计划：中国核电 · 核风能训练营限时招募！","https://mp.weixin.qq.com/s/iIG9x40a-xHPUd1SjQ8ikQ","微信读书"
"西安交大就业创业","2025-04-24","【组团招聘】百万英才汇南粤 | 东莞市长安镇城市人才品牌推介会（西安站）","https://mp.weixin.qq.com/s/Hk9ulcrKvbIxdCBpy2mWwA","微信读书"
"西安交大就业创业","2025-04-24","【兴庆宣讲】重庆市巴蜀中学校","https://mp.weixin.qq.com/s/XDOoNrjjsVCrit9ei_0LFA","微信读书"
"西安交大就业创业","2025-04-24","【校招】中国石化2025年度春季校园招聘来啦","https://mp.weixin.qq.com/s/oq3SwvahBDAfxsXJ0_42Hg","微信读书"
"西安交大就业创业","2025-04-24","【校招】中国航天科工集团第三研究院第三十五研究所","https://mp.weixin.qq.com/s/hovm760fZ2DA9NgPePY-1g","微信读书"
"西安交大就业创业","2025-04-24","【事业单位】市场监管总局直属单位2025年度第一批公开招聘公告","https://mp.weixin.qq.com/s/mCAu1yJCh_pF6hTb74rnpA","微信读书"
"西安交大就业创业","2025-04-24","“添”才计划 | 汇添富基金2026校园招聘投研暑期选拔","https://mp.weixin.qq.com/s/iW2osGlVpSM7eHtwP6gWHg","微信读书"
"西安交大就业创业","2025-04-23","深海技术科学太湖实验室2025年“百名博士太湖行”报名开始啦!","https://mp.weixin.qq.com/s/MaqHnFPO83CbzNIm9P4wPQ","微信读书"
"西安交大就业创业","2025-04-23","广东清远高新区博士后科研工作站分站2025年博士后研究人员招聘启事","https://mp.weixin.qq.com/s/BYgGxTBxhXSevri5kZfmwQ","微信读书"
"西安交大就业创业","2025-04-23","2025年春季全国博士、博士后高层次人才巡回签约洽谈会一西安站","https://mp.weixin.qq.com/s/g_Q1wVzNkHYQJjEpqJFkvA","微信读书"
"西安交大就业创业","2025-04-23","【组团招聘】昆山市2025高校毕业生就业倍增行动之助企引才一西安交通大学站","https://mp.weixin.qq.com/s/X1gORAWGlQeQDxwrAq3ZwA","微信读书"
"西安交大就业创业","2025-04-23","【校招】追觅 & 双汇2025届校园招聘","https://mp.weixin.qq.com/s/8_jTaAYkk9ZjFrcehkr7dw","微信读书"
"西安交大就业创业","2025-04-23","【校招】中国计量科学研究院2025年校园招聘","https://mp.weixin.qq.com/s/nX93Mq_iLFFvi5YLHv4IxQ","微信读书"
"西安交大就业创业","2025-04-23","【校招】中国诚通控股集团有限公司2025年春季校园招聘公告","https://mp.weixin.qq.com/s/gs6oJ6WHGUHUbUkoIYoUVA","微信读书"
"西安交大就业创业","2025-04-23","【校招】网络空间研究院 & 清华大学天津高端装备研究院2025年校园招聘","https://mp.weixin.qq.com/s/Kp1tBfRQl8HgzYK3h_rZvw","微信读书"
"西安交大就业创业","2025-04-22","报名 | 2025年春季“宏志助航计划”就业能力提升培训","https://mp.weixin.qq.com/s/VoKx4Dsa9W-ZxyV4BVkfBw","微信读书"
"西安交大就业创业","2025-04-22","【组团招聘】中国船舶集团组团招聘","https://mp.weixin.qq.com/s/mILKe7OH0BnOVNRHB_kJBQ","微信读书"
"西安交大就业创业","2025-04-22","【院部动态】人居学院举办职业规划指导活动","https://mp.weixin.qq.com/s/EH3_3IEulhG0M3hxiQqonQ","微信读书"
"西安交大就业创业","2025-04-22","【兴庆宣讲】香港中文大学工程学院2025年博士招生宣讲会——西安交通大学专场","https://mp.weixin.qq.com/s/xAgEbhjscRe1a37ygtAYQg","微信读书"
"西安交大就业创业","2025-04-22","【校招】中电科数字科技(集团)有限公司 中国电子科技集团公司第三十二研究所校园招聘","https://mp.weixin.qq.com/s/YDeBl0y19zBmWxhRssUbsA","微信读书"
"西安交大就业创业","2025-04-22","【校招】库洛游戏2025年春季校园招聘","https://mp.weixin.qq.com/s/HeOefORvbzwFvA1Kwa46iw","微信读书"
"西安交大就业创业","2025-04-22","【校招】重庆外国语学校2025年春季招聘","https://mp.weixin.qq.com/s/eMe_xRCYmw7DnDVk1LlgNg","微信读书"
"西安交大就业创业","2025-04-22","【军队文职】空军工程大学2025年公开招考文职人员第二批免笔试岗位开放报名","https://mp.weixin.qq.com/s/e53A-TvoLjcXvq7isNbJYg","微信读书"
"西安交大就业创业","2025-04-21","江宁定向选聘2025届优秀高校毕业生公告","https://mp.weixin.qq.com/s/lpfaG6qm2Z2sSAc8Bs533A","微信读书"
"西安交大就业创业","2025-04-21","2金1铜！祝贺交大学子→","https://mp.weixin.qq.com/s/bulitvVF-rOcLP979ByfMQ","微信读书"
"西安交大就业创业","2025-04-21","【兴庆宣讲】2025年杭州市上城区重点企业招聘实习洽谈会","https://mp.weixin.qq.com/s/QfKLU-jCsiuB0CmnksDhGg","微信读书"
"西安交大就业创业","2025-04-21","【校招】中材国际2025春季校园招聘启动","https://mp.weixin.qq.com/s/oZXXXM-lQkUcVfZZJBQFcw","微信读书"
"西安交大就业创业","2025-04-21","【校招】哈电集团哈尔滨电机厂有限责任公司2025春季校园招聘","https://mp.weixin.qq.com/s/b13Ocmh9mHukg9csQQZPMQ","微信读书"
"西安交大就业创业","2025-04-21","【创新港宣讲】中国航天科工动力技术研究院","https://mp.weixin.qq.com/s/vkeeHvE3AAYwsjHovIaWbQ","微信读书"
"西安交大就业创业","2025-04-21","【创新港宣讲】中国船舶集团第七〇一研究所2025届校园招聘","https://mp.weixin.qq.com/s/tNlnj5gJyb1tlsWhAxrKtQ","微信读书"
"西安交大就业创业","2025-04-21","【创新港宣讲】东海实验室2025年春季招聘宣讲—西安交通大学站","https://mp.weixin.qq.com/s/H_4WmesQ4OTkqo6vV1r13A","微信读书"
"西安交大就业创业","2025-04-20","【校招】中国邮政储蓄银行云南省分行2025年校园招聘","https://mp.weixin.qq.com/s/594_R9613LF4nQrSSlL1Qw","微信读书"
"西安交大就业创业","2025-04-20","【事业单位】文化和旅游部直属事业单位2025年度公开招聘应届毕业生公告 (一)","https://mp.weixin.qq.com/s/1Lyk5KM24KgEmph51FIPWQ","微信读书"
"西安交大就业创业","2025-04-20","【事业单位】汉中市2025年事业单位公开招聘高层次及急需紧缺专业人才公告","https://mp.weixin.qq.com/s/1G3DhKxrM9HiQmAa3_PQEw","微信读书"
"西安交大就业创业","2025-04-20","【事业单位】2025年吉林省省直事业单位公开招聘工作人员公告（1号）","https://mp.weixin.qq.com/s/EzQdpCPhMLtrRC2kCBxM9A","微信读书"
"西安交大就业创业","2025-04-20","【实习】永安期货2025年度“黄埔联盟”实习生招聘","https://mp.weixin.qq.com/s/IwOzfomJSJBZ2uZrWm_r3Q","微信读书"
"西安交大就业创业","2025-04-20","【人才引进】广东清远高新区管委会博士后科研工作站诚邀高层次人才加入","https://mp.weixin.qq.com/s/foA5ztSfBZ_OZ_r7FDC-mg","微信读书"
"西安交大就业创业","2025-04-20","【人才引进】2025年滨州市面向社会公开招聘硕博士高层次人才公告","https://mp.weixin.qq.com/s/c9qjuQbZkaW6oI2HE3JlqQ","微信读书"
"西安交大就业创业","2025-04-20","【创新港宣讲】滴滴2026届秋储实习生招聘校园宣讲会行程公布！","https://mp.weixin.qq.com/s/Zc_sZnkD8-j74ULZRqbdRw","微信读书"
"西安交大就业创业","2025-04-19","春季学期就业服务及职业指导活动预告（4.21-4.27）","https://mp.weixin.qq.com/s/kO2973vC3TxFKe9BehcgSQ","微信读书"
"西安交大就业创业","2025-04-19","【组团招聘】2025年江门市“十城百校”人才招聘专项行动一西安交通大学站","https://mp.weixin.qq.com/s/G4LRM3JSiE1xEKX3Ik7yWg","微信读书"
"西安交大就业创业","2025-04-19","【雁塔宣讲】四川天府医疗人才服务有限责任公司","https://mp.weixin.qq.com/s/NskuaPLR1uDIlXlizXZGGA","微信读书"
"西安交大就业创业","2025-04-19","【校招】中国航天科技集团有限公司第五研究院第五一三所","https://mp.weixin.qq.com/s/2fBGbFt7bvMQuKY11MnPZQ","微信读书"
"西安交大就业创业","2025-04-19","【实习】小米集团2026届转正实习招聘正式启动","https://mp.weixin.qq.com/s/toP-brlZ161SmKyG5GgDzA","微信读书"
"西安交大就业创业","2025-04-19","【人才引进】泰州市市管企业公开选聘青年人才","https://mp.weixin.qq.com/s/YwXJQMWZJjpE7FHfdlX-xQ","微信读书"
"西安交大就业创业","2025-04-19","【人才引进】2025年度常州市武进区优秀青年人才“菁选计划”（未来产业专场）引进公告","https://mp.weixin.qq.com/s/xvDy6X574fml-H6JraHohQ","微信读书"
"西安交大就业创业","2025-04-19","【创新港宣讲】中国航天科工动力技术研究院","https://mp.weixin.qq.com/s/SVbjNfVGFDaDOZswjcuJ2w","微信读书"
"西安交大就业创业","2025-04-18","中国科学院核能安全技术研究所2025年招聘","https://mp.weixin.qq.com/s/zvzkSM75_AXgDAX3jezwBg","微信读书"
"西安交大就业创业","2025-04-18","月薪6000+！200家企事业单位！10000+心动岗位！4月23日西安站即将送达","https://mp.weixin.qq.com/s/ty9EZLguW2GWqoyADNfpLw","微信读书"
"西安交大就业创业","2025-04-18","关于组织在读研究生赴苏参加校园引智活动的通知（4）","https://mp.weixin.qq.com/s/nP1lw8tCsR_bA-vhJ8cZsw","微信读书"
"西安交大就业创业","2025-04-18","【召集令】广东清远高新区高新技术企业广纳八方英才","https://mp.weixin.qq.com/s/AWvrXqUIUYLDPNIaOFE1tQ","微信读书"
"西安交大就业创业","2025-04-18","【新闻】联合国大学澳门研究所一行来访西安交大","https://mp.weixin.qq.com/s/CEeowpcEvXO7jSaaZDdpXg","微信读书"
"西安交大就业创业","2025-04-18","【事业单位】2025年铜川市事业单位公开招聘高层次人才公告","https://mp.weixin.qq.com/s/O9YDw--gWcCpsVO-STbk2w","微信读书"
"西安交大就业创业","2025-04-18","【实习】平安证券2026届暑期实习生招聘火热进行中","https://mp.weixin.qq.com/s/Juv5F3SlD3hgwPSr9qN9jw","微信读书"
"西安交大就业创业","2025-04-18","【人才引进】河北建投交通投资有限责任公司2025年春季优秀人才引进计划","https://mp.weixin.qq.com/s/qcj4vkEPrLmCb4bqJjAuIQ","微信读书"
"西安交大就业创业","2025-04-17","广东清远高新区留才补贴奖励政策","https://mp.weixin.qq.com/s/zvqilVaWc8h6LiIHTJw1ow","微信读书"
"西安交大就业创业","2025-04-17","【校招】中兴通讯春招岗推直播间开启！","https://mp.weixin.qq.com/s/F-fdE7sAe0WQUkwQyh7rAQ","微信读书"
"西安交大就业创业","2025-04-17","【事业单位】温州市事业单位和知名企业2025年招引优秀硕博人才公告","https://mp.weixin.qq.com/s/CvhZ_wrB31Pnpytr6iVOrw","微信读书"
"西安交大就业创业","2025-04-17","【事业单位】海口市秀英区2025年事业单位公开招聘工作人员公告 (第一号)","https://mp.weixin.qq.com/s/0JKr78f9yIRLyNlli40Iuw","微信读书"
"西安交大就业创业","2025-04-17","【实习】阿里巴巴淘天集团2025实习生热招中","https://mp.weixin.qq.com/s/xZxuyXRZQhSTw39f0glJSw","微信读书"
"西安交大就业创业","2025-04-17","【人才引进】2025年六安市“政录企用”人才引进工作公告","https://mp.weixin.qq.com/s/GwiwBkVf7Ecw2u2e4_Q-Pg","微信读书"
"西安交大就业创业","2025-04-17","【名企行】“探名企前沿·筑职业梦想”走进特变电工新能源公司","https://mp.weixin.qq.com/s/oefpYEq8dEPzwHDwrRPmTw","微信读书"
"西安交大就业创业","2025-04-17","“青春筑梦，助力强国” 西安交通大学暑期就业实习实践项目征集启事","https://mp.weixin.qq.com/s/F0Ch065Zhoduw-d_D0q-WA","微信读书"
"西安交大就业创业","2025-04-16","第二届全国大学生职业规划大赛总决赛来了！大赛主题曲、吉祥物发布","https://mp.weixin.qq.com/s/pzg8ZsthiR0-YHUG08WPXQ","微信读书"
"西安交大就业创业","2025-04-16","2025年暑期国际组织、创业实践报名启动！","https://mp.weixin.qq.com/s/GCZcLU5K-Gli2jo_tyjmOw","微信读书"
"西安交大就业创业","2025-04-16","【组团招聘】4月18日9点 | 三亚市2025年名校优才引才专项行动（西安交通大学站）","https://mp.weixin.qq.com/s/iohu9Pg2EcyjNb7sz2HIhw","微信读书"
"西安交大就业创业","2025-04-16","【兴庆宣讲】中石化经纬有限公司全球博士招募计划","https://mp.weixin.qq.com/s/nHkxRpWKu5eo8QByKguD6g","微信读书"
"西安交大就业创业","2025-04-16","【校招】松下集团2025届春季校招正式启动！","https://mp.weixin.qq.com/s/C4eNM_KT-CwmyO_2RsPCYg","微信读书"
"西安交大就业创业","2025-04-16","“沐春寻芳 悠游辽宁”2025年辽宁春季旅游主题推介活动","https://mp.weixin.qq.com/s/2C1T-9JWKQfSYX9vWMQExQ","微信读书"
"西安交大就业创业","2025-04-16","“海聚奇才”2025年芜湖市高层次人才专场对接会活动","https://mp.weixin.qq.com/s/pTfder1fl83gxXDjFGdj6A","微信读书"
"西安交大就业创业","2025-04-16","“才聚荆楚·智汇襄阳”襄阳市2025年西安高校招聘会举行","https://mp.weixin.qq.com/s/GwvNiQvBbnzEjSpqYzxOJQ","微信读书"
"西安交大就业创业","2025-04-15","雅砻江流域水电开发有限公司博士后研究人员公开招聘公告","https://mp.weixin.qq.com/s/OqDulW2M9JbCXtaotY-2dQ","微信读书"
"西安交大就业创业","2025-04-15","【组团招聘】2025年川渝三地联合引才西安交通大学专场活动即将开启！","https://mp.weixin.qq.com/s/qNuBGQYg4U50JQKGLhveHg","微信读书"
"西安交大就业创业","2025-04-15","【兴庆宣讲】中国电子系统工程第二建设有限公司2025年校园招聘","https://mp.weixin.qq.com/s/2vnR6RRvc3SZB7jS99FdsQ","微信读书"
"西安交大就业创业","2025-04-15","【西部计划】广西西部计划“拍了拍”你：一起来，更精彩！ | 报效祖国 建功西部","https://mp.weixin.qq.com/s/nUruYbbb_geWtdTcoRyMVQ","微信读书"
"西安交大就业创业","2025-04-15","【暑期实习】关于广西壮族自治区应急管理厅直属机关委员会2025年暑期实习实践的通知（2）","https://mp.weixin.qq.com/s/39tyyIbV5DVR4-3wSWl0fA","微信读书"
"西安交大就业创业","2025-04-15","【实习】小红书「REDstar顶尖实习生计划」全球启动！","https://mp.weixin.qq.com/s/XaqHb8zRpBAbTQ45bv-PeA","微信读书"
"西安交大就业创业","2025-04-15","【讲座】选调生——优秀青年学子投身国家治理的新选择","https://mp.weixin.qq.com/s/7cFxbb60qZ-9b23ykOMD5g","微信读书"
"西安交大就业创业","2025-04-15","【公务员】深圳市2025年服务高质量发展专项招录紧缺专业公务员公告","https://mp.weixin.qq.com/s/vGp74QM7Z-wAU-pBBgM52Q","微信读书"
